location,latitude,longitude,area,bhk,bathrooms,parking,property_age,furnishing,property_type,price,city,source_id
Sector 84 Gurgaon,28.4035469,76.9677894,3000.0,4,4.0,,2,Semifurnished,Apartment,26300000.0,Gurgaon,O71585872
Sector 81 Gurgaon,28.3873647,76.9475835,1700.0,4,4.0,,1,Semifurnished,Apartment,36000000.0,Gurgaon,T71585466
Sector 112 Gurgaon,28.5203402,77.0188612,1650.0,3,3.0,,1,Semifurnished,Apartment,38500000.0,Gurgaon,I71493958
Sector 104 Gurgaon,28.4795324,76.9937197,1650.0,3,4.0,,1,Semifurnished,Apartment,19500000.0,Gurgaon,X71361930
Sector 74 Gurgaon,28.4110081,77.0101209,1650.0,2,2.0,,6,Semifurnished,Apartment,16200000.0,Gurgaon,N71483500
Sector 60 Gurgaon,28.3985617,77.0978276,3080.0,4,4.0,,1,Semifurnished,Apartment,75000000.0,Gurgaon,O71457806
Sector 74 Gurgaon,28.4110081,77.0101209,1650.0,2,2.0,,6,Semifurnished,Apartment,16000000.0,Gurgaon,Q71448502
Sector 66 Gurgaon,28.3974292,77.0538823,1480.0,3,3.0,,1,Semifurnished,Apartment,35000000.0,Gurgaon,W71402126
Sector 110 Gurgaon,28.5069625,77.018321,1650.0,5,5.0,,1,Semifurnished,Apartment,45000000.0,Gurgaon,K71391282
Sector 109 Gurgaon,28.5109205,77.0065956,1650.0,3,4.0,,1,Semifurnished,Apartment,15500000.0,Gurgaon,P71385634
Sector 102 Gurgaon,28.4754872,76.9711747,1650.0,3,3.0,,1,Unknown,Apartment,19000000.0,Gurgaon,F71384484
Sector 102 Gurgaon,28.4754872,76.9711747,1650.0,3,4.0,,1,Semifurnished,Apartment,19000000.0,Gurgaon,C71371666
Sector 65 Gurgaon,28.4030162,77.0695893,1212.0,3,4.0,,1,Semifurnished,Apartment,49500000.0,Gurgaon,B71355440
Sector 102 Gurgaon,28.4754872,76.9711747,1650.0,2,2.0,,1,Semifurnished,Apartment,13000000.0,Gurgaon,F71345938
Sector 37D Gurgaon,28.4480039,76.9697682,950.0,3,3.0,,5,Semifurnished,Independent/Builder Floor,11500000.0,Gurgaon,B71337288
Sector 113 Gurgaon,28.5286649,77.0250282,1150.0,3,3.0,,5,Semifurnished,Apartment,21000000.0,Gurgaon,G71332316
Sector 66 Gurgaon,28.3974292,77.0538823,2200.0,4,5.0,,1,Semifurnished,Apartment,63500000.0,Gurgaon,N71331694
Sector 111 Gurgaon,28.5222773,77.0336203,2200.0,3,3.0,,6,Unfurnished,Apartment,35600000.0,Gurgaon,S71308068
Sector 111 Gurgaon,28.5222773,77.0336203,1650.0,3,3.0,,6,Unfurnished,Apartment,22500000.0,Gurgaon,M71307858
Sector 65 Gurgaon,28.4030162,77.0695893,2010.0,3,3.0,,1,Semifurnished,Apartment,61000000.0,Gurgaon,J71302006
Sector 62 Gurgaon,28.407697,77.0823781,1296.93,3,3.0,,6,Semifurnished,Apartment,42500000.0,Gurgaon,B71275270
Sector 60 Gurgaon,28.3985617,77.0978276,1289.0,3,4.0,,1,Semifurnished,Apartment,31000000.0,Gurgaon,M71275018
Sector 60 Gurgaon,28.3985617,77.0978276,1650.0,2,2.0,,1,Semifurnished,Apartment,22000000.0,Gurgaon,X71210406
Sector 113 Gurgaon,28.5286649,77.0250282,1650.0,3,3.0,,5,Unfurnished,Independent House/Villa,16600000.0,Gurgaon,Q71170468
Sector 57 Gurgaon,28.4232478,77.0804487,1650.0,4,4.0,,6,Semifurnished,Independent/Builder Floor,24500000.0,Gurgaon,R71147264
Sector 57 Gurgaon,28.4232478,77.0804487,1650.0,4,4.0,,6,Semifurnished,Independent/Builder Floor,25000000.0,Gurgaon,Z71147146
Sector 57 Gurgaon,28.4232478,77.0804487,1650.0,4,4.0,,6,Semifurnished,Independent/Builder Floor,24000000.0,Gurgaon,V71146718
Sector 57 Gurgaon,28.4232478,77.0804487,1650.0,3,3.0,,6,Semifurnished,Independent/Builder Floor,17000000.0,Gurgaon,A71145714
Sector 57 Gurgaon,28.4232478,77.0804487,1650.0,3,3.0,,6,Semifurnished,Independent/Builder Floor,19500000.0,Gurgaon,F71145042
Sector 57 Gurgaon,28.4232478,77.0804487,1650.0,4,4.0,,6,Semifurnished,Independent/Builder Floor,33000000.0,Gurgaon,G71144798
Sector 59 Gurgaon,28.4030162,77.1066682,1650.0,3,4.0,,1,Semifurnished,Apartment,42500000.0,Gurgaon,M71105344
Sector 62 Gurgaon,28.407697,77.0823781,1650.0,4,4.0,,2,Semifurnished,Apartment,37500000.0,Gurgaon,W71105088
Sector 37C Gurgaon,28.4489095,76.9880502,1500.0,3,3.0,,5,Unknown,Apartment,12260000.0,Gurgaon,W71064722
Sector 53 Gurgaon,28.4487856,77.0988212,1650.0,3,4.0,,2,Semifurnished,Apartment,48500000.0,Gurgaon,J71057676
Sector 53 Gurgaon,28.4487856,77.0988212,1650.0,3,4.0,,2,Semifurnished,Apartment,49500000.0,Gurgaon,U71057552
Sector 28 Gurgaon,28.4794143,77.0833588,2350.0,3,4.0,,1,Semifurnished,Apartment,36000000.0,Gurgaon,Y71035092
Sector 67 Gurgaon,28.3864052,77.0598046,1650.0,2,2.0,,1,Semifurnished,Apartment,23000000.0,Gurgaon,E71035060
Sector 54 Gurgaon,28.433569,77.1055815,1650.0,3,4.0,,1,Unfurnished,Apartment,55000000.0,Gurgaon,V71033750
Sector 113 Gurgaon,28.5286649,77.0250282,2570.0,4,4.0,,5,Unknown,Apartment,32125000.0,Gurgaon,Y71027088
Sector 113 Gurgaon,28.5286649,77.0250282,2510.0,4,4.0,,5,Unknown,Apartment,31375000.0,Gurgaon,Z71027056
Sector 106 Gurgaon,28.5060806,76.9967796,2717.0,4,4.0,,5,Semifurnished,Apartment,42113500.0,Gurgaon,H71026842
Sector 106 Gurgaon,28.5060806,76.9967796,2600.0,3,3.0,,5,Semifurnished,Apartment,40300000.0,Gurgaon,P71026810
Sector 113 Gurgaon,28.5286649,77.0250282,1665.0,3,3.0,,5,Unknown,Apartment,18975000.0,Gurgaon,N71019412
Sector 108 Gurgaon,28.5128994,76.9823615,1900.0,4,4.0,,5,Unknown,Apartment,29450000.0,Gurgaon,C71019056
Sector 108 Gurgaon,28.5128994,76.9823615,1512.05,3,3.0,,5,Unknown,Apartment,23436000.0,Gurgaon,Q71018974
Sector 108 Gurgaon,28.5128994,76.9823615,1650.0,3,3.0,,5,Unknown,Apartment,27125000.0,Gurgaon,U71018868
Sector 106 Gurgaon,28.5060806,76.9967796,1900.0,3,3.0,,5,Unknown,Apartment,13837500.0,Gurgaon,S71018328
Sector 106 Gurgaon,28.5060806,76.9967796,2050.0,3,3.0,,5,Unknown,Apartment,27675000.0,Gurgaon,J71018118
Sector 102 Gurgaon,28.4754872,76.9711747,1650.0,3,4.0,,1,Unknown,Apartment,19000000.0,Gurgaon,B71010868
Sector 60 Gurgaon,28.3985617,77.0978276,1650.0,2,3.0,,1,Semifurnished,Apartment,22000000.0,Gurgaon,F71008550
Sector 60 Gurgaon,28.3985617,77.0978276,1650.0,3,4.0,,1,Semifurnished,Apartment,31000000.0,Gurgaon,L71008020
Sector 61 Gurgaon,28.4110188,77.0963685,1650.0,3,3.0,,2,Semifurnished,Apartment,22000000.0,Gurgaon,N71006284
Sector 53 Gurgaon,28.4487856,77.0988212,1650.0,3,4.0,,3,Semifurnished,Apartment,48000000.0,Gurgaon,X70939306
Dlf Phase 2,28.483901,77.0846097,2110.0,4,4.0,,2,Semifurnished,Apartment,33000000.0,Gurgaon,E70933318
Sector 113 Gurgaon,28.5286649,77.0250282,1650.0,2,2.0,,6,Semifurnished,Apartment,19000000.0,Gurgaon,G70829716
Sector 54 Gurgaon,28.433569,77.1055815,2300.0,3,4.0,,1,Unfurnished,Apartment,55000000.0,Gurgaon,E69361376
South City 2,28.4188806,77.0439211,2500.0,4,4.0,,6,Semifurnished,Independent/Builder Floor,34000000.0,Gurgaon,A70706254
Dlf Phase 5,28.503445,77.0952048,2580.0,4,4.0,,2,Semifurnished,Apartment,52500000.0,Gurgaon,Y70464256
Dlf Phase 5,28.503445,77.0952048,2360.0,4,4.0,,2,Semifurnished,Apartment,50000000.0,Gurgaon,R70322724
Sector 28 Gurgaon,28.4794143,77.0833588,4500.0,6,7.0,,1,Semifurnished,Apartment,60000000.0,Gurgaon,L69590774
Sector 57 Gurgaon,28.4232478,77.0804487,1590.0,3,3.0,,6,Semifurnished,Independent/Builder Floor,19000000.0,Gurgaon,O69530788
Sector 112 Gurgaon,28.5203402,77.0188612,1650.0,2,2.0,,1,Semifurnished,Apartment,30000000.0,Gurgaon,N68670284
Dlf Phase 5,28.503445,77.0952048,1650.0,3,3.0,,2,Unknown,Apartment,24500000.0,Gurgaon,N7758179
Dlf Phase 5,28.503445,77.0952048,1650.0,4,4.0,,3,Semifurnished,Apartment,51000000.0,Gurgaon,Y69969376
Sector 54 Gurgaon,28.433569,77.1055815,1650.0,4,6.0,,2,Semifurnished,Apartment,96000000.0,Gurgaon,L71681876
Sector 90 Gurgaon,28.4069974,76.9365562,1650.0,3,3.0,,1,Semifurnished,Apartment,15500000.0,Gurgaon,F71565842
Sector 103 Gurgaon,28.493087,76.9866453,1056.0,3,4.0,,6,Semifurnished,Apartment,12700000.0,Gurgaon,R68584914
Sector 103 Gurgaon,28.493087,76.9866453,1495.0,3,4.0,,1,Semifurnished,Apartment,11000000.0,Gurgaon,Z67111308
Sector 104 Gurgaon,28.4795324,76.9937197,861.97,3,2.0,,5,Semifurnished,Apartment,14500000.0,Gurgaon,J71356108
Sector 63 Gurgaon,28.3964476,77.086498,2500.0,5,5.0,,1,Semifurnished,Independent/Builder Floor,54500000.0,Gurgaon,I67853004
Sector 107 Gurgaon,28.506941,76.9752137,1056.0,2,2.0,,1,Semifurnished,Apartment,9500000.0,Gurgaon,K71330074
Dlf Phase 2,28.483901,77.0846097,1650.0,4,4.0,,3,Unfurnished,Apartment,24000000.0,Gurgaon,E71273620
Sector 112 Gurgaon,28.5203402,77.0188612,1650.0,3,3.0,,6,Semifurnished,Apartment,37900000.0,Gurgaon,Z71155908
Sector 108 Gurgaon,28.5128994,76.9823615,848.2,2,2.0,,5,Semifurnished,Apartment,24000000.0,Gurgaon,Y71123154
Malibu Town,28.4234344,77.0468649,1900.0,3,3.0,,6,Semifurnished,Independent/Builder Floor,23500000.0,Gurgaon,Q71099906
Sector 63 Gurgaon,28.3964476,77.086498,2000.0,4,4.0,,1,Semifurnished,Independent/Builder Floor,21500567.0,Gurgaon,C71082582
Sector 63A Gurgaon,28.4618719,77.05688,1800.0,3,3.0,,1,Semifurnished,Independent/Builder Floor,18899999.0,Gurgaon,N71027448
Sector 63A Gurgaon,28.4618719,77.05688,1800.0,3,3.0,,1,Semifurnished,Independent/Builder Floor,18900985.0,Gurgaon,O71027180
Sector 63A Gurgaon,28.4618719,77.05688,1850.0,3,3.0,,1,Semifurnished,Independent/Builder Floor,18888880.0,Gurgaon,R71027298
Sector 103 Gurgaon,28.493087,76.9866453,1480.0,3,4.0,,1,Semifurnished,Apartment,10700000.0,Gurgaon,E70335518
Sector 107 Gurgaon,28.506941,76.9752137,927.0,2,2.0,,1,Unfurnished,Apartment,10500000.0,Gurgaon,W70336560
Sector 103 Gurgaon,28.493087,76.9866453,1650.0,4,5.0,,1,Semifurnished,Apartment,14500000.0,Gurgaon,W70335306
Sector 90 Gurgaon,28.4069974,76.9365562,1750.0,3,3.0,,1,Semifurnished,Apartment,14000000.0,Gurgaon,F70879770
Sector 68 Gurgaon,28.388897,77.0459859,1650.0,3,4.0,,6,Semifurnished,Apartment,18600000.0,Gurgaon,V70843064
Sector 102 Gurgaon,28.4754872,76.9711747,734.8,2,2.0,,5,Semifurnished,Apartment,13500000.0,Gurgaon,K70740242
Sector 102 Gurgaon,28.4754872,76.9711747,734.8,2,2.0,,6,Semifurnished,Apartment,13700000.0,Gurgaon,J70340074
Sector 107 Gurgaon,28.506941,76.9752137,1760.0,3,3.0,,1,Semifurnished,Apartment,18000000.0,Gurgaon,U70288158
Sector 107 Gurgaon,28.506941,76.9752137,1460.0,3,3.0,,1,Unfurnished,Apartment,13900000.0,Gurgaon,P68258450
Dlf Phase 2,28.483901,77.0846097,1650.0,4,4.0,,2,Semifurnished,Apartment,23800000.0,Gurgaon,Q25150575
Sector 66 Gurgaon,28.3974292,77.0538823,1188.0,2,2.0,,1,Semifurnished,Apartment,17000000.0,Gurgaon,P71588628
Sector 66 Gurgaon,28.3974292,77.0538823,1650.0,3,3.0,,1,Semifurnished,Apartment,33000000.0,Gurgaon,H71588172
Sector 66 Gurgaon,28.3974292,77.0538823,1650.0,3,3.0,,1,Semifurnished,Apartment,32000000.0,Gurgaon,Y71588104
Sector 67 Gurgaon,28.3864052,77.0598046,2046.0,3,3.0,,1,Semifurnished,Apartment,33000000.0,Gurgaon,F71586352
Sector 37D Gurgaon,28.4480039,76.9697682,1650.0,3,3.0,,5,Semifurnished,Independent/Builder Floor,14600000.0,Gurgaon,M71496378
Malibu Town,28.4234344,77.0468649,1250.0,3,3.0,,2,Semifurnished,Independent/Builder Floor,14000000.0,Gurgaon,A71461796
Sector 66 Gurgaon,28.3974292,77.0538823,1187.0,2,2.0,,1,Semifurnished,Apartment,17555555.0,Gurgaon,O71448262
Sector 68 Gurgaon,28.388897,77.0459859,1250.0,3,2.0,,6,Semifurnished,Apartment,20000000.0,Gurgaon,J71429504
Sector 36A Gurgaon,28.4202285,76.9719998,1650.0,3,3.0,,5,Semifurnished,Apartment,32500000.0,Gurgaon,L71352424
Sector 65 Gurgaon,28.4030162,77.0695893,1900.0,3,3.0,,1,Semifurnished,Apartment,64500000.0,Gurgaon,F71241074
Sector 66 Gurgaon,28.3974292,77.0538823,1300.0,3,3.0,,2,Unknown,Apartment,25200000.0,Gurgaon,W71150902
Sector 65 Gurgaon,28.4030162,77.0695893,1931.0,3,3.0,,5,Semifurnished,Apartment,26082000.0,Gurgaon,X71052698
Sector 65 Gurgaon,28.4030162,77.0695893,1420.0,2,2.0,,5,Semifurnished,Apartment,19170000.0,Gurgaon,A71052600
Sector 65 Gurgaon,28.4030162,77.0695893,1420.0,2,2.0,,5,Semifurnished,Apartment,19170000.0,Gurgaon,P71052498
Sector 65 Gurgaon,28.4030162,77.0695893,1420.0,2,2.0,,5,Semifurnished,Apartment,19345500.0,Gurgaon,L71052132
Sector 65 Gurgaon,28.4030162,77.0695893,1420.0,2,2.0,,5,Semifurnished,Apartment,19345500.0,Gurgaon,Z71052066
Sector 65 Gurgaon,28.4030162,77.0695893,1450.0,2,2.0,,5,Semifurnished,Apartment,20466000.0,Gurgaon,T71051948
Sector 65 Gurgaon,28.4030162,77.0695893,1261.0,2,2.0,,5,Semifurnished,Apartment,17077500.0,Gurgaon,R71051786
Sector 65 Gurgaon,28.4030162,77.0695893,1261.0,2,2.0,,5,Semifurnished,Apartment,17077500.0,Gurgaon,K71051726
Sector 110 A Gurgaon,28.5069625,77.018321,2400.0,4,4.0,,1,Semifurnished,Apartment,23500000.0,Gurgaon,Z61880856
Sector 37C Gurgaon,28.4489095,76.9880502,900.0,2,2.0,,6,Semifurnished,Apartment,5600000.0,Gurgaon,U70818296
Sector 51 Gurgaon,28.4287011,77.0666877,1525.0,3,4.0,,2,Semifurnished,Independent/Builder Floor,15500000.0,Gurgaon,A70462294
Sector 63 Gurgaon,28.3964476,77.086498,2089.0,4,4.0,,5,Semifurnished,Apartment,55000000.0,Gurgaon,G70798284
Sector 63 Gurgaon,28.3964476,77.086498,1484.0,4,4.0,,5,Semifurnished,Apartment,39000000.0,Gurgaon,A70798128
Sector 63 Gurgaon,28.3964476,77.086498,1421.0,4,4.0,,5,Semifurnished,Apartment,37400000.0,Gurgaon,W70797762
Sector 63 Gurgaon,28.3964476,77.086498,1367.0,4,4.0,,5,Semifurnished,Apartment,38800000.0,Gurgaon,K70797500
Sector 66 Gurgaon,28.3974292,77.0538823,2000.0,3,4.0,,2,Semifurnished,Apartment,36000000.0,Gurgaon,A70755062
Sector 50 Gurgaon,28.4268461,77.0584252,1650.0,4,4.0,,6,Semifurnished,Independent/Builder Floor,32400000.0,Gurgaon,V70710270
Sector 31 Gurgaon,28.4540044,77.0497179,1650.0,4,6.0,,2,Semifurnished,Apartment,50100000.0,Gurgaon,I71688612
Palam Vihar,28.4983353,77.0203007,1550.0,3,3.0,,6,Semifurnished,Independent/Builder Floor,21800000.0,Gurgaon,S71562416
Sector 110 Gurgaon,28.5069625,77.018321,3580.0,5,5.0,,6,Semifurnished,Apartment,43000000.0,Gurgaon,M71472072
Sector 23 Gurgaon,28.510319,77.0530094,1250.0,3,3.0,,6,Semifurnished,Independent/Builder Floor,18000000.0,Gurgaon,P71439296
Sector 23 Gurgaon,28.510319,77.0530094,1254.0,3,3.0,,6,Semifurnished,Independent/Builder Floor,17400000.0,Gurgaon,G71438994
Sector 23 Gurgaon,28.510319,77.0530094,1250.0,3,3.0,,6,Semifurnished,Independent/Builder Floor,17300000.0,Gurgaon,Z71438800
Sector 50 Gurgaon,28.4268461,77.0584252,2500.0,4,4.0,,6,Semifurnished,Independent/Builder Floor,32000000.0,Gurgaon,X67869268
Sector 23 Gurgaon,28.510319,77.0530094,1250.0,3,3.0,,6,Semifurnished,Independent/Builder Floor,17300000.0,Gurgaon,L71293956
Palam Vihar,28.4983353,77.0203007,1550.0,3,3.0,,6,Semifurnished,Independent/Builder Floor,20500000.0,Gurgaon,Q71291840
Palam Vihar,28.4983353,77.0203007,1550.0,3,3.0,,6,Semifurnished,Independent/Builder Floor,19500000.0,Gurgaon,T71291680
Dlf Phase 2,28.483901,77.0846097,1650.0,3,4.0,,3,Unknown,Independent/Builder Floor,21500000.0,Gurgaon,E71137844
Sector 45 Gurgaon,28.4449004,77.0663545,1800.0,3,3.0,,3,Semifurnished,Apartment,16500000.0,Gurgaon,E70431124
Sector 67A Gurgaon,28.4618719,77.05688,2200.0,4,4.0,,6,Semifurnished,Independent/Builder Floor,43500000.0,Gurgaon,Z67951934
Sector-33 Sohna,28.3241636,77.0848644,1789.0,3,3.0,,1,Semifurnished,Apartment,17000000.0,Gurgaon,I71266968
Sohna,28.3241636,77.0848644,1650.0,2,2.0,,1,Semifurnished,Apartment,10000000.0,Gurgaon,T71217602
Sector 48 Gurgaon,28.4104903,77.0394627,3580.0,4,4.0,,1,Semifurnished,Apartment,130000000.0,Gurgaon,X71156342
Sector 48 Gurgaon,28.4104903,77.0394627,2000.0,3,3.0,,1,Semifurnished,Apartment,62500000.0,Gurgaon,T71155910
Sector 109 Gurgaon,28.5109205,77.0065956,1650.0,3,4.0,,1,Semifurnished,Apartment,20700000.0,Gurgaon,S71144716
Sector 102 Gurgaon,28.4754872,76.9711747,1650.0,3,4.0,,1,Semifurnished,Apartment,19800000.0,Gurgaon,D71144554
Sector 104 Gurgaon,28.4795324,76.9937197,884.58,3,2.0,,5,Semifurnished,Apartment,14900000.0,Gurgaon,R71144504
Sector 109 Gurgaon,28.5109205,77.0065956,1650.0,3,4.0,,2,Semifurnished,Apartment,22800000.0,Gurgaon,D71080520
Sector 36 Sohna,28.4160012,77.1085564,1120.0,3,2.0,,5,Unknown,Independent/Builder Floor,8800000.0,Gurgaon,O69141754
Sector 48 Gurgaon,28.4104903,77.0394627,1650.0,4,5.0,,2,Semifurnished,Apartment,118000000.0,Gurgaon,Y71335714
Sector 48 Gurgaon,28.4104903,77.0394627,1650.0,4,5.0,,2,Semifurnished,Apartment,116000000.0,Gurgaon,Q71335044
Sector 48 Gurgaon,28.4104903,77.0394627,11000.0,6,6.0,,2,Semifurnished,Apartment,316000000.0,Gurgaon,U71333194
Sector 48 Gurgaon,28.4104903,77.0394627,1650.0,4,6.0,,2,Semifurnished,Apartment,125000000.0,Gurgaon,F71332912
Sector 48 Gurgaon,28.4104903,77.0394627,1650.0,3,3.0,,2,Semifurnished,Apartment,66500000.0,Gurgaon,E71330064
Sector 48 Gurgaon,28.4104903,77.0394627,4615.0,4,5.0,,2,Semifurnished,Apartment,126000000.0,Gurgaon,Y71329512
Sector 48 Gurgaon,28.4104903,77.0394627,1650.0,3,3.0,,2,Semifurnished,Apartment,63000000.0,Gurgaon,I71328490
Sector 48 Gurgaon,28.4104903,77.0394627,1650.0,4,4.0,,2,Semifurnished,Apartment,125000000.0,Gurgaon,H71328064
Sector 48 Gurgaon,28.4104903,77.0394627,11000.0,6,7.0,,2,Semifurnished,Apartment,318000000.0,Gurgaon,D71327410
Sector 48 Gurgaon,28.4104903,77.0394627,7000.0,5,6.0,,2,Semifurnished,Apartment,215500000.0,Gurgaon,V71327034
Sector 48 Gurgaon,28.4104903,77.0394627,1650.0,4,5.0,,2,Semifurnished,Apartment,127000000.0,Gurgaon,V71319880
Sector 48 Gurgaon,28.4104903,77.0394627,11000.0,6,7.0,,2,Semifurnished,Apartment,325000000.0,Gurgaon,C71319572
Sector 48 Gurgaon,28.4104903,77.0394627,7000.0,5,6.0,,2,Semifurnished,Apartment,214000000.0,Gurgaon,W71319236
Sector 48 Gurgaon,28.4104903,77.0394627,7000.0,6,7.0,,2,Semifurnished,Apartment,215000000.0,Gurgaon,B71241136
Sector 48 Gurgaon,28.4104903,77.0394627,1650.0,4,4.0,,2,Semifurnished,Apartment,130000000.0,Gurgaon,V71240610
Sector 48 Gurgaon,28.4104903,77.0394627,1650.0,3,3.0,,2,Semifurnished,Apartment,65500000.0,Gurgaon,N71238372
Sector 48 Gurgaon,28.4104903,77.0394627,1650.0,3,3.0,,2,Semifurnished,Apartment,64500000.0,Gurgaon,Z71238166
Sector 48 Gurgaon,28.4104903,77.0394627,1650.0,3,3.0,,1,Semifurnished,Apartment,61000000.0,Gurgaon,A71232160
Sector 48 Gurgaon,28.4104903,77.0394627,7000.0,6,7.0,,2,Semifurnished,Apartment,220000000.0,Gurgaon,C71231340
Sector 48 Gurgaon,28.4104903,77.0394627,1650.0,3,4.0,,2,Semifurnished,Apartment,64000000.0,Gurgaon,X71202138
Sector 48 Gurgaon,28.4104903,77.0394627,1650.0,3,3.0,,2,Semifurnished,Apartment,63000000.0,Gurgaon,I71161998
Sector 48 Gurgaon,28.4104903,77.0394627,1650.0,3,3.0,,2,Semifurnished,Apartment,65000000.0,Gurgaon,Z71160402
Sector 48 Gurgaon,28.4104903,77.0394627,1650.0,4,6.0,,2,Semifurnished,Apartment,110000000.0,Gurgaon,E71160052
Sector 48 Gurgaon,28.4104903,77.0394627,1650.0,4,6.0,,2,Semifurnished,Apartment,120000000.0,Gurgaon,S71159674
Sector 48 Gurgaon,28.4104903,77.0394627,1650.0,4,6.0,,2,Unknown,Apartment,117500000.0,Gurgaon,D71159492
Sector 48 Gurgaon,28.4104903,77.0394627,1650.0,4,5.0,,2,Semifurnished,Apartment,115000000.0,Gurgaon,D71159300
Sector 112 Gurgaon,28.5203402,77.0188612,1650.0,3,4.0,,6,Semifurnished,Apartment,46500000.0,Gurgaon,T45736971
Sector 66 Gurgaon,28.3974292,77.0538823,1650.0,4,4.0,,1,Semifurnished,Apartment,52500000.0,Gurgaon,G71458958
Sector 71 Gurgaon,28.3950557,77.0314336,1650.0,4,4.0,,1,Semifurnished,Apartment,14700000.0,Gurgaon,D71338564
Sector 71 Gurgaon,28.3950557,77.0314336,1650.0,3,4.0,,1,Unknown,Apartment,12500000.0,Gurgaon,Z71338522
Sector 71 Gurgaon,28.3950557,77.0314336,1650.0,3,3.0,,1,Semifurnished,Apartment,11000000.0,Gurgaon,Q71338452
Sector 71 Gurgaon,28.3950557,77.0314336,1650.0,3,3.0,,1,Semifurnished,Apartment,10000000.0,Gurgaon,A71338346
Sector 71 Gurgaon,28.3950557,77.0314336,1650.0,2,2.0,,1,Semifurnished,Apartment,8500000.0,Gurgaon,M71338276
Sector 82A Gurgaon,28.3881583,76.96273,1340.0,4,4.0,,1,Semifurnished,Apartment,28500000.0,Gurgaon,B69550462
Sector 88A Gurgaon,28.4337898,76.9539433,645.0,3,2.0,,5,Semifurnished,Apartment,4900000.0,Gurgaon,K68627818
Sector 103 Gurgaon,28.493087,76.9866453,1233.0,3,3.0,,1,Semifurnished,Apartment,10483900.0,Gurgaon,W68612398
Sector 57 Gurgaon,28.4232478,77.0804487,2100.0,4,4.0,,1,Semifurnished,Independent/Builder Floor,23900000.0,Gurgaon,D69472918
Dlf Phase 4,28.4919048,77.0937804,3300.0,4,5.0,,1,Unfurnished,Independent/Builder Floor,63900000.0,Gurgaon,E67873150
Sector 48 Gurgaon,28.4104903,77.0394627,1900.0,3,3.0,,1,Semifurnished,Independent/Builder Floor,19000000.0,Gurgaon,D67862372
Sector 57 Gurgaon,28.4232478,77.0804487,1600.0,3,3.0,,1,Semifurnished,Independent/Builder Floor,19500000.0,Gurgaon,P69809100
Sushant Lok Phase 3,28.464228,77.076724,1200.0,3,3.0,,1,Semifurnished,Independent/Builder Floor,17500000.0,Gurgaon,Z68639642
Sushant Lok Phase 3,28.464228,77.076724,1200.0,3,3.0,,1,Semifurnished,Independent/Builder Floor,16700000.0,Gurgaon,K69570272
Sushant Lok Phase 3,28.464228,77.076724,2000.0,3,3.0,,1,Semifurnished,Independent/Builder Floor,25500000.0,Gurgaon,G69569950
Sector 57 Gurgaon,28.4232478,77.0804487,1750.0,4,4.0,,1,Semifurnished,Independent/Builder Floor,21400000.0,Gurgaon,X69529472
Sector 72 Gurgaon,28.3943815,77.032363,2500.0,4,4.0,,1,Semifurnished,Apartment,37000000.0,Gurgaon,U71726600
Sector 3 Gurgaon,28.4944483,77.0985008,2076.0,3,3.0,,5,Semifurnished,Apartment,17000000.0,Gurgaon,M71725968
Sector 74 Gurgaon,28.4110081,77.0101209,1404.0,2,2.0,,6,Semifurnished,Apartment,15500000.0,Gurgaon,Y70588462
Sector 74 Gurgaon,28.4110081,77.0101209,1250.0,2,2.0,,6,Semifurnished,Apartment,16500000.0,Gurgaon,E71653886
Sector 65 Gurgaon,28.4030162,77.0695893,1400.0,3,3.0,,1,Semifurnished,Independent/Builder Floor,21500000.0,Gurgaon,B71650398
Sector 74 Gurgaon,28.4110081,77.0101209,1404.0,2,2.0,,6,Semifurnished,Apartment,16500000.0,Gurgaon,R71493532
Sector 85 Gurgaon,28.3985762,76.9547447,1800.0,3,3.0,,5,Semifurnished,Apartment,17000000.0,Gurgaon,W70335422
Sector 85 Gurgaon,28.3985762,76.9547447,1825.0,3,3.0,,5,Semifurnished,Apartment,16500000.0,Gurgaon,D70335766
Sector 85 Gurgaon,28.3985762,76.9547447,2129.0,3,3.0,,5,Semifurnished,Apartment,19500000.0,Gurgaon,C70336082
Sector 82 Gurgaon,28.3932827,76.9545277,1650.0,2,2.0,,6,Semifurnished,Independent/Builder Floor,7800000.0,Gurgaon,K49929740
Sector 63A Gurgaon,28.4618719,77.05688,1950.0,3,3.0,,5,Semifurnished,Independent/Builder Floor,18500000.0,Gurgaon,D71604748
Sector 63A Gurgaon,28.4618719,77.05688,1950.0,3,3.0,,6,Semifurnished,Independent/Builder Floor,19200002.0,Gurgaon,W71604206
Sector 63A Gurgaon,28.4618719,77.05688,2150.0,3,3.0,,6,Semifurnished,Independent/Builder Floor,18500000.0,Gurgaon,F71577080
Sector 50 Gurgaon,28.4268461,77.0584252,2700.0,4,4.0,,6,Semifurnished,Independent/Builder Floor,24000000.0,Gurgaon,W71576944
Sector 49 Gurgaon,28.4127374,77.0555164,2700.0,4,4.0,,6,Semifurnished,Independent/Builder Floor,24500000.0,Gurgaon,W71576856
Sector 50 Gurgaon,28.4268461,77.0584252,3200.0,4,4.0,,6,Semifurnished,Independent/Builder Floor,26500000.0,Gurgaon,X71576734
Sector 50 Gurgaon,28.4268461,77.0584252,2700.0,4,4.0,,6,Semifurnished,Independent/Builder Floor,32500000.0,Gurgaon,E71573632
Sector 50 Gurgaon,28.4268461,77.0584252,2650.0,4,4.0,,5,Semifurnished,Independent/Builder Floor,34500000.0,Gurgaon,V71573448
Sector 48 Gurgaon,28.4104903,77.0394627,1800.0,3,3.0,,5,Semifurnished,Independent/Builder Floor,18200000.0,Gurgaon,S71541018
Sector 50 Gurgaon,28.4268461,77.0584252,1750.0,3,3.0,,6,Semifurnished,Independent/Builder Floor,19000000.0,Gurgaon,D71540894
Sector 45 Gurgaon,28.4449004,77.0663545,1900.0,3,3.0,,6,Semifurnished,Independent/Builder Floor,18200000.0,Gurgaon,J71540782
Sector 63A Gurgaon,28.4618719,77.05688,1850.0,3,3.0,,6,Semifurnished,Independent/Builder Floor,18000000.0,Gurgaon,E71539078
Sector 109 Gurgaon,28.5109205,77.0065956,1650.0,3,3.0,,2,Semifurnished,Apartment,19000006.0,Gurgaon,N71142574
Sector-33 Sohna,28.3241636,77.0848644,359.0,1,1.0,,1,Semifurnished,Apartment,2200000.0,Gurgaon,Y71696806
Sector-4 Sohna,28.3241636,77.0848644,468.0,2,2.0,,1,Semifurnished,Apartment,2550000.0,Gurgaon,N71654170
Sector 36 Sohna,28.4160012,77.1085564,531.0,2,2.0,,6,Semifurnished,Apartment,4000000.0,Gurgaon,B71653884
Sector-33 Sohna,28.3241636,77.0848644,342.0,1,1.0,,1,Semifurnished,Apartment,2200000.0,Gurgaon,M71653476
Sector-33 Sohna,28.3241636,77.0848644,609.96,2,2.0,,1,Semifurnished,Apartment,4050000.0,Gurgaon,P71653048
Sector 37C Gurgaon,28.4489095,76.9880502,1650.0,3,3.0,,2,Semifurnished,Apartment,9100000.0,Gurgaon,N71582360
Sector 65 Gurgaon,28.4030162,77.0695893,1650.0,3,3.0,,2,Semifurnished,Apartment,62500000.0,Gurgaon,L70495160
Sector 62 Gurgaon,28.407697,77.0823781,1650.0,3,3.0,,1,Semifurnished,Apartment,43000000.0,Gurgaon,G70111522
Sector 65 Gurgaon,28.4030162,77.0695893,3500.0,3,5.0,,1,Semifurnished,Apartment,80000000.0,Gurgaon,D70235802
Sector 65 Gurgaon,28.4030162,77.0695893,3400.0,3,3.0,,1,Semifurnished,Apartment,77500000.0,Gurgaon,G70235578
Sector 49 Gurgaon,28.4127374,77.0555164,2700.00000000027,4,4.0,,6,Semifurnished,Independent/Builder Floor,28500000.0,Gurgaon,U70783020
Sector 37C Gurgaon,28.4489095,76.9880502,1650.0,2,2.0,,1,Unknown,Apartment,5000000.0,Gurgaon,A71702762
Block C Palam Vihar,28.4829959,77.0333555,1950.0,3,3.0,,3,Semifurnished,Independent/Builder Floor,15000000.0,Gurgaon,F71505792
Block C Palam Vihar,28.4829959,77.0333555,2000.0,3,3.0,,3,Semifurnished,Independent/Builder Floor,17500000.0,Gurgaon,G71497414
Sector 63A Gurgaon,28.4618719,77.05688,4800.0,4,3.0,,6,Unfurnished,Apartment,85000000.0,Gurgaon,U71438362
Sector 102 Gurgaon,28.4754872,76.9711747,1800.0,3,3.0,,1,Semifurnished,Independent/Builder Floor,17500000.0,Gurgaon,P71247598
Sector 102 Gurgaon,28.4754872,76.9711747,1255.73,3,4.0,,6,Semifurnished,Apartment,18600000.0,Gurgaon,K70885200
Sector 106 Gurgaon,28.5060806,76.9967796,1130.0,3,4.0,,1,Semifurnished,Apartment,14000000.0,Gurgaon,X71241444
Sector 102 Gurgaon,28.4754872,76.9711747,1128.09,3,3.0,,6,Semifurnished,Apartment,21500000.0,Gurgaon,B71246944
Sector 104 Gurgaon,28.4795324,76.9937197,1082.2,3,3.0,,5,Semifurnished,Apartment,17500000.0,Gurgaon,T71242038
Sector 103 Gurgaon,28.493087,76.9866453,1650.0,2,2.0,,1,Semifurnished,Apartment,12000000.0,Gurgaon,U71241922
Sector 57 Gurgaon,28.4232478,77.0804487,2160.0,4,4.0,,1,Semifurnished,Independent/Builder Floor,24000000.0,Gurgaon,H70587142
Sector 62 Gurgaon,28.407697,77.0823781,1650.0,3,3.0,,6,Semifurnished,Apartment,44200000.0,Gurgaon,C71661852
Nirvana Country,28.4150509,77.0642955,1470.0,3,2.0,,2,Semifurnished,Apartment,17700000.0,Gurgaon,A71611408
Sector 106 Gurgaon,28.5060806,76.9967796,900.0,2,2.0,,5,Semifurnished,Apartment,15800000.0,Gurgaon,Y71479450
Sector 48 Gurgaon,28.4104903,77.0394627,1410.0,3,3.0,,6,Semifurnished,Independent/Builder Floor,18200000.0,Gurgaon,X71413942
Sector 70 Gurgaon,28.3947261,77.0223138,1700.0,3,3.0,,6,Semifurnished,Apartment,17000000.0,Gurgaon,B71385386
Sector 70 Gurgaon,28.3947261,77.0223138,950.0,3,3.0,,6,Semifurnished,Apartment,12222222.0,Gurgaon,L71384660
Sector 88B Gurgaon,28.4420223,76.9538495,1300.0,3,3.0,,6,Semifurnished,Independent/Builder Floor,13000000.0,Gurgaon,X71362638
Sector 31 Gurgaon,28.4540044,77.0497179,253.0,3,3.0,,6,Unfurnished,Independent/Builder Floor,26000000.0,Gurgaon,M71256658
Sector 67 Gurgaon,28.3864052,77.0598046,550.0,2,2.0,,6,Semifurnished,Apartment,6000000.0,Gurgaon,O71255850
Sector 65 Gurgaon,28.4030162,77.0695893,1650.0,4,4.0,,1,Semifurnished,Apartment,125000000.0,Gurgaon,R71215454
Sohna,28.3241636,77.0848644,1081.0,3,2.0,,6,Semifurnished,Independent/Builder Floor,8500000.0,Gurgaon,U71172992
Sector 65 Gurgaon,28.4030162,77.0695893,1600.0,3,3.0,,1,Semifurnished,Independent/Builder Floor,24000000.0,Gurgaon,J71161728
Sector 85 Gurgaon,28.3985762,76.9547447,1312.0,2,2.0,,1,Semifurnished,Apartment,13200000.0,Gurgaon,O71124062
Sector 54 Gurgaon,28.433569,77.1055815,1650.0,3,4.0,,3,Semifurnished,Apartment,51500000.0,Gurgaon,K68362350
Sector 109 Gurgaon,28.5109205,77.0065956,1200.0,3,3.0,,1,Semifurnished,Apartment,16000000.0,Gurgaon,K70952816
Sector 102 Gurgaon,28.4754872,76.9711747,1100.0,3,3.0,,1,Semifurnished,Apartment,18200000.0,Gurgaon,H70952710
Sector 63 Gurgaon,28.3964476,77.086498,1627.0,3,4.0,,6,Semifurnished,Independent/Builder Floor,34000000.0,Gurgaon,X70898972
Sector 63 Gurgaon,28.3964476,77.086498,1850.0,4,5.0,,6,Semifurnished,Independent/Builder Floor,41000000.0,Gurgaon,A70898912
Sector 53 Gurgaon,28.4487856,77.0988212,1650.0,4,5.0,,3,Semifurnished,Apartment,49500000.0,Gurgaon,O70341176
Sector 88A Gurgaon,28.4337898,76.9539433,1084.0,3,2.0,,1,Semifurnished,Apartment,11500000.0,Gurgaon,V71782848
Sector 99 Gurgaon,28.4645549,76.9628585,1650.0,2,2.0,,1,Semifurnished,Apartment,12000000.0,Gurgaon,E71731512
Sector 99 Gurgaon,28.4645549,76.9628585,1720.0,3,3.0,,1,Semifurnished,Apartment,18275248.0,Gurgaon,G71626234
Sector 99 Gurgaon,28.4645549,76.9628585,1416.0,3,3.0,,1,Semifurnished,Apartment,15045019.0,Gurgaon,J71626024
Sector 99A Gurgaon,28.4554059,76.9510278,1597.0,3,5.0,,1,Unknown,Apartment,16975033.0,Gurgaon,C71625804
Sector 92 Gurgaon,28.4089049,76.9155232,1650.0,4,5.0,,6,Semifurnished,Apartment,22000000.0,Gurgaon,I71564600
Sector 69 Gurgaon,28.3960701,77.0372311,1150.0,3,3.0,,1,Semifurnished,Apartment,17700000.0,Gurgaon,P71539202
Sector 69 Gurgaon,28.3960701,77.0372311,1150.0,3,3.0,,1,Semifurnished,Apartment,17500001.0,Gurgaon,V71539434
Sector 67 Gurgaon,28.3864052,77.0598046,2000.0,3,4.0,,1,Unknown,Apartment,35000000.0,Gurgaon,Z71551436
Dlf Phase 4,28.4919048,77.0937804,1800.0,3,4.0,,2,Semifurnished,Apartment,36000000.0,Gurgaon,E71549732
Sector 84 Gurgaon,28.4035469,76.9677894,1100.0,2,2.0,,1,Semifurnished,Apartment,10000000.0,Gurgaon,X71484070
Sector 111 Gurgaon,28.5222773,77.0336203,1650.0,4,5.0,,2,Semifurnished,Apartment,38500000.0,Gurgaon,X71530466
Sector 104 Gurgaon,28.4795324,76.9937197,861.97,3,2.0,,5,Semifurnished,Apartment,13900000.0,Gurgaon,W71509176
Gwal Pahari,28.4326344,77.1480585,1020.0,3,3.0,,5,Unfurnished,Independent/Builder Floor,16485240.0,Gurgaon,K71482576
Sector 85 Gurgaon,28.3985762,76.9547447,1650.0,2,3.0,,1,Semifurnished,Apartment,12800000.0,Gurgaon,O66846568
Sector 85 Gurgaon,28.3985762,76.9547447,1650.0,2,2.0,,1,Semifurnished,Apartment,12500000.0,Gurgaon,G66846598
Sector 83 Gurgaon,28.3963578,76.9654747,1500.0,3,3.0,,1,Semifurnished,Apartment,12500000.0,Gurgaon,M69428292
Sector-33 Sohna,28.3241636,77.0848644,1411.0,3,3.0,,5,Semifurnished,Apartment,19000000.0,Gurgaon,L71451198
Sector 67 Gurgaon,28.3864052,77.0598046,2000.0,4,4.0,,1,Semifurnished,Apartment,35000000.0,Gurgaon,X71440818
Sector 70 Gurgaon,28.3947261,77.0223138,1900.0,4,5.0,,2,Semifurnished,Apartment,23000000.0,Gurgaon,O71355608
Sector 69 Gurgaon,28.3960701,77.0372311,1034.31,3,3.0,,5,Semifurnished,Apartment,17000000.0,Gurgaon,F71341428
Sector-33 Sohna,28.3241636,77.0848644,2400.0,4,4.0,,6,Unfurnished,Independent/Builder Floor,37500000.0,Gurgaon,Z71336556
Mg Road,28.4769607,77.0662688,2777.0,4,6.0,,5,Semifurnished,Apartment,62500000.0,Gurgaon,J71336560
Sohna,28.3241636,77.0848644,645.0,3,2.0,,1,Semifurnished,Independent/Builder Floor,7650000.0,Gurgaon,P71287284
Sohna,28.3241636,77.0848644,645.0,3,2.0,,1,Semifurnished,Independent/Builder Floor,7800000.0,Gurgaon,D71286832
Sohna,28.3241636,77.0848644,645.0,3,2.0,,1,Semifurnished,Independent/Builder Floor,7750000.0,Gurgaon,G70717678
Sector 65 Gurgaon,28.4030162,77.0695893,3700.0,3,4.0,,1,Semifurnished,Apartment,66800000.0,Gurgaon,Z64568610
Sector 49 Gurgaon,28.4127374,77.0555164,4160.0,4,4.0,,1,Semifurnished,Apartment,65000000.0,Gurgaon,V71257466
Sector 28 Gurgaon,28.4794143,77.0833588,2000.0,3,4.0,,2,Semifurnished,Apartment,31500000.0,Gurgaon,U71256284
Sector 59 Gurgaon,28.4030162,77.1066682,3025.0,3,4.0,,1,Semifurnished,Apartment,62000000.0,Gurgaon,E71255858
Sector 84 Gurgaon,28.4035469,76.9677894,1250.0,2,2.0,,1,Semifurnished,Apartment,12500000.0,Gurgaon,A71188104
Sector-33 Sohna,28.3241636,77.0848644,1000.0,2,2.0,,5,Semifurnished,Apartment,11000000.0,Gurgaon,G71157088
Sector 59 Gurgaon,28.4030162,77.1066682,1650.0,3,4.0,,5,Semifurnished,Apartment,43200000.0,Gurgaon,X69871980
Sector 79 Gurgaon,28.4618719,77.05688,1700.0,3,4.0,,6,Semifurnished,Apartment,18500000.0,Gurgaon,N69921732
Sector 82 Gurgaon,28.3932827,76.9545277,1700.0,3,3.0,,1,Semifurnished,Apartment,13000000.0,Gurgaon,X71026738
Sector 84 Gurgaon,28.4035469,76.9677894,1150.0,2,2.0,,1,Semifurnished,Apartment,12500000.0,Gurgaon,H70880132
Sector 65 Gurgaon,28.4030162,77.0695893,1650.0,2,2.0,,5,Semifurnished,Apartment,20000000.0,Gurgaon,T71009550
Sector 62 Gurgaon,28.407697,77.0823781,2000.0,3,3.0,,6,Semifurnished,Apartment,42500000.0,Gurgaon,N70991200
South City 2,28.4188806,77.0439211,3240.00000000032,4,5.0,,6,Semifurnished,Independent/Builder Floor,31500000.0,Gurgaon,R70912114
Sector 85 Gurgaon,28.3985762,76.9547447,1650.0,4,5.0,,6,Semifurnished,Apartment,31600000.0,Gurgaon,Y70427012
Sector 107 Gurgaon,28.506941,76.9752137,1100.0,2,2.0,,1,Semifurnished,Apartment,9900000.0,Gurgaon,V70512914
Sector 28 Gurgaon,28.4794143,77.0833588,1960.0,3,3.0,,6,Semifurnished,Independent/Builder Floor,18000000.0,Gurgaon,A70431404
Sector 89 Gurgaon,28.4184455,76.9457567,524.0,2,2.0,,5,Semifurnished,Apartment,3800000.0,Gurgaon,G64721654
Sector 42 Gurgaon,28.4487856,77.0988212,1935.0,3,3.0,,6,Semifurnished,Independent/Builder Floor,18000000.0,Gurgaon,V70270666
Sector 37D Gurgaon,28.4480039,76.9697682,1313.0,3,3.0,,1,Semifurnished,Apartment,16800000.0,Gurgaon,Y67947092
Dlf Phase 2,28.483901,77.0846097,1650.0,4,4.0,,1,Semifurnished,Independent/Builder Floor,34000000.0,Gurgaon,W68841016
Sector 51 Gurgaon,28.4287011,77.0666877,3078.0,4,4.0,,6,Semifurnished,Independent/Builder Floor,34000000.0,Gurgaon,G70168234
Sushant Lok Phase 1,28.4545693,77.0826249,7317.0,5,6.0,,6,Semifurnished,Independent/Builder Floor,92500000.0,Gurgaon,F69986330
Sector 89 Gurgaon,28.4184455,76.9457567,645.29,3,2.0,,5,Semifurnished,Apartment,4700000.0,Gurgaon,B67530386
Sector 106 Gurgaon,28.5060806,76.9967796,1650.0,2,2.0,,5,Semifurnished,Independent House/Villa,10800000.0,Gurgaon,X66273054
Sector 67 Gurgaon,28.3864052,77.0598046,1650.0,3,3.0,,1,Semifurnished,Apartment,31000000.0,Gurgaon,B71562552
Sector 108 Gurgaon,28.5128994,76.9823615,1650.0,3,4.0,,1,Semifurnished,Apartment,37000000.0,Gurgaon,L71648878
Sector 67 Gurgaon,28.3864052,77.0598046,1650.0,3,4.0,,1,Semifurnished,Apartment,36500000.0,Gurgaon,F71564790
Sector 67 Gurgaon,28.3864052,77.0598046,1650.0,4,4.0,,1,Semifurnished,Apartment,51500000.0,Gurgaon,G71563246
Sector 67 Gurgaon,28.3864052,77.0598046,1650.0,4,4.0,,2,Semifurnished,Apartment,29500000.0,Gurgaon,E71336702
Sector 67 Gurgaon,28.3864052,77.0598046,1650.0,4,4.0,,2,Semifurnished,Apartment,27000000.0,Gurgaon,I70999134
Sector 67 Gurgaon,28.3864052,77.0598046,1650.0,3,4.0,,2,Semifurnished,Apartment,23000000.0,Gurgaon,M70996858
Sector 70A Gurgaon,28.3846684,77.0220391,1650.0,2,2.0,,6,Semifurnished,Apartment,12800000.0,Gurgaon,V71014264
Sector 37D Gurgaon,28.4480039,76.9697682,2450.0,4,4.0,,1,Semifurnished,Apartment,22400000.0,Gurgaon,U71353516
Sohna,28.3241636,77.0848644,1650.0,2,2.0,,1,Semifurnished,Apartment,4400000.0,Gurgaon,N71353196
Sector 48 Gurgaon,28.4104903,77.0394627,2700.00000000027,4,4.0,,1,Semifurnished,Independent/Builder Floor,28500000.0,Gurgaon,G71182734
Sector 52 Gurgaon,28.4368166,77.0795276,2160.00000000021,3,3.0,,1,Semifurnished,Independent/Builder Floor,22000000.0,Gurgaon,V71174692
Sector 70 Gurgaon,28.3947261,77.0223138,1900.0,3,4.0,,1,Unfurnished,Apartment,18500000.0,Gurgaon,A71122342
Sector 67 Gurgaon,28.3864052,77.0598046,1650.0,3,3.0,,1,Semifurnished,Apartment,33000000.0,Gurgaon,H70996358
Sector 70 Gurgaon,28.3947261,77.0223138,1800.0,3,4.0,,1,Semifurnished,Apartment,20000000.0,Gurgaon,Y71050084
Sector 69 Gurgaon,28.3960701,77.0372311,1034.31,3,3.0,,5,Semifurnished,Apartment,15800000.0,Gurgaon,F71033468
Sector 70A Gurgaon,28.3846684,77.0220391,1650.0,3,3.0,,6,Semifurnished,Apartment,18000000.0,Gurgaon,M70775348
South City 2,28.4188806,77.0439211,3240.00000000032,4,4.0,,1,Semifurnished,Independent/Builder Floor,28500000.0,Gurgaon,J68796342
Sector 84 Gurgaon,28.4035469,76.9677894,1650.0,2,2.0,,1,Semifurnished,Apartment,9349999.0,Gurgaon,Q70191018
Sector 84 Gurgaon,28.4035469,76.9677894,1650.0,3,4.0,,1,Semifurnished,Apartment,14299999.0,Gurgaon,R70190852
Sector 86 Gurgaon,28.3981205,76.9411257,1650.0,4,4.0,,2,Semifurnished,Apartment,15999999.0,Gurgaon,U70191776
Sector 62 Gurgaon,28.407697,77.0823781,1650.0,3,3.0,,5,Unfurnished,Apartment,36000000.0,Gurgaon,U70947738
Sushant Lok Phase 1,28.4545693,77.0826249,1600.0,3,3.0,,6,Semifurnished,Independent/Builder Floor,16200000.0,Gurgaon,W71568218
Sector 57 Gurgaon,28.4232478,77.0804487,1600.0,3,3.0,,6,Semifurnished,Independent/Builder Floor,15900000.0,Gurgaon,B71568042
Sector 57 Gurgaon,28.4232478,77.0804487,1500.0,3,3.0,,6,Semifurnished,Independent/Builder Floor,16000000.0,Gurgaon,W71567574
Sushant Lok Phase 1,28.4545693,77.0826249,1600.0,3,3.0,,6,Semifurnished,Independent/Builder Floor,29000000.0,Gurgaon,S71567224
Sushant Lok Phase 1,28.4545693,77.0826249,2500.0,3,3.0,,6,Semifurnished,Independent/Builder Floor,31500000.0,Gurgaon,L71564540
Sector 67A Gurgaon,28.4618719,77.05688,600.0,2,2.0,,1,Semifurnished,Apartment,6500000.0,Gurgaon,X71445706
Dlf Phase 2,28.483901,77.0846097,3800.0,4,4.0,,6,Semifurnished,Independent/Builder Floor,63500000.0,Gurgaon,L71443844
Dlf Phase 5,28.503445,77.0952048,294.0,3,3.0,,1,Semifurnished,Independent/Builder Floor,43500000.0,Gurgaon,R71442904
Sector 49 Gurgaon,28.4127374,77.0555164,1950.0,3,3.0,,2,Semifurnished,Apartment,23300000.0,Gurgaon,X69849718
Sector 63 Gurgaon,28.3964476,77.086498,1850.0,4,4.0,,5,Semifurnished,Apartment,46000000.0,Gurgaon,P68647190
Sector 59 Gurgaon,28.4030162,77.1066682,1650.0,3,3.0,,5,Semifurnished,Apartment,52000000.0,Gurgaon,P66543416
Dlf Phase 2,28.483901,77.0846097,2433.0,4,4.0,,6,Semifurnished,Independent/Builder Floor,41000000.0,Gurgaon,X71783784
Sushant Lok Phase 1,28.4545693,77.0826249,2400.0,4,4.0,,6,Semifurnished,Independent/Builder Floor,42500000.0,Gurgaon,W71782558
Sushant Lok Phase 1,28.4545693,77.0826249,2500.0,4,4.0,,6,Semifurnished,Independent/Builder Floor,38500000.0,Gurgaon,R71780632
Sector 47 Gurgaon,28.4268461,77.0584252,1650.0,3,3.0,,2,Semifurnished,Apartment,18900000.0,Gurgaon,M71778790
Sector 62 Gurgaon,28.407697,77.0823781,1650.0,3,3.0,,1,Semifurnished,Apartment,42900000.0,Gurgaon,N71715006
Sector 62 Gurgaon,28.407697,77.0823781,1650.0,2,2.0,,1,Semifurnished,Apartment,27000000.0,Gurgaon,I71714268
Sector 62 Gurgaon,28.407697,77.0823781,1650.0,2,2.0,,1,Semifurnished,Apartment,26400000.0,Gurgaon,Y71714114
Dlf Phase 1,28.4765171,77.090194,2700.00000000027,4,4.0,,1,Semifurnished,Independent/Builder Floor,38500000.0,Gurgaon,B70270792
Mg Road,28.4769607,77.0662688,3150.0,4,4.0,,6,Semifurnished,Apartment,70000000.0,Gurgaon,R71700050
Mg Road,28.4769607,77.0662688,3150.0,4,4.0,,6,Semifurnished,Apartment,69000000.0,Gurgaon,V71699788
Sector 54 Gurgaon,28.433569,77.1055815,1650.0,4,4.0,,3,Semifurnished,Apartment,77000000.0,Gurgaon,B71657830
Dlf Phase 1,28.4765171,77.090194,4500.00000000045,4,4.0,,1,Semifurnished,Independent/Builder Floor,45900000.0,Gurgaon,G70270662
Dlf Phase 1,28.4765171,77.090194,1600.0,3,3.0,,1,Semifurnished,Independent/Builder Floor,24500000.0,Gurgaon,O70270882
Sector-33 Sohna,28.3241636,77.0848644,800.0,2,2.0,,5,Semifurnished,Independent/Builder Floor,11800000.0,Gurgaon,R71537696
Sushant Lok Phase 1,28.4545693,77.0826249,2205.00000000022,4,4.0,,1,Semifurnished,Independent/Builder Floor,24500000.0,Gurgaon,Y69139538
Nirvana Country,28.4150509,77.0642955,2200.0,4,4.0,,1,Semifurnished,Independent/Builder Floor,39900000.0,Gurgaon,X71497168
Nirvana Country,28.4150509,77.0642955,1900.0,3,3.0,,1,Semifurnished,Independent/Builder Floor,32900000.0,Gurgaon,P71497058
Sector 84 Gurgaon,28.4035469,76.9677894,1033.0,2,2.0,,1,Unfurnished,Apartment,11000000.0,Gurgaon,W71252494
Sushant Lok Phase 3,28.464228,77.076724,2160.00000000021,3,3.0,,1,Semifurnished,Independent/Builder Floor,19900000.0,Gurgaon,N68796040
Sushant Lok Phase 2,28.464228,77.076724,1620.00000000016,3,3.0,,1,Semifurnished,Independent/Builder Floor,15500000.0,Gurgaon,H71292558
Sector 57 Gurgaon,28.4232478,77.0804487,1728.0,3,3.0,,1,Semifurnished,Independent/Builder Floor,11800000.0,Gurgaon,F71479516
Sector 56 Gurgaon,28.4252244,77.0992377,1620.0,3,3.0,,6,Semifurnished,Independent/Builder Floor,17000000.0,Gurgaon,J71479164
Dlf Phase 3,28.4919048,77.0937804,4400.0,3,3.0,,1,Semifurnished,Apartment,57500000.0,Gurgaon,S71442578
Sector 57 Gurgaon,28.4232478,77.0804487,1500.0,3,3.0,,1,Unknown,Independent/Builder Floor,16900000.0,Gurgaon,C71423282
Dlf Phase 2,28.483901,77.0846097,1935.00000000019,3,3.0,,1,Semifurnished,Independent/Builder Floor,23000000.0,Gurgaon,Z71382892
Sector 57 Gurgaon,28.4232478,77.0804487,1836.00000000018,3,3.0,,1,Semifurnished,Independent/Builder Floor,15900000.0,Gurgaon,F71359728
Sector 56 Gurgaon,28.4252244,77.0992377,2700.00000000027,4,4.0,,1,Semifurnished,Independent/Builder Floor,25900000.0,Gurgaon,K70934374
Sector 57 Gurgaon,28.4232478,77.0804487,1836.00000000018,3,3.0,,1,Semifurnished,Independent/Builder Floor,16500000.0,Gurgaon,O71292388
Sector 57 Gurgaon,28.4232478,77.0804487,1800.00000000018,3,3.0,,1,Semifurnished,Independent/Builder Floor,14900000.0,Gurgaon,Q71292322
Dlf Phase 3,28.4919048,77.0937804,4500.00000000045,4,4.0,,1,Semifurnished,Independent/Builder Floor,52400000.0,Gurgaon,V71282904
Ardee City,28.4410412,77.0792079,2160.00000000021,3,3.0,,2,Semifurnished,Independent/Builder Floor,13900000.0,Gurgaon,Q71260742
Dlf Phase 1,28.4765171,77.090194,1600.0,3,3.0,,1,Semifurnished,Independent/Builder Floor,19900000.0,Gurgaon,K70980152
Dlf Phase 1,28.4765171,77.090194,1800.0,3,3.0,,1,Semifurnished,Independent/Builder Floor,24900000.0,Gurgaon,P71221132
Sector 57 Gurgaon,28.4232478,77.0804487,1836.00000000018,3,3.0,,1,Semifurnished,Independent/Builder Floor,16500000.0,Gurgaon,I68832194
Sector 57 Gurgaon,28.4232478,77.0804487,1836.00000000018,3,3.0,,1,Semifurnished,Independent/Builder Floor,17500000.0,Gurgaon,N69821992
Sector 57 Gurgaon,28.4232478,77.0804487,1900.0,3,3.0,,1,Semifurnished,Independent/Builder Floor,18900000.0,Gurgaon,P69481792
Sector 57 Gurgaon,28.4232478,77.0804487,2430.00000000024,3,3.0,,1,Semifurnished,Independent/Builder Floor,22500000.0,Gurgaon,O70946736
Sushant Lok Phase 2,28.464228,77.076724,2700.00000000027,4,4.0,,1,Semifurnished,Independent/Builder Floor,25900000.0,Gurgaon,Q69830656
Sector 56 Gurgaon,28.4252244,77.0992377,2700.00000000027,4,4.0,,1,Semifurnished,Independent/Builder Floor,29800000.0,Gurgaon,C69986764
Sushant Lok Phase 2,28.464228,77.076724,1620.00000000016,3,3.0,,1,Semifurnished,Independent/Builder Floor,15600000.0,Gurgaon,H68138172
Sushant Lok Phase 1,28.4545693,77.0826249,2700.00000000027,4,4.0,,1,Semifurnished,Independent/Builder Floor,36500000.0,Gurgaon,G69974350
Dlf Phase 4,28.4919048,77.0937804,4500.00000000045,4,4.0,,1,Semifurnished,Independent/Builder Floor,64900000.0,Gurgaon,V70803616
Sector 59 Gurgaon,28.4030162,77.1066682,3620.0,4,4.0,,2,Semifurnished,Apartment,74900000.0,Gurgaon,U71029140
Sector 52 Gurgaon,28.4368166,77.0795276,1728.00000000017,3,3.0,,1,Semifurnished,Independent/Builder Floor,19900000.0,Gurgaon,T71022792
Sector 27 Gurgaon,28.4646566,77.0839505,2200.0,4,4.0,,1,Semifurnished,Independent/Builder Floor,23100000.0,Gurgaon,V71008890
Sector 57 Gurgaon,28.4232478,77.0804487,2250.00000000022,3,3.0,,1,Semifurnished,Independent/Builder Floor,21500000.0,Gurgaon,Z69829388
Sushant Lok Phase 3,28.464228,77.076724,1450.0,3,3.0,,1,Semifurnished,Independent/Builder Floor,18900000.0,Gurgaon,W70803506
Sushant Lok Phase 3,28.464228,77.076724,2160.00000000021,3,3.0,,1,Semifurnished,Independent/Builder Floor,19900000.0,Gurgaon,G70799530
Sushant Lok Phase 3,28.464228,77.076724,1620.00000000016,3,3.0,,1,Semifurnished,Independent/Builder Floor,14900000.0,Gurgaon,Y70799272
Sector 57 Gurgaon,28.4232478,77.0804487,1400.0,3,3.0,,1,Semifurnished,Independent/Builder Floor,15200000.0,Gurgaon,L70862512
Sector 57 Gurgaon,28.4232478,77.0804487,2367.00000000023,3,3.0,,1,Semifurnished,Independent/Builder Floor,22300000.0,Gurgaon,W69828928
Sector 57 Gurgaon,28.4232478,77.0804487,1836.00000000018,3,3.0,,1,Semifurnished,Independent/Builder Floor,26900000.0,Gurgaon,D69481304
Ardee City,28.4410412,77.0792079,1900.0,4,4.0,,1,Semifurnished,Independent/Builder Floor,18900000.0,Gurgaon,T70988412
Sushant Lok Phase 1,28.4545693,77.0826249,1935.00000000019,3,3.0,,6,Semifurnished,Independent/Builder Floor,26500000.0,Gurgaon,W69221238
Sector 57 Gurgaon,28.4232478,77.0804487,1900.0,4,4.0,,1,Semifurnished,Independent/Builder Floor,22200000.0,Gurgaon,Z69821912
Sector 46 Gurgaon,28.4268461,77.0584252,2367.00000000023,3,3.0,,1,Semifurnished,Independent/Builder Floor,25900000.0,Gurgaon,X69823556
Sushant Lok Phase 3,28.464228,77.076724,162.000000000016,3,3.0,,1,Semifurnished,Independent/Builder Floor,15900000.0,Gurgaon,E70834394
Sector 57 Gurgaon,28.4232478,77.0804487,1836.00000000018,3,3.0,,1,Semifurnished,Independent/Builder Floor,17000000.0,Gurgaon,I70834550
Sushant Lok Phase 2,28.464228,77.076724,2700.00000000027,4,4.0,,1,Semifurnished,Independent/Builder Floor,28000000.0,Gurgaon,H70936008
Sushant Lok Phase 2,28.464228,77.076724,1400.0,3,3.0,,1,Semifurnished,Independent/Builder Floor,16500000.0,Gurgaon,V69810018
Sector 56 Gurgaon,28.4252244,77.0992377,1809.00000000018,3,3.0,,2,Semifurnished,Independent/Builder Floor,12500000.0,Gurgaon,P70799178
Sector 56 Gurgaon,28.4252244,77.0992377,3240.00000000032,4,4.0,,1,Semifurnished,Independent/Builder Floor,32500000.0,Gurgaon,C70799092
Sector 56 Gurgaon,28.4252244,77.0992377,2700.00000000027,3,3.0,,1,Semifurnished,Independent/Builder Floor,21500000.0,Gurgaon,P70660632
Ardee City,28.4410412,77.0792079,2160.00000000021,3,3.0,,2,Semifurnished,Independent/Builder Floor,15900000.0,Gurgaon,Q70627410
Sushant Lok Phase 1,28.4545693,77.0826249,1935.00000000019,3,3.0,,1,Semifurnished,Independent/Builder Floor,20500000.0,Gurgaon,W70271120
Sushant Lok Phase 1,28.4545693,77.0826249,1935.00000000019,4,4.0,,1,Semifurnished,Independent/Builder Floor,18900000.0,Gurgaon,G70271050
Dlf Phase 1,28.4765171,77.090194,1550.0,3,3.0,,6,Semifurnished,Independent/Builder Floor,22500000.0,Gurgaon,I70270826
Sushant Lok Phase 1,28.4545693,77.0826249,1935.00000000019,3,3.0,,1,Semifurnished,Independent/Builder Floor,19900000.0,Gurgaon,Q69974734
Sushant Lok Phase 3,28.464228,77.076724,2700.00000000027,4,4.0,,1,Semifurnished,Independent/Builder Floor,26400000.0,Gurgaon,X69963992
Sector 79 Gurgaon,28.4618719,77.05688,1420.0,3,4.0,,5,Semifurnished,Apartment,16000000.0,Gurgaon,V69704056
Sector 63A Gurgaon,28.4618719,77.05688,1374.0,3,3.0,,5,Semifurnished,Independent/Builder Floor,37000000.0,Gurgaon,F69550338
Dlf Phase 1,28.4765171,77.090194,1600.0,3,3.0,,6,Semifurnished,Independent/Builder Floor,19900000.0,Gurgaon,L69139432
Sector 46 Gurgaon,28.4268461,77.0584252,1836.00000000018,3,3.0,,6,Semifurnished,Independent/Builder Floor,16900000.0,Gurgaon,J68796212
Sector 55 Gurgaon,28.4274166,77.1097538,1400.0,3,3.0,,6,Semifurnished,Independent/Builder Floor,15900000.0,Gurgaon,Y68649980
Sector 46 Gurgaon,28.4268461,77.0584252,1800.0,4,4.0,,6,Semifurnished,Independent/Builder Floor,21900000.0,Gurgaon,D68795050
Sushant Lok Phase 2,28.464228,77.076724,2700.00000000027,3,4.0,,6,Semifurnished,Independent/Builder Floor,19900000.0,Gurgaon,N68745234
Dlf Phase 2,28.483901,77.0846097,3645.00000000036,4,4.0,,6,Semifurnished,Independent/Builder Floor,44900000.0,Gurgaon,W68476860
Sector 63A Gurgaon,28.4618719,77.05688,1800.0,4,4.0,,1,Unfurnished,Independent/Builder Floor,20500089.0,Gurgaon,X70172400
Sector 89 A Gurgaon,28.4184455,76.9457567,1650.0,3,3.0,,5,Unknown,Apartment,15000000.0,Gurgaon,J71031494
Sector 104 Gurgaon,28.4795324,76.9937197,1650.0,3,4.0,,1,Unknown,Apartment,20000001.0,Gurgaon,I71030570
Sector 86 Gurgaon,28.3981205,76.9411257,463.0,2,2.0,,5,Semifurnished,Apartment,2033435.0,Gurgaon,C64640776
Malibu Town,28.4234344,77.0468649,1600.0,4,4.0,,6,Semifurnished,Independent/Builder Floor,26000000.0,Gurgaon,S71790282
Sector 113 Gurgaon,28.5286649,77.0250282,1650.0,2,2.0,,1,Semifurnished,Apartment,15000000.0,Gurgaon,U71443090
Sector 93 Gurgaon,28.4156048,76.931638,1000.0,3,2.0,,5,Semifurnished,Apartment,14000000.0,Gurgaon,O71782670
Palam Vihar,28.4983353,77.0203007,1650.0,4,4.0,,1,Semifurnished,Independent/Builder Floor,21500000.0,Gurgaon,O71777448
Ansal Plaza,28.511342,77.0417054,1650.0,4,4.0,,1,Semifurnished,Independent/Builder Floor,27500000.0,Gurgaon,V71777104
Sushant Lok Phase 1,28.4545693,77.0826249,4230.00000000042,4,4.0,,6,Semifurnished,Independent/Builder Floor,55000000.0,Gurgaon,K71731436
Sushant Lok Phase 1,28.4545693,77.0826249,2340.00000000023,3,3.0,,3,Semifurnished,Independent/Builder Floor,16000000.0,Gurgaon,R71739728
Sushant Lok Phase 1,28.4545693,77.0826249,3762.00000000037,4,4.0,,6,Semifurnished,Independent/Builder Floor,46000000.0,Gurgaon,N71730858
Sector 54 Gurgaon,28.433569,77.1055815,1650.0,4,4.0,,1,Semifurnished,Apartment,70000000.0,Gurgaon,O71697814
Sector 54 Gurgaon,28.433569,77.1055815,1650.0,4,4.0,,1,Semifurnished,Apartment,70000000.0,Gurgaon,S71697474
Heritage City,28.4817226,77.0784621,3250.0,4,4.0,,3,Semifurnished,Apartment,45000000.0,Gurgaon,J71683634
Heritage City,28.4817226,77.0784621,2650.0,4,4.0,,3,Semifurnished,Apartment,33000000.0,Gurgaon,Z71682756
Heritage City,28.4817226,77.0784621,3250.0,4,4.0,,3,Semifurnished,Apartment,51000000.0,Gurgaon,G71680194
Dlf Phase 5,28.503445,77.0952048,1300.0,3,3.0,,2,Semifurnished,Apartment,23000000.0,Gurgaon,Y71676020
Sector 65 Gurgaon,28.4030162,77.0695893,2000.0,4,4.0,,6,Semifurnished,Independent/Builder Floor,35000000.0,Gurgaon,G71675080
Sector 67A Gurgaon,28.4618719,77.05688,1515.0,2,2.0,,1,Semifurnished,Apartment,13500000.0,Gurgaon,I71672356
Sector 54 Gurgaon,28.433569,77.1055815,1900.0,3,3.0,,1,Semifurnished,Independent/Builder Floor,42500000.0,Gurgaon,H71666498
Sector 106 Gurgaon,28.5060806,76.9967796,1377.0,2,2.0,,5,Semifurnished,Apartment,19000000.0,Gurgaon,V71659140
Sector 85 Gurgaon,28.3985762,76.9547447,2129.0,3,3.0,,5,Semifurnished,Apartment,23000000.0,Gurgaon,O71658488
Sushant Lok,28.4706634,77.0798127,2700.0,3,3.0,,1,Semifurnished,Independent/Builder Floor,31500000.0,Gurgaon,M71638690
Sector 81 Gurgaon,28.3873647,76.9475835,1600.0,3,4.0,,1,Semifurnished,Apartment,27500000.0,Gurgaon,J71640992
Sector 82A Gurgaon,28.3881583,76.96273,1800.0,4,4.0,,1,Unknown,Apartment,29000000.0,Gurgaon,A71612624
Sushant Lok,28.4706634,77.0798127,2700.0,4,4.0,,1,Semifurnished,Independent/Builder Floor,33000000.0,Gurgaon,J71639438
Sector 48 Gurgaon,28.4104903,77.0394627,1656.00000000016,3,3.0,,6,Semifurnished,Independent/Builder Floor,15000000.0,Gurgaon,F71622386
Sector 43 Gurgaon,28.4487856,77.0988212,1645.0,3,4.0,,2,Semifurnished,Apartment,21000000.0,Gurgaon,A71610348
Sector 54 Gurgaon,28.433569,77.1055815,3771.0,4,4.0,,1,Semifurnished,Apartment,99000000.0,Gurgaon,G71604460
Sector 54 Gurgaon,28.433569,77.1055815,2983.0,4,6.0,,1,Semifurnished,Apartment,70000000.0,Gurgaon,P71604278
Sector 89 Gurgaon,28.4184455,76.9457567,1650.0,3,3.0,,5,Unfurnished,Apartment,12000000.0,Gurgaon,C71603378
Sector 70 Gurgaon,28.3947261,77.0223138,1300.0,2,2.0,,6,Semifurnished,Apartment,12000000.0,Gurgaon,N71599098
Sector 63A Gurgaon,28.4618719,77.05688,1331.0,3,3.0,,5,Semifurnished,Apartment,29000000.0,Gurgaon,U71598622
Sector 63 Gurgaon,28.3964476,77.086498,1400.0,3,3.0,,1,Semifurnished,Independent/Builder Floor,25500000.0,Gurgaon,I71384160
Sector 107 Gurgaon,28.506941,76.9752137,546.0,2,2.0,,1,Semifurnished,Apartment,3300000.0,Gurgaon,C71596882
Sector 48 Gurgaon,28.4104903,77.0394627,1650.0,3,3.0,,6,Semifurnished,Independent/Builder Floor,16500000.0,Gurgaon,O71584980
Sector 63 Gurgaon,28.3964476,77.086498,1650.0,4,4.0,,6,Semifurnished,Independent/Builder Floor,38000000.0,Gurgaon,C71584354
South City 2,28.4188806,77.0439211,1650.0,4,5.0,,6,Semifurnished,Independent/Builder Floor,35000000.0,Gurgaon,C71583786
Sector 49 Gurgaon,28.4127374,77.0555164,1650.0,4,4.0,,2,Semifurnished,Apartment,25000000.0,Gurgaon,T71582198
Sector 53 Gurgaon,28.4487856,77.0988212,1650.0,4,4.0,,2,Semifurnished,Apartment,65000000.0,Gurgaon,U71570844
Sector 102 Gurgaon,28.4754872,76.9711747,1650.0,2,2.0,,5,Semifurnished,Apartment,12100000.0,Gurgaon,L71564684
Sector 102 Gurgaon,28.4754872,76.9711747,1650.0,3,4.0,,1,Unknown,Apartment,20900000.0,Gurgaon,I71564346
Sector 102 Gurgaon,28.4754872,76.9711747,1650.0,4,5.0,,1,Semifurnished,Apartment,31000000.0,Gurgaon,C71564224
Sector 102 Gurgaon,28.4754872,76.9711747,1400.0,3,3.0,,6,Semifurnished,Apartment,19900000.0,Gurgaon,R71563218
Sector 54 Gurgaon,28.433569,77.1055815,1575.0,3,3.0,,3,Semifurnished,Apartment,24000000.0,Gurgaon,T71562018
Sector 67 Gurgaon,28.3864052,77.0598046,1900.0,3,3.0,,6,Semifurnished,Independent/Builder Floor,18500000.0,Gurgaon,V71560808
Sector 48 Gurgaon,28.4104903,77.0394627,2600.0,4,4.0,,6,Semifurnished,Independent/Builder Floor,25000000.0,Gurgaon,T71560646
Malibu Town,28.4234344,77.0468649,1550.0,3,3.0,,6,Semifurnished,Independent/Builder Floor,18500000.0,Gurgaon,X71560552
Sector 72 Gurgaon,28.3943815,77.032363,1601.0,3,3.0,,1,Semifurnished,Apartment,36000000.0,Gurgaon,S71329394
Sector 107 Gurgaon,28.506941,76.9752137,305.0,1,1.0,,1,Semifurnished,Apartment,1900000.0,Gurgaon,X71533306
Sushant Lok Phase 1,28.4545693,77.0826249,2700.00000000027,3,4.0,,6,Semifurnished,Independent/Builder Floor,32500000.0,Gurgaon,K71515592
Sector 45 Gurgaon,28.4449004,77.0663545,1496.0,3,3.0,,1,Semifurnished,Apartment,10500000.0,Gurgaon,F71514848
Sector 46 Gurgaon,28.4268461,77.0584252,2293.0,3,3.0,,6,Semifurnished,Independent/Builder Floor,25000000.0,Gurgaon,N71469826
Sector 47 Gurgaon,28.4268461,77.0584252,2100.0,4,4.0,,6,Semifurnished,Independent/Builder Floor,29999999.0,Gurgaon,U71460532
Sector 92 Gurgaon,28.4089049,76.9155232,1200.0,3,2.0,,1,Semifurnished,Apartment,6200000.0,Gurgaon,R71236266
Sector 92 Gurgaon,28.4089049,76.9155232,1400.0,3,3.0,,1,Semifurnished,Apartment,6800000.0,Gurgaon,Y71236340
Sector 82A Gurgaon,28.3881583,76.96273,1600.0,4,4.0,,1,Semifurnished,Apartment,30500000.0,Gurgaon,A71435756
Sector 57 Gurgaon,28.4232478,77.0804487,2400.0,4,5.0,,6,Semifurnished,Independent/Builder Floor,24000000.0,Gurgaon,O71439214
Sector 67A Gurgaon,28.4618719,77.05688,2700.00000000027,4,4.0,,6,Semifurnished,Independent/Builder Floor,17000000.0,Gurgaon,N71337316
Sector 66 Gurgaon,28.3974292,77.0538823,1650.0,3,3.0,,1,Semifurnished,Apartment,33500000.0,Gurgaon,Y71428262
Sector 107 Gurgaon,28.506941,76.9752137,1050.0,2,2.0,,1,Semifurnished,Apartment,8500000.0,Gurgaon,P71410132
Sector 54 Gurgaon,28.433569,77.1055815,2850.0,4,4.0,,6,Semifurnished,Independent/Builder Floor,42500000.0,Gurgaon,Y71391288
Sector 54 Gurgaon,28.433569,77.1055815,2800.0,4,4.0,,6,Semifurnished,Independent/Builder Floor,51000000.0,Gurgaon,L71391020
Sector 54 Gurgaon,28.433569,77.1055815,3500.0,4,4.0,,6,Semifurnished,Independent/Builder Floor,62500000.0,Gurgaon,U71390870
Sector 65 Gurgaon,28.4030162,77.0695893,1750.0,4,4.0,,6,Semifurnished,Apartment,27500000.0,Gurgaon,G71387710
Sector 67 Gurgaon,28.3864052,77.0598046,2457.0,4,4.0,,1,Semifurnished,Apartment,51000000.0,Gurgaon,U71378112
Sector 50 Gurgaon,28.4268461,77.0584252,2322.00000000023,4,4.0,,6,Semifurnished,Independent/Builder Floor,30000000.0,Gurgaon,S71337430
Sector 49 Gurgaon,28.4127374,77.0555164,2322.00000000023,4,4.0,,6,Semifurnished,Independent/Builder Floor,27000000.0,Gurgaon,B71337262
Sector 107 Gurgaon,28.506941,76.9752137,645.0,3,2.0,,1,Semifurnished,Apartment,4999999.0,Gurgaon,U71331326
Sector 90 Gurgaon,28.4069974,76.9365562,1300.0,3,4.0,,1,Semifurnished,Apartment,10500000.0,Gurgaon,A71326844
Sector 46 Gurgaon,28.4268461,77.0584252,2000.0,3,3.0,,6,Semifurnished,Independent/Builder Floor,26000000.0,Gurgaon,R71316320
South City 1,28.4188433,77.0440293,1600.0,3,3.0,,6,Semifurnished,Independent/Builder Floor,19500000.0,Gurgaon,A71316030
Sector 22 Gurgaon,28.4947315,77.0691703,1650.0,4,4.0,,1,Semifurnished,Independent/Builder Floor,23500000.0,Gurgaon,D71193912
Palam Vihar,28.4983353,77.0203007,1650.0,4,5.0,,1,Semifurnished,Independent/Builder Floor,30900000.0,Gurgaon,L71193822
Palam Vihar,28.4983353,77.0203007,1650.0,4,3.0,,1,Unknown,Independent/Builder Floor,26500000.0,Gurgaon,T71194146
Palam Vihar,28.4983353,77.0203007,1650.0,4,5.0,,1,Semifurnished,Independent/Builder Floor,30800000.0,Gurgaon,U71194076
Palam Vihar,28.4983353,77.0203007,1650.0,4,5.0,,1,Semifurnished,Independent/Builder Floor,29700000.0,Gurgaon,U71301000
Sector 102 Gurgaon,28.4754872,76.9711747,1600.0,3,3.0,,6,Semifurnished,Apartment,19600000.0,Gurgaon,G71300976
Sector 72 Gurgaon,28.3943815,77.032363,1900.0,4,5.0,,1,Semifurnished,Apartment,43000000.0,Gurgaon,X71298210
Sector 102 Gurgaon,28.4754872,76.9711747,1100.0,2,2.0,,6,Semifurnished,Apartment,13800000.0,Gurgaon,P71296212
Sector 104 Gurgaon,28.4795324,76.9937197,1650.0,3,4.0,,1,Semifurnished,Apartment,24500000.0,Gurgaon,J71258460
Sector 102 Gurgaon,28.4754872,76.9711747,1650.0,4,5.0,,1,Semifurnished,Apartment,29500000.0,Gurgaon,P71251414
Sector 54 Gurgaon,28.433569,77.1055815,1331.0,3,4.0,,2,Semifurnished,Apartment,58000000.0,Gurgaon,J71250986
Sector 72 Gurgaon,28.3943815,77.032363,2244.0,4,5.0,,1,Semifurnished,Apartment,51500000.0,Gurgaon,B71237432
Sector 92 Gurgaon,28.4089049,76.9155232,1100.0,3,2.0,,1,Unfurnished,Apartment,6400000.0,Gurgaon,K71236504
Sector 92 Gurgaon,28.4089049,76.9155232,1650.0,2,2.0,,1,Semifurnished,Apartment,5100000.0,Gurgaon,R71236410
Sector 70A Gurgaon,28.3846684,77.0220391,1250.0,3,3.0,,6,Semifurnished,Independent/Builder Floor,17000000.0,Gurgaon,L71234336
Sector 110 Gurgaon,28.5069625,77.018321,3880.0,5,5.0,,1,Semifurnished,Apartment,34500000.0,Gurgaon,P71231460
Malibu Town,28.4234344,77.0468649,2070.0000000002,3,3.0,,1,Semifurnished,Independent/Builder Floor,19800000.0,Gurgaon,M71217836
Sushant Lok Phase 3,28.464228,77.076724,18900.0000000018,4,5.0,,6,Semifurnished,Independent/Builder Floor,21000000.0,Gurgaon,E71198904
Palam Vihar,28.4983353,77.0203007,1650.0,4,4.0,,1,Semifurnished,Independent/Builder Floor,28000000.0,Gurgaon,D71194002
Sector 67 Gurgaon,28.3864052,77.0598046,999.0,2,2.0,,1,Semifurnished,Apartment,20500000.0,Gurgaon,X71175528
Sector 102 Gurgaon,28.4754872,76.9711747,1100.0,2,2.0,,6,Semifurnished,Apartment,13800000.0,Gurgaon,V71151770
Nirvana Country,28.4150509,77.0642955,1700.0,3,3.0,,6,Unknown,Independent/Builder Floor,26000000.0,Gurgaon,D71125528
South City 2,28.4188806,77.0439211,1600.0,3,3.0,,6,Semifurnished,Independent/Builder Floor,17500000.0,Gurgaon,P71125474
Sector 113 Gurgaon,28.5286649,77.0250282,1650.0,2,2.0,,1,Semifurnished,Apartment,16000000.0,Gurgaon,P71122260
Sector 49 Gurgaon,28.4127374,77.0555164,1650.0,4,4.0,,6,Semifurnished,Independent/Builder Floor,36000000.0,Gurgaon,X71110402
Sector 50 Gurgaon,28.4268461,77.0584252,1650.0,3,3.0,,6,Semifurnished,Independent/Builder Floor,19000000.0,Gurgaon,N71110146
Sector 54 Gurgaon,28.433569,77.1055815,1800.0,3,3.0,,6,Semifurnished,Independent/Builder Floor,17500000.0,Gurgaon,T71062898
Sector 56 Gurgaon,28.4252244,77.0992377,2200.0,3,3.0,,6,Semifurnished,Independent/Builder Floor,20000000.0,Gurgaon,H71062828
Sector 42 Gurgaon,28.4487856,77.0988212,1800.0,3,3.0,,6,Semifurnished,Independent/Builder Floor,19500000.0,Gurgaon,Y71062760
Sector 57 Gurgaon,28.4232478,77.0804487,1800.0,3,3.0,,6,Semifurnished,Independent/Builder Floor,18000000.0,Gurgaon,I71062676
Sector 43 Gurgaon,28.4487856,77.0988212,2250.00000000022,3,3.0,,6,Semifurnished,Independent/Builder Floor,22500000.0,Gurgaon,R71062526
Sushant Lok Phase 1,28.4545693,77.0826249,2160.00000000021,3,3.0,,6,Semifurnished,Independent/Builder Floor,21500000.0,Gurgaon,F71062416
Sector 63A Gurgaon,28.4618719,77.05688,1470.0,3,3.0,,5,Semifurnished,Independent/Builder Floor,21100000.0,Gurgaon,K71060658
Sector 102 Gurgaon,28.4754872,76.9711747,1650.0,2,2.0,,5,Semifurnished,Apartment,14000000.0,Gurgaon,P71040320
Sector 67A Gurgaon,28.4618719,77.05688,591.0,2,2.0,,6,Semifurnished,Apartment,6000000.0,Gurgaon,C71035310
Sector 113 Gurgaon,28.5286649,77.0250282,1650.0,3,3.0,,5,Semifurnished,Apartment,20000000.0,Gurgaon,X71029702
Nirvana Country,28.4150509,77.0642955,2800.0,4,4.0,,6,Semifurnished,Independent/Builder Floor,41000000.0,Gurgaon,H71028374
Sector 67 Gurgaon,28.3864052,77.0598046,1800.0,3,3.0,,6,Semifurnished,Independent/Builder Floor,18000000.0,Gurgaon,T71027104
Sector 50 Gurgaon,28.4268461,77.0584252,1600.0,3,3.0,,1,Semifurnished,Independent/Builder Floor,17000000.0,Gurgaon,S70988974
Sector 62 Gurgaon,28.407697,77.0823781,1650.0,3,3.0,,1,Semifurnished,Apartment,41500000.0,Gurgaon,X70972528
Sector 37D Gurgaon,28.4480039,76.9697682,1650.0,3,3.0,,5,Semifurnished,Independent/Builder Floor,19800000.0,Gurgaon,K70934624
Sector 95 Gurgaon,28.4149443,76.9114892,1650.0,3,3.0,,5,Semifurnished,Independent/Builder Floor,12500000.0,Gurgaon,G70930440
Sector 67A Gurgaon,28.4618719,77.05688,598.0,2,2.0,,6,Unfurnished,Apartment,6000000.0,Gurgaon,U70911194
Sector 71 Gurgaon,28.3950557,77.0314336,1540.0,3,4.0,,1,Semifurnished,Apartment,13500000.0,Gurgaon,X70910430
Sector 50 Gurgaon,28.4268461,77.0584252,2200.0,4,4.0,,6,Semifurnished,Independent/Builder Floor,23500000.0,Gurgaon,J70897126
South City 2,28.4188806,77.0439211,1700.0,3,3.0,,6,Semifurnished,Independent/Builder Floor,20400000.0,Gurgaon,I70877240
Malibu Town,28.4234344,77.0468649,1800.0,4,4.0,,6,Semifurnished,Independent/Builder Floor,23500000.0,Gurgaon,Q70876100
C Block Mayfield Garden,28.4225252,77.0612084,1850.0,4,3.0,,6,Semifurnished,Independent/Builder Floor,19900000.0,Gurgaon,Y70875956
Sector 47 Gurgaon,28.4268461,77.0584252,2100.0,4,4.0,,6,Semifurnished,Independent/Builder Floor,29500000.0,Gurgaon,C70874542
Sector 102 Gurgaon,28.4754872,76.9711747,1028.0,3,2.0,,6,Semifurnished,Apartment,19350000.0,Gurgaon,C70830340
Sector 56 Gurgaon,28.4252244,77.0992377,2600.0,3,3.0,,6,Semifurnished,Independent/Builder Floor,21500000.0,Gurgaon,P70797246
Sushant Lok Phase 1,28.4545693,77.0826249,2600.0,3,3.0,,6,Semifurnished,Independent/Builder Floor,17500000.0,Gurgaon,I70797128
Sector 55 Gurgaon,28.4274166,77.1097538,2600.0,3,3.0,,6,Semifurnished,Independent/Builder Floor,27000000.0,Gurgaon,F70797014
Rosewood,28.4102341,77.0544854,2500.0,3,3.0,,6,Semifurnished,Independent/Builder Floor,29000000.0,Gurgaon,F70794756
Sector 54 Gurgaon,28.433569,77.1055815,2700.0,4,5.0,,6,Semifurnished,Independent/Builder Floor,46500000.0,Gurgaon,W70779678
Sector 54 Gurgaon,28.433569,77.1055815,1267.0,3,3.0,,3,Semifurnished,Apartment,21000000.0,Gurgaon,H70779466
Suncity,28.507814,77.0713577,2700.0,4,4.0,,3,Semifurnished,Apartment,43000000.0,Gurgaon,X70777880
Palam Vihar,28.4983353,77.0203007,1650.0,4,4.0,,1,Unknown,Independent/Builder Floor,25200000.0,Gurgaon,O70706636
Sector 37D Gurgaon,28.4480039,76.9697682,1200.0,3,3.0,,6,Semifurnished,Apartment,14300000.0,Gurgaon,O70726928
Sushant Lok Phase 1,28.4545693,77.0826249,1555.0,3,3.0,,2,Semifurnished,Independent/Builder Floor,21000000.0,Gurgaon,I70138812
Sector 65 Gurgaon,28.4030162,77.0695893,1650.0,3,3.0,,1,Semifurnished,Apartment,52500000.0,Gurgaon,B69880344
Sector 62 Gurgaon,28.407697,77.0823781,1650.0,3,3.0,,5,Semifurnished,Apartment,40200000.0,Gurgaon,L69880252
Sector 62 Gurgaon,28.407697,77.0823781,1650.0,2,2.0,,5,Semifurnished,Apartment,21000000.0,Gurgaon,N69880212
Malibu Town,28.4234344,77.0468649,1850.0,3,3.0,,6,Semifurnished,Independent/Builder Floor,22000000.0,Gurgaon,V69690318
Sector 65 Gurgaon,28.4030162,77.0695893,1650.0,3,5.0,,1,Semifurnished,Apartment,86500000.0,Gurgaon,D69034860
Sector 88B Gurgaon,28.4420223,76.9538495,1011.0,2,2.0,,1,Semifurnished,Independent/Builder Floor,9450000.0,Gurgaon,B64528544
Sector 99 Gurgaon,28.4645549,76.9628585,1180.0,3,3.0,,1,Semifurnished,Apartment,15163315.0,Gurgaon,X69028860
Sector 63A Gurgaon,28.4618719,77.05688,1190.0,2,2.0,,5,Unfurnished,Independent/Builder Floor,14700000.0,Gurgaon,O64741440
Sector 104 Gurgaon,28.4795324,76.9937197,683.83,2,2.0,,5,Semifurnished,Apartment,10300000.0,Gurgaon,L64596918
Sector 63A Gurgaon,28.4618719,77.05688,1479.0,3,3.0,,5,Unfurnished,Independent/Builder Floor,18200000.0,Gurgaon,E64741238
Sector 92 Gurgaon,28.4089049,76.9155232,1650.0,2,2.0,,5,Semifurnished,Independent/Builder Floor,7975000.0,Gurgaon,P66927524
Sector 90 Gurgaon,28.4069974,76.9365562,645.0,3,3.0,,5,Semifurnished,Apartment,3400000.0,Gurgaon,Z70651050
Sector 90 Gurgaon,28.4069974,76.9365562,612.44,2,2.0,,5,Semifurnished,Apartment,3200000.0,Gurgaon,A70650930
Sector 90 Gurgaon,28.4069974,76.9365562,645.0,3,2.0,,5,Semifurnished,Apartment,3400000.0,Gurgaon,G70629618
Sector 92 Gurgaon,28.4089049,76.9155232,1109.0,2,2.0,,5,Unfurnished,Independent/Builder Floor,8631500.0,Gurgaon,N64569046
Sector 89 Gurgaon,28.4184455,76.9457567,644.66,3,2.0,,5,Semifurnished,Apartment,4600000.0,Gurgaon,M64718208
Sector 76 Gurgaon,28.3910112,76.9900243,582.327804268968,2,2.0,,5,Semifurnished,Apartment,4500000.0,Gurgaon,D69314798
Sector 76 Gurgaon,28.3910112,76.9900243,7814.60232715843,2,2.0,,5,Semifurnished,Apartment,5400000.0,Gurgaon,J69278812
Sector 86 Gurgaon,28.3981205,76.9411257,642.0,3,3.0,,5,Semifurnished,Apartment,2800000.0,Gurgaon,B64639800
Sector 92 Gurgaon,28.4089049,76.9155232,970.0,3,2.0,,5,Unfurnished,Independent/Builder Floor,9325000.0,Gurgaon,M64566920
Sector 108 Gurgaon,28.5128994,76.9823615,512.39,2,2.0,,5,Semifurnished,Apartment,3800000.0,Gurgaon,R64540526
Sector 81 Gurgaon,28.3873647,76.9475835,645.26,3,2.0,,5,Semifurnished,Apartment,2289296.0,Gurgaon,T69975890
Sector 63A Gurgaon,28.4618719,77.05688,1050.0,3,3.0,,5,Semifurnished,Independent/Builder Floor,35000000.0,Gurgaon,P70074444
Sector 53 Gurgaon,28.4487856,77.0988212,3500.0,4,5.0,,1,Semifurnished,Apartment,49500000.0,Gurgaon,B71774544
Sohna,28.3241636,77.0848644,1276.0,3,4.0,,1,Semifurnished,Apartment,11000000.0,Gurgaon,K71727250
Sector 53 Gurgaon,28.4487856,77.0988212,1100.0,2,2.0,,1,Semifurnished,Apartment,19000000.0,Gurgaon,C71582616
Sector 53 Gurgaon,28.4487856,77.0988212,1600.0,3,5.0,,1,Semifurnished,Apartment,32500000.0,Gurgaon,X71582434
Sector 59 Gurgaon,28.4030162,77.1066682,2700.0,3,4.0,,1,Semifurnished,Apartment,35000000.0,Gurgaon,W70267294
Sector 23 Gurgaon,28.510319,77.0530094,1550.0,3,3.0,,6,Semifurnished,Independent/Builder Floor,21200000.0,Gurgaon,D71502788
Sector 23 Gurgaon,28.510319,77.0530094,1250.0,3,3.0,,6,Semifurnished,Independent/Builder Floor,17000000.0,Gurgaon,C71491808
Palam Vihar,28.4983353,77.0203007,2050.0,3,3.0,,1,Semifurnished,Independent/Builder Floor,24200000.0,Gurgaon,D71585090
Sector 67A Gurgaon,28.4618719,77.05688,1017.0,3,3.0,,1,Semifurnished,Apartment,18500000.0,Gurgaon,C70891698
Sector 65 Gurgaon,28.4030162,77.0695893,1025.0,2,2.0,,5,Semifurnished,Apartment,16500000.0,Gurgaon,Y70849068
Sector 60 Gurgaon,28.3985617,77.0978276,2500.0,4,6.0,,1,Semifurnished,Apartment,45000000.0,Gurgaon,M70792468
Sector 54 Gurgaon,28.433569,77.1055815,2799.0,4,4.0,,6,Semifurnished,Apartment,50000000.0,Gurgaon,G71737072
Sector 107 Gurgaon,28.506941,76.9752137,1650.0,3,3.0,,2,Semifurnished,Apartment,14600000.0,Gurgaon,Y71368678
Dlf Phase 5,28.503445,77.0952048,2700.0,4,4.0,,1,Semifurnished,Apartment,52500000.0,Gurgaon,D71145552
Dlf Phase 5,28.503445,77.0952048,2800.0,4,4.0,,1,Semifurnished,Apartment,52500000.0,Gurgaon,R71138438
Sector 50 Gurgaon,28.4268461,77.0584252,1650.0,3,3.0,,3,Semifurnished,Apartment,21500000.0,Gurgaon,W71475148
Sector 54 Gurgaon,28.433569,77.1055815,1650.0,4,6.0,,3,Semifurnished,Apartment,67500000.0,Gurgaon,W71345040
Sector 51 Gurgaon,28.4287011,77.0666877,1650.0,4,4.0,,5,Semifurnished,Independent/Builder Floor,33500000.0,Gurgaon,N71278890
Dlf Phase 5,28.503445,77.0952048,1650.0,4,4.0,,2,Semifurnished,Apartment,75000000.0,Gurgaon,J70622870
Sector 65 Gurgaon,28.4030162,77.0695893,3148.0,4,4.0,,1,Semifurnished,Independent/Builder Floor,29000000.0,Gurgaon,J71658272
Sector 65 Gurgaon,28.4030162,77.0695893,1248.0,2,2.0,,5,Semifurnished,Apartment,16100000.0,Gurgaon,G71469138
Malibu Town,28.4234344,77.0468649,1650.0,5,5.0,,6,Unfurnished,Independent/Builder Floor,42500000.0,Gurgaon,R69846646
Sector 48 Gurgaon,28.4104903,77.0394627,1650.0,3,4.0,,2,Semifurnished,Apartment,28500000.0,Gurgaon,E45860839
Sector 48 Gurgaon,28.4104903,77.0394627,1650.0,3,5.0,,1,Unfurnished,Apartment,54500000.0,Gurgaon,I34721521
Sector 48 Gurgaon,28.4104903,77.0394627,1650.0,4,4.0,,1,Semifurnished,Apartment,105000000.0,Gurgaon,A54713184
Sector 70A Gurgaon,28.3846684,77.0220391,700.0,2,2.0,,1,Semifurnished,Apartment,4800000.0,Gurgaon,H71319006
Palam Vihar,28.4983353,77.0203007,3240.00000000032,4,5.0,,1,Semifurnished,Independent/Builder Floor,25000000.0,Gurgaon,S65009958
Palam Vihar,28.4983353,77.0203007,4680.00000000046,4,4.0,,1,Semifurnished,Independent/Builder Floor,32300000.0,Gurgaon,M58584002
Palam Vihar,28.4983353,77.0203007,4680.00000000046,4,4.0,,1,Semifurnished,Independent/Builder Floor,33000000.0,Gurgaon,Q58585568
Palam Vihar,28.4983353,77.0203007,2430.00000000024,3,3.0,,1,Semifurnished,Independent/Builder Floor,19700000.0,Gurgaon,I56236772
Palam Vihar,28.4983353,77.0203007,2430.00000000024,3,3.0,,1,Semifurnished,Independent/Builder Floor,21800000.0,Gurgaon,T58585066
Sector 4 Gurgaon,28.4682659,77.0325424,1600.0,3,3.0,,1,Semifurnished,Independent/Builder Floor,15000000.0,Gurgaon,Q71267994
Palam Vihar,28.4983353,77.0203007,4680.00000000046,4,4.0,,1,Semifurnished,Independent/Builder Floor,29950000.0,Gurgaon,A56236756
Palam Vihar,28.4983353,77.0203007,5004.0000000005,4,4.0,,1,Semifurnished,Independent/Builder Floor,35500000.0,Gurgaon,V56236604
Palam Vihar,28.4983353,77.0203007,1650.0,4,4.0,,1,Unfurnished,Independent/Builder Floor,30500000.0,Gurgaon,M41905987
Palam Vihar,28.4983353,77.0203007,2160.00000000021,3,3.0,,1,Semifurnished,Independent/Builder Floor,18500000.0,Gurgaon,H58585242
Palam Vihar,28.4983353,77.0203007,3240.00000000032,4,4.0,,1,Semifurnished,Independent/Builder Floor,26000000.0,Gurgaon,C56236692
Palam Vihar,28.4983353,77.0203007,3240.00000000032,4,4.0,,1,Semifurnished,Independent/Builder Floor,26200000.0,Gurgaon,F56236714
Sector 23 Gurgaon,28.510319,77.0530094,1650.0,4,4.0,,1,Unfurnished,Independent/Builder Floor,32900000.0,Gurgaon,I49099067
Palam Vihar,28.4983353,77.0203007,3240.00000000032,4,4.0,,1,Semifurnished,Independent/Builder Floor,25900000.0,Gurgaon,A58583620
Palam Vihar,28.4983353,77.0203007,1650.0,4,4.0,,1,Semifurnished,Independent/Builder Floor,26000000.0,Gurgaon,R41646605
Palam Vihar,28.4983353,77.0203007,3240.00000000032,4,4.0,,1,Semifurnished,Independent/Builder Floor,26100000.0,Gurgaon,I58584336
Palam Vihar,28.4983353,77.0203007,2430.00000000024,3,3.0,,1,Semifurnished,Independent/Builder Floor,23000000.0,Gurgaon,D65009828
Sector 106 Gurgaon,28.5060806,76.9967796,1130.0,3,4.0,,1,Semifurnished,Apartment,13800000.0,Gurgaon,B71519598
Sector 45 Gurgaon,28.4449004,77.0663545,1650.0,3,4.0,,6,Semifurnished,Independent/Builder Floor,19800000.0,Gurgaon,I71746716
Sector 56 Gurgaon,28.4252244,77.0992377,1650.0,3,3.0,,2,Semifurnished,Apartment,13500000.0,Gurgaon,A71554476
Sector 45 Gurgaon,28.4449004,77.0663545,1650.0,3,3.0,,1,Semifurnished,Independent/Builder Floor,17500000.0,Gurgaon,I70348230
Sector 57 Gurgaon,28.4232478,77.0804487,1200.0,2,2.0,,2,Semifurnished,Apartment,16000000.0,Gurgaon,M71191760
Dlf Phase 2,28.483901,77.0846097,2700.00000000027,4,4.0,,1,Semifurnished,Independent/Builder Floor,28000000.0,Gurgaon,K70874528
Sector 65 Gurgaon,28.4030162,77.0695893,1650.0,4,4.0,,5,Semifurnished,Apartment,108000000.0,Gurgaon,Y68884122
Sector 70A Gurgaon,28.3846684,77.0220391,1650.0,3,3.0,,1,Unfurnished,Apartment,17500000.0,Gurgaon,G71330060
Sector 70A Gurgaon,28.3846684,77.0220391,1650.0,3,3.0,,1,Semifurnished,Apartment,16100000.0,Gurgaon,C71022490
Sector 70A Gurgaon,28.3846684,77.0220391,3150.00000000031,4,4.0,,2,Semifurnished,Apartment,15500000.0,Gurgaon,W71032752
Sector 70A Gurgaon,28.3846684,77.0220391,1976.0,3,3.0,,1,Unknown,Apartment,16500000.0,Gurgaon,I70882632
Sector 57 Gurgaon,28.4232478,77.0804487,1650.0,3,3.0,,6,Semifurnished,Independent/Builder Floor,23200000.0,Gurgaon,A71507894
Sector 15 Part 2,28.4534919,77.0411056,1650.0,3,3.0,,5,Semifurnished,Apartment,33345000.0,Gurgaon,D69572462
Sector 79 Gurgaon,28.4618719,77.05688,1305.0,3,4.0,,1,Semifurnished,Apartment,18900000.0,Gurgaon,B71773870
Sector 72 Gurgaon,28.3943815,77.032363,3200.0,4,4.0,,6,Semifurnished,Apartment,60000000.0,Gurgaon,T71334574
Sector 37D Gurgaon,28.4480039,76.9697682,1475.0,3,3.0,,6,Semifurnished,Apartment,14000000.0,Gurgaon,C71719244
Sector-33 Sohna,28.3241636,77.0848644,1389.0,3,3.0,,5,Semifurnished,Apartment,17560000.0,Gurgaon,N64064264
Sector 113 Gurgaon,28.5286649,77.0250282,1900.0,3,3.0,,5,Semifurnished,Apartment,28000000.0,Gurgaon,N71672062
Sector 113 Gurgaon,28.5286649,77.0250282,2100.0,3,3.0,,5,Semifurnished,Apartment,33000000.0,Gurgaon,M71671924
Sector 37D Gurgaon,28.4480039,76.9697682,1650.0,4,3.0,,6,Semifurnished,Apartment,16800000.0,Gurgaon,M70462114
Sector 43 Gurgaon,28.4487856,77.0988212,2445.0,3,3.0,,2,Semifurnished,Apartment,27000000.0,Gurgaon,K71624966
Dlf Phase 2,28.483901,77.0846097,1650.0,3,3.0,,1,Semifurnished,Independent/Builder Floor,35000000.0,Gurgaon,Z71609606
Dlf Phase 3,28.4919048,77.0937804,1650.0,5,5.0,,1,Semifurnished,Apartment,163600000.0,Gurgaon,W71601626
Sector 48 Gurgaon,28.4104903,77.0394627,2327.0,4,4.0,,2,Semifurnished,Apartment,25500000.0,Gurgaon,P71547302
Sector 66 Gurgaon,28.3974292,77.0538823,1600.0,3,3.0,,6,Semifurnished,Apartment,35500000.0,Gurgaon,M71533116
Sector 49 Gurgaon,28.4127374,77.0555164,1600.0,3,4.0,,6,Semifurnished,Apartment,27500000.0,Gurgaon,C71514304
Sector 108 Gurgaon,28.5128994,76.9823615,1650.0,3,4.0,,6,Semifurnished,Apartment,36000000.0,Gurgaon,K71507102
Sector 48 Gurgaon,28.4104903,77.0394627,1200.0,3,4.0,,1,Semifurnished,Apartment,24000000.0,Gurgaon,P71443122
Sector 48 Gurgaon,28.4104903,77.0394627,1300.0,3,3.0,,6,Semifurnished,Apartment,20000000.0,Gurgaon,Z71398996
Sector-33 Sohna,28.3241636,77.0848644,822.793666512383,2,2.0,,5,Semifurnished,Apartment,10670000.0,Gurgaon,D69119318
Sushant Lok Phase 2,28.464228,77.076724,3000.0,4,5.0,,1,Semifurnished,Independent/Builder Floor,42000000.0,Gurgaon,L71290292
Sector 81 Gurgaon,28.3873647,76.9475835,1650.0,3,4.0,,1,Semifurnished,Apartment,24800000.0,Gurgaon,I70967516
Sector 48 Gurgaon,28.4104903,77.0394627,1800.0,4,4.0,,2,Semifurnished,Apartment,29500000.0,Gurgaon,B71265972
Sector 72 Gurgaon,28.3943815,77.032363,2000.0,4,4.0,,6,Semifurnished,Apartment,40000000.0,Gurgaon,T71238304
Sector 36A Gurgaon,28.4202285,76.9719998,1540.0,3,3.0,,5,Semifurnished,Apartment,25500000.0,Gurgaon,J71108072
Sector 36A Gurgaon,28.4202285,76.9719998,1120.0,2,2.0,,5,Semifurnished,Apartment,19520000.0,Gurgaon,K71108008
Sector 36A Gurgaon,28.4202285,76.9719998,1978.0,3,3.0,,5,Semifurnished,Apartment,32000000.0,Gurgaon,L70967978
Sector 51 Gurgaon,28.4287011,77.0666877,1650.0,4,4.0,,1,Semifurnished,Apartment,22500000.0,Gurgaon,W46418559
Sector 28 Gurgaon,28.4794143,77.0833588,6042.0,5,5.0,,2,Semifurnished,Apartment,75000000.0,Gurgaon,S70163434
Sector 22 Gurgaon,28.4947315,77.0691703,1810.0,3,4.0,,6,Semifurnished,Apartment,42200000.0,Gurgaon,F71665658
Sector 102 Gurgaon,28.4754872,76.9711747,1889.0,3,3.0,,1,Semifurnished,Apartment,18000000.0,Gurgaon,G70217468
Valley View Estate,28.4358878,77.1365212,1485.0,3,3.0,,3,Semifurnished,Apartment,9500000.0,Gurgaon,R70799994
Sector 99 Gurgaon,28.4645549,76.9628585,1970.0,3,3.0,,6,Semifurnished,Apartment,15000000.0,Gurgaon,B71757842
Sector 99A Gurgaon,28.4554059,76.9510278,1650.0,2,2.0,,5,Semifurnished,Apartment,12500000.0,Gurgaon,F71757478
Sector 84 Gurgaon,28.4035469,76.9677894,1650.0,4,4.0,,5,Semifurnished,Independent/Builder Floor,23500000.0,Gurgaon,X71742784
Sector 99A Gurgaon,28.4554059,76.9510278,1997.0,3,3.0,,6,Semifurnished,Apartment,15000000.0,Gurgaon,I71742072
Sector 103 Gurgaon,28.493087,76.9866453,1875.0,3,3.0,,5,Semifurnished,Apartment,18400000.0,Gurgaon,F71741744
Sector 71 Gurgaon,28.3950557,77.0314336,1650.0,2,3.0,,1,Semifurnished,Apartment,10500000.0,Gurgaon,Q71173940
Sector 67 Gurgaon,28.3864052,77.0598046,520.0,2,2.0,,1,Semifurnished,Apartment,5500000.0,Gurgaon,X71549840
Sector 56 Gurgaon,28.4252244,77.0992377,1650.0,3,3.0,,3,Semifurnished,Apartment,14500000.0,Gurgaon,H68843852
Sector 37D Gurgaon,28.4480039,76.9697682,1700.0,3,3.0,,6,Semifurnished,Apartment,14000000.0,Gurgaon,G71475518
Sector 71 Gurgaon,28.3950557,77.0314336,1650.0,2,2.0,,1,Semifurnished,Apartment,8500000.0,Gurgaon,U71173758
Sector 86 Gurgaon,28.3981205,76.9411257,1928.0,3,3.0,,1,Semifurnished,Apartment,15000000.0,Gurgaon,Q71459736
Sector 28 Gurgaon,28.4794143,77.0833588,2734.0,4,4.0,,3,Unfurnished,Apartment,27000000.0,Gurgaon,O71417850
Sector 28 Gurgaon,28.4794143,77.0833588,4800.0,5,6.0,,3,Semifurnished,Apartment,55000000.0,Gurgaon,E71417408
Sector 37C Gurgaon,28.4489095,76.9880502,2300.0,4,6.0,,1,Semifurnished,Apartment,17500000.0,Gurgaon,L71417060
Sector 67A Gurgaon,28.4618719,77.05688,1296.0,2,2.0,,1,Semifurnished,Apartment,13500000.0,Gurgaon,N71383888
Dlf Phase 3,28.4919048,77.0937804,2700.00000000027,4,4.0,,6,Semifurnished,Independent/Builder Floor,52400000.0,Gurgaon,V71368500
Sector 71 Gurgaon,28.3950557,77.0314336,1650.0,2,3.0,,1,Semifurnished,Apartment,11200000.0,Gurgaon,N71181706
Sector 67A Gurgaon,28.4618719,77.05688,1200.0,2,2.0,,1,Semifurnished,Apartment,6100000.0,Gurgaon,J70926032
Sector 71 Gurgaon,28.3950557,77.0314336,1650.0,3,3.0,,1,Semifurnished,Apartment,11300000.0,Gurgaon,S71173716
Sector 67A Gurgaon,28.4618719,77.05688,1200.0,2,2.0,,6,Semifurnished,Apartment,5850000.0,Gurgaon,T70956414
Sector 42 Gurgaon,28.4487856,77.0988212,1650.0,4,4.0,,6,Semifurnished,Apartment,495000000.0,Gurgaon,M71352450
Sector 42 Gurgaon,28.4487856,77.0988212,1650.0,4,4.0,,6,Semifurnished,Apartment,480000000.0,Gurgaon,Y71351884
Sector 71 Gurgaon,28.3950557,77.0314336,1650.0,2,2.0,,1,Semifurnished,Apartment,8700000.0,Gurgaon,Y71173798
Sector 71 Gurgaon,28.3950557,77.0314336,1650.0,2,3.0,,1,Semifurnished,Apartment,10700000.0,Gurgaon,A71181650
Sector 71 Gurgaon,28.3950557,77.0314336,1650.0,4,4.0,,1,Semifurnished,Apartment,24500000.0,Gurgaon,Z71183368
Sector 71 Gurgaon,28.3950557,77.0314336,1650.0,4,4.0,,1,Semifurnished,Apartment,25000000.0,Gurgaon,O71181824
Sector 71 Gurgaon,28.3950557,77.0314336,1650.0,2,2.0,,1,Semifurnished,Apartment,8800000.0,Gurgaon,I71173860
Sector 71 Gurgaon,28.3950557,77.0314336,1650.0,3,3.0,,1,Semifurnished,Apartment,11500000.0,Gurgaon,J71173684
Sector 71 Gurgaon,28.3950557,77.0314336,1650.0,4,4.0,,1,Semifurnished,Apartment,14000000.0,Gurgaon,O71173558
Sector 71 Gurgaon,28.3950557,77.0314336,1650.0,4,4.0,,1,Semifurnished,Apartment,14500000.0,Gurgaon,S71173392
Sector 71 Gurgaon,28.3950557,77.0314336,1650.0,4,4.0,,1,Semifurnished,Apartment,16000000.0,Gurgaon,H71173332
Sector 71 Gurgaon,28.3950557,77.0314336,1650.0,4,4.0,,1,Semifurnished,Apartment,15100000.0,Gurgaon,E71173174
Sector 71 Gurgaon,28.3950557,77.0314336,1800.0,4,3.0,,1,Semifurnished,Apartment,15200000.0,Gurgaon,I71163050
Sector 71 Gurgaon,28.3950557,77.0314336,1800.0,4,3.0,,1,Semifurnished,Apartment,14900000.0,Gurgaon,A71163030
Sector 71 Gurgaon,28.3950557,77.0314336,1800.0,4,3.0,,1,Semifurnished,Apartment,15000000.0,Gurgaon,J71163016
Dlf Phase 4,28.4919048,77.0937804,2719.0,4,4.0,,3,Semifurnished,Apartment,43000000.0,Gurgaon,L68762578
Sector 42 Gurgaon,28.4487856,77.0988212,1650.0,4,4.0,,1,Semifurnished,Apartment,285000000.0,Gurgaon,J69622520
Sector 67A Gurgaon,28.4618719,77.05688,1200.0,2,2.0,,6,Semifurnished,Apartment,5700000.0,Gurgaon,M70956392
Sector 67A Gurgaon,28.4618719,77.05688,1200.0,2,2.0,,6,Semifurnished,Apartment,6020000.0,Gurgaon,K70956358
Sector 67A Gurgaon,28.4618719,77.05688,1200.0,2,2.0,,6,Semifurnished,Apartment,5980000.0,Gurgaon,P70956180
Sector 67A Gurgaon,28.4618719,77.05688,1200.0,2,2.0,,1,Unfurnished,Apartment,6500000.0,Gurgaon,R70926226
Sector 67A Gurgaon,28.4618719,77.05688,1200.0,2,2.0,,1,Semifurnished,Apartment,5950000.0,Gurgaon,W70926086
Sohna,28.3241636,77.0848644,1425.0,2,2.0,,5,Semifurnished,Apartment,10500000.0,Gurgaon,P69624712
Sector 53 Gurgaon,28.4487856,77.0988212,2200.0,3,4.0,,2,Semifurnished,Apartment,34000000.0,Gurgaon,H70257278
Sector 53 Gurgaon,28.4487856,77.0988212,2200.0,3,4.0,,2,Semifurnished,Apartment,40000000.0,Gurgaon,B71505980
Sector 53 Gurgaon,28.4487856,77.0988212,2200.0,3,4.0,,6,Semifurnished,Apartment,45000000.0,Gurgaon,Y71442408
Dlf Phase 5,28.503445,77.0952048,2500.0,4,4.0,,2,Semifurnished,Apartment,45000000.0,Gurgaon,C71441110
Sector 42 Gurgaon,28.4487856,77.0988212,5000.0,4,4.0,,1,Semifurnished,Apartment,340000000.0,Gurgaon,I71286460
Sector 53 Gurgaon,28.4487856,77.0988212,2500.0,3,4.0,,1,Semifurnished,Apartment,59000000.0,Gurgaon,U71211430
Sector 60 Gurgaon,28.3985617,77.0978276,7500.0,5,6.0,,5,Unfurnished,Independent/Builder Floor,90000000.0,Gurgaon,K69715236
Sector 82A Gurgaon,28.3881583,76.96273,1650.0,3,3.0,,6,Semifurnished,Apartment,25200000.0,Gurgaon,B61797612
Sector 81 Gurgaon,28.3873647,76.9475835,1650.0,3,4.0,,6,Semifurnished,Apartment,22500000.0,Gurgaon,V66167576
Sector 82A Gurgaon,28.3881583,76.96273,1650.0,4,4.0,,6,Semifurnished,Apartment,30500000.0,Gurgaon,S67943982
Sector 92 Gurgaon,28.4089049,76.9155232,1890.0,4,4.0,,1,Semifurnished,Apartment,9800000.0,Gurgaon,V71407722
Sector 61 Gurgaon,28.4110188,77.0963685,1300.0,2,3.0,,1,Semifurnished,Apartment,15500000.0,Gurgaon,G71349056
Sector 49 Gurgaon,28.4127374,77.0555164,1800.0,3,4.0,,2,Semifurnished,Apartment,22000000.0,Gurgaon,R71411876
Sector 1 Imt Manesar,28.3671851,76.920669,1526.0,3,3.0,,6,Semifurnished,Apartment,8200000.0,Gurgaon,X71398120
Sector 48 Gurgaon,28.4104903,77.0394627,2400.0,4,4.0,,2,Semifurnished,Apartment,28000000.0,Gurgaon,D71122884
Sector 79 Gurgaon,28.4618719,77.05688,1071.33,3,4.0,,6,Semifurnished,Apartment,17000000.0,Gurgaon,C71340498
Sector 85 Gurgaon,28.3985762,76.9547447,1581.64967762074,3,4.0,,5,Semifurnished,Apartment,22000000.0,Gurgaon,A71329190
Sector 86 Gurgaon,28.3981205,76.9411257,1250.0,3,3.0,,1,Semifurnished,Apartment,16500000.0,Gurgaon,V68767676
Sector 48 Gurgaon,28.4104903,77.0394627,2375.0,3,4.0,,2,Semifurnished,Apartment,21500000.0,Gurgaon,P71059802
Sector 85 Gurgaon,28.3985762,76.9547447,1087.0,2,2.0,,5,Semifurnished,Apartment,14000000.0,Gurgaon,V71267934
Sector 86 Gurgaon,28.3981205,76.9411257,1150.0,3,3.0,,1,Semifurnished,Apartment,16800000.0,Gurgaon,Z62023892
Sector 86 Gurgaon,28.3981205,76.9411257,1280.0,3,3.0,,1,Semifurnished,Apartment,17600000.0,Gurgaon,B68780240
Sector 48 Gurgaon,28.4104903,77.0394627,2310.0,4,4.0,,2,Semifurnished,Apartment,28500000.0,Gurgaon,P71061668
Sector 67A Gurgaon,28.4618719,77.05688,860.0,2,2.0,,6,Semifurnished,Apartment,16500000.0,Gurgaon,L71008712
Dlf Phase 3,28.4919048,77.0937804,2844.00000000028,4,4.0,,6,Semifurnished,Independent/Builder Floor,35000000.0,Gurgaon,A71643982
Rosewood,28.4102341,77.0544854,2700.0,4,4.0,,1,Semifurnished,Independent/Builder Floor,34000000.0,Gurgaon,D69806300
Sector 54 Gurgaon,28.433569,77.1055815,3300.0,4,5.0,,6,Semifurnished,Independent/Builder Floor,55000000.0,Gurgaon,U65765412
South City 2,28.4188806,77.0439211,3400.0,4,4.0,,1,Semifurnished,Independent/Builder Floor,40000000.0,Gurgaon,H67022284
Sector 85 Gurgaon,28.3985762,76.9547447,1650.0,4,4.0,,5,Semifurnished,Apartment,28200000.0,Gurgaon,S71746740
Dlf Phase 2,28.483901,77.0846097,3500.0,4,4.0,,1,Semifurnished,Independent/Builder Floor,56000000.0,Gurgaon,J71547126
Sector 70A Gurgaon,28.3846684,77.0220391,501.0,2,2.0,,1,Semifurnished,Apartment,5300000.0,Gurgaon,H71492058
Sector 70 Gurgaon,28.3947261,77.0223138,930.0,2,2.0,,6,Semifurnished,Apartment,11500000.0,Gurgaon,T71012396
Sector 28 Gurgaon,28.4794143,77.0833588,3200.0,4,5.0,,3,Semifurnished,Apartment,35000000.0,Gurgaon,T70786004
Sector 28 Gurgaon,28.4794143,77.0833588,2890.0,4,4.0,,3,Semifurnished,Apartment,27500000.0,Gurgaon,Z70785900
Sector 55 Gurgaon,28.4274166,77.1097538,2200.0,3,3.0,,1,Semifurnished,Independent/Builder Floor,22000052.0,Gurgaon,E66450706
Rosewood,28.4102341,77.0544854,2000.0,3,3.0,,1,Semifurnished,Independent/Builder Floor,23000000.0,Gurgaon,W66445234
Mayfield Garden,28.4227493,77.0705636,2200.0,4,4.0,,1,Semifurnished,Independent/Builder Floor,22000000.0,Gurgaon,Q67540820
Sector 70 Gurgaon,28.3947261,77.0223138,1161.0,3,5.0,,6,Semifurnished,Apartment,16200000.0,Gurgaon,N68991804
Sector 86 Gurgaon,28.3981205,76.9411257,1557.0,3,3.0,,2,Semifurnished,Apartment,15500000.0,Gurgaon,L67557414
Sector 86 Gurgaon,28.3981205,76.9411257,1560.0,3,4.0,,2,Semifurnished,Apartment,14500000.0,Gurgaon,K67557652
Gwal Pahari,28.4326344,77.1480585,1650.0,4,6.0,,1,Semifurnished,Apartment,85000000.0,Gurgaon,D71503476
Sector 110 Gurgaon,28.5069625,77.018321,2800.0,4,4.0,,1,Semifurnished,Apartment,33000000.0,Gurgaon,A71301102
South City 1,28.4188433,77.0440293,1000.0,2,2.0,,2,Semifurnished,Apartment,12500000.0,Gurgaon,Q71287170
Sector 70A Gurgaon,28.3846684,77.0220391,501.0,2,2.0,,1,Semifurnished,Apartment,5400000.0,Gurgaon,Y71057480
Valley View Estate,28.4358878,77.1365212,979.0,2,2.0,,3,Semifurnished,Apartment,5500000.0,Gurgaon,K71027646
Sector 51 Gurgaon,28.4287011,77.0666877,1210.0,3,2.0,,2,Semifurnished,Independent/Builder Floor,13000000.0,Gurgaon,C70894128
Sector 65 Gurgaon,28.4030162,77.0695893,2500.0,3,3.0,,1,Semifurnished,Apartment,60564000.0,Gurgaon,Z71033936
Sector 102 Gurgaon,28.4754872,76.9711747,1650.0,3,3.0,,1,Semifurnished,Apartment,17500000.0,Gurgaon,R71202172
Sector 102 Gurgaon,28.4754872,76.9711747,1650.0,4,5.0,,2,Unfurnished,Apartment,32000000.0,Gurgaon,Y71072936
Sector 60 Gurgaon,28.3985617,77.0978276,2048.0,3,4.0,,6,Semifurnished,Apartment,29000000.0,Gurgaon,A71787702
Sector 49 Gurgaon,28.4127374,77.0555164,1500.0,3,4.0,,2,Semifurnished,Apartment,20000000.0,Gurgaon,G71655214
Sector 56 Gurgaon,28.4252244,77.0992377,2450.0,4,4.0,,3,Semifurnished,Apartment,21500000.0,Gurgaon,W71558984
Sector 81 Gurgaon,28.3873647,76.9475835,1650.0,3,3.0,,1,Semifurnished,Apartment,7900000.0,Gurgaon,Q71535246
Sector 81 Gurgaon,28.3873647,76.9475835,776.0,2,2.0,,1,Semifurnished,Apartment,6500000.0,Gurgaon,Z71535050
Sector 56 Gurgaon,28.4252244,77.0992377,2000.0,3,3.0,,3,Semifurnished,Apartment,21000000.0,Gurgaon,Q71486172
Sector 83 Gurgaon,28.3963578,76.9654747,909.0,2,2.0,,1,Semifurnished,Independent/Builder Floor,6300000.0,Gurgaon,Z71474144
Sector 85 Gurgaon,28.3985762,76.9547447,1650.0,2,2.0,,1,Semifurnished,Apartment,6100000.0,Gurgaon,E71448070
Sector 85 Gurgaon,28.3985762,76.9547447,1750.0,4,4.0,,2,Semifurnished,Apartment,10500000.0,Gurgaon,Y70457386
Sector 56 Gurgaon,28.4252244,77.0992377,2000.0,3,4.0,,3,Semifurnished,Apartment,17000000.0,Gurgaon,I71406564
Sector 70A Gurgaon,28.3846684,77.0220391,1430.0,3,3.0,,1,Semifurnished,Independent/Builder Floor,11700000.0,Gurgaon,M70176108
Sector 102 Gurgaon,28.4754872,76.9711747,1650.0,3,4.0,,1,Semifurnished,Apartment,19000000.0,Gurgaon,X71361218
Sector 56 Gurgaon,28.4252244,77.0992377,2900.0,4,3.0,,2,Semifurnished,Apartment,27500000.0,Gurgaon,A71307400
Sector 85 Gurgaon,28.3985762,76.9547447,1829.0,3,3.0,,5,Semifurnished,Apartment,18000000.0,Gurgaon,F71097480
Sector 85 Gurgaon,28.3985762,76.9547447,1388.54504160253,2,2.0,,5,Semifurnished,Apartment,12500000.0,Gurgaon,E71094794
Sector 102 Gurgaon,28.4754872,76.9711747,1650.0,2,2.0,,6,Semifurnished,Apartment,13500000.0,Gurgaon,U71005936
Sector 56 Gurgaon,28.4252244,77.0992377,2100.0,3,3.0,,3,Semifurnished,Apartment,16000000.0,Gurgaon,H70972168
Sector 81 Gurgaon,28.3873647,76.9475835,776.0,2,2.0,,6,Semifurnished,Apartment,6300000.0,Gurgaon,M70969714
Sector 111 Gurgaon,28.5222773,77.0336203,1650.0,3,4.0,,1,Semifurnished,Apartment,25000000.0,Gurgaon,C70967204
Sector 71 Gurgaon,28.3950557,77.0314336,980.0,2,2.0,,3,Semifurnished,Apartment,8999999.0,Gurgaon,B70869086
Sector 71 Gurgaon,28.3950557,77.0314336,1306.0,3,4.0,,3,Semifurnished,Apartment,12800000.0,Gurgaon,V70869028
Sector 65 Gurgaon,28.4030162,77.0695893,1975.0,4,4.0,,6,Semifurnished,Apartment,27500000.0,Gurgaon,Y70006484
Sector 62 Gurgaon,28.407697,77.0823781,2580.0,3,4.0,,5,Semifurnished,Apartment,44000000.0,Gurgaon,I70006482
Sector 48 Gurgaon,28.4104903,77.0394627,1650.0,3,3.0,,2,Semifurnished,Apartment,29000000.0,Gurgaon,Y71578322
Sector 48 Gurgaon,28.4104903,77.0394627,1650.0,3,3.0,,2,Semifurnished,Apartment,21000000.0,Gurgaon,Y71562906
Sector-33 Sohna,28.3241636,77.0848644,1650.0,3,3.0,,6,Semifurnished,Apartment,16400000.0,Gurgaon,Z70146440
Sector 48 Gurgaon,28.4104903,77.0394627,835.0,1,1.0,,2,Semifurnished,Apartment,14000000.0,Gurgaon,D70163980
Sector 90 Gurgaon,28.4069974,76.9365562,1650.0,4,4.0,,1,Semifurnished,Apartment,17500000.0,Gurgaon,V71443760
Sector 67A Gurgaon,28.4618719,77.05688,1200.0,2,3.0,,1,Semifurnished,Apartment,15500000.0,Gurgaon,O71402456
Sector 58 Gurgaon,28.4160012,77.1085564,1756.0,3,4.0,,2,Semifurnished,Apartment,38500000.0,Gurgaon,F68212846
Sector 61 Gurgaon,28.4110188,77.0963685,1330.0,3,3.0,,5,Semifurnished,Independent/Builder Floor,22000000.0,Gurgaon,M71182038
Sector 63 Gurgaon,28.3964476,77.086498,1380.0,3,3.0,,6,Semifurnished,Independent/Builder Floor,25000000.0,Gurgaon,A71180260
Sector 63A Gurgaon,28.4618719,77.05688,1388.0,3,3.0,,6,Semifurnished,Independent/Builder Floor,17900000.0,Gurgaon,B71178888
Sector 63A Gurgaon,28.4618719,77.05688,1255.0,3,3.0,,6,Semifurnished,Independent/Builder Floor,20000000.0,Gurgaon,U71162158
Sector 65 Gurgaon,28.4030162,77.0695893,1212.0,3,4.0,,6,Semifurnished,Apartment,47500000.0,Gurgaon,O56244354
Sector 58 Gurgaon,28.4160012,77.1085564,1800.0,3,4.0,,1,Semifurnished,Apartment,42500000.0,Gurgaon,L45741083
Sector 59 Gurgaon,28.4030162,77.1066682,1650.0,3,3.0,,3,Semifurnished,Apartment,33000000.0,Gurgaon,T71773704
Sector 49 Gurgaon,28.4127374,77.0555164,1650.0,3,4.0,,3,Semifurnished,Apartment,32000000.0,Gurgaon,A70751136
Sector 72 Gurgaon,28.3943815,77.032363,1650.0,5,5.0,,2,Semifurnished,Apartment,100000000.0,Gurgaon,M71692854
Sector 66 Gurgaon,28.3974292,77.0538823,2410.0,4,5.0,,2,Semifurnished,Apartment,49000000.0,Gurgaon,L71472516
Sector 61 Gurgaon,28.4110188,77.0963685,1650.0,2,3.0,,2,Semifurnished,Apartment,16200000.0,Gurgaon,V71439382
Sector 47 Gurgaon,28.4268461,77.0584252,2525.0,4,6.0,,3,Semifurnished,Apartment,55000000.0,Gurgaon,M71267172
Sector 49 Gurgaon,28.4127374,77.0555164,1650.0,4,4.0,,3,Semifurnished,Apartment,38000000.0,Gurgaon,I71140470
Sector 81 Gurgaon,28.3873647,76.9475835,1130.0,3,3.0,,1,Semifurnished,Apartment,13500000.0,Gurgaon,Q61334380
Sector 62 Gurgaon,28.407697,77.0823781,3252.0,4,5.0,,1,Semifurnished,Apartment,77500000.0,Gurgaon,F66140336
Sector 91 Gurgaon,28.4007588,76.9210802,800.34,2,2.0,,1,Semifurnished,Apartment,9500000.0,Gurgaon,N69433182
Sector 91 Gurgaon,28.4007588,76.9210802,1085.44,3,3.0,,1,Semifurnished,Apartment,15000000.0,Gurgaon,E69433504
Sector 91 Gurgaon,28.4007588,76.9210802,1286.3,3,4.0,,1,Semifurnished,Apartment,16000000.0,Gurgaon,Z69433614
Sector 91 Gurgaon,28.4007588,76.9210802,1573.59,4,4.0,,1,Semifurnished,Apartment,18500000.0,Gurgaon,K69434532
Sector 81 Gurgaon,28.3873647,76.9475835,1650.0,3,4.0,,1,Semifurnished,Apartment,24500000.0,Gurgaon,Q68778522
Sector 81 Gurgaon,28.3873647,76.9475835,1650.0,4,4.0,,1,Semifurnished,Apartment,34000000.0,Gurgaon,M68778992
Sector 65 Gurgaon,28.4030162,77.0695893,1650.0,3,3.0,,1,Semifurnished,Apartment,52500000.0,Gurgaon,R65186122
Sector 48 Gurgaon,28.4104903,77.0394627,2040.0,3,3.0,,2,Semifurnished,Apartment,52000000.0,Gurgaon,S66011008
Sohna,28.3241636,77.0848644,745.0,2,2.0,,1,Semifurnished,Apartment,3000000.0,Gurgaon,P70927826
Dlf Phase 4,28.4919048,77.0937804,3240.00000000032,4,4.0,,6,Semifurnished,Independent/Builder Floor,53000000.0,Gurgaon,B70910086
South City 1,28.4188433,77.0440293,2475.00000000024,3,3.0,,6,Semifurnished,Independent/Builder Floor,31000000.0,Gurgaon,E70218142
Dlf Phase 4,28.4919048,77.0937804,2430.00000000024,3,3.0,,6,Semifurnished,Independent/Builder Floor,39500000.0,Gurgaon,W70159178
Sohna,28.3241636,77.0848644,354.0,1,1.0,,1,Semifurnished,Apartment,2300000.0,Gurgaon,C69069012
Sector 62 Gurgaon,28.407697,77.0823781,1200.0,2,2.0,,6,Semifurnished,Apartment,21500000.0,Gurgaon,L69343522
Sector 51 Gurgaon,28.4287011,77.0666877,1100.0,2,2.0,,1,Semifurnished,Independent/Builder Floor,11000000.0,Gurgaon,E71565760
Sector 48 Gurgaon,28.4104903,77.0394627,1400.0,3,3.0,,2,Semifurnished,Apartment,20500000.0,Gurgaon,G71298062
Nirvana Country,28.4150509,77.0642955,2600.0,4,4.0,,2,Semifurnished,Apartment,39000000.0,Gurgaon,E71296562
Nirvana Country,28.4150509,77.0642955,2200.0,3,3.0,,2,Semifurnished,Apartment,30500000.0,Gurgaon,F71295012
Nirvana Country,28.4150509,77.0642955,1700.0,3,3.0,,2,Semifurnished,Apartment,24900000.0,Gurgaon,F71236302
Sector 56 Gurgaon,28.4252244,77.0992377,2500.0,4,4.0,,2,Semifurnished,Apartment,28500000.0,Gurgaon,B70854466
Sector 66 Gurgaon,28.3974292,77.0538823,1800.0,3,4.0,,2,Semifurnished,Apartment,35000000.0,Gurgaon,D70588136
Sector 48 Gurgaon,28.4104903,77.0394627,1600.0,3,3.0,,2,Semifurnished,Apartment,22000000.0,Gurgaon,Y68971892
Sector 49 Gurgaon,28.4127374,77.0555164,4500.0,4,4.0,,1,Semifurnished,Independent/Builder Floor,37000000.0,Gurgaon,P70996350
Sushant Lok Phase 1,28.4545693,77.0826249,1250.0,2,2.0,,3,Semifurnished,Apartment,13000000.0,Gurgaon,P71779168
Sector 43 Gurgaon,28.4487856,77.0988212,900.0,2,2.0,,2,Semifurnished,Apartment,11000000.0,Gurgaon,Y71764522
Sohna Road,28.3999199,77.0451273,3800.0,4,5.0,,1,Semifurnished,Independent/Builder Floor,35100000.0,Gurgaon,N71710448
Sector 67 Gurgaon,28.3864052,77.0598046,1300.0,3,3.0,,2,Semifurnished,Apartment,25500000.0,Gurgaon,D71705434
Sector 103 Gurgaon,28.493087,76.9866453,1650.0,4,6.0,,1,Semifurnished,Apartment,24000000.0,Gurgaon,V71493258
Sector 103 Gurgaon,28.493087,76.9866453,1650.0,2,2.0,,1,Semifurnished,Apartment,12600000.0,Gurgaon,C71491316
Sector 103 Gurgaon,28.493087,76.9866453,1650.0,2,2.0,,1,Semifurnished,Apartment,12500000.0,Gurgaon,L71491556
Dlf Phase 5,28.503445,77.0952048,1650.0,4,4.0,,3,Semifurnished,Apartment,26500000.0,Gurgaon,D71666428
Sector 43 Gurgaon,28.4487856,77.0988212,1650.0,4,4.0,,3,Semifurnished,Apartment,23500000.0,Gurgaon,B71649100
Sector 106 Gurgaon,28.5060806,76.9967796,1650.0,2,2.0,,1,Semifurnished,Apartment,10800000.0,Gurgaon,K71503488
Sector 106 Gurgaon,28.5060806,76.9967796,1650.0,3,3.0,,1,Semifurnished,Apartment,14500000.0,Gurgaon,T71503796
Sector 104 Gurgaon,28.4795324,76.9937197,1650.0,3,4.0,,1,Semifurnished,Apartment,27200000.0,Gurgaon,M71520424
Sector 107 Gurgaon,28.506941,76.9752137,1650.0,2,2.0,,1,Semifurnished,Apartment,9200000.0,Gurgaon,B71516518
Sector 107 Gurgaon,28.506941,76.9752137,1650.0,2,2.0,,1,Semifurnished,Apartment,11000000.0,Gurgaon,L71516654
Sector 107 Gurgaon,28.506941,76.9752137,1650.0,3,3.0,,1,Semifurnished,Apartment,14700000.0,Gurgaon,H71517060
Sector 102 Gurgaon,28.4754872,76.9711747,1650.0,3,4.0,,1,Semifurnished,Apartment,21000000.0,Gurgaon,K71480674
Sector 102 Gurgaon,28.4754872,76.9711747,1650.0,3,3.0,,1,Semifurnished,Apartment,28000000.0,Gurgaon,Z71536242
Sector 102 Gurgaon,28.4754872,76.9711747,1650.0,4,5.0,,1,Semifurnished,Apartment,35000000.0,Gurgaon,E71536562
Sector 110 Gurgaon,28.5069625,77.018321,1650.0,4,5.0,,1,Semifurnished,Apartment,37000000.0,Gurgaon,B71538764
Sector 104 Gurgaon,28.4795324,76.9937197,1650.0,3,2.0,,5,Semifurnished,Apartment,14999999.0,Gurgaon,Z71547726
Sector 50 Gurgaon,28.4268461,77.0584252,1800.0,4,4.0,,2,Semifurnished,Apartment,24600000.0,Gurgaon,W71464260
Sector 67 Gurgaon,28.3864052,77.0598046,2100.0,4,4.0,,1,Semifurnished,Independent/Builder Floor,21500000.0,Gurgaon,S69394172
Sector 63 Gurgaon,28.3964476,77.086498,1700.0,3,4.0,,1,Semifurnished,Independent/Builder Floor,20000000.0,Gurgaon,E70570678
Sector 54 Gurgaon,28.433569,77.1055815,2700.0,4,4.0,,3,Semifurnished,Apartment,70000000.0,Gurgaon,K71347846
Sector 92 Gurgaon,28.4089049,76.9155232,591.0,2,2.0,,1,Semifurnished,Apartment,3575000.0,Gurgaon,F71338510
Sector 95 Gurgaon,28.4149443,76.9114892,644.12,3,2.0,,1,Semifurnished,Apartment,3975000.0,Gurgaon,Q71338444
Sector 50 Gurgaon,28.4268461,77.0584252,1700.0,4,4.0,,3,Semifurnished,Apartment,23000000.0,Gurgaon,M66322920
Sector 106 Gurgaon,28.5060806,76.9967796,1130.0,3,4.0,,1,Semifurnished,Apartment,15000000.0,Gurgaon,V63177548
Sector 88A Gurgaon,28.4337898,76.9539433,1650.0,2,2.0,,1,Semifurnished,Apartment,16400000.0,Gurgaon,S69145532
Sector 70 Gurgaon,28.3947261,77.0223138,1650.0,2,3.0,,2,Semifurnished,Apartment,16000000.0,Gurgaon,I64338444
Sector 37D Gurgaon,28.4480039,76.9697682,1146.77,4,4.0,,6,Unfurnished,Apartment,20800000.0,Gurgaon,D62467990
Sector 83 Gurgaon,28.3963578,76.9654747,1485.0,3,3.0,,1,Unfurnished,Apartment,15000000.0,Gurgaon,O66872394
Sector 86 Gurgaon,28.3981205,76.9411257,1650.0,3,3.0,,1,Unfurnished,Apartment,20500000.0,Gurgaon,I62464890
Sector 83 Gurgaon,28.3963578,76.9654747,1450.0,3,3.0,,1,Unfurnished,Apartment,16000000.0,Gurgaon,H66880436
Sector 85 Gurgaon,28.3985762,76.9547447,1650.0,2,2.0,,6,Unfurnished,Apartment,14000000.0,Gurgaon,R66296024
Sector 83 Gurgaon,28.3963578,76.9654747,1095.3,3,3.0,,1,Semifurnished,Apartment,16500000.0,Gurgaon,T62465054
Sector 106 Gurgaon,28.5060806,76.9967796,1403.0,4,6.0,,1,Unfurnished,Apartment,19000000.0,Gurgaon,Y63177724
Sector 85 Gurgaon,28.3985762,76.9547447,1650.0,2,2.0,,6,Unfurnished,Apartment,16000000.0,Gurgaon,U66297000
Sector 86 Gurgaon,28.3981205,76.9411257,2558.52000000025,4,5.0,,1,Unfurnished,Apartment,25500000.0,Gurgaon,V63190106
Sector 79 Gurgaon,28.4618719,77.05688,1650.0,3,4.0,,6,Unfurnished,Apartment,21500000.0,Gurgaon,F69957038
Sector 79 Gurgaon,28.4618719,77.05688,1650.0,3,4.0,,6,Unfurnished,Apartment,19350000.0,Gurgaon,B69957266
Sector 79 Gurgaon,28.4618719,77.05688,1650.0,4,4.0,,6,Unfurnished,Apartment,26000000.0,Gurgaon,K69957924
Sector 90 Gurgaon,28.4069974,76.9365562,1650.0,3,3.0,,1,Unfurnished,Apartment,17000000.0,Gurgaon,G67309288
Sector 106 Gurgaon,28.5060806,76.9967796,845.0,2,2.0,,1,Unfurnished,Apartment,11000000.0,Gurgaon,X63177322
Sector 85 Gurgaon,28.3985762,76.9547447,1650.0,4,5.0,,6,Unfurnished,Apartment,18500000.0,Gurgaon,V68842104
Sector 85 Gurgaon,28.3985762,76.9547447,1650.0,3,4.0,,6,Unfurnished,Apartment,15700000.0,Gurgaon,L68841892
Sector 85 Gurgaon,28.3985762,76.9547447,1650.0,4,5.0,,6,Unfurnished,Apartment,22500000.0,Gurgaon,B68840920
Sector 88A Gurgaon,28.4337898,76.9539433,1650.0,4,6.0,,1,Semifurnished,Apartment,25000000.0,Gurgaon,E69146106
Sector 85 Gurgaon,28.3985762,76.9547447,1650.0,3,4.0,,6,Unfurnished,Apartment,21000000.0,Gurgaon,X68840724
Sector 70 Gurgaon,28.3947261,77.0223138,1650.0,3,4.0,,2,Semifurnished,Apartment,23000000.0,Gurgaon,C64338970
Sector 70 Gurgaon,28.3947261,77.0223138,1650.0,2,3.0,,1,Semifurnished,Apartment,15500000.0,Gurgaon,N64752458
Sector 84 Gurgaon,28.4035469,76.9677894,1650.0,4,4.0,,5,Unfurnished,Independent/Builder Floor,21600000.0,Gurgaon,I68825338
Sector 84 Gurgaon,28.4035469,76.9677894,1650.0,4,4.0,,5,Unfurnished,Independent/Builder Floor,22000000.0,Gurgaon,X68825298
Sector 84 Gurgaon,28.4035469,76.9677894,1650.0,4,4.0,,5,Unfurnished,Independent/Builder Floor,24000000.0,Gurgaon,K68825290
Sushant Lok Phase 1,28.4545693,77.0826249,1300.0,3,3.0,,3,Semifurnished,Apartment,13500000.0,Gurgaon,E69939552
Sushant Lok Phase 1,28.4545693,77.0826249,1525.0,3,3.0,,3,Semifurnished,Apartment,15500000.0,Gurgaon,C70929828
Sector 66 Gurgaon,28.3974292,77.0538823,1050.0,2,2.0,,1,Semifurnished,Apartment,20000000.0,Gurgaon,U70914220
Sector 102 Gurgaon,28.4754872,76.9711747,1650.0,3,4.0,,1,Semifurnished,Apartment,25000000.0,Gurgaon,B70876016
Sector 107 Gurgaon,28.506941,76.9752137,1650.0,2,2.0,,1,Semifurnished,Apartment,9500000.0,Gurgaon,A70833326
Sector 49 Gurgaon,28.4127374,77.0555164,1600.0,3,4.0,,6,Semifurnished,Independent/Builder Floor,29000000.0,Gurgaon,Y70803202
Vigyan Vihar,28.6605415,77.3126204,1650.0,3,3.0,,3,Semifurnished,Apartment,14000000.0,Gurgaon,P70788938
Sushant Lok Phase 1,28.4545693,77.0826249,2700.00000000027,4,4.0,,6,Semifurnished,Independent/Builder Floor,28500000.0,Gurgaon,H66982402
Sector 90 Gurgaon,28.4069974,76.9365562,2200.0,4,4.0,,2,Semifurnished,Apartment,20000000.0,Gurgaon,P61448190
Dlf Phase 2,28.483901,77.0846097,3850.0,4,4.0,,1,Semifurnished,Apartment,90000000.0,Gurgaon,O71697128
Sector 54 Gurgaon,28.433569,77.1055815,1650.0,4,6.0,,1,Semifurnished,Apartment,96000000.0,Gurgaon,Q71696518
Sector 54 Gurgaon,28.433569,77.1055815,1650.0,3,5.0,,1,Semifurnished,Apartment,85000000.0,Gurgaon,T71695594
Sector 61 Gurgaon,28.4110188,77.0963685,1627.45,4,4.0,,5,Semifurnished,Apartment,53200000.0,Gurgaon,G71683256
Dlf Phase 1,28.4765171,77.090194,1650.0,4,5.0,,6,Semifurnished,Independent/Builder Floor,63500000.0,Gurgaon,V71637934
Sector 90 Gurgaon,28.4069974,76.9365562,1650.0,4,4.0,,2,Semifurnished,Apartment,19000000.0,Gurgaon,H65641346
Sector 49 Gurgaon,28.4127374,77.0555164,1650.0,3,4.0,,2,Semifurnished,Apartment,23500000.0,Gurgaon,Y71338222
Sector 61 Gurgaon,28.4110188,77.0963685,1249.65,3,4.0,,5,Semifurnished,Apartment,38400000.0,Gurgaon,D71237092
Sector 66 Gurgaon,28.3974292,77.0538823,1650.0,4,4.0,,2,Semifurnished,Apartment,62500000.0,Gurgaon,E71150106
Sector 49 Gurgaon,28.4127374,77.0555164,1650.0,3,4.0,,2,Semifurnished,Apartment,27500000.0,Gurgaon,J70895752
Dlf Phase 2,28.483901,77.0846097,2000.0,3,3.0,,6,Semifurnished,Independent/Builder Floor,30000000.0,Gurgaon,F70881770
Dlf Phase 2,28.483901,77.0846097,2000.0,4,4.0,,5,Unfurnished,Independent/Builder Floor,35000000.0,Gurgaon,W70832590
Dlf Phase 2,28.483901,77.0846097,2000.0,4,4.0,,5,Unfurnished,Independent/Builder Floor,34900000.0,Gurgaon,G70832446
Dlf Phase 2,28.483901,77.0846097,2000.0,4,4.0,,5,Unfurnished,Independent/Builder Floor,35500000.0,Gurgaon,W70831846
Sector 92 Gurgaon,28.4089049,76.9155232,1010.0,2,2.0,,5,Semifurnished,Independent/Builder Floor,7900000.0,Gurgaon,L70337376
Sector 67 Gurgaon,28.3864052,77.0598046,820.0,2,2.0,,1,Semifurnished,Apartment,5500000.0,Gurgaon,W71545116
Sector 60 Gurgaon,28.3985617,77.0978276,1650.0,3,3.0,,2,Semifurnished,Apartment,32500000.0,Gurgaon,E71369154
Sector 109 Gurgaon,28.5109205,77.0065956,1650.0,4,5.0,,1,Semifurnished,Apartment,29500000.0,Gurgaon,L68321712
Sector 106 Gurgaon,28.5060806,76.9967796,1650.0,4,4.0,,5,Semifurnished,Apartment,40000000.0,Gurgaon,G70970872
Sector 106 Gurgaon,28.5060806,76.9967796,1650.0,3,4.0,,5,Semifurnished,Apartment,29000000.0,Gurgaon,C70970680
Sector 106 Gurgaon,28.5060806,76.9967796,1855.0,3,3.0,,5,Semifurnished,Apartment,25000000.0,Gurgaon,H70970482
Sector 106 Gurgaon,28.5060806,76.9967796,1650.0,3,3.0,,5,Semifurnished,Apartment,21500000.0,Gurgaon,Z70970356
Sector 106 Gurgaon,28.5060806,76.9967796,1650.0,2,2.0,,5,Semifurnished,Apartment,16000000.0,Gurgaon,F70970210
Sector 104 Gurgaon,28.4795324,76.9937197,1650.0,4,4.0,,1,Semifurnished,Apartment,28500000.0,Gurgaon,V70876368
Sector 102 Gurgaon,28.4754872,76.9711747,1650.0,4,4.0,,5,Semifurnished,Apartment,24800000.0,Gurgaon,Q70875270
Sector 109 Gurgaon,28.5109205,77.0065956,1650.0,3,4.0,,1,Semifurnished,Apartment,21700000.0,Gurgaon,B70297700
Sector 112 Gurgaon,28.5203402,77.0188612,1650.0,3,5.0,,1,Semifurnished,Apartment,47000000.0,Gurgaon,Y64989840
Sector 109 Gurgaon,28.5109205,77.0065956,1650.0,4,4.0,,1,Semifurnished,Apartment,31000000.0,Gurgaon,C70297796
Sector 110 Gurgaon,28.5069625,77.018321,1650.0,5,5.0,,2,Semifurnished,Apartment,44500001.0,Gurgaon,A70283752
Sector 110 Gurgaon,28.5069625,77.018321,1650.0,4,5.0,,2,Semifurnished,Apartment,36200000.0,Gurgaon,D70283648
Sector 108 Gurgaon,28.5128994,76.9823615,1650.0,4,5.0,,5,Semifurnished,Apartment,60000000.0,Gurgaon,F70282500
Sector 108 Gurgaon,28.5128994,76.9823615,1650.0,4,4.0,,5,Unknown,Apartment,44400000.0,Gurgaon,E70282436
Sector 108 Gurgaon,28.5128994,76.9823615,1650.0,3,3.0,,1,Semifurnished,Apartment,36000000.0,Gurgaon,U70282100
Sector 113 Gurgaon,28.5286649,77.0250282,2691.0,4,4.0,,1,Unknown,Apartment,33500000.0,Gurgaon,U70281344
Sector 102 Gurgaon,28.4754872,76.9711747,2025.0000000002,3,3.0,,2,Semifurnished,Independent/Builder Floor,20000000.0,Gurgaon,V69126822
Sector 106 Gurgaon,28.5060806,76.9967796,2002.0,3,4.0,,5,Unknown,Apartment,29000000.0,Gurgaon,U69130294
Sector 103 Gurgaon,28.493087,76.9866453,1650.0,3,3.0,,2,Semifurnished,Apartment,16200000.0,Gurgaon,N69971158
Sector 103 Gurgaon,28.493087,76.9866453,1650.0,3,3.0,,2,Semifurnished,Apartment,15500000.0,Gurgaon,Y69971140
Sector 103 Gurgaon,28.493087,76.9866453,1650.0,3,3.0,,2,Semifurnished,Apartment,14500000.0,Gurgaon,H69971128
Sector 103 Gurgaon,28.493087,76.9866453,1650.0,2,2.0,,2,Unknown,Apartment,11800000.0,Gurgaon,Z69966560
Sector 83 Gurgaon,28.3963578,76.9654747,1400.0,3,3.0,,1,Semifurnished,Apartment,13500000.0,Gurgaon,L71516412
Sector 70 Gurgaon,28.3947261,77.0223138,1235.0,3,5.0,,5,Semifurnished,Apartment,11540000.0,Gurgaon,X39752437
Sector 30 Gurgaon,28.4618719,77.05688,7500.0,6,6.0,,3,Semifurnished,Apartment,125000000.0,Gurgaon,B71517632
Sector 63A Gurgaon,28.4618719,77.05688,800.0,2,2.0,,5,Semifurnished,Apartment,17565478.0,Gurgaon,D71733656
Sector 54 Gurgaon,28.433569,77.1055815,2200.0,4,4.0,,2,Semifurnished,Apartment,65000000.0,Gurgaon,V70514350
Sector 113 Gurgaon,28.5286649,77.0250282,1105.0,3,2.0,,1,Semifurnished,Apartment,17500000.0,Gurgaon,V71564110
Sector 54 Gurgaon,28.433569,77.1055815,2200.0,4,4.0,,2,Semifurnished,Apartment,67500000.0,Gurgaon,M70389206
Sector 62 Gurgaon,28.407697,77.0823781,2800.0,4,4.0,,1,Unknown,Apartment,63000000.0,Gurgaon,V70389292
Sohna,28.3241636,77.0848644,1105.0,3,3.0,,6,Semifurnished,Apartment,12459962.0,Gurgaon,E67892810
Sector 63A Gurgaon,28.4618719,77.05688,1021.0,2,2.0,,5,Semifurnished,Apartment,14796854.0,Gurgaon,Z66723514
Sector 63A Gurgaon,28.4618719,77.05688,1236.0,3,3.0,,5,Semifurnished,Apartment,17654635.0,Gurgaon,J66724180
Sector 92 Gurgaon,28.4089049,76.9155232,790.0,2,2.0,,5,Semifurnished,Independent/Builder Floor,6965023.0,Gurgaon,X67251970
Sector 70 Gurgaon,28.3947261,77.0223138,852.0,2,2.0,,6,Semifurnished,Apartment,10265653.0,Gurgaon,X67595346
Sector 70 Gurgaon,28.3947261,77.0223138,1221.0,3,5.0,,6,Semifurnished,Apartment,15996849.0,Gurgaon,M67602952
Sohna,28.3241636,77.0848644,970.0,3,2.0,,5,Semifurnished,Independent/Builder Floor,8536964.0,Gurgaon,A67771684
Sohna,28.3241636,77.0848644,1065.0,3,3.0,,5,Semifurnished,Independent/Builder Floor,8296648.0,Gurgaon,M67771964
Sector 92 Gurgaon,28.4089049,76.9155232,980.0,3,2.0,,5,Semifurnished,Apartment,7987654.0,Gurgaon,E67251740
Sohna,28.3241636,77.0848644,1289.0,3,4.0,,6,Semifurnished,Apartment,12496989.0,Gurgaon,F67251322
Sector 37D Gurgaon,28.4480039,76.9697682,1052.0,3,3.0,,6,Semifurnished,Apartment,15696954.0,Gurgaon,W67138876
Sector 68 Gurgaon,28.388897,77.0459859,1096.0,3,3.0,,6,Semifurnished,Apartment,14495695.0,Gurgaon,Z66802292
Sohna,28.3241636,77.0848644,1036.0,3,3.0,,6,Semifurnished,Apartment,7966532.0,Gurgaon,X68229248
Sohna,28.3241636,77.0848644,792.0,2,2.0,,6,Semifurnished,Apartment,8390576.0,Gurgaon,G68788740
Sector 70A Gurgaon,28.3846684,77.0220391,2428.0,3,5.0,,1,Semifurnished,Apartment,23375895.0,Gurgaon,F70182456
Sohna,28.3241636,77.0848644,780.0,2,2.0,,1,Semifurnished,Apartment,8673874.0,Gurgaon,C70164796
Sector 69 Gurgaon,28.3960701,77.0372311,1466.0,3,3.0,,1,Semifurnished,Apartment,18287966.0,Gurgaon,I70182686
Sector 69 Gurgaon,28.3960701,77.0372311,1050.0,3,3.0,,5,Semifurnished,Apartment,16500000.0,Gurgaon,I70199032
Sohna,28.3241636,77.0848644,1424.0,3,4.0,,6,Unfurnished,Apartment,12324985.0,Gurgaon,A69556508
Sector 69 Gurgaon,28.3960701,77.0372311,1020.0,3,3.0,,5,Semifurnished,Apartment,16500000.0,Gurgaon,S70199502
Sector 70A Gurgaon,28.3846684,77.0220391,1105.0,2,2.0,,1,Semifurnished,Apartment,14685678.0,Gurgaon,N70202684
Sohna,28.3241636,77.0848644,730.0,2,2.0,,6,Semifurnished,Apartment,7965453.0,Gurgaon,B71526594
Sohna,28.3241636,77.0848644,849.0,2,2.0,,6,Semifurnished,Apartment,8996835.0,Gurgaon,Q71526514
Sector 37D Gurgaon,28.4480039,76.9697682,809.0,2,2.0,,6,Semifurnished,Apartment,10087458.0,Gurgaon,W71526454
Sector 37D Gurgaon,28.4480039,76.9697682,980.0,3,3.0,,6,Semifurnished,Apartment,11465329.0,Gurgaon,B71526422
Sector 37D Gurgaon,28.4480039,76.9697682,1230.0,3,3.0,,6,Semifurnished,Apartment,14045367.0,Gurgaon,J71526366
Sohna,28.3241636,77.0848644,1080.0,2,2.0,,6,Semifurnished,Apartment,10106457.0,Gurgaon,X71526316
Sohna,28.3241636,77.0848644,1280.0,3,3.0,,6,Semifurnished,Apartment,14567489.0,Gurgaon,A71526248
Sector 79 Gurgaon,28.4618719,77.05688,700.0,2,2.0,,5,Semifurnished,Apartment,8882000.0,Gurgaon,O71496394
Sector 79 Gurgaon,28.4618719,77.05688,940.0,3,3.0,,5,Semifurnished,Apartment,11002000.0,Gurgaon,L71496054
Sector 79 Gurgaon,28.4618719,77.05688,1170.0,3,3.0,,5,Semifurnished,Apartment,12572000.0,Gurgaon,O71495506
Sector 99A Gurgaon,28.4554059,76.9510278,1490.0,3,4.0,,1,Semifurnished,Apartment,15200000.0,Gurgaon,I71476838
Sector 99A Gurgaon,28.4554059,76.9510278,1490.0,3,4.0,,1,Semifurnished,Apartment,15000000.0,Gurgaon,J71476908
Sector 99A Gurgaon,28.4554059,76.9510278,1105.0,2,2.0,,1,Semifurnished,Apartment,11650000.0,Gurgaon,E71476276
Sector 99A Gurgaon,28.4554059,76.9510278,1105.0,2,2.0,,1,Semifurnished,Apartment,15000000.0,Gurgaon,W71475756
Sector 93 Gurgaon,28.4156048,76.931638,1110.0,3,3.0,,5,Semifurnished,Apartment,13268000.0,Gurgaon,O71480846
Sector 93 Gurgaon,28.4156048,76.931638,1150.0,3,3.0,,5,Semifurnished,Apartment,13587654.0,Gurgaon,C71480596
Sector 99A Gurgaon,28.4554059,76.9510278,1105.0,2,2.0,,1,Semifurnished,Apartment,11600000.0,Gurgaon,B71476114
Sector 36 Sohna,28.4160012,77.1085564,740.0,3,2.0,,6,Semifurnished,Apartment,7654345.0,Gurgaon,R71478878
Sector 36 Sohna,28.4160012,77.1085564,845.0,3,2.0,,6,Semifurnished,Apartment,8345678.0,Gurgaon,X71478618
Sector 92 Gurgaon,28.4089049,76.9155232,650.0,2,2.0,,5,Semifurnished,Apartment,7954365.0,Gurgaon,N71465770
Sector 92 Gurgaon,28.4089049,76.9155232,950.0,3,2.0,,5,Semifurnished,Apartment,9276543.0,Gurgaon,Z71465572
Sector 36 Sohna,28.4160012,77.1085564,550.0,2,2.0,,6,Semifurnished,Apartment,6987654.0,Gurgaon,K71465070
Sohna,28.3241636,77.0848644,1050.0,3,3.0,,6,Semifurnished,Apartment,10654678.0,Gurgaon,E71463628
Sohna,28.3241636,77.0848644,900.0,3,2.0,,6,Semifurnished,Apartment,8598765.0,Gurgaon,Q71463114
Sector 57 Gurgaon,28.4232478,77.0804487,1650.0,3,4.0,,2,Semifurnished,Apartment,25800000.0,Gurgaon,M71405044
Sector 66 Gurgaon,28.3974292,77.0538823,1850.0,3,3.0,,1,Semifurnished,Apartment,34000000.0,Gurgaon,D71149054
Sector 37D Gurgaon,28.4480039,76.9697682,1500.0,3,4.0,,5,Semifurnished,Apartment,10000000.0,Gurgaon,F71001902
Sector 89 A Gurgaon,28.4184455,76.9457567,1690.0,3,4.0,,1,Semifurnished,Apartment,18500000.0,Gurgaon,N70996958
Sector 37D Gurgaon,28.4480039,76.9697682,1320.0,3,3.0,,1,Semifurnished,Apartment,11800000.0,Gurgaon,N70996572
Sector 68 Gurgaon,28.388897,77.0459859,945.0,2,2.0,,1,Semifurnished,Apartment,10400000.0,Gurgaon,Y70974938
Sector 49 Gurgaon,28.4127374,77.0555164,1650.0,4,4.0,,2,Semifurnished,Apartment,30000000.0,Gurgaon,Y70953380
Sector 106 Gurgaon,28.5060806,76.9967796,1690.0,4,6.0,,1,Semifurnished,Apartment,14600000.0,Gurgaon,Z70854562
Sector 106 Gurgaon,28.5060806,76.9967796,1034.0,3,3.0,,1,Semifurnished,Apartment,12000000.0,Gurgaon,S68463728
Sector 81 Gurgaon,28.3873647,76.9475835,1135.0,3,3.0,,5,Semifurnished,Independent/Builder Floor,14800000.0,Gurgaon,E70730934
Sector 89 A Gurgaon,28.4184455,76.9457567,1640.0,3,4.0,,1,Semifurnished,Apartment,18800000.0,Gurgaon,C70708576
Sector 106 Gurgaon,28.5060806,76.9967796,845.0,2,2.0,,1,Semifurnished,Apartment,10000000.0,Gurgaon,C70207198
Sector 108 Gurgaon,28.5128994,76.9823615,1489.0,3,3.0,,6,Semifurnished,Apartment,25500000.0,Gurgaon,K70161264
Sector 37D Gurgaon,28.4480039,76.9697682,800.0,2,2.0,,1,Semifurnished,Apartment,6500000.0,Gurgaon,Z61486948
Dlf Phase 4,28.4919048,77.0937804,1650.0,2,2.0,,3,Semifurnished,Apartment,24500000.0,Gurgaon,N71757420
Dlf Phase 4,28.4919048,77.0937804,1777.0,3,4.0,,3,Semifurnished,Apartment,28000000.0,Gurgaon,G71655356
Sector 37D Gurgaon,28.4480039,76.9697682,2000.0,4,4.0,,1,Semifurnished,Apartment,21500000.0,Gurgaon,R71563436
Sector 60 Gurgaon,28.3985617,77.0978276,1289.0,3,4.0,,1,Semifurnished,Apartment,28500000.0,Gurgaon,J71521780
Sector 54 Gurgaon,28.433569,77.1055815,3100.0,4,6.0,,3,Unknown,Apartment,100000000.0,Gurgaon,Z71452002
Sector 23 Gurgaon,28.510319,77.0530094,1800.0,4,4.0,,5,Semifurnished,Independent/Builder Floor,24000000.0,Gurgaon,B69672200
Sector 102 Gurgaon,28.4754872,76.9711747,1600.0,4,4.0,,5,Semifurnished,Apartment,25000000.0,Gurgaon,U71360534
Sector 102 Gurgaon,28.4754872,76.9711747,1300.0,3,3.0,,6,Semifurnished,Apartment,20000000.0,Gurgaon,U71360514
Sector 102 Gurgaon,28.4754872,76.9711747,950.0,2,2.0,,6,Semifurnished,Apartment,14000000.0,Gurgaon,W71360498
Sector 23 Gurgaon,28.510319,77.0530094,1355.0,3,3.0,,6,Semifurnished,Independent/Builder Floor,18000000.0,Gurgaon,X71311098
Sector 102 Gurgaon,28.4754872,76.9711747,980.0,2,2.0,,6,Semifurnished,Apartment,13500000.0,Gurgaon,Q71205050
Sector 28 Gurgaon,28.4794143,77.0833588,4400.0,5,8.0,,3,Semifurnished,Apartment,55000000.0,Gurgaon,Y71183388
Sector 102 Gurgaon,28.4754872,76.9711747,1400.0,3,4.0,,1,Semifurnished,Apartment,22000000.0,Gurgaon,H71176374
Sector 110 Gurgaon,28.5069625,77.018321,2500.0,4,5.0,,1,Semifurnished,Apartment,37000000.0,Gurgaon,C71174994
Sector 23 Gurgaon,28.510319,77.0530094,1650.0,4,4.0,,6,Semifurnished,Independent/Builder Floor,24500000.0,Gurgaon,A69673076
New Palam Vihar,28.4868613,77.019042,750.0,2,2.0,,6,Semifurnished,Independent/Builder Floor,3000000.0,Gurgaon,M61842988
New Palam Vihar,28.4868613,77.019042,960.0,3,3.0,,6,Semifurnished,Independent/Builder Floor,3800000.0,Gurgaon,F62132380
New Palam Vihar,28.4868613,77.019042,750.0,2,2.0,,6,Unfurnished,Independent/Builder Floor,2999000.0,Gurgaon,U61939738
New Palam Vihar,28.4868613,77.019042,760.0,2,2.0,,6,Semifurnished,Independent/Builder Floor,2950000.0,Gurgaon,E61843180
Dlf Phase 4,28.4919048,77.0937804,1400.0,3,3.0,,3,Semifurnished,Apartment,25999999.0,Gurgaon,C70969370
Dlf Phase 4,28.4919048,77.0937804,1200.0,4,4.0,,3,Semifurnished,Apartment,25499999.0,Gurgaon,M70968558
Dlf Phase 1,28.4765171,77.090194,1800.00000000018,3,3.0,,1,Semifurnished,Independent/Builder Floor,24000000.0,Gurgaon,A70952364
Dlf Phase 1,28.4765171,77.090194,1836.00000000018,3,3.0,,1,Semifurnished,Independent/Builder Floor,24000000.0,Gurgaon,U70951990
Dlf Phase 4,28.4919048,77.0937804,2200.0,3,3.0,,1,Semifurnished,Independent/Builder Floor,34500000.0,Gurgaon,W66024376
"Sector 47 , Sector 51",30.7059088,76.7428731,2200.0,4,4.0,,1,Semifurnished,Independent/Builder Floor,31000000.0,Gurgaon,A63578554
Dlf Phase 5,28.503445,77.0952048,2100.0,4,5.0,,3,Semifurnished,Apartment,59999999.0,Gurgaon,L70943622
New Palam Vihar,28.4868613,77.019042,950.0,3,3.0,,6,Semifurnished,Independent/Builder Floor,3800000.0,Gurgaon,D61841442
Sector 54 Gurgaon,28.433569,77.1055815,3200.0,4,6.0,,2,Semifurnished,Apartment,97500000.0,Gurgaon,V70838658
Sector 54 Gurgaon,28.433569,77.1055815,2200.0,4,5.0,,2,Unfurnished,Apartment,69999999.0,Gurgaon,Q70837334
Dlf Phase 5,28.503445,77.0952048,1950.0,4,5.0,,3,Semifurnished,Apartment,50000000.0,Gurgaon,E70836846
Dlf Phase 5,28.503445,77.0952048,1950.0,4,5.0,,3,Semifurnished,Apartment,53000000.0,Gurgaon,P70836558
Sector 113 Gurgaon,28.5286649,77.0250282,1650.0,3,4.0,,1,Unknown,Apartment,29000000.0,Gurgaon,N70281234
Sector 111 Gurgaon,28.5222773,77.0336203,1650.0,3,4.0,,1,Semifurnished,Apartment,27100000.0,Gurgaon,J70429388
Sector 111 Gurgaon,28.5222773,77.0336203,1650.0,3,3.0,,1,Semifurnished,Apartment,23800000.0,Gurgaon,B70429130
Sector 109 Gurgaon,28.5109205,77.0065956,1650.0,3,4.0,,2,Semifurnished,Apartment,23500000.0,Gurgaon,E68321572
Sector 106 Gurgaon,28.5060806,76.9967796,1650.0,5,5.0,,5,Semifurnished,Apartment,70000000.0,Gurgaon,K70300174
Sector 106 Gurgaon,28.5060806,76.9967796,1650.0,5,5.0,,5,Semifurnished,Apartment,60700000.0,Gurgaon,E70299874
Sector 49 Gurgaon,28.4127374,77.0555164,3000.0,4,4.0,,6,Semifurnished,Independent/Builder Floor,39000000.0,Gurgaon,S69042586
Sector 28 Gurgaon,28.4794143,77.0833588,3000.0,4,6.0,,3,Semifurnished,Apartment,37500000.0,Gurgaon,G70098830
Nirvana Country,28.4150509,77.0642955,3240.00000000032,4,4.0,,6,Semifurnished,Independent/Builder Floor,45000000.0,Gurgaon,Y70083766
Block M South City 1,28.4538821,77.0626859,2475.00000000024,4,4.0,,1,Semifurnished,Independent/Builder Floor,30500000.0,Gurgaon,H70047496
South City 1,28.4188433,77.0440293,3240.00000000032,4,4.0,,6,Semifurnished,Independent/Builder Floor,36500000.0,Gurgaon,P70047164
Dlf City,28.4640865,77.0836441,1600.0,3,3.0,,6,Semifurnished,Independent/Builder Floor,24000000.0,Gurgaon,L70034924
Sector 50 Gurgaon,28.4268461,77.0584252,3000.0,4,4.0,,6,Unfurnished,Independent/Builder Floor,34000000.0,Gurgaon,T62218712
Sector 65 Gurgaon,28.4030162,77.0695893,2600.0,4,4.0,,5,Semifurnished,Independent/Builder Floor,43000000.0,Gurgaon,H61271496
Sector 102 Gurgaon,28.4754872,76.9711747,1650.0,4,4.0,,1,Semifurnished,Apartment,44000000.0,Gurgaon,D69974910
Sector 111 Gurgaon,28.5222773,77.0336203,1650.0,4,5.0,,1,Semifurnished,Apartment,38600000.0,Gurgaon,W69922524
Sector 72 Gurgaon,28.3943815,77.032363,1650.0,4,5.0,,1,Semifurnished,Apartment,48000000.0,Gurgaon,B68764228
Sector 72 Gurgaon,28.3943815,77.032363,1650.0,4,5.0,,1,Semifurnished,Apartment,38000000.0,Gurgaon,K68763888
Sector 72 Gurgaon,28.3943815,77.032363,2310.0,4,4.0,,1,Semifurnished,Apartment,37000000.0,Gurgaon,E68704124
Sector 72 Gurgaon,28.3943815,77.032363,1650.0,3,3.0,,1,Semifurnished,Apartment,35000000.0,Gurgaon,I68691550
Sector 113 Gurgaon,28.5286649,77.0250282,1650.0,2,2.0,,6,Semifurnished,Apartment,15800000.0,Gurgaon,S71621880
Sector 109 Gurgaon,28.5109205,77.0065956,1650.0,3,3.0,,6,Semifurnished,Apartment,18000000.0,Gurgaon,D71610678
Dlf Phase 1,28.4765171,77.090194,4500.00000000045,4,5.0,,6,Semifurnished,Independent/Builder Floor,67000000.0,Gurgaon,P52722748
Dlf Phase 1,28.4765171,77.090194,1800.0,3,3.0,,6,Semifurnished,Independent/Builder Floor,24900000.0,Gurgaon,R67129448
Dlf Phase 2,28.483901,77.0846097,16200.0000000016,3,4.0,,6,Semifurnished,Independent/Builder Floor,24800000.0,Gurgaon,H58996132
Sector 56 Gurgaon,28.4252244,77.0992377,4500.0,4,5.0,,6,Semifurnished,Independent/Builder Floor,47000000.0,Gurgaon,Z71622870
Sector 67 Gurgaon,28.3864052,77.0598046,2700.00000000027,4,4.0,,1,Semifurnished,Independent/Builder Floor,25000000.0,Gurgaon,H71340378
Sector 67 Gurgaon,28.3864052,77.0598046,2700.00000000027,4,4.0,,1,Semifurnished,Independent/Builder Floor,23000000.0,Gurgaon,Z71340238
Dlf Phase 1,28.4765171,77.090194,1800.0,3,3.0,,6,Semifurnished,Independent/Builder Floor,22800000.0,Gurgaon,N58686258
Dlf Phase 2,28.483901,77.0846097,2700.0,4,5.0,,6,Semifurnished,Independent/Builder Floor,32400000.0,Gurgaon,T56991066
Sector 103 Gurgaon,28.493087,76.9866453,1056.0,3,4.0,,6,Semifurnished,Apartment,11900000.0,Gurgaon,R68584770
Sector 65 Gurgaon,28.4030162,77.0695893,3500.0,4,4.0,,6,Semifurnished,Independent/Builder Floor,56000000.0,Gurgaon,V69981582
Sector 65 Gurgaon,28.4030162,77.0695893,3000.0,4,4.0,,6,Semifurnished,Independent/Builder Floor,39000000.0,Gurgaon,Y67548902
Sector 65 Gurgaon,28.4030162,77.0695893,2650.0,4,4.0,,1,Unfurnished,Independent/Builder Floor,39000000.0,Gurgaon,N67061006
Sector 65 Gurgaon,28.4030162,77.0695893,3000.0,4,4.0,,1,Semifurnished,Independent/Builder Floor,41500000.0,Gurgaon,X66629138
Sector 65 Gurgaon,28.4030162,77.0695893,3500.0,4,4.0,,6,Semifurnished,Independent/Builder Floor,55000000.0,Gurgaon,M66100716
Sector 49 Gurgaon,28.4127374,77.0555164,1650.0,4,3.0,,1,Unfurnished,Apartment,35000000.0,Gurgaon,X71398168
Sector 102 Gurgaon,28.4754872,76.9711747,1650.0,3,3.0,,5,Semifurnished,Apartment,20000000.0,Gurgaon,B71332840
Sector 102 Gurgaon,28.4754872,76.9711747,1650.0,2,2.0,,5,Semifurnished,Apartment,10500000.0,Gurgaon,T71332206
Sector 57 Gurgaon,28.4232478,77.0804487,1800.0,4,4.0,,1,Semifurnished,Independent/Builder Floor,22500000.0,Gurgaon,I70233384
Malibu Town,28.4234344,77.0468649,1400.0,3,3.0,,6,Semifurnished,Independent/Builder Floor,23000000.0,Gurgaon,L57832982
Sector 63A Gurgaon,28.4618719,77.05688,1800.0,3,3.0,,1,Semifurnished,Independent/Builder Floor,18700000.0,Gurgaon,J71197996
Sector 63A Gurgaon,28.4618719,77.05688,1800.0,3,3.0,,1,Semifurnished,Independent/Builder Floor,18500000.0,Gurgaon,J71194938
Sector 67A Gurgaon,28.4618719,77.05688,700.0,2,2.0,,1,Unfurnished,Apartment,6300000.0,Gurgaon,P71727810
Sector 56 Gurgaon,28.4252244,77.0992377,1700.0,3,3.0,,3,Semifurnished,Apartment,15000000.0,Gurgaon,G71720720
Sector 102 Gurgaon,28.4754872,76.9711747,1650.0,3,4.0,,2,Semifurnished,Apartment,18000007.0,Gurgaon,U71162506
Sector 71 Gurgaon,28.3950557,77.0314336,1198.0,2,2.0,,2,Semifurnished,Apartment,9000000.0,Gurgaon,L71705358
Sector 104 Gurgaon,28.4795324,76.9937197,1650.0,3,4.0,,2,Semifurnished,Apartment,25500007.0,Gurgaon,G71163140
Sector 67A Gurgaon,28.4618719,77.05688,700.0,2,2.0,,1,Semifurnished,Apartment,5800000.0,Gurgaon,B71597030
Sector 67A Gurgaon,28.4618719,77.05688,700.0,2,2.0,,1,Semifurnished,Apartment,6100000.0,Gurgaon,S71586742
Sector 48 Gurgaon,28.4104903,77.0394627,2000.0,3,4.0,,2,Semifurnished,Independent/Builder Floor,16500000.0,Gurgaon,P71582838
Sector 48 Gurgaon,28.4104903,77.0394627,1570.0,3,3.0,,1,Semifurnished,Independent/Builder Floor,16000000.0,Gurgaon,J71579438
Sector 48 Gurgaon,28.4104903,77.0394627,2000.0,4,5.0,,2,Semifurnished,Apartment,28900000.0,Gurgaon,F71579062
Sector 111 Gurgaon,28.5222773,77.0336203,1650.0,4,5.0,,2,Semifurnished,Apartment,36000003.0,Gurgaon,V70653336
Sector 48 Gurgaon,28.4104903,77.0394627,2100.0,4,5.0,,2,Semifurnished,Apartment,29000000.0,Gurgaon,A71478192
Sector 48 Gurgaon,28.4104903,77.0394627,2500.0,3,4.0,,2,Semifurnished,Independent/Builder Floor,17000000.0,Gurgaon,O71474802
Sector 108 Gurgaon,28.5128994,76.9823615,1650.0,3,4.0,,1,Semifurnished,Apartment,32000007.0,Gurgaon,Z71147956
Sector 108 Gurgaon,28.5128994,76.9823615,1650.0,3,3.0,,2,Semifurnished,Apartment,34000007.0,Gurgaon,R71148280
Sector 108 Gurgaon,28.5128994,76.9823615,1650.0,3,3.0,,2,Semifurnished,Apartment,28500007.0,Gurgaon,Z71147540
Sector 108 Gurgaon,28.5128994,76.9823615,1650.0,3,5.0,,1,Semifurnished,Apartment,39500007.0,Gurgaon,T71149240
Sector 108 Gurgaon,28.5128994,76.9823615,1650.0,3,4.0,,2,Semifurnished,Apartment,18000007.0,Gurgaon,X71149822
Sector 108 Gurgaon,28.5128994,76.9823615,1650.0,3,3.0,,2,Semifurnished,Apartment,14800007.0,Gurgaon,M71149772
Sector 109 Gurgaon,28.5109205,77.0065956,1650.0,3,4.0,,2,Semifurnished,Apartment,21500007.0,Gurgaon,O71142816
Sector 109 Gurgaon,28.5109205,77.0065956,1650.0,4,5.0,,2,Semifurnished,Apartment,33300007.0,Gurgaon,P71142886
Sector 108 Gurgaon,28.5128994,76.9823615,1650.0,3,3.0,,2,Semifurnished,Apartment,21500007.0,Gurgaon,G71149844
Sector 71 Gurgaon,28.3950557,77.0314336,1400.0,3,3.0,,3,Semifurnished,Apartment,11500000.0,Gurgaon,D71295890
Sector 48 Gurgaon,28.4104903,77.0394627,2100.0,3,4.0,,2,Semifurnished,Independent/Builder Floor,16500000.0,Gurgaon,N71261182
Sector 48 Gurgaon,28.4104903,77.0394627,3240.00000000032,3,3.0,,1,Semifurnished,Independent/Builder Floor,16500000.0,Gurgaon,B71260204
Sector 102 Gurgaon,28.4754872,76.9711747,1650.0,3,4.0,,2,Semifurnished,Apartment,22000007.0,Gurgaon,O71160252
Sector 102 Gurgaon,28.4754872,76.9711747,1650.0,3,4.0,,2,Semifurnished,Apartment,24500007.0,Gurgaon,M71160658
Sector 102 Gurgaon,28.4754872,76.9711747,1650.0,2,2.0,,1,Semifurnished,Apartment,13200007.0,Gurgaon,L71161666
Sector 102 Gurgaon,28.4754872,76.9711747,1650.0,2,2.0,,2,Semifurnished,Apartment,9800007.0,Gurgaon,W71161588
Sector 106 Gurgaon,28.5060806,76.9967796,1650.0,3,4.0,,2,Semifurnished,Apartment,14000007.0,Gurgaon,W71156896
Sector 106 Gurgaon,28.5060806,76.9967796,1650.0,3,3.0,,2,Semifurnished,Apartment,13000007.0,Gurgaon,J71156790
Sector 56 Gurgaon,28.4252244,77.0992377,1943.0,3,3.0,,3,Semifurnished,Apartment,17000000.0,Gurgaon,Q68776222
Sector 102 Gurgaon,28.4754872,76.9711747,4500.00000000045,4,5.0,,2,Unknown,Independent/Builder Floor,32000007.0,Gurgaon,P71159894
Sector 111 Gurgaon,28.5222773,77.0336203,1650.0,4,5.0,,2,Semifurnished,Apartment,36000007.0,Gurgaon,G71170344
Sector 111 Gurgaon,28.5222773,77.0336203,1650.0,3,4.0,,2,Semifurnished,Apartment,26800007.0,Gurgaon,B71163390
Sector 109 Gurgaon,28.5109205,77.0065956,1650.0,3,4.0,,2,Semifurnished,Apartment,17000007.0,Gurgaon,T71145652
Sector 109 Gurgaon,28.5109205,77.0065956,1650.0,3,4.0,,2,Semifurnished,Apartment,24000007.0,Gurgaon,V71143380
Sector 109 Gurgaon,28.5109205,77.0065956,1650.0,3,3.0,,2,Semifurnished,Apartment,14500007.0,Gurgaon,R71143266
Sector 109 Gurgaon,28.5109205,77.0065956,1650.0,3,4.0,,2,Semifurnished,Apartment,18500007.0,Gurgaon,I71143328
Sector 107 Gurgaon,28.506941,76.9752137,308.0,1,1.0,,2,Semifurnished,Apartment,2000000.0,Gurgaon,I71050484
Sector 102 Gurgaon,28.4754872,76.9711747,1650.0,3,3.0,,1,Semifurnished,Apartment,21000007.0,Gurgaon,R71162122
Sector 107 Gurgaon,28.506941,76.9752137,489.0,2,2.0,,2,Semifurnished,Apartment,3000000.0,Gurgaon,C71051132
Sector 89 A Gurgaon,28.4184455,76.9457567,1820.0,3,4.0,,5,Semifurnished,Apartment,17800000.0,Gurgaon,U69123850
Sector 79 Gurgaon,28.4618719,77.05688,1650.0,2,2.0,,5,Semifurnished,Apartment,15000000.0,Gurgaon,Q71180380
Sector 85 Gurgaon,28.3985762,76.9547447,1829.0,3,3.0,,5,Semifurnished,Apartment,18750000.0,Gurgaon,D70548164
Sector 86 Gurgaon,28.3981205,76.9411257,1650.0,2,3.0,,2,Semifurnished,Apartment,11450000.0,Gurgaon,O71610728
Sector 90 Gurgaon,28.4069974,76.9365562,1650.0,2,3.0,,2,Semifurnished,Apartment,11100000.0,Gurgaon,M56789840
Sector 57 Gurgaon,28.4232478,77.0804487,1650.0,3,4.0,,3,Semifurnished,Apartment,33500000.0,Gurgaon,A71292740
Sohna,28.3241636,77.0848644,467.0,2,2.0,,1,Unfurnished,Apartment,2900000.0,Gurgaon,Q71180728
Sector 61 Gurgaon,28.4110188,77.0963685,1100.0,2,2.0,,5,Semifurnished,Apartment,15500000.0,Gurgaon,M70848564
Sector-33 Sohna,28.3241636,77.0848644,1650.0,2,2.0,,5,Semifurnished,Apartment,10300000.0,Gurgaon,I71520032
Sector-33 Sohna,28.3241636,77.0848644,1671.0,3,3.0,,5,Semifurnished,Apartment,14500000.0,Gurgaon,O71348412
Sector 59 Gurgaon,28.4030162,77.1066682,3025.0,3,3.0,,1,Unfurnished,Apartment,61500000.0,Gurgaon,F66820780
Sector 89 Gurgaon,28.4184455,76.9457567,1650.0,2,2.0,,5,Semifurnished,Independent/Builder Floor,8500000.0,Gurgaon,V67721238
Sector 61 Gurgaon,28.4110188,77.0963685,1901.0,3,4.0,,2,Semifurnished,Apartment,24900000.0,Gurgaon,H71195500
Sector 62 Gurgaon,28.407697,77.0823781,1850.0,3,3.0,,2,Semifurnished,Apartment,27900000.0,Gurgaon,U70484824
Sector 91 Gurgaon,28.4007588,76.9210802,1650.0,3,3.0,,1,Semifurnished,Apartment,12000000.0,Gurgaon,B71708020
Sector 70A Gurgaon,28.3846684,77.0220391,1650.0,3,3.0,,6,Semifurnished,Apartment,20000000.0,Gurgaon,X71678086
Sector 79 Gurgaon,28.4618719,77.05688,1650.0,4,4.0,,6,Semifurnished,Apartment,25600000.0,Gurgaon,L71501482
Sector 54 Gurgaon,28.433569,77.1055815,1534.0,4,5.0,,3,Semifurnished,Apartment,75000000.0,Gurgaon,B71390840
Sector 104 Gurgaon,28.4795324,76.9937197,884.58,3,2.0,,5,Semifurnished,Apartment,14500000.0,Gurgaon,E71389248
Sector 79 Gurgaon,28.4618719,77.05688,1650.0,4,5.0,,6,Semifurnished,Apartment,24000000.0,Gurgaon,Q71383512
Dlf Phase 2,28.483901,77.0846097,5670.00000000056,4,5.0,,5,Semifurnished,Independent/Builder Floor,77500000.0,Gurgaon,Q71282120
Dlf Phase 2,28.483901,77.0846097,3618.00000000036,4,5.0,,1,Semifurnished,Independent/Builder Floor,52500000.0,Gurgaon,Q71281472
Dlf Phase 1,28.4765171,77.090194,4518.00000000045,4,5.0,,5,Semifurnished,Independent/Builder Floor,54500000.0,Gurgaon,Y71276290
Dlf Phase 1,28.4765171,77.090194,3618.00000000036,4,5.0,,5,Semifurnished,Independent/Builder Floor,55000000.0,Gurgaon,N71274024
Dlf Phase 1,28.4765171,77.090194,4680.00000000046,4,5.0,,1,Semifurnished,Independent/Builder Floor,55000000.0,Gurgaon,N71273514
Sector 99A Gurgaon,28.4554059,76.9510278,545.0,2,2.0,,6,Unfurnished,Apartment,2700000.0,Gurgaon,S71240466
Sector 89 Gurgaon,28.4184455,76.9457567,645.3,3,2.0,,5,Semifurnished,Apartment,2800000.0,Gurgaon,P71171398
Sector 70A Gurgaon,28.3846684,77.0220391,503.0,2,2.0,,6,Semifurnished,Apartment,4850000.0,Gurgaon,S71076080
Sector 67A Gurgaon,28.4618719,77.05688,598.0,2,2.0,,6,Unfurnished,Apartment,2600000.0,Gurgaon,Y71043962
Dlf Phase 1,28.4765171,77.090194,2900.0,4,5.0,,1,Semifurnished,Independent/Builder Floor,53200000.0,Gurgaon,J70967658
Sector 107 Gurgaon,28.506941,76.9752137,549.0,2,2.0,,1,Semifurnished,Apartment,3800000.0,Gurgaon,V71310534
Sector 1 Imt Manesar,28.3671851,76.920669,1070.0,3,2.0,,2,Semifurnished,Apartment,5850000.0,Gurgaon,M71046384
Sector 61 Gurgaon,28.4110188,77.0963685,1549.0,3,3.0,,5,Semifurnished,Independent/Builder Floor,22500000.0,Gurgaon,U71150524
Sector 76 Gurgaon,28.3910112,76.9900243,1650.0,4,4.0,,5,Semifurnished,Apartment,45726300.0,Gurgaon,V71134542
Sector 76 Gurgaon,28.3910112,76.9900243,1356.0,3,3.0,,5,Semifurnished,Apartment,17200000.0,Gurgaon,J70013048
Sector 76 Gurgaon,28.3910112,76.9900243,2200.0,3,3.0,,5,Semifurnished,Apartment,28800000.0,Gurgaon,D71127980
Sector 76 Gurgaon,28.3910112,76.9900243,1600.0,3,3.0,,5,Semifurnished,Apartment,17221600.0,Gurgaon,X69439776
Sector 71 Gurgaon,28.3950557,77.0314336,1650.0,4,4.0,,1,Unknown,Apartment,13500000.0,Gurgaon,K70786580
Sector 62 Gurgaon,28.407697,77.0823781,1650.0,3,3.0,,6,Semifurnished,Apartment,39500000.0,Gurgaon,Q69731548
Sector 102 Gurgaon,28.4754872,76.9711747,1650.0,2,2.0,,5,Semifurnished,Apartment,15200000.0,Gurgaon,T71265884
Sector 73 Gurgaon,28.4088081,77.0161691,2100.0,4,4.0,,5,Semifurnished,Independent/Builder Floor,31200000.0,Gurgaon,E71623446
Sector 90 Gurgaon,28.4069974,76.9365562,1810.0,3,3.0,,1,Semifurnished,Apartment,12500000.0,Gurgaon,F71132572
Sector 82A Gurgaon,28.3881583,76.96273,1538.0,3,3.0,,1,Semifurnished,Apartment,21500000.0,Gurgaon,N71129472
C Block Sushant Lok Phase 1,28.4545693,77.0826249,2700.00000000027,4,4.0,,6,Semifurnished,Independent/Builder Floor,30000000.0,Gurgaon,U70155756
Sector 82A Gurgaon,28.3881583,76.96273,2500.0,4,4.0,,6,Semifurnished,Apartment,30000000.0,Gurgaon,F71787942
Sector 84 Gurgaon,28.4035469,76.9677894,2700.0,4,4.0,,5,Semifurnished,Independent/Builder Floor,22500000.0,Gurgaon,L71634792
Sector 70A Gurgaon,28.3846684,77.0220391,1900.0,3,3.0,,1,Semifurnished,Apartment,27000000.0,Gurgaon,E71611912
Sector 65 Gurgaon,28.4030162,77.0695893,1650.0,2,2.0,,5,Semifurnished,Apartment,16500000.0,Gurgaon,U71315558
Sector 111 Gurgaon,28.5222773,77.0336203,1650.0,4,4.0,,5,Semifurnished,Apartment,23000000.0,Gurgaon,Y70804818
Sector 111 Gurgaon,28.5222773,77.0336203,1650.0,3,3.0,,5,Semifurnished,Apartment,18164300.0,Gurgaon,Z70804684
Palam Vihar,28.4983353,77.0203007,1650.0,3,4.0,,2,Semifurnished,Apartment,15025000.0,Gurgaon,C68936042
Sector 45 Gurgaon,28.4449004,77.0663545,3000.0,4,4.0,,1,Semifurnished,Independent/Builder Floor,43000000.0,Gurgaon,M71601222
Sector 92 Gurgaon,28.4089049,76.9155232,2700.00000000027,4,4.0,,6,Semifurnished,Independent/Builder Floor,20400000.0,Gurgaon,F71518438
Sector 91 Gurgaon,28.4007588,76.9210802,1650.0,3,4.0,,1,Semifurnished,Apartment,16550000.0,Gurgaon,R71517948
Sector 65 Gurgaon,28.4030162,77.0695893,1650.0,3,3.0,,1,Semifurnished,Apartment,25000000.0,Gurgaon,H71462012
Dlf Phase 2,28.483901,77.0846097,2700.00000000027,3,3.0,,6,Unfurnished,Independent/Builder Floor,32500000.0,Gurgaon,F71238762
Malibu Town,28.4234344,77.0468649,1590.0,3,3.0,,6,Unfurnished,Independent/Builder Floor,20000000.0,Gurgaon,F71014146
Sector 72 Gurgaon,28.3943815,77.032363,2000.0,4,5.0,,6,Semifurnished,Apartment,37500000.0,Gurgaon,U70858140
Sector 65 Gurgaon,28.4030162,77.0695893,1650.0,4,6.0,,1,Unfurnished,Apartment,101000000.0,Gurgaon,G70971132
Sector 57 Gurgaon,28.4232478,77.0804487,1500.0,3,3.0,,1,Semifurnished,Apartment,14500000.0,Gurgaon,H67817320
Sector 63A Gurgaon,28.4618719,77.05688,3006.0000000003,4,3.0,,5,Unfurnished,Independent/Builder Floor,32500000.0,Gurgaon,F71228630
Sector 65 Gurgaon,28.4030162,77.0695893,3042.0000000003,3,4.0,,6,Unfurnished,Independent/Builder Floor,42500000.0,Gurgaon,I71228128
Sector 58 Gurgaon,28.4160012,77.1085564,1650.0,4,5.0,,1,Semifurnished,Apartment,53000000.0,Gurgaon,D71191140
Sector 58 Gurgaon,28.4160012,77.1085564,1500.0,3,4.0,,1,Semifurnished,Apartment,40000000.0,Gurgaon,M69300518
Sector 67 Gurgaon,28.3864052,77.0598046,1650.0,3,3.0,,2,Semifurnished,Apartment,29000000.0,Gurgaon,M69811068
Sector 59 Gurgaon,28.4030162,77.1066682,2988.0,3,4.0,,1,Semifurnished,Apartment,58000000.0,Gurgaon,D70083960
Sector 81 Gurgaon,28.3873647,76.9475835,776.0,2,2.0,,1,Semifurnished,Apartment,6200000.0,Gurgaon,O71114438
Gwal Pahari,28.4326344,77.1480585,1350.0,3,3.0,,5,Semifurnished,Independent/Builder Floor,6650000.0,Gurgaon,Q70992496
Gwal Pahari,28.4326344,77.1480585,1200.0,3,3.0,,5,Semifurnished,Independent/Builder Floor,7000000.0,Gurgaon,Y69995172
Sector 59 Gurgaon,28.4030162,77.1066682,2650.0,4,4.0,,5,Semifurnished,Apartment,75000000.0,Gurgaon,N71610596
Sector 93 Gurgaon,28.4156048,76.931638,1210.0,3,3.0,,5,Semifurnished,Apartment,14935000.0,Gurgaon,W71479890
Sector 63A Gurgaon,28.4618719,77.05688,750.0,2,2.0,,5,Unknown,Apartment,15435653.0,Gurgaon,E71448204
Sector 63A Gurgaon,28.4618719,77.05688,1000.0,3,3.0,,5,Semifurnished,Apartment,18467994.0,Gurgaon,W71447956
Sector 63A Gurgaon,28.4618719,77.05688,1100.0,3,3.0,,5,Semifurnished,Apartment,18965249.0,Gurgaon,T71447774
Sector 43 Gurgaon,28.4487856,77.0988212,1150.0,3,3.0,,3,Semifurnished,Apartment,15600000.0,Gurgaon,S71447282
Sector 48 Gurgaon,28.4104903,77.0394627,1650.0,3,4.0,,2,Semifurnished,Apartment,32000000.0,Gurgaon,K70847882
Sector 104 Gurgaon,28.4795324,76.9937197,2289.0,4,4.0,,5,Semifurnished,Apartment,34335000.0,Gurgaon,Q71755720
Sector 102 Gurgaon,28.4754872,76.9711747,1128.09,3,3.0,,6,Semifurnished,Apartment,22700000.0,Gurgaon,N71711610
Sector 106 Gurgaon,28.5060806,76.9967796,845.0,2,2.0,,1,Semifurnished,Apartment,11200000.0,Gurgaon,D71620894
Sector 102 Gurgaon,28.4754872,76.9711747,1022.58,3,3.0,,1,Semifurnished,Apartment,16900000.0,Gurgaon,C71620566
Sector 106 Gurgaon,28.5060806,76.9967796,1855.0,3,3.0,,5,Semifurnished,Apartment,26200000.0,Gurgaon,X71594776
Sector 86 Gurgaon,28.3981205,76.9411257,1620.0,2,2.0,,6,Semifurnished,Apartment,12000000.0,Gurgaon,B71397910
Sector 91 Gurgaon,28.4007588,76.9210802,1670.0,4,4.0,,5,Semifurnished,Independent/Builder Floor,15500000.0,Gurgaon,M71388902
Sector 91 Gurgaon,28.4007588,76.9210802,1972.0,4,4.0,,5,Semifurnished,Independent/Builder Floor,19000000.0,Gurgaon,R71388816
Sector 90 Gurgaon,28.4069974,76.9365562,3430.0,4,5.0,,1,Semifurnished,Independent/Builder Floor,28000000.0,Gurgaon,G71161514
Sector 91 Gurgaon,28.4007588,76.9210802,1650.0,4,4.0,,6,Semifurnished,Apartment,17500000.0,Gurgaon,F71028814
Sector 91 Gurgaon,28.4007588,76.9210802,1650.0,3,3.0,,6,Semifurnished,Apartment,15000000.0,Gurgaon,F71028732
Sector 42 Gurgaon,28.4487856,77.0988212,6402.0,4,4.0,,2,Semifurnished,Apartment,340000000.0,Gurgaon,Q68306438
Gwal Pahari,28.4326344,77.1480585,1030.0,2,2.0,,5,Semifurnished,Independent/Builder Floor,11845000.0,Gurgaon,L71164282
Dlf Phase 5,28.503445,77.0952048,1650.0,3,2.0,,3,Semifurnished,Apartment,21500000.0,Gurgaon,H71151146
Nirvana Country,28.4150509,77.0642955,1000.0,2,2.0,,2,Semifurnished,Independent/Builder Floor,11200000.0,Gurgaon,O71281412
Mayfield Garden,28.4227493,77.0705636,2100.0,3,3.0,,6,Semifurnished,Independent/Builder Floor,26000000.0,Gurgaon,D69042100
C Block Sushant Lok Phase 1,28.4545693,77.0826249,1650.0,4,4.0,,6,Semifurnished,Independent/Builder Floor,35000000.0,Gurgaon,D71654592
Dlf Phase 2,28.483901,77.0846097,1650.0,3,3.0,,6,Semifurnished,Independent/Builder Floor,36500000.0,Gurgaon,C71564546
C Block Sushant Lok Phase 1,28.4545693,77.0826249,1650.0,4,4.0,,6,Semifurnished,Independent/Builder Floor,46000000.0,Gurgaon,L71563958
Sector 113 Gurgaon,28.5286649,77.0250282,1650.0,3,3.0,,5,Semifurnished,Apartment,29500000.0,Gurgaon,R71516670
Sector 106 Gurgaon,28.5060806,76.9967796,1593.0,3,3.0,,5,Semifurnished,Independent/Builder Floor,19036350.0,Gurgaon,L71408646
Sector 108 Gurgaon,28.5128994,76.9823615,1650.0,3,3.0,,1,Semifurnished,Apartment,22500000.0,Gurgaon,R71269422
Sector 102 Gurgaon,28.4754872,76.9711747,1650.0,3,4.0,,1,Semifurnished,Apartment,19800000.0,Gurgaon,A71268866
Sector 109 Gurgaon,28.5109205,77.0065956,1650.0,3,4.0,,2,Semifurnished,Apartment,22500000.0,Gurgaon,G71268438
Sector 108 Gurgaon,28.5128994,76.9823615,1596.0,4,4.0,,5,Semifurnished,Apartment,41400000.0,Gurgaon,H71209624
Sector 57 Gurgaon,28.4232478,77.0804487,1320.0,3,4.0,,6,Semifurnished,Independent/Builder Floor,19000000.0,Gurgaon,V71413876
Sector 57 Gurgaon,28.4232478,77.0804487,1700.0,4,4.0,,6,Semifurnished,Independent/Builder Floor,25000000.0,Gurgaon,E71326812
Sector 53 Gurgaon,28.4487856,77.0988212,2200.0,3,4.0,,1,Semifurnished,Apartment,43000000.0,Gurgaon,Q70972026
Sector 67 Gurgaon,28.3864052,77.0598046,1650.0,3,3.0,,6,Semifurnished,Apartment,37500000.0,Gurgaon,L71270300
Sector 4 Gurgaon,28.4682659,77.0325424,2250.0,3,3.0,,1,Semifurnished,Independent/Builder Floor,15500000.0,Gurgaon,B70400590
Sector 54 Gurgaon,28.433569,77.1055815,1650.0,3,5.0,,2,Semifurnished,Apartment,85500000.0,Gurgaon,L65126806
Sector 76 Gurgaon,28.3910112,76.9900243,745.0,2,2.0,,5,Semifurnished,Apartment,6000000.0,Gurgaon,M71402420
Sector 79 Gurgaon,28.4618719,77.05688,854.0,2,2.0,,5,Semifurnished,Independent/Builder Floor,10526500.0,Gurgaon,O71349240
Sector 59 Gurgaon,28.4030162,77.1066682,1650.0,3,4.0,,2,Semifurnished,Apartment,32000000.0,Gurgaon,B70973878
Ardee City,28.4410412,77.0792079,1040.0,2,2.0,,2,Semifurnished,Independent/Builder Floor,9099000.0,Gurgaon,H70875084
Sector 108 Gurgaon,28.5128994,76.9823615,1512.05,3,5.0,,5,Semifurnished,Apartment,42000000.0,Gurgaon,H71298478
Sector 66 Gurgaon,28.3974292,77.0538823,1650.0,3,3.0,,5,Unfurnished,Apartment,40200000.0,Gurgaon,A71702724
Sector 37D Gurgaon,28.4480039,76.9697682,1440.0,3,3.0,,6,Unfurnished,Apartment,25800000.0,Gurgaon,D71568330
Sector 65 Gurgaon,28.4030162,77.0695893,1650.0,4,4.0,,1,Semifurnished,Apartment,90000000.0,Gurgaon,V71518672
Sector 108 Gurgaon,28.5128994,76.9823615,1211.0,3,3.0,,1,Semifurnished,Apartment,28900000.0,Gurgaon,R71455326
Sector 54 Gurgaon,28.433569,77.1055815,1650.0,4,4.0,,2,Semifurnished,Apartment,100000000.0,Gurgaon,L71304158
Sector 37C Gurgaon,28.4489095,76.9880502,1650.0,3,3.0,,5,Semifurnished,Apartment,12467000.0,Gurgaon,Q71203212
Sector 93 Gurgaon,28.4156048,76.931638,1450.0,3,3.0,,5,Semifurnished,Independent/Builder Floor,15500000.0,Gurgaon,O71177864
Sector-33 Sohna,28.3241636,77.0848644,1790.0,3,3.0,,1,Semifurnished,Apartment,18500000.0,Gurgaon,J70941136
Sector 70A Gurgaon,28.3846684,77.0220391,1650.0,2,2.0,,1,Semifurnished,Apartment,15200000.0,Gurgaon,M70898342
Sector 70A Gurgaon,28.3846684,77.0220391,1450.0,2,2.0,,6,Semifurnished,Apartment,13000000.0,Gurgaon,T70859014
Sector 63A Gurgaon,28.4618719,77.05688,1180.0,3,3.0,,5,Unfurnished,Apartment,24000000.0,Gurgaon,A70804268
Sector 90 Gurgaon,28.4069974,76.9365562,1500.0,3,3.0,,1,Semifurnished,Apartment,11000000.0,Gurgaon,H71801536
Sector 95 Gurgaon,28.4149443,76.9114892,720.0,2,2.0,,1,Semifurnished,Apartment,6200000.0,Gurgaon,S71796354
Sector 48 Gurgaon,28.4104903,77.0394627,2500.0,4,4.0,,1,Semifurnished,Independent/Builder Floor,27000000.0,Gurgaon,Y71675192
Sector 91 Gurgaon,28.4007588,76.9210802,1800.0,4,4.0,,2,Semifurnished,Apartment,17000000.0,Gurgaon,Q41321693
Sector 90 Gurgaon,28.4069974,76.9365562,1650.0,4,4.0,,1,Unknown,Apartment,17200000.0,Gurgaon,B46490839
Sector 91 Gurgaon,28.4007588,76.9210802,1490.0,3,3.0,,1,Semifurnished,Apartment,14500000.0,Gurgaon,I71664104
Sector 86 Gurgaon,28.3981205,76.9411257,2480.0,4,5.0,,1,Unfurnished,Apartment,36500000.0,Gurgaon,N71636560
Sector 84 Gurgaon,28.4035469,76.9677894,1650.0,3,4.0,,1,Semifurnished,Apartment,16000000.0,Gurgaon,H71612476
Sector 81 Gurgaon,28.3873647,76.9475835,2610.0,4,5.0,,1,Semifurnished,Apartment,34000000.0,Gurgaon,W71452228
Sector 86 Gurgaon,28.3981205,76.9411257,1650.0,3,3.0,,1,Semifurnished,Apartment,16100000.0,Gurgaon,U71408638
Sector 86 Gurgaon,28.3981205,76.9411257,2250.0,4,5.0,,6,Semifurnished,Apartment,13000000.0,Gurgaon,W71397536
Sector 86 Gurgaon,28.3981205,76.9411257,1650.0,3,3.0,,1,Semifurnished,Apartment,15500000.0,Gurgaon,I71392138
Sector 51 Gurgaon,28.4287011,77.0666877,1500.0,3,3.0,,3,Semifurnished,Independent/Builder Floor,16500000.0,Gurgaon,Z71260216
South City 1,28.4188433,77.0440293,1650.0,3,3.0,,1,Semifurnished,Independent/Builder Floor,24500000.0,Gurgaon,N71258036
Sector 95 Gurgaon,28.4149443,76.9114892,1120.0,2,2.0,,1,Unknown,Apartment,8000000.0,Gurgaon,T71038832
Sector 42 Gurgaon,28.4487856,77.0988212,1500.0,3,3.0,,6,Semifurnished,Independent/Builder Floor,18000000.0,Gurgaon,V71083722
Sector 83 Gurgaon,28.3963578,76.9654747,800.0,2,2.0,,1,Semifurnished,Independent/Builder Floor,6300000.0,Gurgaon,F70830486
Sector 82 Gurgaon,28.3932827,76.9545277,1660.0,3,3.0,,1,Semifurnished,Independent/Builder Floor,14000000.0,Gurgaon,K70828984
Sector 68 Gurgaon,28.388897,77.0459859,645.0,2,2.0,,5,Semifurnished,Apartment,4650000.0,Gurgaon,E70802340
Sohna,28.3241636,77.0848644,700.0,2,1.0,,5,Semifurnished,Apartment,3300000.0,Gurgaon,T46581957
Dlf Phase 2,28.483901,77.0846097,2025.0,4,4.0,,6,Semifurnished,Independent/Builder Floor,40000000.0,Gurgaon,V71783748
Sector 102 Gurgaon,28.4754872,76.9711747,1650.0,5,5.0,,1,Semifurnished,Apartment,47500000.0,Gurgaon,C71781884
Sector 113 Gurgaon,28.5286649,77.0250282,1650.0,3,4.0,,1,Semifurnished,Apartment,34000000.0,Gurgaon,M71778420
Sector 113 Gurgaon,28.5286649,77.0250282,1650.0,3,3.0,,1,Semifurnished,Apartment,28500000.0,Gurgaon,L71778318
Sector 113 Gurgaon,28.5286649,77.0250282,1650.0,2,2.0,,1,Semifurnished,Apartment,16000000.0,Gurgaon,T71774842
Sector 89 Gurgaon,28.4184455,76.9457567,1650.0,3,3.0,,5,Semifurnished,Apartment,13000000.0,Gurgaon,Q71762392
Sector 65 Gurgaon,28.4030162,77.0695893,1650.0,3,4.0,,5,Semifurnished,Apartment,30000000.0,Gurgaon,N71717024
Sector 70 Gurgaon,28.3947261,77.0223138,1161.0,3,5.0,,6,Unknown,Apartment,18000000.0,Gurgaon,B71700384
Sector 113 Gurgaon,28.5286649,77.0250282,2600.0,4,4.0,,5,Semifurnished,Apartment,32500000.0,Gurgaon,W71663352
Gwal Pahari,28.4326344,77.1480585,1650.0,3,3.0,,6,Semifurnished,Apartment,13900000.0,Gurgaon,Q71635470
Sector 60 Gurgaon,28.3985617,77.0978276,1650.0,2,2.0,,6,Semifurnished,Apartment,22500000.0,Gurgaon,B71634514
Sector 63A Gurgaon,28.4618719,77.05688,1620.0,3,3.0,,6,Semifurnished,Independent/Builder Floor,22500000.0,Gurgaon,C71615200
Sector 49 Gurgaon,28.4127374,77.0555164,2600.0,4,4.0,,6,Semifurnished,Independent/Builder Floor,51000000.0,Gurgaon,M71608478
Malibu Town,28.4234344,77.0468649,2000.0,4,4.0,,6,Semifurnished,Independent/Builder Floor,36000000.0,Gurgaon,M71607868
Sector 65 Gurgaon,28.4030162,77.0695893,1250.0,3,3.0,,6,Semifurnished,Independent/Builder Floor,20000000.0,Gurgaon,N71606786
Sector 63A Gurgaon,28.4618719,77.05688,1450.0,4,4.0,,6,Semifurnished,Independent/Builder Floor,26500000.0,Gurgaon,G71606642
Sector 63A Gurgaon,28.4618719,77.05688,1250.0,3,3.0,,5,Semifurnished,Independent/Builder Floor,19000000.0,Gurgaon,X71606584
Sector 58 Gurgaon,28.4160012,77.1085564,1650.0,3,4.0,,2,Semifurnished,Apartment,46000000.0,Gurgaon,V71585416
Sector 102 Gurgaon,28.4754872,76.9711747,1650.0,4,5.0,,1,Semifurnished,Apartment,30000000.0,Gurgaon,V71583450
Sector 102 Gurgaon,28.4754872,76.9711747,1650.0,3,3.0,,1,Semifurnished,Apartment,26000000.0,Gurgaon,P71583296
Sector 60 Gurgaon,28.3985617,77.0978276,921.0,2,3.0,,1,Unknown,Apartment,22000000.0,Gurgaon,Q71555418
Golf Course Ext Road,28.4007315,77.0242312,1550.0,3,3.0,,6,Semifurnished,Independent/Builder Floor,18900000.0,Gurgaon,T71503948
Sector 63A Gurgaon,28.4618719,77.05688,1560.0,4,4.0,,5,Semifurnished,Independent/Builder Floor,23000000.0,Gurgaon,R71490212
Sector 91 Gurgaon,28.4007588,76.9210802,1650.0,4,4.0,,5,Semifurnished,Apartment,17000000.0,Gurgaon,U71489996
Sector 66 Gurgaon,28.3974292,77.0538823,1650.0,2,3.0,,2,Unfurnished,Apartment,15500000.0,Gurgaon,E71474880
Dlf Phase 2,28.483901,77.0846097,1350.0,3,3.0,,6,Semifurnished,Independent/Builder Floor,26500000.0,Gurgaon,E71470792
Sector 50 Gurgaon,28.4268461,77.0584252,2430.0,4,4.0,,5,Semifurnished,Independent/Builder Floor,39500000.0,Gurgaon,E71462834
Malibu Town,28.4234344,77.0468649,1290.0,3,3.0,,6,Semifurnished,Independent/Builder Floor,23000000.0,Gurgaon,C71462256
Sector 67A Gurgaon,28.4618719,77.05688,1820.0,4,4.0,,6,Semifurnished,Independent/Builder Floor,20500000.0,Gurgaon,N71460932
Sector 108 Gurgaon,28.5128994,76.9823615,1900.0,4,4.0,,5,Semifurnished,Apartment,61000000.0,Gurgaon,D71458562
Malibu Town,28.4234344,77.0468649,1900.0,4,5.0,,6,Semifurnished,Independent/Builder Floor,36000000.0,Gurgaon,B71430374
Dlf Phase 2,28.483901,77.0846097,1300.0,3,3.0,,6,Semifurnished,Independent/Builder Floor,24500000.0,Gurgaon,R71428994
Sector 108 Gurgaon,28.5128994,76.9823615,1650.0,4,4.0,,5,Semifurnished,Apartment,44500000.0,Gurgaon,L69846146
Sector 104 Gurgaon,28.4795324,76.9937197,1082.2,3,3.0,,5,Semifurnished,Apartment,17100000.0,Gurgaon,V63145822
Sector 108 Gurgaon,28.5128994,76.9823615,1280.17,3,4.0,,6,Semifurnished,Apartment,31500000.0,Gurgaon,U63150760
Sector 108 Gurgaon,28.5128994,76.9823615,1111.44,3,3.0,,6,Semifurnished,Apartment,29000000.0,Gurgaon,B63146602
Sector 108 Gurgaon,28.5128994,76.9823615,848.2,2,2.0,,6,Semifurnished,Apartment,21000000.0,Gurgaon,L63146104
Sector 108 Gurgaon,28.5128994,76.9823615,1512.05,3,5.0,,6,Semifurnished,Apartment,41000000.0,Gurgaon,I63168984
Sector 76 Gurgaon,28.3910112,76.9900243,1672.0,3,3.0,,5,Semifurnished,Independent/Builder Floor,18000000.0,Gurgaon,Z71345744
Sector 82A Gurgaon,28.3881583,76.96273,1650.0,3,3.0,,2,Semifurnished,Apartment,24000000.0,Gurgaon,B71299800
Dlf Phase 2,28.483901,77.0846097,1800.0,3,3.0,,6,Semifurnished,Independent/Builder Floor,25000000.0,Gurgaon,Y71283816
Sector 26 Gurgaon,28.4779375,77.1032425,4500.0,4,4.0,,6,Semifurnished,Independent/Builder Floor,75000000.0,Gurgaon,N71262094
Sector 106 Gurgaon,28.5060806,76.9967796,1900.0,3,3.0,,5,Unfurnished,Apartment,15100000.0,Gurgaon,H71171370
Sector 111 Gurgaon,28.5222773,77.0336203,2670.0,4,4.0,,5,Unfurnished,Apartment,36600000.0,Gurgaon,S71169068
Sector 111 Gurgaon,28.5222773,77.0336203,2400.0,4,4.0,,5,Unfurnished,Apartment,33300000.0,Gurgaon,K71168904
Sector 111 Gurgaon,28.5222773,77.0336203,2170.0,3,3.0,,5,Unfurnished,Apartment,30000000.0,Gurgaon,W71168584
Sector 111 Gurgaon,28.5222773,77.0336203,1825.0,3,3.0,,5,Unfurnished,Apartment,25200000.0,Gurgaon,R71168080
Sector 112 Gurgaon,28.5203402,77.0188612,1900.0,3,3.0,,1,Semifurnished,Apartment,37900000.0,Gurgaon,K71156086
Sector 65 Gurgaon,28.4030162,77.0695893,1650.0,3,4.0,,2,Semifurnished,Apartment,55000000.0,Gurgaon,J71142348
Sector 54 Gurgaon,28.433569,77.1055815,1400.0,3,3.0,,3,Semifurnished,Independent/Builder Floor,18000000.0,Gurgaon,S71129734
Sector 107 Gurgaon,28.506941,76.9752137,2100.0,4,5.0,,1,Semifurnished,Apartment,22100000.0,Gurgaon,J71128708
Sector 107 Gurgaon,28.506941,76.9752137,1800.0,3,4.0,,1,Semifurnished,Apartment,17500000.0,Gurgaon,E71128244
Sector 107 Gurgaon,28.506941,76.9752137,1500.0,3,3.0,,1,Semifurnished,Apartment,14600000.0,Gurgaon,V71128136
Sector 107 Gurgaon,28.506941,76.9752137,1056.0,2,2.0,,1,Semifurnished,Apartment,11700000.0,Gurgaon,W71128002
Sector 107 Gurgaon,28.506941,76.9752137,1100.0,2,2.0,,1,Semifurnished,Apartment,9700000.0,Gurgaon,Q71127842
Sector 59 Gurgaon,28.4030162,77.1066682,3025.0,3,4.0,,1,Semifurnished,Apartment,57000000.0,Gurgaon,B71058218
Sector 65 Gurgaon,28.4030162,77.0695893,3525.0,3,3.0,,5,Unfurnished,Apartment,75700000.0,Gurgaon,X71016574
Sector 63 Gurgaon,28.3964476,77.086498,1650.0,3,4.0,,2,Semifurnished,Apartment,29000000.0,Gurgaon,P71010040
Sector 93 Gurgaon,28.4156048,76.931638,1650.0,3,3.0,,5,Semifurnished,Independent/Builder Floor,13200000.0,Gurgaon,C70967666
Sector 42 Gurgaon,28.4487856,77.0988212,1650.0,4,4.0,,2,Semifurnished,Apartment,320000000.0,Gurgaon,Y70939310
Sushant Lok Phase 1,28.4545693,77.0826249,3000.0,4,4.0,,6,Semifurnished,Independent/Builder Floor,50000000.0,Gurgaon,A70935102
Sector 66 Gurgaon,28.3974292,77.0538823,1650.0,4,4.0,,1,Unfurnished,Apartment,75000000.0,Gurgaon,B70923128
Sector 59 Gurgaon,28.4030162,77.1066682,3025.0,3,3.0,,5,Semifurnished,Apartment,40000000.0,Gurgaon,V70913582
Sector 102 Gurgaon,28.4754872,76.9711747,1022.58,3,3.0,,1,Semifurnished,Apartment,14500000.0,Gurgaon,T70853990
Sector 60 Gurgaon,28.3985617,77.0978276,1650.0,5,5.0,,1,Semifurnished,Apartment,74900000.0,Gurgaon,D70801930
Sector 60 Gurgaon,28.3985617,77.0978276,1650.0,4,5.0,,6,Semifurnished,Apartment,45000000.0,Gurgaon,M70801488
Sector 60 Gurgaon,28.3985617,77.0978276,1650.0,4,5.0,,6,Semifurnished,Apartment,44800000.0,Gurgaon,Q70801328
Sector 60 Gurgaon,28.3985617,77.0978276,1650.0,4,5.0,,6,Semifurnished,Apartment,44500000.0,Gurgaon,X70801202
Sector 60 Gurgaon,28.3985617,77.0978276,2100.0,4,5.0,,1,Semifurnished,Apartment,45700000.0,Gurgaon,U70799794
Sector 60 Gurgaon,28.3985617,77.0978276,2100.0,4,4.0,,1,Semifurnished,Apartment,45400000.0,Gurgaon,C70799642
Sector 54 Gurgaon,28.433569,77.1055815,1650.0,3,3.0,,2,Semifurnished,Apartment,46000000.0,Gurgaon,T70773428
Sector 54 Gurgaon,28.433569,77.1055815,2700.0,4,4.0,,2,Semifurnished,Apartment,59000000.0,Gurgaon,N70012136
Sector 72 Gurgaon,28.3943815,77.032363,1675.0,3,3.0,,1,Semifurnished,Apartment,42500000.0,Gurgaon,P66538556
Sector 72 Gurgaon,28.3943815,77.032363,1890.0,4,5.0,,1,Semifurnished,Apartment,42500000.0,Gurgaon,Q66538860
Sector 62 Gurgaon,28.407697,77.0823781,2567.0,3,3.0,,5,Semifurnished,Apartment,41000000.0,Gurgaon,U66192732
Sector 67 Gurgaon,28.3864052,77.0598046,1650.0,3,5.0,,2,Semifurnished,Apartment,39000000.0,Gurgaon,J70878964
Sector 62 Gurgaon,28.407697,77.0823781,1650.0,3,3.0,,6,Semifurnished,Apartment,44000000.0,Gurgaon,X70878748
Sector 37D Gurgaon,28.4480039,76.9697682,1650.0,3,3.0,,5,Unknown,Independent/Builder Floor,7300000.0,Gurgaon,D57206844
Sector 37D Gurgaon,28.4480039,76.9697682,1650.0,2,2.0,,5,Semifurnished,Independent/Builder Floor,5800000.0,Gurgaon,J57206712
Sohna,28.3241636,77.0848644,1650.0,3,2.0,,6,Semifurnished,Apartment,5290000.0,Gurgaon,C44922977
Sector 43 Gurgaon,28.4487856,77.0988212,1836.00000000018,3,3.0,,6,Semifurnished,Independent/Builder Floor,17000000.0,Gurgaon,H67655464
Sector 65 Gurgaon,28.4030162,77.0695893,1500.0,3,3.0,,5,Semifurnished,Apartment,35000000.0,Gurgaon,B71669458
Sector 83 Gurgaon,28.3963578,76.9654747,1650.0,3,3.0,,1,Unfurnished,Apartment,15172500.0,Gurgaon,B71651500
Gwal Pahari,28.4326344,77.1480585,920.0,3,3.0,,5,Semifurnished,Apartment,13000000.0,Gurgaon,R71620818
Sector 83 Gurgaon,28.3963578,76.9654747,1100.0,2,2.0,,1,Semifurnished,Apartment,10500000.0,Gurgaon,Z71619728
Sector 85 Gurgaon,28.3985762,76.9547447,1650.0,4,5.0,,6,Semifurnished,Apartment,24000000.0,Gurgaon,S69338040
Sector 63A Gurgaon,28.4618719,77.05688,1780.0,4,3.0,,6,Semifurnished,Independent/Builder Floor,19900000.0,Gurgaon,F71504958
Sector 54 Gurgaon,28.433569,77.1055815,2917.0,4,4.0,,2,Semifurnished,Apartment,72400000.0,Gurgaon,E71390434
Sector 59 Gurgaon,28.4030162,77.1066682,3395.0,4,4.0,,5,Semifurnished,Apartment,72500000.0,Gurgaon,K71390060
Sector 65 Gurgaon,28.4030162,77.0695893,3850.0,3,3.0,,2,Semifurnished,Apartment,65000000.0,Gurgaon,X71389926
Sector 73 Gurgaon,28.4088081,77.0161691,4842.00000000048,4,4.0,,2,Semifurnished,Independent/Builder Floor,52500000.0,Gurgaon,H71389656
Sector 60 Gurgaon,28.3985617,77.0978276,1524.0,2,2.0,,2,Semifurnished,Apartment,22000000.0,Gurgaon,C68734168
Sector 42 Gurgaon,28.4487856,77.0988212,6400.0,4,4.0,,2,Semifurnished,Apartment,290000000.0,Gurgaon,S69993002
Sector 81 Gurgaon,28.3873647,76.9475835,1650.0,4,4.0,,6,Semifurnished,Apartment,35900000.0,Gurgaon,N71217240
South City 1,28.4188433,77.0440293,2000.0,4,4.0,,6,Semifurnished,Independent/Builder Floor,28000000.0,Gurgaon,O71213810
Dlf Phase 1,28.4765171,77.090194,1650.0,4,4.0,,6,Semifurnished,Independent/Builder Floor,37000000.0,Gurgaon,N69552880
Sector 63A Gurgaon,28.4618719,77.05688,1700.0,4,3.0,,5,Semifurnished,Independent/Builder Floor,18000000.0,Gurgaon,W70768628
Sector 50 Gurgaon,28.4268461,77.0584252,1650.0,3,3.0,,3,Semifurnished,Apartment,14000000.0,Gurgaon,P70622646
Sector 109 Gurgaon,28.5109205,77.0065956,1650.0,3,3.0,,2,Semifurnished,Apartment,13000000.0,Gurgaon,G58890496
Gwal Pahari,28.4326344,77.1480585,1340.0,3,3.0,,1,Semifurnished,Apartment,15000000.0,Gurgaon,W69855192
Sector 53 Gurgaon,28.4487856,77.0988212,1638.0,3,3.0,,5,Semifurnished,Apartment,50578000.0,Gurgaon,P71031662
Dlf Phase 2,28.483901,77.0846097,2250.0,4,4.0,,2,Unfurnished,Apartment,33000000.0,Gurgaon,H69572234
Sector 42 Gurgaon,28.4487856,77.0988212,1650.0,4,4.0,,2,Unfurnished,Apartment,320000000.0,Gurgaon,X71427746
Gwal Pahari,28.4326344,77.1480585,1650.0,4,4.0,,1,Semifurnished,Apartment,92000000.0,Gurgaon,V71386832
Sector 66 Gurgaon,28.3974292,77.0538823,1900.0,4,4.0,,2,Semifurnished,Apartment,34000000.0,Gurgaon,C71297602
Sector 37C Gurgaon,28.4489095,76.9880502,1650.0,3,3.0,,6,Semifurnished,Apartment,12600000.0,Gurgaon,Y71696366
Sector 54 Gurgaon,28.433569,77.1055815,2080.0,3,5.0,,6,Semifurnished,Apartment,87200000.0,Gurgaon,O71683340
Sector 67 Gurgaon,28.3864052,77.0598046,1070.0,2,2.0,,1,Semifurnished,Apartment,20500000.0,Gurgaon,T71642546
Sector 68 Gurgaon,28.388897,77.0459859,950.0,3,3.0,,1,Semifurnished,Apartment,16000000.0,Gurgaon,F71553458
Sector 68 Gurgaon,28.388897,77.0459859,950.0,2,2.0,,1,Semifurnished,Apartment,10700000.0,Gurgaon,W71481310
Sector 110 A Gurgaon,28.5069625,77.018321,1329.0,3,2.0,,2,Semifurnished,Apartment,13800000.0,Gurgaon,U71460356
Sector 66 Gurgaon,28.3974292,77.0538823,1025.0,2,2.0,,1,Semifurnished,Apartment,17900000.0,Gurgaon,E71455928
Sector 26 Gurgaon,28.4779375,77.1032425,3340.0,4,5.0,,6,Semifurnished,Independent/Builder Floor,55000000.0,Gurgaon,O71454626
Sector 72 Gurgaon,28.3943815,77.032363,1580.0,3,3.0,,1,Unknown,Apartment,17200000.0,Gurgaon,Z71440360
Sector 72 Gurgaon,28.3943815,77.032363,2350.0,4,5.0,,1,Semifurnished,Apartment,24000000.0,Gurgaon,B71440278
Sector 72 Gurgaon,28.3943815,77.032363,3256.0,4,6.0,,1,Semifurnished,Apartment,32500000.0,Gurgaon,L71440180
Malibu Town,28.4234344,77.0468649,1650.0,3,3.0,,2,Semifurnished,Independent/Builder Floor,16500000.0,Gurgaon,R71386026
Malibu Town,28.4234344,77.0468649,1650.0,4,4.0,,2,Semifurnished,Independent/Builder Floor,18000000.0,Gurgaon,B71371374
Sector 65 Gurgaon,28.4030162,77.0695893,4030.0,4,4.0,,1,Semifurnished,Apartment,114900000.0,Gurgaon,G71339218
Sector 48 Gurgaon,28.4104903,77.0394627,1750.0,4,4.0,,2,Semifurnished,Apartment,27500000.0,Gurgaon,G71293670
Sector-33 Sohna,28.3241636,77.0848644,1650.0,3,3.0,,6,Semifurnished,Apartment,17500000.0,Gurgaon,Q71269164
Sector-33 Sohna,28.3241636,77.0848644,1650.0,3,3.0,,6,Semifurnished,Apartment,22400000.0,Gurgaon,T71269060
Sector-33 Sohna,28.3241636,77.0848644,1650.0,4,4.0,,6,Semifurnished,Apartment,26000000.0,Gurgaon,C71268914
Sector-33 Sohna,28.3241636,77.0848644,1650.0,3,3.0,,6,Semifurnished,Apartment,16500000.0,Gurgaon,Q71268702
Sector-33 Sohna,28.3241636,77.0848644,1650.0,3,3.0,,6,Semifurnished,Apartment,17500000.0,Gurgaon,B71268202
Sector 45 Gurgaon,28.4449004,77.0663545,1650.0,4,4.0,,6,Semifurnished,Independent/Builder Floor,45000000.0,Gurgaon,Y69480572
Sector-33 Sohna,28.3241636,77.0848644,1650.0,3,3.0,,6,Semifurnished,Apartment,17000000.0,Gurgaon,P69630072
Sector 45 Gurgaon,28.4449004,77.0663545,4860.00000000048,4,4.0,,6,Semifurnished,Independent/Builder Floor,42500000.0,Gurgaon,B64607256
Greenwood City,28.4449095,77.0611408,1650.0,4,4.0,,6,Semifurnished,Independent/Builder Floor,49000000.0,Gurgaon,O69165744
South City 2,28.4188806,77.0439211,1650.0,4,4.0,,6,Semifurnished,Independent/Builder Floor,28000000.0,Gurgaon,J66839398
Sector-33 Sohna,28.3241636,77.0848644,1650.0,3,3.0,,6,Semifurnished,Apartment,16200000.0,Gurgaon,W69786790
Sector-33 Sohna,28.3241636,77.0848644,1650.0,3,3.0,,6,Semifurnished,Apartment,16500000.0,Gurgaon,Y65694492
Sector 47 Gurgaon,28.4268461,77.0584252,1650.0,4,5.0,,1,Semifurnished,Independent/Builder Floor,50000000.0,Gurgaon,A69229830
Sector 48 Gurgaon,28.4104903,77.0394627,1920.0,3,4.0,,2,Semifurnished,Apartment,26500000.0,Gurgaon,E71195114
Sector 72 Gurgaon,28.3943815,77.032363,2366.0,4,5.0,,1,Semifurnished,Apartment,25000000.0,Gurgaon,Y71128170
Sector 102 Gurgaon,28.4754872,76.9711747,450.0,2,2.0,,1,Semifurnished,Apartment,3650000.0,Gurgaon,V71095802
Sector 102 Gurgaon,28.4754872,76.9711747,362.0,1,2.0,,1,Semifurnished,Apartment,2450000.0,Gurgaon,J71068856
Sector 66 Gurgaon,28.3974292,77.0538823,1650.0,4,4.0,,2,Semifurnished,Apartment,60000000.0,Gurgaon,I69451748
Sector 48 Gurgaon,28.4104903,77.0394627,1650.0,3,3.0,,6,Semifurnished,Independent/Builder Floor,15500000.0,Gurgaon,T70915142
Sector 110 A Gurgaon,28.5069625,77.018321,1650.0,3,3.0,,2,Semifurnished,Apartment,19900000.0,Gurgaon,Z68289102
Dlf Phase 5,28.503445,77.0952048,2280.0,4,5.0,,2,Semifurnished,Apartment,58000000.0,Gurgaon,N70851828
Dlf Phase 4,28.4919048,77.0937804,1777.0,3,4.0,,2,Semifurnished,Apartment,24000000.0,Gurgaon,V70845404
Sector 54 Gurgaon,28.433569,77.1055815,3200.0,4,4.0,,2,Semifurnished,Independent/Builder Floor,43500000.0,Gurgaon,P70842920
Malibu Town,28.4234344,77.0468649,1650.0,3,3.0,,2,Semifurnished,Independent/Builder Floor,14000000.0,Gurgaon,J69682332
Sector-33 Sohna,28.3241636,77.0848644,1650.0,3,3.0,,6,Semifurnished,Independent/Builder Floor,11500000.0,Gurgaon,S69631318
Sector 37D Gurgaon,28.4480039,76.9697682,990.0,2,2.0,,5,Unfurnished,Independent/Builder Floor,9328368.0,Gurgaon,I70152960
Sector 93 Gurgaon,28.4156048,76.931638,1000.0,3,2.0,,5,Unfurnished,Independent/Builder Floor,12006750.0,Gurgaon,F70152056
Sector 92 Gurgaon,28.4089049,76.9155232,800.0,3,2.0,,5,Semifurnished,Independent/Builder Floor,7500000.0,Gurgaon,M65310668
Sector 48 Gurgaon,28.4104903,77.0394627,3643.0,4,4.0,,3,Semifurnished,Apartment,43000000.0,Gurgaon,U71502444
Valley View Estate,28.4358878,77.1365212,1024.0,2,2.0,,3,Semifurnished,Apartment,7500000.0,Gurgaon,Q71496244
Sector 50 Gurgaon,28.4268461,77.0584252,1300.0,2,2.0,,3,Semifurnished,Independent/Builder Floor,9000000.0,Gurgaon,W71457350
Sector 108 Gurgaon,28.5128994,76.9823615,1650.0,3,4.0,,5,Semifurnished,Apartment,34202850.0,Gurgaon,O71445774
Sector 50 Gurgaon,28.4268461,77.0584252,1580.0,3,2.0,,2,Semifurnished,Independent/Builder Floor,10500000.0,Gurgaon,V71438432
Sector 76 Gurgaon,28.3910112,76.9900243,2200.0,3,3.0,,5,Unfurnished,Apartment,40000000.0,Gurgaon,C71416732
Sector 76 Gurgaon,28.3910112,76.9900243,3000.0,4,4.0,,5,Unfurnished,Apartment,54000000.0,Gurgaon,Z71416610
Sector 50 Gurgaon,28.4268461,77.0584252,1700.0,3,3.0,,1,Semifurnished,Independent/Builder Floor,13500000.0,Gurgaon,L71414036
Sector 50 Gurgaon,28.4268461,77.0584252,1800.0,3,3.0,,2,Semifurnished,Independent/Builder Floor,15000000.0,Gurgaon,U71413932
Sector 66 Gurgaon,28.3974292,77.0538823,1760.0,3,3.0,,1,Semifurnished,Apartment,32500000.0,Gurgaon,F71317508
Sector 63A Gurgaon,28.4618719,77.05688,1200.0,3,3.0,,1,Semifurnished,Independent/Builder Floor,22000000.0,Gurgaon,V71252422
Sector 67 Gurgaon,28.3864052,77.0598046,1500.0,3,3.0,,1,Semifurnished,Apartment,34500000.0,Gurgaon,D71150262
Sector 88A Gurgaon,28.4337898,76.9539433,1650.0,2,2.0,,1,Semifurnished,Apartment,12000000.0,Gurgaon,L67399480
Sector 50 Gurgaon,28.4268461,77.0584252,2100.0,3,3.0,,3,Semifurnished,Independent/Builder Floor,16000000.0,Gurgaon,J70980642
Sector 89 A Gurgaon,28.4184455,76.9457567,1650.0,3,4.0,,6,Semifurnished,Apartment,19000000.0,Gurgaon,A70961878
Sector 76 Gurgaon,28.3910112,76.9900243,2700.0,3,3.0,,5,Semifurnished,Apartment,38500000.0,Gurgaon,T70961832
New Golf Course Ext Road,28.3950687,77.0314323,1138.0,2,3.0,,5,Semifurnished,Independent/Builder Floor,10400000.0,Gurgaon,G70881358
Sector 74 Gurgaon,28.4110081,77.0101209,1200.0,2,2.0,,6,Semifurnished,Apartment,16000000.0,Gurgaon,U69309998
Sector 90 Gurgaon,28.4069974,76.9365562,2300.0,4,4.0,,1,Semifurnished,Apartment,15500000.0,Gurgaon,T71028776
Sector 90 Gurgaon,28.4069974,76.9365562,2285.0,4,4.0,,1,Semifurnished,Apartment,19000000.0,Gurgaon,I71028600
Sector 91 Gurgaon,28.4007588,76.9210802,1670.0,4,4.0,,5,Semifurnished,Independent/Builder Floor,16000000.0,Gurgaon,V71028450
Sector 91 Gurgaon,28.4007588,76.9210802,3027.0,5,4.0,,5,Semifurnished,Independent/Builder Floor,27500000.0,Gurgaon,F71028152
Sector 65 Gurgaon,28.4030162,77.0695893,1650.0,3,4.0,,1,Semifurnished,Apartment,57500000.0,Gurgaon,G61244646
Sector 65 Gurgaon,28.4030162,77.0695893,1650.0,3,4.0,,1,Semifurnished,Apartment,51000000.0,Gurgaon,C63181164
Sector 48 Gurgaon,28.4104903,77.0394627,1650.0,3,3.0,,2,Semifurnished,Apartment,64000000.0,Gurgaon,A71240864
Sector 61 Gurgaon,28.4110188,77.0963685,1400.0,3,4.0,,2,Semifurnished,Apartment,25000000.0,Gurgaon,S71528502
Sector 66 Gurgaon,28.3974292,77.0538823,1650.0,2,2.0,,1,Semifurnished,Apartment,20000000.0,Gurgaon,D71360394
Sector 108 Gurgaon,28.5128994,76.9823615,1596.0,4,4.0,,5,Semifurnished,Apartment,37883089.0,Gurgaon,X71058174
Sector 112 Gurgaon,28.5203402,77.0188612,4800.0,4,4.0,,2,Semifurnished,Apartment,57600000.0,Gurgaon,Y69896950
Sector 65 Gurgaon,28.4030162,77.0695893,1650.0,4,4.0,,5,Semifurnished,Apartment,110000000.0,Gurgaon,T70804592
Sector 90 Gurgaon,28.4069974,76.9365562,1650.0,3,3.0,,1,Semifurnished,Apartment,15000000.0,Gurgaon,S44698755
Sector 90 Gurgaon,28.4069974,76.9365562,1650.0,4,4.0,,1,Semifurnished,Apartment,16500000.0,Gurgaon,P44401719
Sohna,28.3241636,77.0848644,1350.0,3,3.0,,5,Semifurnished,Independent/Builder Floor,34500000.0,Gurgaon,D71780418
Sector 70A Gurgaon,28.3846684,77.0220391,1000.0,2,2.0,,5,Semifurnished,Apartment,15070000.0,Gurgaon,Z71704042
Sector 50 Gurgaon,28.4268461,77.0584252,1800.0,4,4.0,,2,Semifurnished,Apartment,32500000.0,Gurgaon,F71688682
Sector 47 Gurgaon,28.4268461,77.0584252,1350.0,3,3.0,,2,Unfurnished,Independent/Builder Floor,16000000.0,Gurgaon,O69379854
Sector 65 Gurgaon,28.4030162,77.0695893,2000.0,3,3.0,,6,Unfurnished,Apartment,60564000.0,Gurgaon,R70418636
Dlf Phase 2,28.483901,77.0846097,1850.0,4,5.0,,1,Semifurnished,Independent/Builder Floor,37500000.0,Gurgaon,G71327144
Dlf Phase 5,28.503445,77.0952048,1650.0,4,5.0,,2,Semifurnished,Apartment,62000000.0,Gurgaon,Y71171896
Dlf Phase 5,28.503445,77.0952048,1664.0,4,5.0,,2,Semifurnished,Apartment,51000000.0,Gurgaon,T71171744
Dlf Phase 5,28.503445,77.0952048,1650.0,4,5.0,,2,Semifurnished,Apartment,58000000.0,Gurgaon,R71171640
Sector 104 Gurgaon,28.4795324,76.9937197,735.0,3,2.0,,5,Semifurnished,Apartment,2812000.0,Gurgaon,R63062684
Sector 104 Gurgaon,28.4795324,76.9937197,860.0,3,2.0,,5,Semifurnished,Apartment,2800000.0,Gurgaon,Z68224158
Sector 48 Gurgaon,28.4104903,77.0394627,1650.0,5,7.0,,2,Semifurnished,Apartment,40000000.0,Gurgaon,Z68430628
Dlf Phase 3,28.4919048,77.0937804,1650.0,5,5.0,,1,Semifurnished,Apartment,158000000.0,Gurgaon,O71600816
Sector 70A Gurgaon,28.3846684,77.0220391,1650.0,3,3.0,,6,Semifurnished,Apartment,19000000.0,Gurgaon,F71709732
Sector 67 Gurgaon,28.3864052,77.0598046,1650.0,3,3.0,,1,Semifurnished,Apartment,35000000.0,Gurgaon,W71708200
Sector 92 Gurgaon,28.4089049,76.9155232,1650.0,3,3.0,,1,Semifurnished,Apartment,15000000.0,Gurgaon,B71708092
Sector 93 Gurgaon,28.4156048,76.931638,1205.0,3,3.0,,5,Semifurnished,Apartment,15000000.0,Gurgaon,I71708056
Sector 82 Gurgaon,28.3932827,76.9545277,1650.0,3,3.0,,2,Semifurnished,Apartment,12000000.0,Gurgaon,O71708044
Sector 37D Gurgaon,28.4480039,76.9697682,1650.0,3,3.0,,6,Semifurnished,Apartment,12500000.0,Gurgaon,N71707966
Sector 77 Gurgaon,28.3832337,76.982557,1177.0,3,4.0,,2,Semifurnished,Apartment,13000000.0,Gurgaon,X71707860
Sector 85 Gurgaon,28.3985762,76.9547447,1650.0,3,4.0,,1,Semifurnished,Apartment,23000000.0,Gurgaon,J71707788
Sector 81 Gurgaon,28.3873647,76.9475835,1650.0,3,4.0,,1,Semifurnished,Apartment,22000000.0,Gurgaon,F71707754
Sector 22 Gurgaon,28.4947315,77.0691703,1650.0,3,5.0,,1,Semifurnished,Apartment,50000000.0,Gurgaon,X71667840
Sector 81 Gurgaon,28.3873647,76.9475835,1650.0,3,4.0,,6,Semifurnished,Apartment,25000000.0,Gurgaon,S71667778
Sector 104 Gurgaon,28.4795324,76.9937197,1650.0,3,4.0,,1,Semifurnished,Apartment,30000000.0,Gurgaon,A71667680
Nirvana Country,28.4150509,77.0642955,2700.0,4,4.0,,6,Semifurnished,Independent/Builder Floor,27000000.0,Gurgaon,M71568710
Sector 54 Gurgaon,28.433569,77.1055815,1750.0,3,3.0,,6,Semifurnished,Independent/Builder Floor,18800000.0,Gurgaon,V71547524
Sector 52 Gurgaon,28.4368166,77.0795276,1950.0,3,3.0,,6,Semifurnished,Independent/Builder Floor,17700000.0,Gurgaon,U71541338
Sector 65 Gurgaon,28.4030162,77.0695893,2000.0,3,3.0,,6,Semifurnished,Independent/Builder Floor,18500000.0,Gurgaon,F71541220
Dlf Phase 4,28.4919048,77.0937804,2300.0,4,4.0,,5,Semifurnished,Independent/Builder Floor,51510000.0,Gurgaon,G63011088
Dlf Phase 3,28.4919048,77.0937804,1650.0,4,5.0,,6,Semifurnished,Independent/Builder Floor,56500000.0,Gurgaon,R71494786
Sector 37D Gurgaon,28.4480039,76.9697682,1050.0,3,2.0,,5,Semifurnished,Apartment,10200000.0,Gurgaon,B65310330
Block K South City 1,28.4521251,77.0631645,3240.00000000032,4,4.0,,1,Semifurnished,Independent/Builder Floor,40000000.0,Gurgaon,O69895694
Sector 89 Gurgaon,28.4184455,76.9457567,1909.0,4,4.0,,1,Semifurnished,Apartment,15000000.0,Gurgaon,Q70094262
Sector 103 Gurgaon,28.493087,76.9866453,1358.0,3,4.0,,1,Semifurnished,Apartment,11543000.0,Gurgaon,K68612264
Sector 85 Gurgaon,28.3985762,76.9547447,1650.0,2,2.0,,6,Semifurnished,Apartment,13000000.0,Gurgaon,A70426844
Dlf Phase 3,28.4919048,77.0937804,2500.0,3,3.0,,2,Semifurnished,Apartment,39500000.0,Gurgaon,U69808126
Sector 63 Gurgaon,28.3964476,77.086498,1650.0,3,3.0,,6,Semifurnished,Independent/Builder Floor,28500000.0,Gurgaon,H71457884
Sector 113 Gurgaon,28.5286649,77.0250282,1650.0,3,4.0,,1,Semifurnished,Apartment,31500000.0,Gurgaon,N71384494
Palam Vihar,28.4983353,77.0203007,1650.0,3,3.0,,1,Semifurnished,Independent/Builder Floor,24000000.0,Gurgaon,O69235958
Palam Vihar,28.4983353,77.0203007,1678.0,3,3.0,,1,Semifurnished,Independent/Builder Floor,21300000.0,Gurgaon,B69237176
Sector 37D Gurgaon,28.4480039,76.9697682,1650.0,3,3.0,,1,Semifurnished,Apartment,7500000.0,Gurgaon,I71094924
Sector 63 Gurgaon,28.3964476,77.086498,3950.0,3,3.0,,5,Semifurnished,Apartment,77000000.0,Gurgaon,L71087420
Sector 37D Gurgaon,28.4480039,76.9697682,3200.0,3,3.0,,0,Semifurnished,Apartment,22000000.0,Gurgaon,L71050334
Sector 104 Gurgaon,28.4795324,76.9937197,1712.0,3,3.0,,1,Unfurnished,Apartment,25000000.0,Gurgaon,B70973420
Sector 108 Gurgaon,28.5128994,76.9823615,2003.0,3,2.0,,1,Unfurnished,Apartment,19800000.0,Gurgaon,B70835554
Sector 60 Gurgaon,28.3985617,77.0978276,1050.0,2,2.0,,1,Semifurnished,Apartment,20000000.0,Gurgaon,X46141947
Sector 53 Gurgaon,28.4487856,77.0988212,1650.0,3,4.0,,2,Semifurnished,Apartment,55000000.0,Gurgaon,E71609242
Sector 48 Gurgaon,28.4104903,77.0394627,1650.0,3,3.0,,6,Semifurnished,Independent/Builder Floor,17500000.0,Gurgaon,E71413404
Sector 42 Gurgaon,28.4487856,77.0988212,6400.0,4,4.0,,2,Semifurnished,Apartment,300000000.0,Gurgaon,T69993062
Sector 42 Gurgaon,28.4487856,77.0988212,6400.0,4,4.0,,2,Semifurnished,Apartment,320000000.0,Gurgaon,K69993126
Sector 108 Gurgaon,28.5128994,76.9823615,1140.98,3,4.0,,1,Semifurnished,Apartment,18500000.0,Gurgaon,S64291068
Sector 109 Gurgaon,28.5109205,77.0065956,1650.0,4,3.0,,1,Semifurnished,Apartment,16800000.0,Gurgaon,P58857756
Sector 42 Gurgaon,28.4487856,77.0988212,7400.0,4,4.0,,2,Semifurnished,Apartment,450000000.0,Gurgaon,M69993222
Sector 53 Gurgaon,28.4487856,77.0988212,1650.0,4,4.0,,3,Semifurnished,Apartment,59500000.0,Gurgaon,S68729098
Sector 53 Gurgaon,28.4487856,77.0988212,1650.0,3,4.0,,2,Semifurnished,Apartment,40500000.0,Gurgaon,Y69412448
Sector 53 Gurgaon,28.4487856,77.0988212,1650.0,3,4.0,,2,Semifurnished,Apartment,39500000.0,Gurgaon,W69412636
Sector 82 Gurgaon,28.3932827,76.9545277,928.0,2,2.0,,2,Semifurnished,Independent/Builder Floor,7000000.0,Gurgaon,O70882302
Sector 53 Gurgaon,28.4487856,77.0988212,1650.0,3,4.0,,3,Semifurnished,Apartment,55000000.0,Gurgaon,J70340828
Sector 53 Gurgaon,28.4487856,77.0988212,1650.0,3,4.0,,3,Semifurnished,Apartment,43500000.0,Gurgaon,N70339400
Sector 53 Gurgaon,28.4487856,77.0988212,2725.0,3,4.0,,3,Semifurnished,Apartment,40500000.0,Gurgaon,W70339180
Sector 53 Gurgaon,28.4487856,77.0988212,1650.0,3,4.0,,3,Semifurnished,Apartment,39000000.0,Gurgaon,K70339014
Sector 70 Gurgaon,28.3947261,77.0223138,1650.0,4,5.0,,2,Semifurnished,Apartment,23300000.0,Gurgaon,Y71720768
Sector 79 Gurgaon,28.4618719,77.05688,867.24,3,3.0,,6,Semifurnished,Apartment,16500000.0,Gurgaon,Q71715820
Sector 79 Gurgaon,28.4618719,77.05688,867.24,3,3.0,,6,Semifurnished,Apartment,17000000.0,Gurgaon,V71715622
Sector 83 Gurgaon,28.3963578,76.9654747,1650.0,3,3.0,,1,Semifurnished,Apartment,15500000.0,Gurgaon,N71704906
Sector 81 Gurgaon,28.3873647,76.9475835,894.0,2,2.0,,1,Semifurnished,Apartment,11000000.0,Gurgaon,C71704074
Sector 65 Gurgaon,28.4030162,77.0695893,1536.0,4,4.0,,1,Unknown,Apartment,59800000.0,Gurgaon,C71701306
Sector 62 Gurgaon,28.407697,77.0823781,1650.0,4,4.0,,1,Semifurnished,Apartment,38500000.0,Gurgaon,E71693354
Sector 65 Gurgaon,28.4030162,77.0695893,3300.0,5,4.0,,1,Semifurnished,Apartment,126000000.0,Gurgaon,B71649304
Sector 65 Gurgaon,28.4030162,77.0695893,1650.0,4,6.0,,6,Semifurnished,Apartment,127500000.0,Gurgaon,Y48228689
Sector 70A Gurgaon,28.3846684,77.0220391,1650.0,3,3.0,,1,Semifurnished,Apartment,20000000.0,Gurgaon,Z71638932
Sector 70 Gurgaon,28.3947261,77.0223138,1650.0,2,2.0,,6,Unknown,Apartment,12999999.0,Gurgaon,W71638418
Sector 70 Gurgaon,28.3947261,77.0223138,1161.0,3,5.0,,6,Semifurnished,Apartment,16999999.0,Gurgaon,Q71630582
Sector 70 Gurgaon,28.3947261,77.0223138,1650.0,3,4.0,,2,Semifurnished,Apartment,20000000.0,Gurgaon,L71604886
Sector 70 Gurgaon,28.3947261,77.0223138,1650.0,3,3.0,,6,Semifurnished,Apartment,12999999.0,Gurgaon,P71603938
Sector 70 Gurgaon,28.3947261,77.0223138,1650.0,3,4.0,,6,Semifurnished,Apartment,14999999.0,Gurgaon,I71600710
Sector 59 Gurgaon,28.4030162,77.1066682,2295.0,3,4.0,,6,Semifurnished,Apartment,41800000.0,Gurgaon,L71593388
Sector 59 Gurgaon,28.4030162,77.1066682,1650.0,3,4.0,,6,Semifurnished,Apartment,41500000.0,Gurgaon,L71592994
Sector 59 Gurgaon,28.4030162,77.1066682,1650.0,3,3.0,,6,Semifurnished,Apartment,39000000.0,Gurgaon,S71592696
Sector 59 Gurgaon,28.4030162,77.1066682,1650.0,3,3.0,,6,Semifurnished,Apartment,43200000.0,Gurgaon,R71592556
Sector 59 Gurgaon,28.4030162,77.1066682,1650.0,3,3.0,,6,Semifurnished,Apartment,43000000.0,Gurgaon,B71592514
Gwal Pahari,28.4326344,77.1480585,1650.0,3,3.0,,6,Semifurnished,Independent/Builder Floor,14400000.0,Gurgaon,L70457918
Gwal Pahari,28.4326344,77.1480585,1650.0,3,3.0,,5,Semifurnished,Independent/Builder Floor,14200000.0,Gurgaon,S70458408
Gwal Pahari,28.4326344,77.1480585,1650.0,3,3.0,,6,Semifurnished,Independent/Builder Floor,14000000.0,Gurgaon,W70458662
Sector 70 Gurgaon,28.3947261,77.0223138,889.0,3,3.0,,2,Unfurnished,Apartment,14000000.0,Gurgaon,T71568658
Sector 26 Gurgaon,28.4779375,77.1032425,3000.0,4,5.0,,6,Semifurnished,Independent/Builder Floor,70000000.0,Gurgaon,M70174586
Sector 85 Gurgaon,28.3985762,76.9547447,1650.0,2,2.0,,5,Semifurnished,Apartment,13500000.0,Gurgaon,P71515834
Sector 54 Gurgaon,28.433569,77.1055815,1650.0,4,4.0,,2,Semifurnished,Apartment,110000000.0,Gurgaon,C71515114
Sector 83 Gurgaon,28.3963578,76.9654747,590.4,1,1.0,,1,Semifurnished,Apartment,5800000.0,Gurgaon,E71507600
Sector 83 Gurgaon,28.3963578,76.9654747,1650.0,2,2.0,,1,Unknown,Apartment,7000000.0,Gurgaon,F71507458
Sector-33 Sohna,28.3241636,77.0848644,1200.0,2,2.0,,5,Semifurnished,Apartment,12500000.0,Gurgaon,H71499578
Sector-33 Sohna,28.3241636,77.0848644,1411.0,3,4.0,,5,Unknown,Apartment,18600000.0,Gurgaon,T71453904
Sector 90 Gurgaon,28.4069974,76.9365562,1315.0,4,4.0,,1,Semifurnished,Apartment,17500000.0,Gurgaon,U71423972
Sector 82 Gurgaon,28.3932827,76.9545277,1650.0,5,6.0,,1,Semifurnished,Apartment,40000000.0,Gurgaon,R71386512
Sector 66 Gurgaon,28.3974292,77.0538823,1650.0,4,5.0,,2,Semifurnished,Apartment,32500000.0,Gurgaon,G71352082
Sector 90 Gurgaon,28.4069974,76.9365562,1800.0,4,4.0,,1,Semifurnished,Apartment,19000000.0,Gurgaon,F71343942
Sector 65 Gurgaon,28.4030162,77.0695893,1950.0,4,4.0,,1,Semifurnished,Apartment,32500000.0,Gurgaon,W71335720
Sector 62 Gurgaon,28.407697,77.0823781,1400.0,2,2.0,,5,Semifurnished,Apartment,17000000.0,Gurgaon,N70105954
Sector 106 Gurgaon,28.5060806,76.9967796,2750.0,4,4.0,,5,Semifurnished,Apartment,36000000.0,Gurgaon,J71120868
Sector 66 Gurgaon,28.3974292,77.0538823,1600.0,3,4.0,,1,Semifurnished,Apartment,21000000.0,Gurgaon,U64393108
Sector 30 Gurgaon,28.4618719,77.05688,4500.0,5,5.0,,2,Semifurnished,Apartment,82500000.0,Gurgaon,S71064118
Sector 72 Gurgaon,28.3943815,77.032363,1650.0,3,3.0,,1,Semifurnished,Apartment,32500000.0,Gurgaon,Y71009542
Sector 30 Gurgaon,28.4618719,77.05688,2400.0,4,6.0,,2,Semifurnished,Apartment,45000000.0,Gurgaon,A70967772
Sector 79 Gurgaon,28.4618719,77.05688,1650.0,3,4.0,,6,Semifurnished,Apartment,24500000.0,Gurgaon,H70909698
Sector 72 Gurgaon,28.3943815,77.032363,1650.0,4,5.0,,2,Semifurnished,Apartment,37000000.0,Gurgaon,C70480754
Sector 73 Gurgaon,28.4088081,77.0161691,2600.0,4,4.0,,5,Unfurnished,Independent/Builder Floor,50000000.0,Gurgaon,B69664478
Sector 73 Gurgaon,28.4088081,77.0161691,2600.0,4,4.0,,5,Unfurnished,Independent/Builder Floor,47500000.0,Gurgaon,S69664384
Sector 88A Gurgaon,28.4337898,76.9539433,1650.0,2,2.0,,5,Semifurnished,Apartment,4450000.0,Gurgaon,R71354594
Sector 88A Gurgaon,28.4337898,76.9539433,1650.0,2,2.0,,5,Semifurnished,Apartment,4400000.0,Gurgaon,E71354410
Sector 49 Gurgaon,28.4127374,77.0555164,2500.0,4,4.0,,2,Semifurnished,Apartment,26000000.0,Gurgaon,G71173718
Sector 90 Gurgaon,28.4069974,76.9365562,1650.0,3,3.0,,1,Semifurnished,Apartment,12499999.0,Gurgaon,F70191854
Sector 49 Gurgaon,28.4127374,77.0555164,1845.0,3,4.0,,1,Semifurnished,Apartment,27500000.0,Gurgaon,W71548762
Sector 51 Gurgaon,28.4287011,77.0666877,2665.0,3,4.0,,5,Unfurnished,Independent/Builder Floor,27000000.0,Gurgaon,P71350798
Sector 92 Gurgaon,28.4089049,76.9155232,1002.0,3,2.0,,5,Semifurnished,Independent/Builder Floor,10044500.0,Gurgaon,Y66927606
Sector 113 Gurgaon,28.5286649,77.0250282,1155.0,3,3.0,,5,Semifurnished,Apartment,26565000.0,Gurgaon,W67012972
Sector 113 Gurgaon,28.5286649,77.0250282,945.0,2,2.0,,5,Semifurnished,Apartment,19035000.0,Gurgaon,T67008566
Sector 49 Gurgaon,28.4127374,77.0555164,2380.0,3,4.0,,2,Semifurnished,Apartment,31000000.0,Gurgaon,E70986794
Sector 63 Gurgaon,28.3964476,77.086498,1627.0,3,3.0,,5,Semifurnished,Independent/Builder Floor,39500000.0,Gurgaon,I68648708
Sector 74 Gurgaon,28.4110081,77.0101209,1139.2,2,2.0,,6,Semifurnished,Apartment,17800000.0,Gurgaon,M71749560
Sector 72 Gurgaon,28.3943815,77.032363,1530.0,3,4.0,,1,Semifurnished,Apartment,35000000.0,Gurgaon,E71658404
Sector 72 Gurgaon,28.3943815,77.032363,1650.0,4,5.0,,1,Semifurnished,Apartment,49500000.0,Gurgaon,R71658062
Sector 74 Gurgaon,28.4110081,77.0101209,1132.0,2,2.0,,6,Semifurnished,Apartment,16900000.0,Gurgaon,B71497554
Sector 67A Gurgaon,28.4618719,77.05688,860.0,2,2.0,,6,Semifurnished,Apartment,17000000.0,Gurgaon,D71156170
Sector 71 Gurgaon,28.3950557,77.0314336,1650.0,2,2.0,,2,Semifurnished,Apartment,8000000.0,Gurgaon,A71076184
Sector 71 Gurgaon,28.3950557,77.0314336,1650.0,4,4.0,,2,Semifurnished,Apartment,13000000.0,Gurgaon,C71076136
Sector 106 Gurgaon,28.5060806,76.9967796,1650.0,3,3.0,,5,Semifurnished,Apartment,24700000.0,Gurgaon,O71520648
Sushant Lok Phase 1,28.4545693,77.0826249,2700.00000000027,4,4.0,,6,Semifurnished,Independent/Builder Floor,31000000.0,Gurgaon,I71271714
Sector 3 Gurgaon,28.4944483,77.0985008,1650.0,4,4.0,,5,Semifurnished,Apartment,22500000.0,Gurgaon,X71213906
Sector 57 Gurgaon,28.4232478,77.0804487,1836.00000000018,3,3.0,,1,Semifurnished,Independent/Builder Floor,17900000.0,Gurgaon,B70730710
Sushant Lok Phase 2,28.464228,77.076724,2160.00000000021,3,3.0,,1,Semifurnished,Independent/Builder Floor,18900000.0,Gurgaon,V70730602
Sector 57 Gurgaon,28.4232478,77.0804487,3078.0000000003,4,4.0,,1,Semifurnished,Independent/Builder Floor,21900000.0,Gurgaon,A69807932
Sector 57 Gurgaon,28.4232478,77.0804487,3078.0000000003,4,4.0,,1,Semifurnished,Independent/Builder Floor,22900000.0,Gurgaon,Z69143808
Sushant Lok Phase 1,28.4545693,77.0826249,1700.0,3,3.0,,6,Semifurnished,Independent/Builder Floor,21900000.0,Gurgaon,X69139286
Sector 57 Gurgaon,28.4232478,77.0804487,3078.0000000003,4,4.0,,1,Semifurnished,Independent/Builder Floor,21900000.0,Gurgaon,Z68832356
Sushant Lok Phase 2,28.464228,77.076724,1450.0,3,3.0,,6,Semifurnished,Independent/Builder Floor,17900000.0,Gurgaon,Q68749414
Sushant Lok Phase 2,28.464228,77.076724,1450.0,3,3.0,,6,Semifurnished,Independent/Builder Floor,16900000.0,Gurgaon,F68749260
Sushant Lok Phase 2,28.464228,77.076724,4050.0000000004,4,4.0,,6,Semifurnished,Independent/Builder Floor,35000000.0,Gurgaon,B68649548
Nirvana Country,28.4150509,77.0642955,2750.0,4,4.0,,2,Semifurnished,Apartment,40000000.0,Gurgaon,B71464828
Nirvana Country,28.4150509,77.0642955,2250.0,3,4.0,,2,Semifurnished,Apartment,32800000.0,Gurgaon,S71460758
Sector 81 Gurgaon,28.3873647,76.9475835,1650.0,4,4.0,,1,Semifurnished,Apartment,35000000.0,Gurgaon,P71787018
Sector 81 Gurgaon,28.3873647,76.9475835,1650.0,4,4.0,,1,Semifurnished,Apartment,37500000.0,Gurgaon,E71753558
Sector 81 Gurgaon,28.3873647,76.9475835,1650.0,4,6.0,,1,Semifurnished,Apartment,42700000.0,Gurgaon,M71556696
Sector 85 Gurgaon,28.3985762,76.9547447,1650.0,2,2.0,,1,Semifurnished,Apartment,12000000.0,Gurgaon,O71539034
Sector 81 Gurgaon,28.3873647,76.9475835,1700.0,3,4.0,,1,Semifurnished,Apartment,25500000.0,Gurgaon,O71538710
Sector 81 Gurgaon,28.3873647,76.9475835,1650.0,3,4.0,,1,Semifurnished,Apartment,25700000.0,Gurgaon,Z71538598
Dlf Phase 2,28.483901,77.0846097,5000.0,4,4.0,,2,Semifurnished,Apartment,80000000.0,Gurgaon,Y68308854
Sector 74 Gurgaon,28.4110081,77.0101209,1650.0,3,3.0,,6,Semifurnished,Apartment,25300000.0,Gurgaon,E71518542
Sector 74 Gurgaon,28.4110081,77.0101209,1650.0,2,2.0,,6,Semifurnished,Apartment,16300000.0,Gurgaon,J71518104
Sector 65 Gurgaon,28.4030162,77.0695893,1750.0,4,3.0,,1,Semifurnished,Independent/Builder Floor,25000000.0,Gurgaon,V71515892
Sector 65 Gurgaon,28.4030162,77.0695893,1650.0,3,3.0,,1,Semifurnished,Independent/Builder Floor,24000000.0,Gurgaon,Z71474346
Sector 65 Gurgaon,28.4030162,77.0695893,1750.0,4,3.0,,6,Semifurnished,Independent/Builder Floor,24000000.0,Gurgaon,A71458060
Sector 65 Gurgaon,28.4030162,77.0695893,1380.0,3,3.0,,6,Semifurnished,Independent/Builder Floor,18000000.0,Gurgaon,M71457994
Nirvana Country,28.4150509,77.0642955,2880.00000000028,4,4.0,,1,Semifurnished,Independent/Builder Floor,37500000.0,Gurgaon,V71417294
Sector 62 Gurgaon,28.407697,77.0823781,1000.0,2,2.0,,6,Semifurnished,Apartment,24500000.0,Gurgaon,N71416070
Sohna,28.3241636,77.0848644,849.0,2,2.0,,5,Semifurnished,Apartment,10490400.0,Gurgaon,D70178170
Sector-35 Sohna,28.3241636,77.0848644,769.84,3,3.0,,5,Semifurnished,Apartment,7271600.0,Gurgaon,X70179828
Sector 43 Gurgaon,28.4487856,77.0988212,1600.0,3,3.0,,6,Semifurnished,Independent/Builder Floor,19000000.0,Gurgaon,I71191150
Sector 103 Gurgaon,28.493087,76.9866453,1650.0,4,5.0,,2,Unknown,Apartment,15500000.0,Gurgaon,A71177042
Sector 104 Gurgaon,28.4795324,76.9937197,1650.0,4,4.0,,1,Semifurnished,Apartment,30000000.0,Gurgaon,G71174870
Sector 43 Gurgaon,28.4487856,77.0988212,2200.0,4,3.0,,6,Semifurnished,Independent/Builder Floor,22000000.0,Gurgaon,U71103910
Sector 89 A Gurgaon,28.4184455,76.9457567,1650.0,3,4.0,,5,Unknown,Apartment,17000000.0,Gurgaon,C71031578
Sector 54 Gurgaon,28.433569,77.1055815,2200.0,3,3.0,,6,Semifurnished,Independent/Builder Floor,20000000.0,Gurgaon,Y70801320
Sector 55 Gurgaon,28.4274166,77.1097538,2200.0,3,3.0,,6,Semifurnished,Independent/Builder Floor,20000000.0,Gurgaon,C70801258
Sector 56 Gurgaon,28.4252244,77.0992377,2200.0,3,3.0,,6,Semifurnished,Independent/Builder Floor,20000000.0,Gurgaon,Z70801164
Sohna,28.3241636,77.0848644,784.0,2,2.0,,1,Semifurnished,Apartment,10200000.0,Gurgaon,R69555996
Sector 102 Gurgaon,28.4754872,76.9711747,2130.0,3,3.0,,1,Semifurnished,Independent/Builder Floor,16000000.0,Gurgaon,P71796746
Sector 110 Gurgaon,28.5069625,77.018321,2250.0,4,5.0,,1,Semifurnished,Apartment,32500000.0,Gurgaon,C71782494
Sector 66 Gurgaon,28.3974292,77.0538823,2410.0,4,4.0,,1,Semifurnished,Apartment,35000000.0,Gurgaon,D71747226
Sector 66 Gurgaon,28.3974292,77.0538823,1650.0,4,4.0,,1,Semifurnished,Apartment,62000000.0,Gurgaon,Q71746556
Sector 66 Gurgaon,28.3974292,77.0538823,1650.0,4,4.0,,1,Semifurnished,Independent/Builder Floor,36000000.0,Gurgaon,E71746380
Sector 65 Gurgaon,28.4030162,77.0695893,1650.0,3,3.0,,1,Semifurnished,Independent/Builder Floor,23000000.0,Gurgaon,B71742520
Sector 3 Gurgaon,28.4944483,77.0985008,2650.0,4,4.0,,5,Semifurnished,Apartment,24000000.0,Gurgaon,N71676316
Sector 67A Gurgaon,28.4618719,77.05688,1650.0,3,4.0,,6,Semifurnished,Apartment,20500000.0,Gurgaon,L71667360
Sector 66 Gurgaon,28.3974292,77.0538823,1650.0,3,3.0,,1,Semifurnished,Apartment,33000000.0,Gurgaon,V71663396
Sector 66 Gurgaon,28.3974292,77.0538823,1650.0,3,3.0,,1,Semifurnished,Apartment,35000000.0,Gurgaon,B71662992
Sector 65 Gurgaon,28.4030162,77.0695893,3600.00000000036,4,4.0,,1,Unfurnished,Independent/Builder Floor,44500000.0,Gurgaon,R71662586
Sector 57 Gurgaon,28.4232478,77.0804487,1600.0,3,3.0,,1,Semifurnished,Independent/Builder Floor,13000000.0,Gurgaon,T71625234
Sector 76 Gurgaon,28.3910112,76.9900243,1672.0,3,3.0,,5,Semifurnished,Independent/Builder Floor,16500000.0,Gurgaon,L71617412
Sector 57 Gurgaon,28.4232478,77.0804487,1400.0,3,3.0,,1,Semifurnished,Independent/Builder Floor,11500000.0,Gurgaon,S71612122
Sector 65 Gurgaon,28.4030162,77.0695893,1650.0,3,4.0,,1,Semifurnished,Independent/Builder Floor,23500000.0,Gurgaon,C71591236
Sector 63A Gurgaon,28.4618719,77.05688,1650.0,2,2.0,,5,Semifurnished,Apartment,17300000.0,Gurgaon,W71591132
Sector 108 Gurgaon,28.5128994,76.9823615,1650.0,3,4.0,,6,Semifurnished,Apartment,43500000.0,Gurgaon,X71585298
Sushant Lok Phase 2,28.464228,77.076724,2160.0,3,3.0,,6,Semifurnished,Independent/Builder Floor,19000000.0,Gurgaon,X71584658
Sector 67 Gurgaon,28.3864052,77.0598046,1650.0,4,4.0,,6,Semifurnished,Independent/Builder Floor,36500000.0,Gurgaon,A71584090
Sector 48 Gurgaon,28.4104903,77.0394627,1650.0,5,6.0,,6,Semifurnished,Independent/Builder Floor,39000000.0,Gurgaon,I71583340
Sector 83 Gurgaon,28.3963578,76.9654747,1650.0,3,3.0,,1,Unfurnished,Apartment,19000000.0,Gurgaon,O71489908
Sector 65 Gurgaon,28.4030162,77.0695893,3600.00000000036,4,4.0,,6,Semifurnished,Independent/Builder Floor,45000000.0,Gurgaon,C71475934
Sector 91 Gurgaon,28.4007588,76.9210802,2250.0,3,3.0,,1,Semifurnished,Apartment,33000000.0,Gurgaon,I71453040
Sector 54 Gurgaon,28.433569,77.1055815,2800.0,4,4.0,,6,Semifurnished,Independent/Builder Floor,42500000.0,Gurgaon,A71390586
Sector 57 Gurgaon,28.4232478,77.0804487,2000.0,3,3.0,,6,Semifurnished,Independent/Builder Floor,16500000.0,Gurgaon,F71385856
Sohna,28.3241636,77.0848644,531.0,2,2.0,,6,Semifurnished,Apartment,3900000.0,Gurgaon,G71385308
Sector 60 Gurgaon,28.3985617,77.0978276,1650.0,2,2.0,,2,Semifurnished,Apartment,24500000.0,Gurgaon,F71372538
Sector 60 Gurgaon,28.3985617,77.0978276,1650.0,2,2.0,,1,Semifurnished,Apartment,21500000.0,Gurgaon,K71372230
Sector 66 Gurgaon,28.3974292,77.0538823,1650.0,4,4.0,,1,Semifurnished,Apartment,44000000.0,Gurgaon,S71273538
Sohna,28.3241636,77.0848644,1081.0,3,2.0,,6,Semifurnished,Independent/Builder Floor,7500000.0,Gurgaon,F71243928
Sector 65 Gurgaon,28.4030162,77.0695893,1650.0,4,4.0,,1,Semifurnished,Independent/Builder Floor,34000000.0,Gurgaon,A71237772
Sector 60 Gurgaon,28.3985617,77.0978276,1650.0,3,3.0,,2,Semifurnished,Apartment,32000000.0,Gurgaon,Z71213492
Sector 65 Gurgaon,28.4030162,77.0695893,1650.0,4,4.0,,1,Semifurnished,Apartment,30000000.0,Gurgaon,P71160456
Sector 65 Gurgaon,28.4030162,77.0695893,1700.0,4,4.0,,2,Semifurnished,Apartment,34000000.0,Gurgaon,B71157952
Sohna,28.3241636,77.0848644,745.0,2,2.0,,6,Semifurnished,Independent/Builder Floor,4900000.0,Gurgaon,L70850912
Sector 70A Gurgaon,28.3846684,77.0220391,2100.0,4,3.0,,6,Unfurnished,Independent/Builder Floor,18000000.0,Gurgaon,L70806540
Palam Vihar,28.4983353,77.0203007,3150.0,4,5.0,,1,Semifurnished,Independent/Builder Floor,42000000.0,Gurgaon,U70684794
Dlf Phase 1,28.4765171,77.090194,1650.0,4,5.0,,6,Semifurnished,Independent/Builder Floor,60900000.0,Gurgaon,H71746110
Dlf Phase 1,28.4765171,77.090194,1650.0,4,5.0,,6,Semifurnished,Independent/Builder Floor,57000000.0,Gurgaon,R71746036
Dlf Phase 1,28.4765171,77.090194,1650.0,4,5.0,,6,Semifurnished,Independent/Builder Floor,54000000.0,Gurgaon,P71745966
Dlf Phase 1,28.4765171,77.090194,1650.0,4,5.0,,6,Semifurnished,Independent/Builder Floor,51500000.0,Gurgaon,N71745896
Dlf Phase 1,28.4765171,77.090194,1650.0,4,5.0,,6,Semifurnished,Independent/Builder Floor,49500000.0,Gurgaon,Z71745846
Dlf Phase 1,28.4765171,77.090194,1650.0,4,5.0,,6,Semifurnished,Independent/Builder Floor,47500000.0,Gurgaon,Y71745752
Dlf Phase 1,28.4765171,77.090194,1650.0,4,5.0,,6,Semifurnished,Independent/Builder Floor,41000000.0,Gurgaon,S71745658
Dlf Phase 1,28.4765171,77.090194,1650.0,4,4.0,,6,Semifurnished,Independent/Builder Floor,37400000.0,Gurgaon,K71745580
Dlf Phase 1,28.4765171,77.090194,1950.0,3,3.0,,6,Unfurnished,Independent/Builder Floor,37500000.0,Gurgaon,S71745398
Dlf Phase 1,28.4765171,77.090194,1950.0,3,3.0,,6,Unfurnished,Independent/Builder Floor,35000000.0,Gurgaon,M71745102
Dlf Phase 1,28.4765171,77.090194,1950.0,3,3.0,,6,Unfurnished,Independent/Builder Floor,32500000.0,Gurgaon,S71740036
Dlf Phase 1,28.4765171,77.090194,1500.0,3,3.0,,6,Unfurnished,Independent/Builder Floor,27500000.0,Gurgaon,M71739670
Dlf Phase 1,28.4765171,77.090194,1500.0,3,3.0,,6,Unfurnished,Independent/Builder Floor,25000000.0,Gurgaon,D71728190
Dlf Phase 1,28.4765171,77.090194,1500.0,3,3.0,,6,Unfurnished,Independent/Builder Floor,22500000.0,Gurgaon,D71728010
Dlf Phase 5,28.503445,77.0952048,1400.0,3,3.0,,2,Semifurnished,Apartment,23700000.0,Gurgaon,J70262130
Dlf Phase 2,28.483901,77.0846097,1650.0,4,5.0,,6,Unfurnished,Independent/Builder Floor,61000000.0,Gurgaon,F71210070
Sector 62 Gurgaon,28.407697,77.0823781,1650.0,4,5.0,,5,Unfurnished,Apartment,51000000.0,Gurgaon,E70948268
Dlf Phase 1,28.4765171,77.090194,1900.0,4,4.0,,5,Unfurnished,Independent/Builder Floor,30000000.0,Gurgaon,E55159128
Dlf Phase 1,28.4765171,77.090194,2600.0,4,5.0,,6,Unfurnished,Independent/Builder Floor,50000000.0,Gurgaon,G64870828
Sector 108 Gurgaon,28.5128994,76.9823615,1111.44,3,3.0,,5,Semifurnished,Apartment,30500000.0,Gurgaon,O65355198
Sector 102 Gurgaon,28.4754872,76.9711747,1022.58,3,3.0,,1,Semifurnished,Apartment,16100000.0,Gurgaon,D63020260
Sector 92 Gurgaon,28.4089049,76.9155232,1650.0,2,2.0,,2,Semifurnished,Apartment,6200000.0,Gurgaon,B71478818
Sector 83 Gurgaon,28.3963578,76.9654747,1244.33,3,3.0,,1,Semifurnished,Apartment,17500000.0,Gurgaon,F71162352
Sector-33 Sohna,28.3241636,77.0848644,1450.0,3,3.0,,6,Semifurnished,Apartment,22000000.0,Gurgaon,D71048602
Sector-33 Sohna,28.3241636,77.0848644,1141.0,3,3.0,,6,Semifurnished,Apartment,15200000.0,Gurgaon,Z71048398
Sector 65 Gurgaon,28.4030162,77.0695893,1180.0,3,3.0,,1,Semifurnished,Independent/Builder Floor,20000000.0,Gurgaon,F70984344
Sector-33 Sohna,28.3241636,77.0848644,1400.0,3,3.0,,6,Semifurnished,Apartment,17000000.0,Gurgaon,L70970858
Sector 48 Gurgaon,28.4104903,77.0394627,3240.00000000032,4,4.0,,6,Semifurnished,Independent/Builder Floor,26000000.0,Gurgaon,P69552718
Sector 86 Gurgaon,28.3981205,76.9411257,500.0,2,2.0,,1,Semifurnished,Apartment,4800000.0,Gurgaon,W68128242
Sector 99A Gurgaon,28.4554059,76.9510278,1570.0,3,5.0,,6,Semifurnished,Apartment,14600000.0,Gurgaon,S69088428
Sector 104 Gurgaon,28.4795324,76.9937197,884.58,3,2.0,,5,Semifurnished,Apartment,12500000.0,Gurgaon,R64599176
Sector 110 Gurgaon,28.5069625,77.018321,1650.0,4,5.0,,2,Semifurnished,Apartment,37000000.0,Gurgaon,X71369900
Sector 106 Gurgaon,28.5060806,76.9967796,845.0,2,2.0,,6,Unknown,Apartment,10500000.0,Gurgaon,B71368804
Sector 107 Gurgaon,28.506941,76.9752137,1650.0,2,2.0,,2,Semifurnished,Apartment,12000000.0,Gurgaon,Y71368572
Sector 50 Gurgaon,28.4268461,77.0584252,1400.0,3,3.0,,3,Semifurnished,Apartment,19200000.0,Gurgaon,A67464946
Sector 85 Gurgaon,28.3985762,76.9547447,1200.0,3,3.0,,5,Semifurnished,Apartment,18000000.0,Gurgaon,Y71645842
Sector 83 Gurgaon,28.3963578,76.9654747,1450.0,3,2.0,,1,Semifurnished,Apartment,11500000.0,Gurgaon,D71655638
Sector 85 Gurgaon,28.3985762,76.9547447,1650.0,3,2.0,,5,Unknown,Apartment,20000000.0,Gurgaon,H71661520
Sector 85 Gurgaon,28.3985762,76.9547447,1829.0,3,3.0,,5,Semifurnished,Apartment,18000000.0,Gurgaon,A71356726
Sector 81 Gurgaon,28.3873647,76.9475835,1094.0,2,2.0,,1,Semifurnished,Apartment,10500000.0,Gurgaon,C71798880
Sector 76 Gurgaon,28.3910112,76.9900243,1650.0,4,4.0,,5,Semifurnished,Apartment,32500000.0,Gurgaon,V71738492
Sector 63A Gurgaon,28.4618719,77.05688,2520.00000000025,4,4.0,,6,Semifurnished,Apartment,32500000.0,Gurgaon,W71609714
Sector 50 Gurgaon,28.4268461,77.0584252,3240.00000000032,4,4.0,,6,Unfurnished,Independent/Builder Floor,37000000.0,Gurgaon,R71583832
Sector 48 Gurgaon,28.4104903,77.0394627,4500.00000000045,4,4.0,,6,Unfurnished,Independent/Builder Floor,38000000.0,Gurgaon,X71582990
Sector 48 Gurgaon,28.4104903,77.0394627,1728.00000000017,3,3.0,,6,Semifurnished,Independent/Builder Floor,16500000.0,Gurgaon,O71562492
Sector 48 Gurgaon,28.4104903,77.0394627,2160.00000000021,4,4.0,,6,Semifurnished,Independent/Builder Floor,17000000.0,Gurgaon,N71562060
Sector 63A Gurgaon,28.4618719,77.05688,1650.0,4,3.0,,6,Unfurnished,Independent/Builder Floor,22000000.0,Gurgaon,N71352236
Sector 63A Gurgaon,28.4618719,77.05688,1650.0,4,4.0,,6,Unfurnished,Independent/Builder Floor,43000000.0,Gurgaon,S71351152
Sector 63A Gurgaon,28.4618719,77.05688,1650.0,4,4.0,,6,Unfurnished,Independent/Builder Floor,33000000.0,Gurgaon,F71350896
Sector 63A Gurgaon,28.4618719,77.05688,1900.0,4,4.0,,6,Unfurnished,Independent/Builder Floor,44000000.0,Gurgaon,I71350596
Sector 63A Gurgaon,28.4618719,77.05688,2236.0,3,3.0,,6,Unfurnished,Independent/Builder Floor,40800000.0,Gurgaon,S71350106
Sector 63A Gurgaon,28.4618719,77.05688,1650.0,4,4.0,,6,Semifurnished,Independent/Builder Floor,32500000.0,Gurgaon,B68986618
Sector 81 Gurgaon,28.3873647,76.9475835,2229.0,4,5.0,,1,Semifurnished,Apartment,33500000.0,Gurgaon,V71765642
Sector 90 Gurgaon,28.4069974,76.9365562,1550.0,4,4.0,,1,Semifurnished,Apartment,18500000.0,Gurgaon,C71704464
Sector 86 Gurgaon,28.3981205,76.9411257,1036.0,2,2.0,,1,Semifurnished,Apartment,15500000.0,Gurgaon,M71684268
Sector 81 Gurgaon,28.3873647,76.9475835,2229.0,4,5.0,,1,Semifurnished,Apartment,32500000.0,Gurgaon,J71478138
Sector 90 Gurgaon,28.4069974,76.9365562,1610.0,4,4.0,,1,Semifurnished,Apartment,18500000.0,Gurgaon,G71444996
Sector 54 Gurgaon,28.433569,77.1055815,1650.0,3,5.0,,1,Semifurnished,Apartment,76500000.0,Gurgaon,K71331938
Sector 54 Gurgaon,28.433569,77.1055815,1650.0,3,5.0,,1,Semifurnished,Apartment,78500000.0,Gurgaon,V68212614
Sector 54 Gurgaon,28.433569,77.1055815,1650.0,4,5.0,,1,Semifurnished,Apartment,145000000.0,Gurgaon,Z56462102
Sector 42 Gurgaon,28.4487856,77.0988212,1650.0,5,5.0,,3,Semifurnished,Apartment,250000000.0,Gurgaon,F68747504
Sector 42 Gurgaon,28.4487856,77.0988212,1650.0,5,5.0,,3,Semifurnished,Apartment,240000000.0,Gurgaon,E68747594
Sector 42 Gurgaon,28.4487856,77.0988212,1650.0,5,4.0,,3,Semifurnished,Apartment,245000000.0,Gurgaon,Q68747710
Sector 42 Gurgaon,28.4487856,77.0988212,1650.0,4,4.0,,3,Semifurnished,Apartment,297500000.0,Gurgaon,M68747806
Sector 42 Gurgaon,28.4487856,77.0988212,1650.0,4,4.0,,3,Semifurnished,Apartment,295000000.0,Gurgaon,Y68747908
Sector 113 Gurgaon,28.5286649,77.0250282,1665.0,3,4.0,,5,Semifurnished,Apartment,26300000.0,Gurgaon,E71736860
Sector 76 Gurgaon,28.3910112,76.9900243,1600.0,3,3.0,,5,Semifurnished,Apartment,19228000.0,Gurgaon,Y69291908
Sector 76 Gurgaon,28.3910112,76.9900243,1672.0,3,3.0,,5,Semifurnished,Independent/Builder Floor,17221600.0,Gurgaon,S69407556
Sector 57 Gurgaon,28.4232478,77.0804487,1800.0,3,4.0,,2,Semifurnished,Apartment,22500000.0,Gurgaon,V69736954
Sector 65 Gurgaon,28.4030162,77.0695893,1650.0,3,3.0,,1,Semifurnished,Apartment,50000000.0,Gurgaon,Y70334870
Palam Vihar,28.4983353,77.0203007,3240.00000000032,4,4.0,,1,Semifurnished,Independent/Builder Floor,25800000.0,Gurgaon,A58584398
C Block Sushant Lok Phase 1,28.4545693,77.0826249,2700.00000000027,4,4.0,,6,Semifurnished,Independent/Builder Floor,28500000.0,Gurgaon,P70155918
Sector 22 Gurgaon,28.4947315,77.0691703,1650.0,3,5.0,,6,Semifurnished,Apartment,42900000.0,Gurgaon,M71775758
Sector 86 Gurgaon,28.3981205,76.9411257,1700.0,3,4.0,,1,Semifurnished,Apartment,17000000.0,Gurgaon,C71715604
Sector 52 Gurgaon,28.4368166,77.0795276,2200.0,4,4.0,,1,Semifurnished,Independent/Builder Floor,23000000.0,Gurgaon,K71679454
Sector 103 Gurgaon,28.493087,76.9866453,887.0,3,3.0,,5,Semifurnished,Apartment,11900000.0,Gurgaon,N71670608
Sector 47 Gurgaon,28.4268461,77.0584252,2400.0,4,4.0,,1,Semifurnished,Independent/Builder Floor,32500000.0,Gurgaon,X71657000
Sector 47 Gurgaon,28.4268461,77.0584252,2800.0,4,4.0,,1,Semifurnished,Independent/Builder Floor,35000000.0,Gurgaon,E71656830
Sector 62 Gurgaon,28.407697,77.0823781,1650.0,3,3.0,,5,Unfurnished,Apartment,36500000.0,Gurgaon,B71643322
Sector 52 Gurgaon,28.4368166,77.0795276,2200.0,4,4.0,,1,Semifurnished,Independent/Builder Floor,29000000.0,Gurgaon,Q71640994
Sector 81 Gurgaon,28.3873647,76.9475835,1800.0,4,4.0,,1,Semifurnished,Apartment,37000000.0,Gurgaon,O71609004
Sector 45 Gurgaon,28.4449004,77.0663545,3000.0,4,4.0,,1,Semifurnished,Independent/Builder Floor,33000000.0,Gurgaon,C71601492
Sector 45 Gurgaon,28.4449004,77.0663545,3500.0,4,4.0,,1,Semifurnished,Independent/Builder Floor,50000000.0,Gurgaon,Q71600924
Sector 45 Gurgaon,28.4449004,77.0663545,3500.0,4,4.0,,1,Semifurnished,Independent/Builder Floor,45000000.0,Gurgaon,L71600786
Sector 76 Gurgaon,28.3910112,76.9900243,1650.0,3,3.0,,5,Unfurnished,Apartment,29000000.0,Gurgaon,B71531394
Sector 76 Gurgaon,28.3910112,76.9900243,1650.0,3,3.0,,5,Unfurnished,Apartment,29050000.0,Gurgaon,C71531224
Sector 107 Gurgaon,28.506941,76.9752137,1650.0,3,4.0,,1,Semifurnished,Apartment,19000000.0,Gurgaon,E71411394
Sector 81 Gurgaon,28.3873647,76.9475835,1650.0,3,4.0,,1,Semifurnished,Apartment,26000000.0,Gurgaon,V71409584
Sector 81 Gurgaon,28.3873647,76.9475835,1650.0,4,4.0,,1,Semifurnished,Apartment,38500000.0,Gurgaon,I71334104
Sector 108 Gurgaon,28.5128994,76.9823615,1581.0,4,4.0,,5,Semifurnished,Apartment,44050000.0,Gurgaon,D71298370
Sector 110 Gurgaon,28.5069625,77.018321,1650.0,4,5.0,,1,Semifurnished,Apartment,37500000.0,Gurgaon,O71280784
Sector 15 Gurgaon,28.3986425,76.8880109,2019.0,3,3.0,,5,Semifurnished,Apartment,28000000.0,Gurgaon,K71259824
Sector 86 Gurgaon,28.3981205,76.9411257,1650.0,3,3.0,,1,Semifurnished,Apartment,16500000.0,Gurgaon,O71231814
Sector 86 Gurgaon,28.3981205,76.9411257,1650.0,3,4.0,,1,Semifurnished,Apartment,23000000.0,Gurgaon,D71015090
Sector 86 Gurgaon,28.3981205,76.9411257,1650.0,3,4.0,,1,Semifurnished,Apartment,18500000.0,Gurgaon,K71015008
Sector 86 Gurgaon,28.3981205,76.9411257,1650.0,2,2.0,,1,Semifurnished,Apartment,13500000.0,Gurgaon,I71014928
Sector 79 Gurgaon,28.4618719,77.05688,1650.0,4,5.0,,6,Semifurnished,Apartment,24000000.0,Gurgaon,G71014714
Sector 79 Gurgaon,28.4618719,77.05688,1650.0,3,4.0,,6,Semifurnished,Apartment,19300000.0,Gurgaon,H71014638
Sector 79 Gurgaon,28.4618719,77.05688,1650.0,3,3.0,,1,Semifurnished,Apartment,17500000.0,Gurgaon,X71014564
Sector 79 Gurgaon,28.4618719,77.05688,1650.0,3,3.0,,1,Semifurnished,Apartment,18000000.0,Gurgaon,B71014448
Sector 72 Gurgaon,28.3943815,77.032363,3500.0,4,4.0,,6,Semifurnished,Apartment,51000000.0,Gurgaon,O69020032
Sector 81 Gurgaon,28.3873647,76.9475835,1650.0,4,4.0,,1,Semifurnished,Apartment,35200000.0,Gurgaon,F70965068
Sector 57 Gurgaon,28.4232478,77.0804487,1400.0,3,3.0,,1,Semifurnished,Independent/Builder Floor,13900000.0,Gurgaon,G66823060
Sector 81 Gurgaon,28.3873647,76.9475835,1650.0,4,4.0,,1,Semifurnished,Apartment,35500000.0,Gurgaon,H70266178
Sector 81 Gurgaon,28.3873647,76.9475835,1650.0,3,4.0,,1,Semifurnished,Apartment,23900000.0,Gurgaon,P70266094
Sector 81 Gurgaon,28.3873647,76.9475835,1159.0,3,4.0,,1,Semifurnished,Apartment,23500000.0,Gurgaon,Y70265954
Sector 59 Gurgaon,28.4030162,77.1066682,3395.0,4,4.0,,5,Semifurnished,Apartment,70000000.0,Gurgaon,T71777194
Sector 59 Gurgaon,28.4030162,77.1066682,1432.0,4,3.0,,5,Semifurnished,Apartment,51000000.0,Gurgaon,M71731616
Sector 59 Gurgaon,28.4030162,77.1066682,2650.0,4,5.0,,5,Semifurnished,Apartment,72500000.0,Gurgaon,F71731486
Sector 113 Gurgaon,28.5286649,77.0250282,1650.0,3,2.0,,6,Semifurnished,Apartment,25000000.0,Gurgaon,X71671892
Sector 67A Gurgaon,28.4618719,77.05688,1500.0,4,4.0,,6,Semifurnished,Independent/Builder Floor,20000000.0,Gurgaon,F71667986
Sector 48 Gurgaon,28.4104903,77.0394627,1650.0,3,3.0,,1,Semifurnished,Apartment,64000000.0,Gurgaon,U71667756
Sector 53 Gurgaon,28.4487856,77.0988212,1650.0,3,3.0,,5,Semifurnished,Independent House/Villa,70000000.0,Gurgaon,Q71661940
Sector 61 Gurgaon,28.4110188,77.0963685,1627.45,4,4.0,,5,Semifurnished,Apartment,52500000.0,Gurgaon,J71611544
Sector 59 Gurgaon,28.4030162,77.1066682,2150.0,3,3.0,,5,Semifurnished,Apartment,50600000.0,Gurgaon,R71610472
Sector 48 Gurgaon,28.4104903,77.0394627,1900.0,4,4.0,,1,Unfurnished,Apartment,130000000.0,Gurgaon,H71598688
Sector 47 Gurgaon,28.4268461,77.0584252,1600.0,3,5.0,,1,Semifurnished,Apartment,44000000.0,Gurgaon,F71597812
Sector 67 Gurgaon,28.3864052,77.0598046,1600.0,4,5.0,,1,Semifurnished,Apartment,32500000.0,Gurgaon,V71597458
Sector 62 Gurgaon,28.407697,77.0823781,3200.0,5,5.0,,1,Semifurnished,Apartment,100000000.0,Gurgaon,J71595924
Sector 62 Gurgaon,28.407697,77.0823781,5000.0,5,5.0,,1,Semifurnished,Apartment,130000000.0,Gurgaon,O71595604
Sector 59 Gurgaon,28.4030162,77.1066682,2739.94,4,4.0,,6,Semifurnished,Apartment,75000000.0,Gurgaon,V71595094
Sector 59 Gurgaon,28.4030162,77.1066682,1632.11,3,6.0,,6,Semifurnished,Apartment,59000000.0,Gurgaon,A71594710
Sector 48 Gurgaon,28.4104903,77.0394627,1500.0,4,4.0,,2,Semifurnished,Apartment,29000000.0,Gurgaon,A71593624
Sector 65 Gurgaon,28.4030162,77.0695893,1200.0,3,3.0,,5,Semifurnished,Apartment,26100000.0,Gurgaon,S71588186
Sector 65 Gurgaon,28.4030162,77.0695893,2000.0,3,3.0,,1,Semifurnished,Apartment,53300000.0,Gurgaon,T71587406
Dlf Phase 1,28.4765171,77.090194,3500.0,4,5.0,,6,Semifurnished,Independent/Builder Floor,55000000.0,Gurgaon,G71283538
Dlf Phase 2,28.483901,77.0846097,4500.0,5,6.0,,6,Semifurnished,Independent/Builder Floor,92500000.0,Gurgaon,N71147846
Dlf Phase 2,28.483901,77.0846097,3600.00000000036,3,4.0,,1,Semifurnished,Independent/Builder Floor,37500000.0,Gurgaon,J70928306
Dlf Phase 2,28.483901,77.0846097,3600.00000000036,4,5.0,,6,Semifurnished,Independent/Builder Floor,45000000.0,Gurgaon,G70901686
Sector 107 Gurgaon,28.506941,76.9752137,1056.0,2,2.0,,1,Unfurnished,Apartment,9000000.0,Gurgaon,C57468912
Sector 49 Gurgaon,28.4127374,77.0555164,2100.0,4,5.0,,2,Semifurnished,Apartment,28500000.0,Gurgaon,X71723280
Nirvana Country,28.4150509,77.0642955,2650.0,4,5.0,,2,Semifurnished,Apartment,42550000.0,Gurgaon,C71723008
Sector 65 Gurgaon,28.4030162,77.0695893,1650.0,4,4.0,,6,Semifurnished,Apartment,40000000.0,Gurgaon,L71415236
Sector 49 Gurgaon,28.4127374,77.0555164,1916.0,4,4.0,,1,Semifurnished,Apartment,21000000.0,Gurgaon,H71200316
Sector 49 Gurgaon,28.4127374,77.0555164,1573.0,3,3.0,,1,Semifurnished,Apartment,17500000.0,Gurgaon,I71200136
Sector 70 Gurgaon,28.3947261,77.0223138,1650.0,3,3.0,,6,Semifurnished,Apartment,18000000.0,Gurgaon,I71181572
Sector 59 Gurgaon,28.4030162,77.1066682,1650.0,3,2.0,,2,Semifurnished,Apartment,22500000.0,Gurgaon,L71018838
Sector 42 Gurgaon,28.4487856,77.0988212,1650.0,5,6.0,,1,Semifurnished,Apartment,550000000.0,Gurgaon,G23798278
Sector 103 Gurgaon,28.493087,76.9866453,1396.0,3,3.0,,5,Semifurnished,Apartment,18700000.0,Gurgaon,J71432854
Sector 99A Gurgaon,28.4554059,76.9510278,1220.0,3,3.0,,6,Semifurnished,Apartment,16400000.0,Gurgaon,N71392868
Sector 42 Gurgaon,28.4487856,77.0988212,1650.0,4,8.0,,6,Semifurnished,Apartment,490000000.0,Gurgaon,Z71351578
Sector 85 Gurgaon,28.3985762,76.9547447,2599.0,4,4.0,,5,Semifurnished,Apartment,28500000.0,Gurgaon,Y71332074
Sector 42 Gurgaon,28.4487856,77.0988212,1650.0,4,4.0,,6,Unfurnished,Apartment,490000000.0,Gurgaon,W71313150
Sector 104 Gurgaon,28.4795324,76.9937197,1650.0,3,4.0,,1,Semifurnished,Apartment,27500000.0,Gurgaon,I71287200
Sector 48 Gurgaon,28.4104903,77.0394627,1390.0,3,3.0,,6,Semifurnished,Independent/Builder Floor,12700000.0,Gurgaon,C71236160
Sector 4 Gurgaon,28.4682659,77.0325424,1450.0,3,3.0,,6,Semifurnished,Independent/Builder Floor,16500000.0,Gurgaon,Y71203000
Sector 37C Gurgaon,28.4489095,76.9880502,1600.0,3,3.0,,5,Unknown,Apartment,11800000.0,Gurgaon,X71166006
Sector 106 Gurgaon,28.5060806,76.9967796,4095.0,5,5.0,,5,Semifurnished,Apartment,57200000.0,Gurgaon,L71103090
Sector 37C Gurgaon,28.4489095,76.9880502,1815.0,3,3.0,,6,Semifurnished,Apartment,10900000.0,Gurgaon,R71096920
Sector 37D Gurgaon,28.4480039,76.9697682,1650.0,3,3.0,,6,Semifurnished,Apartment,16500000.0,Gurgaon,G71091452
Sector 66 Gurgaon,28.3974292,77.0538823,2500.0,4,4.0,,6,Semifurnished,Apartment,35000000.0,Gurgaon,B71091432
Dlf Phase 2,28.483901,77.0846097,2969.0,4,3.0,,3,Semifurnished,Apartment,49700000.0,Gurgaon,R68761044
Sector 59 Gurgaon,28.4030162,77.1066682,5953.0,5,4.0,,2,Semifurnished,Apartment,70000000.0,Gurgaon,M68760232
Sector 67A Gurgaon,28.4618719,77.05688,1200.0,2,2.0,,1,Semifurnished,Apartment,6200000.0,Gurgaon,W70925844
Sector 72 Gurgaon,28.3943815,77.032363,1650.0,5,6.0,,6,Semifurnished,Apartment,102500000.0,Gurgaon,O71587586
Sector 62 Gurgaon,28.407697,77.0823781,1650.0,5,5.0,,1,Semifurnished,Apartment,100000000.0,Gurgaon,V71587372
Sector 65 Gurgaon,28.4030162,77.0695893,1650.0,3,4.0,,1,Semifurnished,Apartment,67300000.0,Gurgaon,W71587130
Sector 48 Gurgaon,28.4104903,77.0394627,1650.0,4,6.0,,1,Semifurnished,Apartment,100000000.0,Gurgaon,A71586578
Sector 72 Gurgaon,28.3943815,77.032363,1650.0,4,5.0,,1,Semifurnished,Apartment,60000000.0,Gurgaon,Q71586336
Sector 92 Gurgaon,28.4089049,76.9155232,1650.0,4,5.0,,1,Semifurnished,Apartment,23000000.0,Gurgaon,A71568580
Sector 92 Gurgaon,28.4089049,76.9155232,1650.0,4,5.0,,1,Semifurnished,Apartment,22500000.0,Gurgaon,H71568192
Sector 104 Gurgaon,28.4795324,76.9937197,683.83,2,2.0,,5,Semifurnished,Apartment,10800000.0,Gurgaon,U71384234
Sector 79 Gurgaon,28.4618719,77.05688,1650.0,3,3.0,,6,Unknown,Apartment,17400000.0,Gurgaon,S71383090
Sector 37D Gurgaon,28.4480039,76.9697682,875.0,3,3.0,,5,Semifurnished,Independent/Builder Floor,10800000.0,Gurgaon,N70074166
Sector 86 Gurgaon,28.3981205,76.9411257,1750.0,4,4.0,,2,Semifurnished,Apartment,17500000.0,Gurgaon,N61446680
Sector 86 Gurgaon,28.3981205,76.9411257,1650.0,4,4.0,,1,Semifurnished,Apartment,18000000.0,Gurgaon,T42450855
Sector 53 Gurgaon,28.4487856,77.0988212,2000.0,3,4.0,,1,Semifurnished,Apartment,39500000.0,Gurgaon,S70971910
Sector 53 Gurgaon,28.4487856,77.0988212,2500.0,4,5.0,,1,Semifurnished,Apartment,50000000.0,Gurgaon,Y70880338
Sector 1 Imt Manesar,28.3671851,76.920669,810.0,2,2.0,,2,Semifurnished,Apartment,5000000.0,Gurgaon,Z71397926
Sector 1 Imt Manesar,28.3671851,76.920669,1070.0,3,2.0,,2,Semifurnished,Apartment,6000000.0,Gurgaon,W71397788
Palam Vihar,28.4983353,77.0203007,1650.0,3,3.0,,6,Semifurnished,Independent/Builder Floor,23000000.0,Gurgaon,Y12616139
Sector 60 Gurgaon,28.3985617,77.0978276,1650.0,3,3.0,,1,Unknown,Apartment,33000000.0,Gurgaon,U71739930
Sector 60 Gurgaon,28.3985617,77.0978276,1650.0,4,5.0,,1,Semifurnished,Apartment,45000000.0,Gurgaon,M71739726
Sector 102 Gurgaon,28.4754872,76.9711747,1700.0,3,4.0,,6,Semifurnished,Apartment,18630000.0,Gurgaon,Z71685092
Sector 84 Gurgaon,28.4035469,76.9677894,3000.0,4,4.0,,5,Semifurnished,Apartment,35000000.0,Gurgaon,T71634150
South City 1,28.4188433,77.0440293,1650.0,4,4.0,,1,Semifurnished,Independent/Builder Floor,52500000.0,Gurgaon,K67954034
Sector 102 Gurgaon,28.4754872,76.9711747,850.0,2,2.0,,6,Semifurnished,Apartment,10300000.0,Gurgaon,Q70866142
Sector 33 Gurgaon,28.4384785,77.0251655,1095.0,2,2.0,,1,Semifurnished,Apartment,11000000.0,Gurgaon,L71206838
Palam Vihar,28.4983353,77.0203007,2300.0,4,4.0,,6,Semifurnished,Independent/Builder Floor,24000000.0,Gurgaon,Y71759996
Sector 48 Gurgaon,28.4104903,77.0394627,2800.0,4,4.0,,1,Semifurnished,Independent/Builder Floor,26000000.0,Gurgaon,G71488138
Sector 86 Gurgaon,28.3981205,76.9411257,502.0,2,2.0,,1,Semifurnished,Apartment,5200000.0,Gurgaon,A70515402
Sector 67 Gurgaon,28.3864052,77.0598046,1650.0,4,4.0,,2,Semifurnished,Apartment,28000000.0,Gurgaon,N69269724
Sector 56 Gurgaon,28.4252244,77.0992377,1050.0,2,2.0,,2,Semifurnished,Apartment,9500000.0,Gurgaon,D71053204
Gwal Pahari,28.4326344,77.1480585,1350.0,3,3.0,,5,Semifurnished,Independent/Builder Floor,6800000.0,Gurgaon,O70991780
Palam Vihar,28.4983353,77.0203007,2350.0,4,4.0,,6,Semifurnished,Independent/Builder Floor,24000000.0,Gurgaon,R71447406
Sector 22 Gurgaon,28.4947315,77.0691703,1550.0,3,3.0,,6,Semifurnished,Independent/Builder Floor,20500000.0,Gurgaon,X71446572
Sector 104 Gurgaon,28.4795324,76.9937197,1650.0,3,3.0,,1,Semifurnished,Apartment,27900000.0,Gurgaon,W41060895
Sohna,28.3241636,77.0848644,519.0,2,2.0,,1,Semifurnished,Apartment,2850000.0,Gurgaon,W71592782
Sector 14 Gurgaon,28.4741534,77.047729,1650.0,3,3.0,,6,Semifurnished,Independent/Builder Floor,7421000.0,Gurgaon,Q36505677
Sector 57 Gurgaon,28.4232478,77.0804487,1800.0,3,3.0,,6,Semifurnished,Independent/Builder Floor,18000000.0,Gurgaon,S71014256
Sector 71 Gurgaon,28.3950557,77.0314336,1520.0,3,4.0,,2,Semifurnished,Apartment,12500000.0,Gurgaon,O70792766
Sector 60 Gurgaon,28.3985617,77.0978276,1650.0,4,5.0,,1,Unknown,Apartment,44500000.0,Gurgaon,K70842716
Sector 57 Gurgaon,28.4232478,77.0804487,1400.0,3,3.0,,6,Semifurnished,Independent/Builder Floor,15200000.0,Gurgaon,M70815808
Sector 37D Gurgaon,28.4480039,76.9697682,1060.0,2,2.0,,5,Semifurnished,Independent/Builder Floor,8900000.0,Gurgaon,N71368874
Sector 42 Gurgaon,28.4487856,77.0988212,5800.0,4,4.0,,3,Semifurnished,Apartment,250000000.0,Gurgaon,R69992830
Malibu Town,28.4234344,77.0468649,2400.0,4,4.0,,6,Semifurnished,Independent/Builder Floor,33500000.0,Gurgaon,B71672584
Malibu Town,28.4234344,77.0468649,4800.0,4,5.0,,3,Semifurnished,Apartment,39500000.0,Gurgaon,H71653602
Dlf Phase 1,28.4765171,77.090194,3500.0,4,5.0,,6,Semifurnished,Independent/Builder Floor,54500000.0,Gurgaon,P71552096
Sector 81 Gurgaon,28.3873647,76.9475835,776.0,2,2.0,,1,Semifurnished,Apartment,6700000.0,Gurgaon,D71533764
Sector 81 Gurgaon,28.3873647,76.9475835,1020.0,3,3.0,,1,Semifurnished,Apartment,7500000.0,Gurgaon,H71533602
Sector 50 Gurgaon,28.4268461,77.0584252,2430.0,4,4.0,,6,Semifurnished,Independent/Builder Floor,32500000.0,Gurgaon,Z71530784
Sector 102 Gurgaon,28.4754872,76.9711747,1350.0,3,3.0,,1,Semifurnished,Apartment,16200000.0,Gurgaon,I71402460
Sector 49 Gurgaon,28.4127374,77.0555164,4200.0,4,4.0,,2,Semifurnished,Apartment,32000000.0,Gurgaon,D71262746
Sector 54 Gurgaon,28.433569,77.1055815,1650.0,4,4.0,,1,Semifurnished,Apartment,110000000.0,Gurgaon,T71262316
Sector 85 Gurgaon,28.3985762,76.9547447,900.0,2,2.0,,2,Semifurnished,Apartment,5700000.0,Gurgaon,A71172962
Sector 48 Gurgaon,28.4104903,77.0394627,1650.0,4,5.0,,2,Unfurnished,Apartment,30000000.0,Gurgaon,W71130674
Sector 112 Gurgaon,28.5203402,77.0188612,1650.0,4,7.0,,6,Semifurnished,Apartment,57500000.0,Gurgaon,L70966412
Sector 47 Gurgaon,28.4268461,77.0584252,290.0,3,4.0,,2,Semifurnished,Independent/Builder Floor,16000000.0,Gurgaon,A70799710
Sector 56 Gurgaon,28.4252244,77.0992377,2000.0,3,3.0,,3,Semifurnished,Apartment,20000000.0,Gurgaon,C68723372
Sector 54 Gurgaon,28.433569,77.1055815,1650.0,4,4.0,,6,Semifurnished,Independent/Builder Floor,62500000.0,Gurgaon,O71561112
Sector 49 Gurgaon,28.4127374,77.0555164,1650.0,3,4.0,,2,Semifurnished,Apartment,26000000.0,Gurgaon,D60046840
Sector 48 Gurgaon,28.4104903,77.0394627,1650.0,4,4.0,,2,Semifurnished,Apartment,42500000.0,Gurgaon,M66650214
Sector 67A Gurgaon,28.4618719,77.05688,1100.0,2,2.0,,1,Semifurnished,Apartment,13500000.0,Gurgaon,P71402566
Sector 67A Gurgaon,28.4618719,77.05688,1500.0,3,4.0,,1,Semifurnished,Apartment,18500000.0,Gurgaon,F71402514
Sector 30 Gurgaon,28.4618719,77.05688,1200.0,3,2.0,,1,Semifurnished,Independent/Builder Floor,7259000.0,Gurgaon,Q71361666
Laxman Vihar,28.666142,77.3199276,1300.0,3,3.0,,1,Semifurnished,Independent/Builder Floor,5851000.0,Gurgaon,L71326540
Sector 62 Gurgaon,28.407697,77.0823781,1955.0,3,3.0,,6,Semifurnished,Apartment,41500000.0,Gurgaon,I70130602
Dlf Phase 2,28.483901,77.0846097,1500.0,3,3.0,,3,Semifurnished,Independent/Builder Floor,18000000.0,Gurgaon,T70878152
Dlf Phase 2,28.483901,77.0846097,1800.0,3,3.0,,6,Semifurnished,Independent/Builder Floor,27500000.0,Gurgaon,U71190890
Sector 58 Gurgaon,28.4160012,77.1085564,2450.0,3,5.0,,1,Semifurnished,Apartment,53500000.0,Gurgaon,X50051834
Sector 60 Gurgaon,28.3985617,77.0978276,1650.0,2,3.0,,1,Semifurnished,Apartment,21500000.0,Gurgaon,K49397391
Sohna,28.3241636,77.0848644,780.0,2,1.0,,5,Semifurnished,Apartment,4000000.0,Gurgaon,U45900869
Sector 67A Gurgaon,28.4618719,77.05688,1650.0,3,3.0,,2,Semifurnished,Apartment,20000000.0,Gurgaon,O71547002
Sector 28 Gurgaon,28.4794143,77.0833588,1650.0,3,4.0,,3,Semifurnished,Apartment,26500000.0,Gurgaon,G70900290
Sector 54 Gurgaon,28.433569,77.1055815,2822.0,4,4.0,,1,Semifurnished,Apartment,139000000.0,Gurgaon,Y70230796
Sector 67 Gurgaon,28.3864052,77.0598046,1650.0,4,4.0,,2,Semifurnished,Apartment,32800000.0,Gurgaon,R70830932
Sohna,28.3241636,77.0848644,780.0,2,1.0,,5,Semifurnished,Apartment,3700000.0,Gurgaon,X48848247
Sohna,28.3241636,77.0848644,700.0,2,1.0,,5,Semifurnished,Apartment,3270000.0,Gurgaon,T49924646
Sohna,28.3241636,77.0848644,760.0,2,1.0,,5,Semifurnished,Apartment,3700000.0,Gurgaon,N46733445
Sohna,28.3241636,77.0848644,1500.0,3,3.0,,1,Semifurnished,Apartment,6500000.0,Gurgaon,Y33366743
Sector 74 Gurgaon,28.4110081,77.0101209,1614.4,3,3.0,,1,Semifurnished,Apartment,24000000.0,Gurgaon,U71465382
Sector 42 Gurgaon,28.4487856,77.0988212,1650.0,5,5.0,,3,Semifurnished,Apartment,305000000.0,Gurgaon,N68748024
Sector 42 Gurgaon,28.4487856,77.0988212,1650.0,4,4.0,,3,Semifurnished,Apartment,290000000.0,Gurgaon,O68748528
Sector 42 Gurgaon,28.4487856,77.0988212,1650.0,4,4.0,,3,Semifurnished,Apartment,300000000.0,Gurgaon,V68748760
Sector 42 Gurgaon,28.4487856,77.0988212,1650.0,4,4.0,,3,Semifurnished,Apartment,292500000.0,Gurgaon,A68748832
Sector 113 Gurgaon,28.5286649,77.0250282,2600.0,4,4.0,,5,Unknown,Apartment,37000000.0,Gurgaon,C71430188
Sector 110 Gurgaon,28.5069625,77.018321,1650.0,5,5.0,,1,Semifurnished,Apartment,44500000.0,Gurgaon,J71425832
Sector 110 Gurgaon,28.5069625,77.018321,1650.0,4,4.0,,1,Semifurnished,Apartment,38000000.0,Gurgaon,P71425632
Sector 110 Gurgaon,28.5069625,77.018321,1650.0,4,4.0,,1,Semifurnished,Apartment,37000000.0,Gurgaon,Q71425412
Sector 113 Gurgaon,28.5286649,77.0250282,1650.0,3,2.0,,1,Semifurnished,Apartment,20500000.0,Gurgaon,J71425098
Sector 113 Gurgaon,28.5286649,77.0250282,1650.0,3,3.0,,5,Semifurnished,Apartment,39000000.0,Gurgaon,Y71424966
Sector 113 Gurgaon,28.5286649,77.0250282,1650.0,3,3.0,,5,Semifurnished,Apartment,28000000.0,Gurgaon,M71424810
Sector 104 Gurgaon,28.4795324,76.9937197,1650.0,4,4.0,,1,Semifurnished,Apartment,28500000.0,Gurgaon,A71424642
Sector 104 Gurgaon,28.4795324,76.9937197,1650.0,4,4.0,,1,Semifurnished,Apartment,29000000.0,Gurgaon,U71424432
Sector 104 Gurgaon,28.4795324,76.9937197,1650.0,3,4.0,,1,Semifurnished,Apartment,21000000.0,Gurgaon,K71424330
Sector 108 Gurgaon,28.5128994,76.9823615,1581.0,4,4.0,,5,Unknown,Apartment,47500000.0,Gurgaon,G71423922
Sector 108 Gurgaon,28.5128994,76.9823615,1900.0,4,4.0,,5,Semifurnished,Apartment,58200000.0,Gurgaon,G71423796
Sector 108 Gurgaon,28.5128994,76.9823615,1512.05,3,5.0,,5,Semifurnished,Apartment,42500000.0,Gurgaon,Y71423366
Sector 108 Gurgaon,28.5128994,76.9823615,1512.05,3,5.0,,5,Semifurnished,Apartment,40000000.0,Gurgaon,O71423274
Sector 108 Gurgaon,28.5128994,76.9823615,1512.05,3,5.0,,6,Semifurnished,Apartment,38000000.0,Gurgaon,K71423188
Sector 108 Gurgaon,28.5128994,76.9823615,1512.05,3,5.0,,6,Semifurnished,Apartment,37500000.0,Gurgaon,E71423132
Sector 108 Gurgaon,28.5128994,76.9823615,1650.0,3,4.0,,5,Semifurnished,Apartment,36000000.0,Gurgaon,Z71423050
Sector 108 Gurgaon,28.5128994,76.9823615,1650.0,3,4.0,,5,Semifurnished,Apartment,32500000.0,Gurgaon,A71422962
Sector 108 Gurgaon,28.5128994,76.9823615,1280.17,3,4.0,,6,Unknown,Apartment,30500000.0,Gurgaon,U71421460
Sector 3 Gurgaon,28.4944483,77.0985008,1444.0,2,2.0,,5,Semifurnished,Apartment,11700000.0,Gurgaon,D71386422
Nirvana Country,28.4150509,77.0642955,1500.0,3,4.0,,2,Semifurnished,Apartment,19600000.0,Gurgaon,B71296744
Nirvana Country,28.4150509,77.0642955,2000.0,3,4.0,,2,Semifurnished,Apartment,30000000.0,Gurgaon,Z71292918
Nirvana Country,28.4150509,77.0642955,2100.0,3,3.0,,2,Semifurnished,Apartment,30200000.0,Gurgaon,S71259880
Sector 3 Gurgaon,28.4944483,77.0985008,1650.0,4,4.0,,5,Semifurnished,Apartment,26000000.0,Gurgaon,T71122902
Sector 52 Gurgaon,28.4368166,77.0795276,1800.0,3,3.0,,3,Semifurnished,Apartment,20000000.0,Gurgaon,M71396190
Sector 50 Gurgaon,28.4268461,77.0584252,1350.0,3,3.0,,2,Semifurnished,Apartment,21500000.0,Gurgaon,V70715622
Sector 50 Gurgaon,28.4268461,77.0584252,1300.0,3,3.0,,2,Semifurnished,Apartment,16500000.0,Gurgaon,U70899678
Nirvana Country,28.4150509,77.0642955,1150.0,2,2.0,,2,Semifurnished,Apartment,16000000.0,Gurgaon,I71767540
Sector 91 Gurgaon,28.4007588,76.9210802,1571.87,3,3.0,,6,Semifurnished,Apartment,13700000.0,Gurgaon,L54742596
Sector 90 Gurgaon,28.4069974,76.9365562,1800.0,4,4.0,,1,Semifurnished,Apartment,15600000.0,Gurgaon,Y42531891
Sector 91 Gurgaon,28.4007588,76.9210802,1650.0,3,3.0,,2,Semifurnished,Apartment,14100000.0,Gurgaon,W64172668
Sector 90 Gurgaon,28.4069974,76.9365562,1650.0,4,4.0,,1,Semifurnished,Apartment,17500000.0,Gurgaon,K43681673
Sector 91 Gurgaon,28.4007588,76.9210802,1650.0,2,2.0,,6,Semifurnished,Apartment,9650000.0,Gurgaon,O48733121
Sector 91 Gurgaon,28.4007588,76.9210802,1286.3,3,4.0,,6,Semifurnished,Apartment,15800000.0,Gurgaon,Z54922976
Sector 91 Gurgaon,28.4007588,76.9210802,1650.0,4,4.0,,1,Semifurnished,Apartment,19000000.0,Gurgaon,H44466963
Sector 90 Gurgaon,28.4069974,76.9365562,2000.0,4,4.0,,6,Semifurnished,Apartment,15800000.0,Gurgaon,D41664085
Sector 90 Gurgaon,28.4069974,76.9365562,1400.0,3,3.0,,1,Semifurnished,Apartment,13350000.0,Gurgaon,Y42062055
Sector 90 Gurgaon,28.4069974,76.9365562,1650.0,3,3.0,,1,Semifurnished,Apartment,14300000.0,Gurgaon,I44651309
Sector 90 Gurgaon,28.4069974,76.9365562,1700.0,4,4.0,,1,Semifurnished,Apartment,16500000.0,Gurgaon,K39291191
Sector 90 Gurgaon,28.4069974,76.9365562,1400.0,3,3.0,,1,Semifurnished,Apartment,13500000.0,Gurgaon,X40075997
Sector 90 Gurgaon,28.4069974,76.9365562,1650.0,4,4.0,,2,Semifurnished,Apartment,16000000.0,Gurgaon,O64172318
Sector 90 Gurgaon,28.4069974,76.9365562,1500.0,3,3.0,,1,Semifurnished,Apartment,13870000.0,Gurgaon,I41322939
Sector 86 Gurgaon,28.3981205,76.9411257,1650.0,4,4.0,,1,Semifurnished,Apartment,16000000.0,Gurgaon,B42925921
Sector 90 Gurgaon,28.4069974,76.9365562,1650.0,3,3.0,,1,Semifurnished,Apartment,13950000.0,Gurgaon,A64025662
Sector 90 Gurgaon,28.4069974,76.9365562,1350.0,3,3.0,,1,Semifurnished,Apartment,13500000.0,Gurgaon,K40265561
Dlf Phase 5,28.503445,77.0952048,1350.0,3,3.0,,3,Semifurnished,Apartment,23000000.0,Gurgaon,C71570146
Sector 85 Gurgaon,28.3985762,76.9547447,1500.0,3,3.0,,5,Semifurnished,Apartment,18000000.0,Gurgaon,O71228906
Gwal Pahari,28.4326344,77.1480585,1430.0,3,3.0,,5,Unfurnished,Independent/Builder Floor,14000000.0,Gurgaon,J60715894
Sector 77 Gurgaon,28.3832337,76.982557,1650.0,3,4.0,,6,Semifurnished,Apartment,13500000.0,Gurgaon,I51862188
Sector 77 Gurgaon,28.3832337,76.982557,1650.0,3,3.0,,1,Unknown,Apartment,14000000.0,Gurgaon,D14133101
Malibu Town,28.4234344,77.0468649,2070.0000000002,3,3.0,,2,Unknown,Independent/Builder Floor,16000000.0,Gurgaon,S70879126
Sector 102 Gurgaon,28.4754872,76.9711747,1650.0,3,4.0,,1,Semifurnished,Apartment,21000000.0,Gurgaon,H65626064
Sector 102 Gurgaon,28.4754872,76.9711747,1800.0,3,4.0,,1,Semifurnished,Apartment,21000000.0,Gurgaon,S57326926
Sector 109 Gurgaon,28.5109205,77.0065956,1650.0,4,4.0,,1,Semifurnished,Apartment,15300000.0,Gurgaon,S68706934
Sector 79 Gurgaon,28.4618719,77.05688,1534.0,3,3.0,,5,Semifurnished,Apartment,16000000.0,Gurgaon,H71777624
Sector 79 Gurgaon,28.4618719,77.05688,1193.0,2,2.0,,5,Semifurnished,Apartment,10500000.0,Gurgaon,Y71777536
Sector 81 Gurgaon,28.3873647,76.9475835,1650.0,3,4.0,,1,Semifurnished,Apartment,27000000.0,Gurgaon,C71777396
Sector 102 Gurgaon,28.4754872,76.9711747,1826.0,3,3.0,,6,Semifurnished,Apartment,24000000.0,Gurgaon,V71773668
Sector 113 Gurgaon,28.5286649,77.0250282,2600.0,4,4.0,,5,Semifurnished,Apartment,36000000.0,Gurgaon,B71772852
Sector 79 Gurgaon,28.4618719,77.05688,1211.0,2,2.0,,5,Semifurnished,Apartment,8800000.0,Gurgaon,P71772728
Sector 79 Gurgaon,28.4618719,77.05688,1831.0,3,3.0,,5,Semifurnished,Apartment,12000000.0,Gurgaon,S71772584
Sector 92 Gurgaon,28.4089049,76.9155232,1432.0,3,3.0,,6,Semifurnished,Apartment,9300000.0,Gurgaon,M71769404
Sector 93 Gurgaon,28.4156048,76.931638,1650.0,3,3.0,,5,Semifurnished,Apartment,13000000.0,Gurgaon,I71769370
Sector 83 Gurgaon,28.3963578,76.9654747,1650.0,3,3.0,,1,Semifurnished,Apartment,18800000.0,Gurgaon,J71747350
Sector 106 Gurgaon,28.5060806,76.9967796,1400.0,2,2.0,,5,Semifurnished,Apartment,19900000.0,Gurgaon,M71688652
Sector 42 Gurgaon,28.4487856,77.0988212,1650.0,4,6.0,,3,Unknown,Apartment,250000000.0,Gurgaon,R71650926
Sector 106 Gurgaon,28.5060806,76.9967796,2720.0,4,5.0,,5,Semifurnished,Apartment,40500000.0,Gurgaon,I71605324
Sector 42 Gurgaon,28.4487856,77.0988212,1650.0,4,4.0,,3,Semifurnished,Apartment,330000000.0,Gurgaon,U71561314
Sector 106 Gurgaon,28.5060806,76.9967796,2720.0,4,4.0,,5,Semifurnished,Apartment,39000000.0,Gurgaon,O71553272
Sector 113 Gurgaon,28.5286649,77.0250282,1700.0,3,4.0,,6,Semifurnished,Apartment,29500000.0,Gurgaon,Y71428996
Sector 59 Gurgaon,28.4030162,77.1066682,3025.0,3,6.0,,5,Semifurnished,Apartment,56000000.0,Gurgaon,C71348312
Sector 61 Gurgaon,28.4110188,77.0963685,1627.45,4,4.0,,5,Semifurnished,Apartment,52200000.0,Gurgaon,D71255306
Sector 61 Gurgaon,28.4110188,77.0963685,1650.0,4,4.0,,1,Semifurnished,Apartment,34000000.0,Gurgaon,R71251648
Sector 69 Gurgaon,28.3960701,77.0372311,1326.0,3,2.0,,2,Semifurnished,Apartment,9500000.0,Gurgaon,A71251184
Sector 61 Gurgaon,28.4110188,77.0963685,1627.45,4,4.0,,5,Semifurnished,Apartment,52500000.0,Gurgaon,S71240846
Sector 61 Gurgaon,28.4110188,77.0963685,1249.65,3,4.0,,5,Semifurnished,Apartment,38600000.0,Gurgaon,N71239900
Sector 62 Gurgaon,28.407697,77.0823781,1650.0,3,3.0,,6,Semifurnished,Apartment,41500000.0,Gurgaon,Y70859930
Sector 90 Gurgaon,28.4069974,76.9365562,1550.0,3,3.0,,2,Semifurnished,Apartment,13500000.0,Gurgaon,Z61447414
Sector 90 Gurgaon,28.4069974,76.9365562,1650.0,4,4.0,,1,Semifurnished,Apartment,19000000.0,Gurgaon,N43831871
Sector 90 Gurgaon,28.4069974,76.9365562,1650.0,3,3.0,,1,Semifurnished,Apartment,15000000.0,Gurgaon,H42451393
Sector 90 Gurgaon,28.4069974,76.9365562,1650.0,3,3.0,,1,Unfurnished,Apartment,14500000.0,Gurgaon,P42258657
Sector 65 Gurgaon,28.4030162,77.0695893,4550.0,4,4.0,,5,Unfurnished,Apartment,97000000.0,Gurgaon,Q71016842
Sector 108 Gurgaon,28.5128994,76.9823615,1280.17,3,4.0,,5,Semifurnished,Apartment,35000000.0,Gurgaon,C71612448
Sector 66 Gurgaon,28.3974292,77.0538823,1650.0,4,5.0,,1,Semifurnished,Apartment,44000000.0,Gurgaon,T70764398
Sector 63A Gurgaon,28.4618719,77.05688,1650.0,3,3.0,,5,Semifurnished,Independent/Builder Floor,22785000.0,Gurgaon,L71775732
Sector 88A Gurgaon,28.4337898,76.9539433,1650.0,2,2.0,,5,Semifurnished,Apartment,4500000.0,Gurgaon,V71355150
Sector 71 Gurgaon,28.3950557,77.0314336,1650.0,2,2.0,,1,Semifurnished,Apartment,8500000.0,Gurgaon,O71281448
Sector 52 Gurgaon,28.4368166,77.0795276,2160.00000000021,3,3.0,,1,Semifurnished,Independent/Builder Floor,23500000.0,Gurgaon,H71174916
Sector 90 Gurgaon,28.4069974,76.9365562,1650.0,4,4.0,,1,Semifurnished,Apartment,15800000.0,Gurgaon,K70191492
Sector 102 Gurgaon,28.4754872,76.9711747,1650.0,3,4.0,,1,Semifurnished,Apartment,21000000.0,Gurgaon,J71783258
Nirvana Country,28.4150509,77.0642955,3250.0,4,4.0,,6,Semifurnished,Independent/Builder Floor,67500000.0,Gurgaon,Z71709868
Sector 102 Gurgaon,28.4754872,76.9711747,1650.0,2,2.0,,1,Semifurnished,Apartment,13000000.0,Gurgaon,J71676614
Sector 95 Gurgaon,28.4149443,76.9114892,2167.0,3,3.0,,5,Semifurnished,Independent/Builder Floor,12779000.0,Gurgaon,M71553360
Sector 67A Gurgaon,28.4618719,77.05688,2220.0,4,4.0,,5,Semifurnished,Independent/Builder Floor,25000000.0,Gurgaon,Z71479846
Sector 50 Gurgaon,28.4268461,77.0584252,1955.0,4,4.0,,6,Semifurnished,Independent/Builder Floor,27400000.0,Gurgaon,E71463736
South City 1,28.4188433,77.0440293,2715.0,4,4.0,,6,Semifurnished,Independent/Builder Floor,31500000.0,Gurgaon,F71445052
Sector 49 Gurgaon,28.4127374,77.0555164,1650.0,4,4.0,,6,Semifurnished,Independent/Builder Floor,51000000.0,Gurgaon,Z71442956
Sector 36A Gurgaon,28.4202285,76.9719998,1650.0,3,2.0,,5,Semifurnished,Apartment,27000000.0,Gurgaon,K71371240
Sector 36A Gurgaon,28.4202285,76.9719998,1009.0,2,2.0,,5,Semifurnished,Apartment,20200000.0,Gurgaon,D71370878
Dlf Phase 2,28.483901,77.0846097,2900.0,4,4.0,,5,Semifurnished,Independent/Builder Floor,50000000.0,Gurgaon,U70219374
Sector 81 Gurgaon,28.3873647,76.9475835,1800.0,3,3.0,,2,Semifurnished,Apartment,24600000.0,Gurgaon,A71301994
Dlf Phase 4,28.4919048,77.0937804,4000.0,4,3.0,,6,Semifurnished,Independent/Builder Floor,50000000.0,Gurgaon,I71262364
Dlf Phase 4,28.4919048,77.0937804,4000.0,4,3.0,,6,Semifurnished,Independent/Builder Floor,45000000.0,Gurgaon,O71261990
Sector 113 Gurgaon,28.5286649,77.0250282,1650.0,2,2.0,,5,Unfurnished,Independent House/Villa,34300000.0,Gurgaon,H71170374
Sector 111 Gurgaon,28.5222773,77.0336203,2248.0,4,4.0,,5,Unfurnished,Apartment,30800000.0,Gurgaon,Q71168730
Sector 111 Gurgaon,28.5222773,77.0336203,2022.0,3,3.0,,5,Unfurnished,Apartment,28000000.0,Gurgaon,U71168202
Sector 65 Gurgaon,28.4030162,77.0695893,1280.0,3,3.0,,6,Unfurnished,Apartment,10500000.0,Gurgaon,I71087270
Sector 79 Gurgaon,28.4618719,77.05688,1534.0,3,3.0,,5,Unknown,Apartment,16600000.0,Gurgaon,R71067298
Sector 113 Gurgaon,28.5286649,77.0250282,1895.0,3,3.0,,5,Unknown,Apartment,23687500.0,Gurgaon,F71027040
Sector 113 Gurgaon,28.5286649,77.0250282,2249.0,4,4.0,,5,Unknown,Apartment,25875000.0,Gurgaon,V71020094
Sector 113 Gurgaon,28.5286649,77.0250282,2055.0,4,4.0,,5,Unknown,Apartment,23632500.0,Gurgaon,B71019930
Sector 37D Gurgaon,28.4480039,76.9697682,1650.0,4,3.0,,1,Unknown,Apartment,20765500.0,Gurgaon,J71017274
South City 2,28.4188806,77.0439211,3000.0,4,4.0,,6,Semifurnished,Independent/Builder Floor,34000000.0,Gurgaon,W70915550
Gwal Pahari,28.4326344,77.1480585,770.0,3,3.0,,5,Semifurnished,Independent/Builder Floor,13871000.0,Gurgaon,R70892266
Gwal Pahari,28.4326344,77.1480585,560.0,2,2.0,,5,Semifurnished,Independent/Builder Floor,9991000.0,Gurgaon,M70892136
Sector 28 Gurgaon,28.4794143,77.0833588,2900.0,4,4.0,,2,Semifurnished,Apartment,38000000.0,Gurgaon,K70344506
Dlf Phase 4,28.4919048,77.0937804,1485.0,3,3.0,,3,Semifurnished,Apartment,19999999.0,Gurgaon,G71738332
Sector 67 Gurgaon,28.3864052,77.0598046,2100.0,4,3.0,,6,Semifurnished,Independent/Builder Floor,19999999.0,Gurgaon,F71723814
Sushant Lok Phase 1,28.4545693,77.0826249,3800.0,4,5.0,,6,Semifurnished,Independent/Builder Floor,52500000.0,Gurgaon,X71600972
Heritage City,28.4817226,77.0784621,1640.0,3,3.0,,2,Semifurnished,Apartment,21000000.0,Gurgaon,C71409862
Sushant Lok Phase 2,28.464228,77.076724,2000.0,4,4.0,,6,Semifurnished,Independent/Builder Floor,25000000.0,Gurgaon,W71403604
Malibu Town,28.4234344,77.0468649,1650.0,5,6.0,,6,Semifurnished,Independent/Builder Floor,71000000.0,Gurgaon,Y71303206
Sector 49 Gurgaon,28.4127374,77.0555164,1650.0,3,3.0,,3,Semifurnished,Independent/Builder Floor,13000000.0,Gurgaon,O70972244
Sector 54 Gurgaon,28.433569,77.1055815,1650.0,4,4.0,,3,Semifurnished,Apartment,79900000.0,Gurgaon,T71657436
Sector 106 Gurgaon,28.5060806,76.9967796,1650.0,2,2.0,,5,Semifurnished,Apartment,15800000.0,Gurgaon,J71520320
Sector 27 Gurgaon,28.4646566,77.0839505,2200.0,4,4.0,,1,Semifurnished,Independent/Builder Floor,23400000.0,Gurgaon,E71008838
Sector 42 Gurgaon,28.4487856,77.0988212,1935.00000000019,3,3.0,,1,Semifurnished,Independent/Builder Floor,23000000.0,Gurgaon,Q67682348
Sector 69 Gurgaon,28.3960701,77.0372311,1370.0,3,3.0,,1,Semifurnished,Apartment,19426525.0,Gurgaon,T70198100
Sector 42 Gurgaon,28.4487856,77.0988212,5800.0,4,4.0,,2,Semifurnished,Apartment,240000000.0,Gurgaon,R69992914
Sector-33 Sohna,28.3241636,77.0848644,1650.0,4,4.0,,6,Semifurnished,Apartment,26500000.0,Gurgaon,Q71098102
Sector 106 Gurgaon,28.5060806,76.9967796,949.0,2,2.0,,6,Semifurnished,Apartment,8900000.0,Gurgaon,H68452214
Sector 66 Gurgaon,28.3974292,77.0538823,1900.0,3,3.0,,1,Semifurnished,Apartment,35000000.0,Gurgaon,D70991414
Sector 30 Gurgaon,28.4618719,77.05688,4000.0,5,5.0,,2,Semifurnished,Apartment,80000000.0,Gurgaon,A70859962
Sector 54 Gurgaon,28.433569,77.1055815,3800.0,5,7.0,,3,Semifurnished,Apartment,115000000.0,Gurgaon,P70800192
Sector 65 Gurgaon,28.4030162,77.0695893,800.0,2,2.0,,5,Semifurnished,Apartment,17300000.0,Gurgaon,R64567314
Sector 37D Gurgaon,28.4480039,76.9697682,1400.0,3,3.0,,1,Semifurnished,Apartment,11000000.0,Gurgaon,E61449810
Dlf Phase 4,28.4919048,77.0937804,3240.00000000032,4,4.0,,6,Semifurnished,Independent/Builder Floor,45000000.0,Gurgaon,Q71432820
Sector 81 Gurgaon,28.3873647,76.9475835,653.0,3,2.0,,5,Semifurnished,Apartment,10300000.0,Gurgaon,W70885940
Sector 79 Gurgaon,28.4618719,77.05688,2250.0,2,2.0,,5,Unfurnished,Apartment,15645000.0,Gurgaon,Q71263792
Sector 52 Gurgaon,28.4368166,77.0795276,1650.0,4,4.0,,1,Semifurnished,Independent/Builder Floor,25000000.0,Gurgaon,G69027044
Sector 65 Gurgaon,28.4030162,77.0695893,1975.0,4,4.0,,1,Semifurnished,Apartment,29000000.0,Gurgaon,U71577272
Sector 65 Gurgaon,28.4030162,77.0695893,1975.0,4,4.0,,1,Semifurnished,Apartment,30000000.0,Gurgaon,G71577140
Sector 43 Gurgaon,28.4487856,77.0988212,5000.0,5,5.0,,2,Semifurnished,Apartment,70000000.0,Gurgaon,M71772472
Palam Vihar,28.4983353,77.0203007,1650.0,1,1.0,,3,Semifurnished,Apartment,5500000.0,Gurgaon,O71633100
Sector 54 Gurgaon,28.433569,77.1055815,1534.0,4,5.0,,2,Semifurnished,Apartment,70500000.0,Gurgaon,R71459982
Sector 23 Gurgaon,28.510319,77.0530094,1650.0,4,4.0,,6,Semifurnished,Independent/Builder Floor,30000000.0,Gurgaon,L67391624
Sector 30 Gurgaon,28.4618719,77.05688,2200.0,3,3.0,,3,Semifurnished,Apartment,54000000.0,Gurgaon,G70431236
South City 2,28.4188806,77.0439211,1700.0,3,3.0,,6,Semifurnished,Independent/Builder Floor,24000000.0,Gurgaon,R69054938
Sector 65 Gurgaon,28.4030162,77.0695893,1780.0,4,4.0,,1,Semifurnished,Independent/Builder Floor,30500000.0,Gurgaon,E71797276
Sector 46 Gurgaon,28.4268461,77.0584252,3300.0,4,4.0,,6,Semifurnished,Independent/Builder Floor,32000000.0,Gurgaon,T71552322
Sector 65 Gurgaon,28.4030162,77.0695893,5100.0,4,4.0,,1,Semifurnished,Apartment,93000000.0,Gurgaon,H71493330
Sector 65 Gurgaon,28.4030162,77.0695893,5100.0,4,4.0,,1,Semifurnished,Apartment,92000000.0,Gurgaon,D71493216
Sector 65 Gurgaon,28.4030162,77.0695893,3350.0,3,3.0,,1,Semifurnished,Apartment,61000000.0,Gurgaon,A71492966
Sector 65 Gurgaon,28.4030162,77.0695893,3349.0,3,3.0,,1,Semifurnished,Apartment,60500000.0,Gurgaon,M71492808
Dlf Phase 5,28.503445,77.0952048,1650.0,2,2.0,,3,Semifurnished,Apartment,17000000.0,Gurgaon,T71469456
Sector 57 Gurgaon,28.4232478,77.0804487,1650.0,3,4.0,,2,Semifurnished,Apartment,23500000.0,Gurgaon,W71462376
Sector 57 Gurgaon,28.4232478,77.0804487,1650.0,3,4.0,,2,Semifurnished,Apartment,26500000.0,Gurgaon,P71462254
Sector 63A Gurgaon,28.4618719,77.05688,1999.82,3,3.0,,5,Semifurnished,Apartment,30000000.0,Gurgaon,Q71354014
Sector 56 Gurgaon,28.4252244,77.0992377,2400.0,4,4.0,,6,Semifurnished,Independent/Builder Floor,29500000.0,Gurgaon,H71330904
Sector 49 Gurgaon,28.4127374,77.0555164,1650.0,2,2.0,,2,Semifurnished,Apartment,21500000.0,Gurgaon,X71273972
Sector-33 Sohna,28.3241636,77.0848644,1650.0,3,3.0,,6,Semifurnished,Apartment,16500000.0,Gurgaon,D71268810
Sector-33 Sohna,28.3241636,77.0848644,1650.0,4,4.0,,6,Semifurnished,Apartment,26000000.0,Gurgaon,C71268484
Sector-33 Sohna,28.3241636,77.0848644,1650.0,3,3.0,,6,Semifurnished,Apartment,22400000.0,Gurgaon,J71268362
Sector 65 Gurgaon,28.4030162,77.0695893,1827.0,3,3.0,,5,Semifurnished,Apartment,24678000.0,Gurgaon,M71052734
Sector 65 Gurgaon,28.4030162,77.0695893,1420.0,2,2.0,,5,Semifurnished,Apartment,19170000.0,Gurgaon,E71052638
Sector 65 Gurgaon,28.4030162,77.0695893,1357.0,2,2.0,,5,Semifurnished,Apartment,18333000.0,Gurgaon,Z71052218
Sector 63A Gurgaon,28.4618719,77.05688,1050.0,2,2.0,,6,Unknown,Apartment,16600000.0,Gurgaon,C71651844
Sector 108 Gurgaon,28.5128994,76.9823615,974.68,3,3.0,,1,Semifurnished,Apartment,14700000.0,Gurgaon,K71144646
Sector 70 Gurgaon,28.3947261,77.0223138,1161.0,3,5.0,,6,Semifurnished,Apartment,17000000.0,Gurgaon,W71571078
Sector 37C Gurgaon,28.4489095,76.9880502,1274.0,3,3.0,,5,Semifurnished,Apartment,12900000.0,Gurgaon,I71533406
Sector 37C Gurgaon,28.4489095,76.9880502,1253.0,3,3.0,,5,Semifurnished,Apartment,12700000.0,Gurgaon,M71533258
Sector 76 Gurgaon,28.3910112,76.9900243,582.0,2,2.0,,1,Semifurnished,Apartment,4749000.0,Gurgaon,X64639414
Sector 50 Gurgaon,28.4268461,77.0584252,1950.0,4,4.0,,1,Semifurnished,Independent/Builder Floor,27500000.0,Gurgaon,L71332200
Sector 89 A Gurgaon,28.4184455,76.9457567,1602.0,3,4.0,,1,Semifurnished,Apartment,23000000.0,Gurgaon,R71157954
Sector 108 Gurgaon,28.5128994,76.9823615,1650.0,3,4.0,,6,Semifurnished,Apartment,33900000.0,Gurgaon,W61138394
Sector 108 Gurgaon,28.5128994,76.9823615,1650.0,3,4.0,,6,Semifurnished,Apartment,40900000.0,Gurgaon,X60447724
Dlf Phase 2,28.483901,77.0846097,1500.0,3,3.0,,6,Semifurnished,Independent/Builder Floor,26000000.0,Gurgaon,Z71367492
Malibu Town,28.4234344,77.0468649,4518.00000000045,4,4.0,,6,Semifurnished,Independent/Builder Floor,55000000.0,Gurgaon,S68747752
Sector 112 Gurgaon,28.5203402,77.0188612,1650.0,2,2.0,,1,Semifurnished,Apartment,28851000.0,Gurgaon,G54526790
Sector 68 Gurgaon,28.388897,77.0459859,1650.0,3,3.0,,1,Semifurnished,Apartment,15000000.0,Gurgaon,W71709796
Sector 104 Gurgaon,28.4795324,76.9937197,1400.0,2,3.0,,1,Semifurnished,Apartment,9000000.0,Gurgaon,E71709772
Sector 83 Gurgaon,28.3963578,76.9654747,1650.0,3,3.0,,1,Semifurnished,Apartment,20000000.0,Gurgaon,B71709754
Sector 70A Gurgaon,28.3846684,77.0220391,1650.0,2,2.0,,6,Semifurnished,Apartment,13500000.0,Gurgaon,M71709738
Sector 88A Gurgaon,28.4337898,76.9539433,1650.0,3,3.0,,6,Semifurnished,Apartment,18000000.0,Gurgaon,V71707840
Sector 62 Gurgaon,28.407697,77.0823781,1155.0,3,4.0,,6,Semifurnished,Apartment,26000000.0,Gurgaon,F71679264
Sector 102 Gurgaon,28.4754872,76.9711747,1650.0,3,3.0,,1,Semifurnished,Apartment,20000000.0,Gurgaon,P71677706
Sector 83 Gurgaon,28.3963578,76.9654747,1200.0,3,3.0,,6,Semifurnished,Apartment,15000000.0,Gurgaon,K71676148
Nirvana Country,28.4150509,77.0642955,1650.0,3,4.0,,1,Semifurnished,Apartment,29000000.0,Gurgaon,M71778360
Nirvana Country,28.4150509,77.0642955,1650.0,4,4.0,,1,Semifurnished,Apartment,40000000.0,Gurgaon,I71727854
Nirvana Country,28.4150509,77.0642955,1650.0,3,4.0,,1,Semifurnished,Apartment,29900000.0,Gurgaon,K71727360
Nirvana Country,28.4150509,77.0642955,1650.0,3,2.0,,1,Semifurnished,Apartment,18000000.0,Gurgaon,H71727210
Nirvana Country,28.4150509,77.0642955,1650.0,3,4.0,,2,Semifurnished,Apartment,29800000.0,Gurgaon,L71531646
Heritage City,28.4817226,77.0784621,3000.0,3,4.0,,3,Semifurnished,Apartment,48000000.0,Gurgaon,M71515836
Nirvana Country,28.4150509,77.0642955,1650.0,3,4.0,,3,Semifurnished,Apartment,33000000.0,Gurgaon,T71455272
Nirvana Country,28.4150509,77.0642955,1650.0,3,3.0,,2,Semifurnished,Apartment,18400000.0,Gurgaon,O71281098
Nirvana Country,28.4150509,77.0642955,1650.0,3,4.0,,2,Semifurnished,Apartment,26900000.0,Gurgaon,O71155496
Nirvana Country,28.4150509,77.0642955,1650.0,3,4.0,,1,Semifurnished,Apartment,27025000.0,Gurgaon,N70964488
Sector 28 Gurgaon,28.4794143,77.0833588,2200.0,3,3.0,,6,Semifurnished,Independent/Builder Floor,21500000.0,Gurgaon,N71226304
Sushant Lok Phase 1,28.4545693,77.0826249,1650.0,4,5.0,,6,Semifurnished,Independent/Builder Floor,36000000.0,Gurgaon,J71746168
Sector 56 Gurgaon,28.4252244,77.0992377,1500.0,3,3.0,,3,Semifurnished,Apartment,16000000.0,Gurgaon,K71719938
Dlf Phase 5,28.503445,77.0952048,2430.00000000024,4,4.0,,5,Semifurnished,Independent/Builder Floor,55000000.0,Gurgaon,X71611318
Sector 54 Gurgaon,28.433569,77.1055815,1650.0,4,4.0,,1,Semifurnished,Apartment,135000000.0,Gurgaon,S71569468
Sector 54 Gurgaon,28.433569,77.1055815,1650.0,3,4.0,,1,Semifurnished,Apartment,80000000.0,Gurgaon,J71567422
Sector 56 Gurgaon,28.4252244,77.0992377,1600.0,4,3.0,,3,Semifurnished,Apartment,15500000.0,Gurgaon,Z71272654
Sector 56 Gurgaon,28.4252244,77.0992377,1600.0,3,3.0,,3,Semifurnished,Apartment,12500000.0,Gurgaon,G71272510
Sector 43 Gurgaon,28.4487856,77.0988212,2500.0,4,5.0,,6,Semifurnished,Apartment,26000000.0,Gurgaon,C70784454
Sector 104 Gurgaon,28.4795324,76.9937197,6500.0,5,6.0,,2,Semifurnished,Apartment,44500003.0,Gurgaon,W70716478
Sector 72 Gurgaon,28.3943815,77.032363,1650.0,4,5.0,,1,Semifurnished,Apartment,38500000.0,Gurgaon,J69327618
Sector 72 Gurgaon,28.3943815,77.032363,2550.0,4,4.0,,2,Semifurnished,Apartment,32000000.0,Gurgaon,F69315812
Sector 61 Gurgaon,28.4110188,77.0963685,1627.0,4,4.0,,5,Unknown,Apartment,52500000.0,Gurgaon,Y70526258
Dlf Phase 1,28.4765171,77.090194,502.0,4,5.0,,6,Semifurnished,Independent/Builder Floor,60000000.0,Gurgaon,I71312920
Dlf Phase 1,28.4765171,77.090194,502.0,4,5.0,,6,Semifurnished,Independent/Builder Floor,50000000.0,Gurgaon,F71287572
Dlf Phase 1,28.4765171,77.090194,1650.0,4,4.0,,2,Semifurnished,Independent/Builder Floor,45000000.0,Gurgaon,M67549544
Sector 111 Gurgaon,28.5222773,77.0336203,1650.0,4,5.0,,6,Semifurnished,Apartment,42000000.0,Gurgaon,A63419612
Sector 104 Gurgaon,28.4795324,76.9937197,1650.0,3,3.0,,5,Semifurnished,Apartment,14900000.0,Gurgaon,X63417310
Sector 106 Gurgaon,28.5060806,76.9967796,1650.0,3,3.0,,5,Semifurnished,Apartment,25000000.0,Gurgaon,D63429952
Sector 106 Gurgaon,28.5060806,76.9967796,1650.0,4,4.0,,5,Semifurnished,Apartment,36000000.0,Gurgaon,V63429886
Sector 106 Gurgaon,28.5060806,76.9967796,1650.0,3,3.0,,5,Semifurnished,Apartment,32000000.0,Gurgaon,W63429992
Sector 28 Gurgaon,28.4794143,77.0833588,1650.0,4,4.0,,5,Unfurnished,Independent/Builder Floor,70000000.0,Gurgaon,V71011104
Sector 65 Gurgaon,28.4030162,77.0695893,1650.0,2,2.0,,2,Semifurnished,Apartment,17000000.0,Gurgaon,T71008946
Sector 81 Gurgaon,28.3873647,76.9475835,894.0,2,2.0,,2,Semifurnished,Apartment,11000000.0,Gurgaon,P71011018
Sector 79 Gurgaon,28.4618719,77.05688,1650.0,3,3.0,,2,Semifurnished,Apartment,14500000.0,Gurgaon,L70966036
Dlf Phase 2,28.483901,77.0846097,1650.0,4,4.0,,1,Semifurnished,Independent/Builder Floor,32500000.0,Gurgaon,P70933640
Sector 79 Gurgaon,28.4618719,77.05688,1800.0,3,3.0,,2,Semifurnished,Apartment,15000000.0,Gurgaon,L70932710
Sector 63 Gurgaon,28.3964476,77.086498,1250.0,2,2.0,,1,Semifurnished,Apartment,12500000.0,Gurgaon,P70931716
Sector 65 Gurgaon,28.4030162,77.0695893,1000.0,2,2.0,,5,Semifurnished,Apartment,17010000.0,Gurgaon,K70931408
Dlf Phase 5,28.503445,77.0952048,1050.0,3,3.0,,2,Semifurnished,Apartment,21000000.0,Gurgaon,D70930774
Sector 65 Gurgaon,28.4030162,77.0695893,1650.0,4,4.0,,1,Semifurnished,Apartment,24500000.0,Gurgaon,D70929082
Sushant Lok Phase 1,28.4545693,77.0826249,1650.0,5,6.0,,3,Semifurnished,Apartment,140000000.0,Gurgaon,G71783240
Sector 37D Gurgaon,28.4480039,76.9697682,1650.0,3,3.0,,1,Semifurnished,Apartment,13500000.0,Gurgaon,F71782928
Sector 89 Gurgaon,28.4184455,76.9457567,1650.0,3,3.0,,6,Semifurnished,Apartment,12500000.0,Gurgaon,I71782454
Sector 37C Gurgaon,28.4489095,76.9880502,1650.0,3,3.0,,5,Semifurnished,Apartment,11800000.0,Gurgaon,B71782196
Sector 37C Gurgaon,28.4489095,76.9880502,1650.0,3,3.0,,5,Semifurnished,Apartment,11500000.0,Gurgaon,W71781480
Sector 70 Gurgaon,28.3947261,77.0223138,1650.0,3,4.0,,1,Semifurnished,Apartment,16500000.0,Gurgaon,F69682456
Sector 69 Gurgaon,28.3960701,77.0372311,1034.31,3,3.0,,5,Semifurnished,Apartment,17040000.0,Gurgaon,R71643354
Sector 50 Gurgaon,28.4268461,77.0584252,2259.00000000022,3,3.0,,6,Semifurnished,Independent/Builder Floor,22000000.0,Gurgaon,A71619994
Sector 56 Gurgaon,28.4252244,77.0992377,1800.0,3,3.0,,3,Semifurnished,Apartment,15000000.0,Gurgaon,O71599000
Sector 69 Gurgaon,28.3960701,77.0372311,1034.31,3,3.0,,5,Semifurnished,Apartment,18744000.0,Gurgaon,F71579510
Sushant Lok Phase 1,28.4545693,77.0826249,1935.00000000019,3,3.0,,6,Semifurnished,Independent/Builder Floor,27000000.0,Gurgaon,L71564090
Sector 65 Gurgaon,28.4030162,77.0695893,1650.0,3,3.0,,1,Semifurnished,Apartment,27100000.0,Gurgaon,Z71550412
Sector 92 Gurgaon,28.4089049,76.9155232,1650.0,3,2.0,,2,Semifurnished,Apartment,7000000.0,Gurgaon,B71508732
Sector 92 Gurgaon,28.4089049,76.9155232,1650.0,1,1.0,,2,Semifurnished,Apartment,5500000.0,Gurgaon,J71479256
Sector 92 Gurgaon,28.4089049,76.9155232,1650.0,2,2.0,,2,Semifurnished,Apartment,6400000.0,Gurgaon,P71479004
Sector 92 Gurgaon,28.4089049,76.9155232,1100.0,1,1.0,,2,Semifurnished,Apartment,4500000.0,Gurgaon,R71478150
Sector 92 Gurgaon,28.4089049,76.9155232,350.0,1,1.0,,2,Semifurnished,Apartment,4500000.0,Gurgaon,H71478108
Nirvana Country,28.4150509,77.0642955,1650.0,2,2.0,,6,Semifurnished,Apartment,15500000.0,Gurgaon,S71470440
Sector 69 Gurgaon,28.3960701,77.0372311,1650.0,4,5.0,,1,Semifurnished,Apartment,26000000.0,Gurgaon,P71446100
Sector 83 Gurgaon,28.3963578,76.9654747,1095.3,3,2.0,,1,Semifurnished,Apartment,15500000.0,Gurgaon,Z71400960
Sector 68 Gurgaon,28.388897,77.0459859,1310.0,3,3.0,,6,Semifurnished,Apartment,16500000.0,Gurgaon,Y70069640
Sector 70A Gurgaon,28.3846684,77.0220391,1310.0,3,3.0,,6,Semifurnished,Apartment,18500000.0,Gurgaon,J71283122
Sector 56 Gurgaon,28.4252244,77.0992377,1065.0,2,2.0,,2,Semifurnished,Apartment,9500000.0,Gurgaon,M71281994
Sector 83 Gurgaon,28.3963578,76.9654747,1310.0,3,3.0,,1,Semifurnished,Apartment,17000000.0,Gurgaon,H70003908
Sector 70 Gurgaon,28.3947261,77.0223138,1161.0,3,5.0,,1,Semifurnished,Apartment,16500000.0,Gurgaon,C71209246
Sector 92 Gurgaon,28.4089049,76.9155232,1650.0,3,3.0,,1,Unfurnished,Apartment,7000007.0,Gurgaon,G70798980
Sector 81 Gurgaon,28.3873647,76.9475835,894.0,2,2.0,,1,Semifurnished,Apartment,9800000.0,Gurgaon,E70563874
Malibu Town,28.4234344,77.0468649,2300.0,4,4.0,,6,Semifurnished,Independent/Builder Floor,31000000.0,Gurgaon,W71093076
Sector 82 Gurgaon,28.3932827,76.9545277,1650.0,4,6.0,,2,Semifurnished,Apartment,28500000.0,Gurgaon,Z71036668
Sector 53 Gurgaon,28.4487856,77.0988212,2822.0,5,5.0,,5,Unfurnished,Apartment,112575000.0,Gurgaon,U71027850
Sector 69 Gurgaon,28.3960701,77.0372311,1034.31,3,3.0,,5,Semifurnished,Apartment,16500000.0,Gurgaon,R71027666
Sector 69 Gurgaon,28.3960701,77.0372311,1034.31,3,3.0,,5,Semifurnished,Apartment,16188000.0,Gurgaon,L71027560
Sohna,28.3241636,77.0848644,567.0,2,2.0,,1,Semifurnished,Apartment,2600000.0,Gurgaon,E71010226
Sector-33 Sohna,28.3241636,77.0848644,1100.0,2,2.0,,5,Semifurnished,Apartment,12500000.0,Gurgaon,K70972584
Sector 92 Gurgaon,28.4089049,76.9155232,1650.0,2,2.0,,2,Semifurnished,Apartment,6000000.0,Gurgaon,W70927142
Sector 78 Gurgaon,28.3725283,76.9702955,1660.0,3,3.0,,1,Semifurnished,Apartment,9000000.0,Gurgaon,S70915488
Sector 77 Gurgaon,28.3832337,76.982557,1650.0,3,3.0,,6,Semifurnished,Apartment,20000000.0,Gurgaon,A70910894
Sector 84 Gurgaon,28.4035469,76.9677894,1650.0,2,2.0,,1,Semifurnished,Apartment,11000000.0,Gurgaon,H70880974
Sector 84 Gurgaon,28.4035469,76.9677894,1650.0,3,3.0,,1,Semifurnished,Apartment,13000000.0,Gurgaon,Q70877780
Sector 69 Gurgaon,28.3960701,77.0372311,1034.31,3,3.0,,5,Semifurnished,Apartment,15676800.0,Gurgaon,A70851920
Sector 53 Gurgaon,28.4487856,77.0988212,1646.0,3,3.0,,5,Unfurnished,Apartment,72300000.0,Gurgaon,K70851798
Sector 42 Gurgaon,28.4487856,77.0988212,4000.0,5,6.0,,3,Semifurnished,Apartment,90000000.0,Gurgaon,Y70785864
Sector 81 Gurgaon,28.3873647,76.9475835,1650.0,3,4.0,,1,Semifurnished,Apartment,25200000.0,Gurgaon,P70784762
Sector 60 Gurgaon,28.3985617,77.0978276,1150.0,2,2.0,,2,Semifurnished,Apartment,20000000.0,Gurgaon,N70783736
Sector 82 Gurgaon,28.3932827,76.9545277,1650.0,3,3.0,,1,Semifurnished,Apartment,11700000.0,Gurgaon,S24958283
Sector 82 Gurgaon,28.3932827,76.9545277,1650.0,4,5.0,,1,Semifurnished,Apartment,16200000.0,Gurgaon,V50381292
Sector 86 Gurgaon,28.3981205,76.9411257,515.57,2,2.0,,1,Semifurnished,Apartment,4900000.0,Gurgaon,M68128142
Sector 83 Gurgaon,28.3963578,76.9654747,1650.0,2,2.0,,1,Semifurnished,Apartment,5900000.0,Gurgaon,L41176047
Sector 82 Gurgaon,28.3932827,76.9545277,1650.0,3,3.0,,6,Semifurnished,Apartment,13200000.0,Gurgaon,I24958487
Sector 61 Gurgaon,28.4110188,77.0963685,1650.0,3,4.0,,5,Semifurnished,Apartment,37800000.0,Gurgaon,S70727906
Sector 76 Gurgaon,28.3910112,76.9900243,1650.0,3,4.0,,5,Semifurnished,Apartment,29000000.0,Gurgaon,H71725782
Sector 82 Gurgaon,28.3932827,76.9545277,1650.0,3,3.0,,1,Semifurnished,Apartment,14000000.0,Gurgaon,G71715066
Sector 82 Gurgaon,28.3932827,76.9545277,1650.0,3,3.0,,1,Semifurnished,Apartment,13800000.0,Gurgaon,I71715032
Sector 62 Gurgaon,28.407697,77.0823781,3000.0,5,5.0,,6,Semifurnished,Apartment,75000000.0,Gurgaon,I71566800
Sector 92 Gurgaon,28.4089049,76.9155232,1650.0,3,3.0,,1,Semifurnished,Apartment,12000000.0,Gurgaon,U71388444
Sector-33 Sohna,28.3241636,77.0848644,900.0,2,2.0,,5,Semifurnished,Apartment,11200000.0,Gurgaon,N71358234
Sector 91 Gurgaon,28.4007588,76.9210802,1252.0,3,3.0,,1,Semifurnished,Apartment,14500000.0,Gurgaon,O71352358
Sector 68 Gurgaon,28.388897,77.0459859,1000.0,2,2.0,,1,Semifurnished,Apartment,11000000.0,Gurgaon,O64772132
Sector 68 Gurgaon,28.388897,77.0459859,1700.0,3,3.0,,1,Semifurnished,Apartment,19500000.0,Gurgaon,T68713086
Sector 62 Gurgaon,28.407697,77.0823781,1650.0,2,2.0,,1,Semifurnished,Apartment,25000000.0,Gurgaon,D65199202
Sector 67 Gurgaon,28.3864052,77.0598046,2350.0,3,3.0,,1,Semifurnished,Apartment,33000000.0,Gurgaon,R71282590
Gwal Pahari,28.4326344,77.1480585,1650.0,3,3.0,,5,Semifurnished,Independent/Builder Floor,13100000.0,Gurgaon,Z69871662
Gwal Pahari,28.4326344,77.1480585,1650.0,3,3.0,,5,Semifurnished,Independent/Builder Floor,14150000.0,Gurgaon,C69936664
Sector 72 Gurgaon,28.3943815,77.032363,1650.0,3,4.0,,1,Semifurnished,Apartment,30000000.0,Gurgaon,P71009094
Sector 57 Gurgaon,28.4232478,77.0804487,1650.0,3,3.0,,6,Semifurnished,Independent/Builder Floor,17800000.0,Gurgaon,J71007080
Sector 60 Gurgaon,28.3985617,77.0978276,1289.0,3,4.0,,1,Semifurnished,Apartment,33000000.0,Gurgaon,T70993662
Sector 65 Gurgaon,28.4030162,77.0695893,1650.0,3,4.0,,1,Semifurnished,Apartment,62500000.0,Gurgaon,Z70990010
Sector 65 Gurgaon,28.4030162,77.0695893,1650.0,3,3.0,,1,Semifurnished,Apartment,53000000.0,Gurgaon,X70989156
Sector 66 Gurgaon,28.3974292,77.0538823,1650.0,3,4.0,,1,Semifurnished,Apartment,35000000.0,Gurgaon,Y70987932
Sector 48 Gurgaon,28.4104903,77.0394627,1995.0,4,4.0,,3,Semifurnished,Apartment,28000000.0,Gurgaon,E70881008
Gwal Pahari,28.4326344,77.1480585,1650.0,3,3.0,,6,Semifurnished,Independent/Builder Floor,13700000.0,Gurgaon,E69692080
Sector 43 Gurgaon,28.4487856,77.0988212,1960.0,3,3.0,,6,Semifurnished,Independent/Builder Floor,20000000.0,Gurgaon,E70762450
Sector 45 Gurgaon,28.4449004,77.0663545,4518.00000000045,4,5.0,,1,Semifurnished,Independent/Builder Floor,50000000.0,Gurgaon,E70758076
Sector 56 Gurgaon,28.4252244,77.0992377,1650.0,4,5.0,,1,Semifurnished,Independent/Builder Floor,45000000.0,Gurgaon,O70749006
Sector 48 Gurgaon,28.4104903,77.0394627,1650.0,3,3.0,,1,Semifurnished,Apartment,28500000.0,Gurgaon,L71561690
Sector 9 Gurgaon,28.3840986,76.8861337,1300.0,3,3.0,,6,Semifurnished,Independent/Builder Floor,14500000.0,Gurgaon,K71328958
Sector 4 Gurgaon,28.4682659,77.0325424,1800.0,4,4.0,,5,Semifurnished,Independent/Builder Floor,18500000.0,Gurgaon,E71328824
Sector 72 Gurgaon,28.3943815,77.032363,1700.0,4,5.0,,1,Semifurnished,Apartment,35000000.0,Gurgaon,V66538722
Sector 63A Gurgaon,28.4618719,77.05688,1331.0,3,3.0,,5,Semifurnished,Apartment,27500000.0,Gurgaon,N66192284
Sector 67 Gurgaon,28.3864052,77.0598046,1600.0,3,4.0,,1,Semifurnished,Apartment,33500000.0,Gurgaon,M66554522
Sector 63 Gurgaon,28.3964476,77.086498,1700.0,3,3.0,,6,Semifurnished,Apartment,34000000.0,Gurgaon,E66539566
Sector 67 Gurgaon,28.3864052,77.0598046,1630.0,3,4.0,,1,Semifurnished,Apartment,33000000.0,Gurgaon,X66555046
Sector 63A Gurgaon,28.4618719,77.05688,1261.0,3,3.0,,5,Semifurnished,Apartment,25000000.0,Gurgaon,I66192210
Sector 54 Gurgaon,28.433569,77.1055815,1500.0,3,3.0,,3,Semifurnished,Apartment,59000000.0,Gurgaon,A70853504
Sector 54 Gurgaon,28.433569,77.1055815,1450.0,3,3.0,,3,Semifurnished,Apartment,51000000.0,Gurgaon,U70853072
Sector 54 Gurgaon,28.433569,77.1055815,1700.0,3,3.0,,3,Unfurnished,Apartment,61000000.0,Gurgaon,M70810712
Sector 1 Imt Manesar,28.3671851,76.920669,1767.0,3,3.0,,2,Semifurnished,Apartment,7350000.0,Gurgaon,K71046318
Sector 89 Gurgaon,28.4184455,76.9457567,645.0,3,2.0,,5,Semifurnished,Apartment,4800000.0,Gurgaon,Y64721414
Dlf Phase 2,28.483901,77.0846097,1500.0,4,4.0,,3,Semifurnished,Apartment,23500000.0,Gurgaon,A71666918
Sector 43 Gurgaon,28.4487856,77.0988212,8000.0,4,4.0,,6,Semifurnished,Independent/Builder Floor,75000000.0,Gurgaon,Y71666894
Dlf Phase 3,28.4919048,77.0937804,5000.0,5,6.0,,2,Semifurnished,Apartment,140000000.0,Gurgaon,H71665834
Sector 74 Gurgaon,28.4110081,77.0101209,1650.0,2,2.0,,6,Semifurnished,Apartment,16000000.0,Gurgaon,E71565324
Sector 54 Gurgaon,28.433569,77.1055815,2700.0,3,3.0,,2,Semifurnished,Apartment,80000000.0,Gurgaon,R71552600
Sector 102 Gurgaon,28.4754872,76.9711747,1650.0,4,5.0,,1,Unknown,Apartment,32500000.0,Gurgaon,V63617188
Sector 54 Gurgaon,28.433569,77.1055815,1650.0,4,4.0,,2,Semifurnished,Apartment,60000000.0,Gurgaon,K67681046
Sector 54 Gurgaon,28.433569,77.1055815,3116.0,3,3.0,,1,Semifurnished,Apartment,96000000.0,Gurgaon,L67680210
Gwal Pahari,28.4326344,77.1480585,5600.0,4,4.0,,1,Semifurnished,Apartment,71000000.0,Gurgaon,P67889290
Sector 37D Gurgaon,28.4480039,76.9697682,1650.0,3,2.0,,2,Semifurnished,Apartment,15500000.0,Gurgaon,C71173402
Sector 103 Gurgaon,28.493087,76.9866453,1056.0,3,4.0,,2,Semifurnished,Apartment,11000000.0,Gurgaon,L71163032
Sector 74 Gurgaon,28.4110081,77.0101209,1650.0,2,2.0,,6,Semifurnished,Apartment,15800000.0,Gurgaon,Y71050520
Sector 54 Gurgaon,28.433569,77.1055815,1650.0,5,7.0,,3,Semifurnished,Apartment,110000000.0,Gurgaon,H71034928
Sector 74 Gurgaon,28.4110081,77.0101209,1650.0,3,3.0,,6,Semifurnished,Apartment,25000000.0,Gurgaon,T71016680
Sector 74 Gurgaon,28.4110081,77.0101209,1650.0,2,2.0,,6,Semifurnished,Apartment,15500000.0,Gurgaon,K71016522
Sector 57 Gurgaon,28.4232478,77.0804487,1697.0,2,2.0,,2,Semifurnished,Apartment,20000000.0,Gurgaon,Z67619524
Dlf Phase 2,28.483901,77.0846097,1400.0,4,4.0,,3,Semifurnished,Apartment,22500000.0,Gurgaon,C70960010
Sector 50 Gurgaon,28.4268461,77.0584252,2600.0,4,4.0,,6,Semifurnished,Independent/Builder Floor,35000000.0,Gurgaon,I70914750
Sector 82 Gurgaon,28.3932827,76.9545277,1260.0,3,3.0,,1,Semifurnished,Independent/Builder Floor,10000000.0,Gurgaon,O70882496
Sector 74 Gurgaon,28.4110081,77.0101209,1650.0,3,3.0,,6,Semifurnished,Apartment,24900000.0,Gurgaon,F70833338
Sector 74 Gurgaon,28.4110081,77.0101209,1650.0,2,2.0,,6,Semifurnished,Apartment,14800000.0,Gurgaon,S70833066
Sector 108 Gurgaon,28.5128994,76.9823615,1340.0,3,3.0,,1,Semifurnished,Apartment,8500000.0,Gurgaon,I66799844
Sector 106 Gurgaon,28.5060806,76.9967796,845.0,2,2.0,,1,Semifurnished,Apartment,9900000.0,Gurgaon,I66307962
Sector 61 Gurgaon,28.4110188,77.0963685,1650.0,3,3.0,,1,Semifurnished,Apartment,21000000.0,Gurgaon,S71674642
Sector 62 Gurgaon,28.407697,77.0823781,3498.0,4,4.0,,1,Semifurnished,Apartment,74507600.0,Gurgaon,V71758134
Sector 65 Gurgaon,28.4030162,77.0695893,2250.0,3,3.0,,1,Semifurnished,Apartment,5650000.0,Gurgaon,P71757806
Sector 65 Gurgaon,28.4030162,77.0695893,2450.0,3,4.0,,1,Semifurnished,Apartment,56576890.0,Gurgaon,M71757616
Sector 66 Gurgaon,28.3974292,77.0538823,1700.0,4,5.0,,1,Semifurnished,Apartment,35400000.0,Gurgaon,P71743792
Sector 67 Gurgaon,28.3864052,77.0598046,1770.0,3,4.0,,1,Semifurnished,Apartment,34900000.0,Gurgaon,O71743348
Sector 67 Gurgaon,28.3864052,77.0598046,1750.0,3,3.0,,1,Semifurnished,Apartment,34300000.0,Gurgaon,C71742850
Nirvana Country,28.4150509,77.0642955,2080.0,3,4.0,,2,Semifurnished,Apartment,32000000.0,Gurgaon,T71682336
Sector 72 Gurgaon,28.3943815,77.032363,2250.0,4,5.0,,1,Semifurnished,Apartment,40300000.0,Gurgaon,M71460810
Sector 72 Gurgaon,28.3943815,77.032363,2650.0,4,4.0,,1,Semifurnished,Apartment,54000000.0,Gurgaon,X71415960
Sector 72 Gurgaon,28.3943815,77.032363,2250.0,4,5.0,,1,Semifurnished,Apartment,40500000.0,Gurgaon,K71400768
Sector 70 Gurgaon,28.3947261,77.0223138,900.0,3,2.0,,2,Semifurnished,Apartment,9400000.0,Gurgaon,Y71382956
Sector 48 Gurgaon,28.4104903,77.0394627,1650.0,2,2.0,,1,Semifurnished,Apartment,30000000.0,Gurgaon,U71337506
Sector 66 Gurgaon,28.3974292,77.0538823,1900.0,4,4.0,,2,Semifurnished,Apartment,33000000.0,Gurgaon,M71336972
Sector 66 Gurgaon,28.3974292,77.0538823,1800.0,4,4.0,,2,Semifurnished,Apartment,34000000.0,Gurgaon,A71280556
Sector 66 Gurgaon,28.3974292,77.0538823,3200.0,4,5.0,,2,Semifurnished,Apartment,66000000.0,Gurgaon,G71274136
Sector 113 Gurgaon,28.5286649,77.0250282,2500.0,3,4.0,,1,Semifurnished,Apartment,36000000.0,Gurgaon,W71248232
Sector 65 Gurgaon,28.4030162,77.0695893,1650.0,3,3.0,,1,Semifurnished,Apartment,22700000.0,Gurgaon,I71004854
Malibu Town,28.4234344,77.0468649,4986.00000000049,5,4.0,,6,Semifurnished,Independent/Builder Floor,43000000.0,Gurgaon,M70914620
Sector 66 Gurgaon,28.3974292,77.0538823,900.0,2,2.0,,2,Semifurnished,Apartment,15500000.0,Gurgaon,N70865924
Sector 65 Gurgaon,28.4030162,77.0695893,1650.0,3,4.0,,1,Semifurnished,Apartment,23500000.0,Gurgaon,D70861098
Sector 77 Gurgaon,28.3832337,76.982557,1300.0,3,4.0,,6,Semifurnished,Apartment,12000000.0,Gurgaon,B67955890
Sector 49 Gurgaon,28.4127374,77.0555164,1805.0,3,3.0,,2,Semifurnished,Apartment,22100000.0,Gurgaon,C70851810
Sector 106 Gurgaon,28.5060806,76.9967796,1130.0,3,4.0,,1,Semifurnished,Apartment,14000000.0,Gurgaon,Q71726798
Dlf Phase 5,28.503445,77.0952048,2080.0,4,4.0,,2,Semifurnished,Apartment,51000000.0,Gurgaon,I71596160
Sector 84 Gurgaon,28.4035469,76.9677894,500.0,2,2.0,,6,Semifurnished,Apartment,4500000.0,Gurgaon,G71563152
Sector 81 Gurgaon,28.3873647,76.9475835,1650.0,4,6.0,,2,Semifurnished,Apartment,44500000.0,Gurgaon,Q71538844
Sector 81 Gurgaon,28.3873647,76.9475835,1650.0,4,6.0,,2,Semifurnished,Apartment,34500000.0,Gurgaon,N71538286
Sector 81 Gurgaon,28.3873647,76.9475835,1650.0,4,5.0,,2,Semifurnished,Apartment,32500000.0,Gurgaon,K71538166
Sector 81 Gurgaon,28.3873647,76.9475835,1650.0,3,4.0,,1,Semifurnished,Apartment,25000000.0,Gurgaon,L71538006
Sector 81 Gurgaon,28.3873647,76.9475835,1650.0,4,4.0,,1,Semifurnished,Apartment,36500000.0,Gurgaon,B71537798
Sector 81 Gurgaon,28.3873647,76.9475835,1650.0,3,4.0,,2,Semifurnished,Apartment,24500000.0,Gurgaon,K71537674
Sector 81 Gurgaon,28.3873647,76.9475835,1650.0,4,6.0,,2,Semifurnished,Apartment,34000000.0,Gurgaon,Z71519216
Sector 81 Gurgaon,28.3873647,76.9475835,1650.0,4,6.0,,2,Semifurnished,Apartment,44000000.0,Gurgaon,X71518724
Sector 81 Gurgaon,28.3873647,76.9475835,1650.0,4,5.0,,2,Semifurnished,Apartment,32000000.0,Gurgaon,I71518648
Sector 81 Gurgaon,28.3873647,76.9475835,1650.0,3,4.0,,2,Semifurnished,Apartment,25000000.0,Gurgaon,Q71518530
Sector 81 Gurgaon,28.3873647,76.9475835,1650.0,4,4.0,,1,Semifurnished,Apartment,36000000.0,Gurgaon,P71518390
Sector 81 Gurgaon,28.3873647,76.9475835,1650.0,3,4.0,,1,Semifurnished,Apartment,25500000.0,Gurgaon,T71518282
Sector 92 Gurgaon,28.4089049,76.9155232,1856.0,4,5.0,,6,Semifurnished,Apartment,22500000.0,Gurgaon,F71499598
Sector 37D Gurgaon,28.4480039,76.9697682,1650.0,4,4.0,,1,Semifurnished,Apartment,17000000.0,Gurgaon,K71464000
Sector 49 Gurgaon,28.4127374,77.0555164,1700.0,3,3.0,,3,Semifurnished,Independent/Builder Floor,14500000.0,Gurgaon,H71458610
Sector 50 Gurgaon,28.4268461,77.0584252,1500.0,3,3.0,,1,Unknown,Independent/Builder Floor,12400000.0,Gurgaon,A71438040
Sector 95 Gurgaon,28.4149443,76.9114892,1650.0,3,4.0,,6,Semifurnished,Apartment,19500000.0,Gurgaon,W71427254
Sector 63A Gurgaon,28.4618719,77.05688,1765.0,3,4.0,,5,Semifurnished,Apartment,44000000.0,Gurgaon,X71417242
Sector 76 Gurgaon,28.3910112,76.9900243,3100.0,4,4.0,,5,Unfurnished,Apartment,60000000.0,Gurgaon,A71416838
Sector 76 Gurgaon,28.3910112,76.9900243,5200.0,4,4.0,,5,Unfurnished,Apartment,100000000.0,Gurgaon,E71416786
Sector 49 Gurgaon,28.4127374,77.0555164,1750.0,3,3.0,,6,Semifurnished,Independent/Builder Floor,15800000.0,Gurgaon,F71415296
Sector 47 Gurgaon,28.4268461,77.0584252,1600.0,3,3.0,,3,Semifurnished,Independent/Builder Floor,15000000.0,Gurgaon,S71414380
Dlf Phase 5,28.503445,77.0952048,2397.0,4,4.0,,3,Semifurnished,Apartment,65000000.0,Gurgaon,V71402392
Dlf Phase 3,28.4919048,77.0937804,3520.0,4,4.0,,3,Semifurnished,Apartment,57500000.0,Gurgaon,H71402092
Sector 48 Gurgaon,28.4104903,77.0394627,4500.00000000045,4,4.0,,5,Semifurnished,Independent/Builder Floor,40000000.0,Gurgaon,V71389116
Sector 67 Gurgaon,28.3864052,77.0598046,1650.0,3,3.0,,1,Semifurnished,Apartment,34000000.0,Gurgaon,P71270386
Sector 113 Gurgaon,28.5286649,77.0250282,1650.0,3,2.0,,6,Semifurnished,Apartment,28500000.0,Gurgaon,E71198554
Sector 37D Gurgaon,28.4480039,76.9697682,1650.0,3,3.0,,6,Semifurnished,Apartment,14000000.0,Gurgaon,Q71196586
Sector 113 Gurgaon,28.5286649,77.0250282,2636.0,4,4.0,,5,Semifurnished,Apartment,35586000.0,Gurgaon,T71194082
Malibu Town,28.4234344,77.0468649,2790.00000000027,4,4.0,,5,Semifurnished,Independent/Builder Floor,35000000.0,Gurgaon,J71099876
Sector 50 Gurgaon,28.4268461,77.0584252,1500.0,3,2.0,,3,Semifurnished,Independent/Builder Floor,12500000.0,Gurgaon,H71093706
Sector 50 Gurgaon,28.4268461,77.0584252,1500.0,3,2.0,,3,Semifurnished,Independent/Builder Floor,13300000.0,Gurgaon,L71093558
Sector 49 Gurgaon,28.4127374,77.0555164,1600.0,3,2.0,,3,Semifurnished,Independent/Builder Floor,12000000.0,Gurgaon,E70975298
Sector 49 Gurgaon,28.4127374,77.0555164,1200.0,2,2.0,,2,Semifurnished,Independent/Builder Floor,9000000.0,Gurgaon,M70963234
Sector 50 Gurgaon,28.4268461,77.0584252,1600.0,3,3.0,,3,Semifurnished,Independent/Builder Floor,14000000.0,Gurgaon,O70952948
Sector 82 Gurgaon,28.3932827,76.9545277,1470.0,3,3.0,,2,Semifurnished,Apartment,12500000.0,Gurgaon,B70884680
Sector 92 Gurgaon,28.4089049,76.9155232,1010.0,2,2.0,,5,Semifurnished,Independent/Builder Floor,7975000.0,Gurgaon,L70837104
Sector 83 Gurgaon,28.3963578,76.9654747,1850.0,3,3.0,,5,Semifurnished,Apartment,15262500.0,Gurgaon,M70434434
Sector 89 Gurgaon,28.4184455,76.9457567,1430.0,3,3.0,,5,Semifurnished,Independent/Builder Floor,12500000.0,Gurgaon,V69882470
Sector 61 Gurgaon,28.4110188,77.0963685,1630.0,3,3.0,,5,Semifurnished,Independent/Builder Floor,24500000.0,Gurgaon,A69881986
Sector 37D Gurgaon,28.4480039,76.9697682,2250.0,3,3.0,,5,Unfurnished,Apartment,18500000.0,Gurgaon,X69874932
Sector 83 Gurgaon,28.3963578,76.9654747,1450.0,3,2.0,,5,Semifurnished,Apartment,11962500.0,Gurgaon,P69874708
Sector 113 Gurgaon,28.5286649,77.0250282,2050.0,3,3.0,,5,Semifurnished,Apartment,27597250.0,Gurgaon,F69874458
Dlf Phase 1,28.4765171,77.090194,2700.00000000027,4,4.0,,6,Semifurnished,Independent/Builder Floor,38500000.0,Gurgaon,G69844214
Sector 79 Gurgaon,28.4618719,77.05688,1650.0,3,4.0,,1,Semifurnished,Apartment,22000000.0,Gurgaon,U71557322
Sector 92 Gurgaon,28.4089049,76.9155232,1400.0,4,4.0,,2,Semifurnished,Apartment,12500000.0,Gurgaon,C71259514
Sector 92 Gurgaon,28.4089049,76.9155232,2170.0,4,3.0,,3,Semifurnished,Apartment,7200000.0,Gurgaon,Z71259370
Sector 92 Gurgaon,28.4089049,76.9155232,1500.0,4,4.0,,3,Semifurnished,Apartment,10500000.0,Gurgaon,N71258796
Sector 88B Gurgaon,28.4420223,76.9538495,1085.0,3,3.0,,1,Semifurnished,Independent/Builder Floor,11500000.0,Gurgaon,P64529912
Sector 81 Gurgaon,28.3873647,76.9475835,2085.0,3,4.0,,6,Semifurnished,Apartment,23500000.0,Gurgaon,N70864952
South City 1,28.4188433,77.0440293,1610.0,3,2.0,,3,Unfurnished,Apartment,21000000.0,Gurgaon,F71363204
Dlf Phase 3,28.4919048,77.0937804,1935.00000000019,3,3.0,,6,Unknown,Independent/Builder Floor,22100000.0,Gurgaon,T71126378
Sector 42 Gurgaon,28.4487856,77.0988212,1650.0,5,5.0,,2,Unknown,Apartment,250000000.0,Gurgaon,H70876826
Greenwood City,28.4449095,77.0611408,3250.0,4,4.0,,6,Unknown,Independent/Builder Floor,37000000.0,Gurgaon,Q70876552
Nirvana Country,28.4150509,77.0642955,1950.0,3,3.0,,6,Semifurnished,Independent/Builder Floor,39500000.0,Gurgaon,W70897868
Sector 37D Gurgaon,28.4480039,76.9697682,1029.0,3,3.0,,5,Unfurnished,Apartment,10911640.0,Gurgaon,X64723562
Sector 37D Gurgaon,28.4480039,76.9697682,1190.0,2,2.0,,5,Unfurnished,Independent/Builder Floor,7835100.0,Gurgaon,K64727076
Sector 110 Gurgaon,28.5069625,77.018321,645.0,3,2.0,,5,Semifurnished,Apartment,4500000.0,Gurgaon,F69843762
Sector 81 Gurgaon,28.3873647,76.9475835,1249.0,3,2.0,,5,Unfurnished,Independent/Builder Floor,11988000.0,Gurgaon,O64562542
Sector 106 Gurgaon,28.5060806,76.9967796,1115.0,3,3.0,,5,Semifurnished,Independent/Builder Floor,19036350.0,Gurgaon,O69042426
Sector 106 Gurgaon,28.5060806,76.9967796,951.0,3,3.0,,5,Semifurnished,Independent/Builder Floor,16240050.0,Gurgaon,Q69032212
Sector 63A Gurgaon,28.4618719,77.05688,962.0,2,2.0,,5,Unfurnished,Independent/Builder Floor,13700000.0,Gurgaon,W64741352
Sector 110 Gurgaon,28.5069625,77.018321,561.0,2,2.0,,5,Semifurnished,Apartment,3400000.0,Gurgaon,G69844062
Sector 33 Gurgaon,28.4384785,77.0251655,1650.0,2,2.0,,1,Unfurnished,Apartment,10500000.0,Gurgaon,Z70799214
Sector 67 Gurgaon,28.3864052,77.0598046,1650.0,4,4.0,,6,Semifurnished,Independent/Builder Floor,22000000.0,Gurgaon,J69821608
Greenwood City,28.4449095,77.0611408,1650.0,4,5.0,,1,Semifurnished,Independent/Builder Floor,50000000.0,Gurgaon,K69765332
Sector 106 Gurgaon,28.5060806,76.9967796,980.0,2,2.0,,1,Semifurnished,Apartment,11000000.0,Gurgaon,V71613438
Sector 59 Gurgaon,28.4030162,77.1066682,1432.0,3,3.0,,5,Semifurnished,Apartment,53000000.0,Gurgaon,F71081682
Suncity,28.507814,77.0713577,1850.0,3,4.0,,1,Semifurnished,Apartment,32500000.0,Gurgaon,T71285554
Sector 48 Gurgaon,28.4104903,77.0394627,1728.00000000017,3,3.0,,1,Semifurnished,Independent/Builder Floor,10500000.0,Gurgaon,A71599706
Malibu Town,28.4234344,77.0468649,4500.00000000045,4,5.0,,6,Semifurnished,Independent/Builder Floor,48000000.0,Gurgaon,T71536208
Sector 63A Gurgaon,28.4618719,77.05688,1611.00000000016,3,3.0,,5,Unfurnished,Independent/Builder Floor,19000000.0,Gurgaon,F71216352
Sector 54 Gurgaon,28.433569,77.1055815,2917.0,4,4.0,,3,Semifurnished,Apartment,72500000.0,Gurgaon,L71216028
Sector 63A Gurgaon,28.4618719,77.05688,2088.0000000002,3,3.0,,5,Unfurnished,Independent/Builder Floor,22000000.0,Gurgaon,E71027468
Sector 59 Gurgaon,28.4030162,77.1066682,1650.0,3,3.0,,2,Semifurnished,Apartment,32000000.0,Gurgaon,T71355964
Sector 106 Gurgaon,28.5060806,76.9967796,1855.0,3,3.0,,6,Semifurnished,Apartment,24500000.0,Gurgaon,C71802172
Sector 106 Gurgaon,28.5060806,76.9967796,2750.0,4,4.0,,6,Semifurnished,Apartment,42500000.0,Gurgaon,X71778666
Sector 106 Gurgaon,28.5060806,76.9967796,1130.0,3,4.0,,6,Semifurnished,Apartment,14200000.0,Gurgaon,D71646436
Sector 70A Gurgaon,28.3846684,77.0220391,1700.0,3,3.0,,6,Semifurnished,Apartment,18000000.0,Gurgaon,T71520344
Sector 67A Gurgaon,28.4618719,77.05688,1650.0,3,3.0,,6,Semifurnished,Apartment,22500000.0,Gurgaon,N71363742
"Block N, Mayfield Garden",28.4263326,77.0619263,1500.0,3,3.0,,1,Semifurnished,Independent/Builder Floor,22500000.0,Gurgaon,R71285528
Sector 72 Gurgaon,28.3943815,77.032363,2800.0,4,5.0,,1,Semifurnished,Apartment,60000000.0,Gurgaon,W70861690
Sector 42 Gurgaon,28.4487856,77.0988212,4300.0,5,5.0,,2,Semifurnished,Apartment,88000000.0,Gurgaon,Q71638342
Sector 108 Gurgaon,28.5128994,76.9823615,1512.05,3,5.0,,1,Semifurnished,Apartment,41000000.0,Gurgaon,A71540664
Sector 70A Gurgaon,28.3846684,77.0220391,1650.0,2,2.0,,1,Semifurnished,Apartment,4800000.0,Gurgaon,V71368252
Sector 82 Gurgaon,28.3932827,76.9545277,930.0,2,2.0,,1,Semifurnished,Independent/Builder Floor,8200000.0,Gurgaon,G71366766
Sector 91 Gurgaon,28.4007588,76.9210802,1050.0,2,2.0,,6,Semifurnished,Apartment,9200000.0,Gurgaon,C71068174
Suncity,28.507814,77.0713577,4518.00000000045,4,4.0,,6,Semifurnished,Independent/Builder Floor,55000000.0,Gurgaon,O70857328
Suncity,28.507814,77.0713577,4518.00000000045,4,4.0,,6,Semifurnished,Independent/Builder Floor,62500000.0,Gurgaon,U70856404
Sector 65 Gurgaon,28.4030162,77.0695893,1750.0,4,3.0,,6,Semifurnished,Independent/Builder Floor,24000000.0,Gurgaon,B71684080
Golf Course Ext Road,28.4007315,77.0242312,3100.0,4,4.0,,6,Semifurnished,Independent/Builder Floor,33000000.0,Gurgaon,G71504090
Dlf Phase 2,28.483901,77.0846097,1650.0,3,3.0,,6,Semifurnished,Independent/Builder Floor,23500000.0,Gurgaon,V71780170
Nirvana Country,28.4150509,77.0642955,1650.0,3,3.0,,2,Unknown,Apartment,30000000.0,Gurgaon,N71741822
Sector 99 Gurgaon,28.4645549,76.9628585,1380.59,3,5.0,,5,Semifurnished,Apartment,22100000.0,Gurgaon,A71374030
Dlf Phase 3,28.4919048,77.0937804,1650.0,4,5.0,,6,Semifurnished,Independent/Builder Floor,37500000.0,Gurgaon,L66153846
Sector 76 Gurgaon,28.3910112,76.9900243,1650.0,3,3.0,,5,Semifurnished,Apartment,18000000.0,Gurgaon,V70012294
Sector 91 Gurgaon,28.4007588,76.9210802,1085.44,3,3.0,,6,Semifurnished,Apartment,14100000.0,Gurgaon,R52672142
Sector 59 Gurgaon,28.4030162,77.1066682,2689.26,4,6.0,,6,Semifurnished,Apartment,72500000.0,Gurgaon,T49397961
Sector 65 Gurgaon,28.4030162,77.0695893,1850.0,4,4.0,,1,Semifurnished,Apartment,27500000.0,Gurgaon,W68308156
Sector 53 Gurgaon,28.4487856,77.0988212,1650.0,4,5.0,,1,Semifurnished,Apartment,45000000.0,Gurgaon,R71523180
Sector 104 Gurgaon,28.4795324,76.9937197,1082.2,3,3.0,,5,Semifurnished,Apartment,16500000.0,Gurgaon,Z71506304
Mg Road,28.4769607,77.0662688,1650.0,3,3.0,,5,Semifurnished,Apartment,62500000.0,Gurgaon,X71429542
Dlf Phase 2,28.483901,77.0846097,1650.0,4,4.0,,6,Semifurnished,Independent/Builder Floor,35000000.0,Gurgaon,J71366924
Sector 104 Gurgaon,28.4795324,76.9937197,884.58,3,2.0,,5,Unfurnished,Apartment,13800000.0,Gurgaon,J71353198
Sector 104 Gurgaon,28.4795324,76.9937197,861.97,3,2.0,,5,Semifurnished,Apartment,13600000.0,Gurgaon,F71350976
Sector 104 Gurgaon,28.4795324,76.9937197,683.83,2,2.0,,5,Unfurnished,Apartment,10200000.0,Gurgaon,D71350698
Mg Road,28.4769607,77.0662688,1650.0,4,4.0,,5,Semifurnished,Apartment,90450000.0,Gurgaon,H71315322
Mg Road,28.4769607,77.0662688,1650.0,3,3.0,,5,Semifurnished,Apartment,57500000.0,Gurgaon,C71314928
Sector 50 Gurgaon,28.4268461,77.0584252,2200.0,3,3.0,,6,Semifurnished,Independent/Builder Floor,20500000.0,Gurgaon,X71604644
Sector 56 Gurgaon,28.4252244,77.0992377,1950.0,3,3.0,,6,Semifurnished,Independent/Builder Floor,18500000.0,Gurgaon,S71539344
Sector 66 Gurgaon,28.3974292,77.0538823,1650.0,3,3.0,,1,Semifurnished,Apartment,27000000.0,Gurgaon,O70265112
Sector 85 Gurgaon,28.3985762,76.9547447,1685.0,3,4.0,,1,Semifurnished,Apartment,20500000.0,Gurgaon,D71702984
Sector 85 Gurgaon,28.3985762,76.9547447,2599.0,4,4.0,,5,Semifurnished,Apartment,27500000.0,Gurgaon,M71497586
Sector 92 Gurgaon,28.4089049,76.9155232,1732.0,4,5.0,,1,Semifurnished,Apartment,22500000.0,Gurgaon,T71477546
Sector 92 Gurgaon,28.4089049,76.9155232,1732.0,4,5.0,,1,Semifurnished,Apartment,22500000.0,Gurgaon,V71443774
Sector 92 Gurgaon,28.4089049,76.9155232,1740.0,4,5.0,,1,Unfurnished,Apartment,22500000.0,Gurgaon,I71428300
Sector 92 Gurgaon,28.4089049,76.9155232,1750.0,4,4.0,,1,Semifurnished,Apartment,21000000.0,Gurgaon,J71427698
Sector 102 Gurgaon,28.4754872,76.9711747,1650.0,2,2.0,,6,Semifurnished,Apartment,14200000.0,Gurgaon,H71408978
Sector 60 Gurgaon,28.3985617,77.0978276,1289.0,3,4.0,,1,Semifurnished,Apartment,32500000.0,Gurgaon,X71391992
Sector 113 Gurgaon,28.5286649,77.0250282,1500.0,3,3.0,,5,Unknown,Apartment,23000000.0,Gurgaon,I71313096
Sector 104 Gurgaon,28.4795324,76.9937197,1816.0,3,4.0,,1,Semifurnished,Apartment,11500000.0,Gurgaon,Q71230512
Sector 84 Gurgaon,28.4035469,76.9677894,1420.0,3,3.0,,1,Semifurnished,Apartment,13700000.0,Gurgaon,B70930326
Sector 79 Gurgaon,28.4618719,77.05688,1650.0,3,4.0,,1,Semifurnished,Apartment,20000000.0,Gurgaon,P71677840
Sector 65 Gurgaon,28.4030162,77.0695893,1650.0,3,3.0,,6,Semifurnished,Independent/Builder Floor,27500000.0,Gurgaon,O55275620
Sector 65 Gurgaon,28.4030162,77.0695893,1750.0,4,3.0,,1,Semifurnished,Independent/Builder Floor,25000000.0,Gurgaon,M58739538
Sector 65 Gurgaon,28.4030162,77.0695893,1650.0,3,3.0,,1,Semifurnished,Apartment,26800000.0,Gurgaon,J64719414
Sector 61 Gurgaon,28.4110188,77.0963685,1249.65,3,4.0,,5,Semifurnished,Apartment,40000000.0,Gurgaon,G71623500
Sector 65 Gurgaon,28.4030162,77.0695893,2600.0,4,4.0,,1,Semifurnished,Independent/Builder Floor,38500000.0,Gurgaon,A58284264
Sector 65 Gurgaon,28.4030162,77.0695893,2800.0,4,4.0,,1,Semifurnished,Independent/Builder Floor,50000000.0,Gurgaon,E63300718
Sector 79 Gurgaon,28.4618719,77.05688,976.0,3,3.0,,5,Semifurnished,Apartment,17500000.0,Gurgaon,S65477842
Sector 89 Gurgaon,28.4184455,76.9457567,1000.0,3,2.0,,5,Unfurnished,Apartment,12500000.0,Gurgaon,S66911256
Sohna,28.3241636,77.0848644,850.0,3,2.0,,5,Semifurnished,Independent/Builder Floor,9000000.0,Gurgaon,N65344616
Sector 65 Gurgaon,28.4030162,77.0695893,1380.0,3,3.0,,1,Semifurnished,Independent/Builder Floor,20500000.0,Gurgaon,Q53869710
Sector 65 Gurgaon,28.4030162,77.0695893,2400.0,4,4.0,,1,Semifurnished,Independent/Builder Floor,39000000.0,Gurgaon,W67372920
Sector 65 Gurgaon,28.4030162,77.0695893,1750.0,4,3.0,,1,Semifurnished,Independent/Builder Floor,21200000.0,Gurgaon,K65996628
Sector 65 Gurgaon,28.4030162,77.0695893,1650.0,3,3.0,,1,Unknown,Apartment,25000000.0,Gurgaon,R69102324
Sector 49 Gurgaon,28.4127374,77.0555164,1600.0,3,3.0,,1,Semifurnished,Apartment,22000000.0,Gurgaon,S64081702
Sector 49 Gurgaon,28.4127374,77.0555164,1650.0,4,5.0,,2,Semifurnished,Apartment,32000000.0,Gurgaon,L64513882
Sector 49 Gurgaon,28.4127374,77.0555164,1650.0,3,4.0,,2,Semifurnished,Apartment,30000000.0,Gurgaon,A64514346
Sector 49 Gurgaon,28.4127374,77.0555164,1650.0,4,5.0,,2,Semifurnished,Apartment,40000000.0,Gurgaon,I64516134
Sector 83 Gurgaon,28.3963578,76.9654747,1650.0,3,3.0,,1,Semifurnished,Apartment,19900000.0,Gurgaon,C71174538
Dlf Phase 1,28.4765171,77.090194,1650.0,5,5.0,,5,Unfurnished,Independent/Builder Floor,72500000.0,Gurgaon,N67380458
Sector 109 Gurgaon,28.5109205,77.0065956,1235.81,3,4.0,,5,Semifurnished,Apartment,23000000.0,Gurgaon,C71426204
Sector 110 Gurgaon,28.5069625,77.018321,1650.0,5,6.0,,1,Unknown,Apartment,42500000.0,Gurgaon,L71425744
Sector 104 Gurgaon,28.4795324,76.9937197,1650.0,3,4.0,,1,Semifurnished,Apartment,20500000.0,Gurgaon,H71424560
Sector 108 Gurgaon,28.5128994,76.9823615,1650.0,3,4.0,,6,Semifurnished,Apartment,31100000.0,Gurgaon,O71422878
Sector 37C Gurgaon,28.4489095,76.9880502,1650.0,3,3.0,,6,Semifurnished,Apartment,12000002.0,Gurgaon,L71626166
Sector 63A Gurgaon,28.4618719,77.05688,4800.0,4,3.0,,6,Unfurnished,Apartment,76000000.0,Gurgaon,N71438452
Sector 109 Gurgaon,28.5109205,77.0065956,1650.0,3,4.0,,1,Unknown,Apartment,16000000.0,Gurgaon,X71437902
Sector 69 Gurgaon,28.3960701,77.0372311,1650.0,4,4.0,,1,Semifurnished,Apartment,19500000.0,Gurgaon,F71033786
Sector 102 Gurgaon,28.4754872,76.9711747,1855.0,3,2.0,,5,Semifurnished,Apartment,26300000.0,Gurgaon,N70801700
Palam Vihar,28.4983353,77.0203007,3000.0,4,4.0,,6,Semifurnished,Independent/Builder Floor,35000000.0,Gurgaon,U64797540
Nirvana Country,28.4150509,77.0642955,1520.0,3,3.0,,2,Semifurnished,Apartment,19600000.0,Gurgaon,Q71767584
Nirvana Country,28.4150509,77.0642955,1450.0,3,2.0,,2,Semifurnished,Apartment,18000000.0,Gurgaon,F71767510
Nirvana Country,28.4150509,77.0642955,1650.0,3,2.0,,2,Semifurnished,Apartment,19800000.0,Gurgaon,C71767470
Sector 54 Gurgaon,28.433569,77.1055815,2160.00000000021,3,3.0,,6,Semifurnished,Independent/Builder Floor,30000000.0,Gurgaon,E71265880
Sector 77 Gurgaon,28.3832337,76.982557,2000.0,4,2.0,,1,Semifurnished,Apartment,17500000.0,Gurgaon,K70846926
Sector 53 Gurgaon,28.4487856,77.0988212,1650.0,3,4.0,,3,Semifurnished,Apartment,40000000.0,Gurgaon,R70340512
Sector 53 Gurgaon,28.4487856,77.0988212,1650.0,3,4.0,,3,Semifurnished,Apartment,47500000.0,Gurgaon,O70339496
Sector 53 Gurgaon,28.4487856,77.0988212,1650.0,3,4.0,,2,Semifurnished,Apartment,37500000.0,Gurgaon,J69411502
Sector 99 Gurgaon,28.4645549,76.9628585,1650.0,4,4.0,,6,Semifurnished,Apartment,29000000.0,Gurgaon,C71706258
Sector 99 Gurgaon,28.4645549,76.9628585,1650.0,3,3.0,,6,Semifurnished,Apartment,24000000.0,Gurgaon,S71706214
Sector 60 Gurgaon,28.3985617,77.0978276,2019.0,3,4.0,,2,Semifurnished,Apartment,30000000.0,Gurgaon,H68412308
Nirvana Country,28.4150509,77.0642955,2300.0,3,4.0,,2,Semifurnished,Apartment,33000000.0,Gurgaon,R71369482
Nirvana Country,28.4150509,77.0642955,1900.0,3,3.0,,2,Semifurnished,Apartment,22500000.0,Gurgaon,L71367598
Sector 37C Gurgaon,28.4489095,76.9880502,1650.0,3,3.0,,1,Semifurnished,Apartment,12500000.0,Gurgaon,S71193836
Sector 109 Gurgaon,28.5109205,77.0065956,1650.0,3,4.0,,1,Semifurnished,Apartment,23500000.0,Gurgaon,B71092422
Sector 65 Gurgaon,28.4030162,77.0695893,1650.0,4,4.0,,3,Semifurnished,Independent/Builder Floor,26000000.0,Gurgaon,P70969814
Sector 102 Gurgaon,28.4754872,76.9711747,535.4,2,2.0,,1,Semifurnished,Apartment,3500000.0,Gurgaon,Q70721928
Sector 102 Gurgaon,28.4754872,76.9711747,490.0,2,2.0,,1,Semifurnished,Apartment,3000000.0,Gurgaon,B70721844
Sector 57 Gurgaon,28.4232478,77.0804487,2520.00000000025,3,3.0,,1,Semifurnished,Independent/Builder Floor,19000000.0,Gurgaon,B68794618
Sector 92 Gurgaon,28.4089049,76.9155232,1650.0,4,4.0,,2,Unknown,Apartment,21354487.0,Gurgaon,J71535370
Sector 48 Gurgaon,28.4104903,77.0394627,1650.0,4,4.0,,2,Semifurnished,Apartment,28500000.0,Gurgaon,K63714598
Sector 67 Gurgaon,28.3864052,77.0598046,1082.0,3,3.0,,2,Semifurnished,Apartment,20000000.0,Gurgaon,P64499564
Sector 62 Gurgaon,28.407697,77.0823781,1208.0,2,2.0,,6,Semifurnished,Apartment,24000000.0,Gurgaon,V70089020
Sector 56 Gurgaon,28.4252244,77.0992377,1600.0,3,3.0,,6,Semifurnished,Independent/Builder Floor,20000000.0,Gurgaon,Y71567722
Sushant Lok Phase 1,28.4545693,77.0826249,1935.0,3,3.0,,6,Semifurnished,Independent/Builder Floor,25500000.0,Gurgaon,Z71566982
Sushant Lok Phase 1,28.4545693,77.0826249,1600.0,3,3.0,,6,Semifurnished,Independent/Builder Floor,25500000.0,Gurgaon,Q71566552
Sushant Lok Phase 1,28.4545693,77.0826249,2500.0,4,4.0,,6,Semifurnished,Independent/Builder Floor,35000000.0,Gurgaon,Y71564184
Malibu Town,28.4234344,77.0468649,1800.0,3,3.0,,6,Semifurnished,Independent/Builder Floor,76000000.0,Gurgaon,B71683552
Sushant Lok Phase 1,28.4545693,77.0826249,1700.0,3,3.0,,6,Semifurnished,Independent/Builder Floor,23500000.0,Gurgaon,O71683066
Sushant Lok Phase 1,28.4545693,77.0826249,1600.0,3,3.0,,6,Semifurnished,Independent/Builder Floor,26500000.0,Gurgaon,U71566324
Sector-33 Sohna,28.3241636,77.0848644,1650.0,3,3.0,,5,Unknown,Apartment,12500000.0,Gurgaon,L71520106
Sushant Lok Phase 2,28.464228,77.076724,1700.0,3,3.0,,1,Semifurnished,Independent/Builder Floor,10900000.0,Gurgaon,N71515334
Sector 38 Gurgaon,28.4351423,77.0403538,2200.0,3,3.0,,1,Semifurnished,Independent/Builder Floor,17500000.0,Gurgaon,Q71513538
Sector 56 Gurgaon,28.4252244,77.0992377,1600.0,3,3.0,,6,Semifurnished,Independent/Builder Floor,16400000.0,Gurgaon,G71479028
Dlf Phase 3,28.4919048,77.0937804,2656.0,3,3.0,,1,Semifurnished,Apartment,37500000.0,Gurgaon,C71442030
Dlf Phase 3,28.4919048,77.0937804,2600.0,3,3.0,,3,Semifurnished,Apartment,30000000.0,Gurgaon,A70871748
Sector 112 Gurgaon,28.5203402,77.0188612,4200.0,4,4.0,,6,Semifurnished,Apartment,53000000.0,Gurgaon,M70785942
Sector 112 Gurgaon,28.5203402,77.0188612,4200.0,4,4.0,,6,Semifurnished,Apartment,55000000.0,Gurgaon,W70785890
Sector 112 Gurgaon,28.5203402,77.0188612,4500.0,4,4.0,,6,Semifurnished,Apartment,53500000.0,Gurgaon,X70785446
Sector 112 Gurgaon,28.5203402,77.0188612,4200.0,4,4.0,,6,Semifurnished,Apartment,52500000.0,Gurgaon,D70783240
Sector 49 Gurgaon,28.4127374,77.0555164,1650.0,4,5.0,,3,Semifurnished,Apartment,29500000.0,Gurgaon,U70009276
Sector 57 Gurgaon,28.4232478,77.0804487,2367.00000000023,4,4.0,,1,Semifurnished,Independent/Builder Floor,22900000.0,Gurgaon,P69807216
Sector 57 Gurgaon,28.4232478,77.0804487,2367.00000000023,4,4.0,,1,Semifurnished,Independent/Builder Floor,21500000.0,Gurgaon,H69806190
Sector 57 Gurgaon,28.4232478,77.0804487,3078.0000000003,4,4.0,,1,Semifurnished,Independent/Builder Floor,25900000.0,Gurgaon,V69806092
Sector 42 Gurgaon,28.4487856,77.0988212,1650.0,4,4.0,,1,Semifurnished,Apartment,285000000.0,Gurgaon,R57814042
Sector 103 Gurgaon,28.493087,76.9866453,1650.0,2,3.0,,2,Semifurnished,Apartment,8700000.0,Gurgaon,C71602614
Sector 51 Gurgaon,28.4287011,77.0666877,1650.0,3,3.0,,2,Unknown,Independent/Builder Floor,17000000.0,Gurgaon,H71213098
Sector 26 Gurgaon,28.4779375,77.1032425,3600.00000000036,5,5.0,,6,Semifurnished,Independent/Builder Floor,50000000.0,Gurgaon,N70855158
Dlf Phase 1,28.4765171,77.090194,4842.00000000048,4,4.0,,6,Semifurnished,Independent/Builder Floor,67000000.0,Gurgaon,F70659242
Sector 102 Gurgaon,28.4754872,76.9711747,1650.0,5,6.0,,2,Semifurnished,Apartment,47500003.0,Gurgaon,P70716360
Sector 48 Gurgaon,28.4104903,77.0394627,1650.0,3,3.0,,1,Semifurnished,Apartment,65000000.0,Gurgaon,N71581906
Sector 92 Gurgaon,28.4089049,76.9155232,1100.0,2,2.0,,1,Semifurnished,Apartment,5850000.0,Gurgaon,K70195864
Sector 86 Gurgaon,28.3981205,76.9411257,1100.0,2,2.0,,1,Semifurnished,Apartment,5800000.0,Gurgaon,Y70871620
Sector 86 Gurgaon,28.3981205,76.9411257,1200.0,3,2.0,,1,Semifurnished,Apartment,7600000.0,Gurgaon,U70195630
Sector 72 Gurgaon,28.3943815,77.032363,1650.0,4,5.0,,1,Unknown,Apartment,53000000.0,Gurgaon,G71398970
Sohna,28.3241636,77.0848644,745.0,2,2.0,,6,Semifurnished,Apartment,3500000.0,Gurgaon,B71299432
Dlf Phase 2,28.483901,77.0846097,3312.00000000033,4,5.0,,5,Semifurnished,Independent/Builder Floor,47500000.0,Gurgaon,U71281784
Dlf Phase 1,28.4765171,77.090194,4518.00000000045,4,5.0,,5,Semifurnished,Independent/Builder Floor,65000000.0,Gurgaon,U71276412
Sector 66 Gurgaon,28.3974292,77.0538823,2900.0,4,4.0,,1,Semifurnished,Apartment,62500000.0,Gurgaon,C71174296
Sohna,28.3241636,77.0848644,358.0,1,1.0,,6,Semifurnished,Apartment,2100000.0,Gurgaon,M71129444
Sector 102 Gurgaon,28.4754872,76.9711747,855.0,2,2.0,,6,Semifurnished,Apartment,14500000.0,Gurgaon,U71052758
Sushant Lok Phase 3,28.464228,77.076724,1600.0,3,3.0,,6,Semifurnished,Independent/Builder Floor,16500000.0,Gurgaon,I70926050
Sector 76 Gurgaon,28.3910112,76.9900243,541.0,2,2.0,,6,Semifurnished,Apartment,5500000.0,Gurgaon,F70916520
Sector 104 Gurgaon,28.4795324,76.9937197,745.0,2,2.0,,5,Semifurnished,Apartment,11000000.0,Gurgaon,O70874840
Sector 56 Gurgaon,28.4252244,77.0992377,3200.0,3,3.0,,6,Semifurnished,Independent/Builder Floor,17500000.0,Gurgaon,E70797604
Sector 37D Gurgaon,28.4480039,76.9697682,1200.0,3,3.0,,6,Semifurnished,Apartment,14600000.0,Gurgaon,A70728636
Sector 37D Gurgaon,28.4480039,76.9697682,1200.0,3,3.0,,6,Semifurnished,Apartment,11800000.0,Gurgaon,S69976544
Sector 59 Gurgaon,28.4030162,77.1066682,1750.0,3,3.0,,5,Semifurnished,Apartment,36500000.0,Gurgaon,Z69548208
Nirvana Country,28.4150509,77.0642955,1400.0,3,3.0,,2,Semifurnished,Apartment,19500000.0,Gurgaon,P71296870
Nirvana Country,28.4150509,77.0642955,2100.0,3,4.0,,2,Semifurnished,Apartment,33200000.0,Gurgaon,U71293306
Nirvana Country,28.4150509,77.0642955,2000.0,3,4.0,,2,Semifurnished,Apartment,32500000.0,Gurgaon,N71293166
Sector 111 Gurgaon,28.5222773,77.0336203,1650.0,3,3.0,,1,Semifurnished,Apartment,25000000.0,Gurgaon,T71767514
Sector 111 Gurgaon,28.5222773,77.0336203,1650.0,3,3.0,,6,Semifurnished,Apartment,24000000.0,Gurgaon,H71767422
Sector 111 Gurgaon,28.5222773,77.0336203,1650.0,3,3.0,,6,Semifurnished,Apartment,24000000.0,Gurgaon,W71767382
Sector 111 Gurgaon,28.5222773,77.0336203,1650.0,3,4.0,,1,Semifurnished,Apartment,31000000.0,Gurgaon,K71767288
Sector 113 Gurgaon,28.5286649,77.0250282,1700.0,3,3.0,,5,Semifurnished,Apartment,22700000.0,Gurgaon,I71767214
Sector 113 Gurgaon,28.5286649,77.0250282,1650.0,2,2.0,,1,Semifurnished,Apartment,21000000.0,Gurgaon,R71766974
Sector 48 Gurgaon,28.4104903,77.0394627,1650.0,3,3.0,,3,Semifurnished,Apartment,22000000.0,Gurgaon,H71766424
Sector 48 Gurgaon,28.4104903,77.0394627,1650.0,3,4.0,,3,Semifurnished,Apartment,21500000.0,Gurgaon,P71748946
Sector 49 Gurgaon,28.4127374,77.0555164,1650.0,3,4.0,,2,Semifurnished,Apartment,27500000.0,Gurgaon,E71741784
Sector 113 Gurgaon,28.5286649,77.0250282,2055.0,4,4.0,,5,Semifurnished,Apartment,29000000.0,Gurgaon,N71684850
Sector 113 Gurgaon,28.5286649,77.0250282,1650.0,2,2.0,,1,Semifurnished,Apartment,24000000.0,Gurgaon,D71684352
Sector 85 Gurgaon,28.3985762,76.9547447,1650.0,3,3.0,,5,Semifurnished,Apartment,19500000.0,Gurgaon,Z71662238
Dlf Phase 5,28.503445,77.0952048,1650.0,3,3.0,,2,Semifurnished,Apartment,23500000.0,Gurgaon,A71369130
Sector 61 Gurgaon,28.4110188,77.0963685,1249.65,3,4.0,,5,Semifurnished,Apartment,38200000.0,Gurgaon,L71233782
Sector 65 Gurgaon,28.4030162,77.0695893,3600.00000000036,4,4.0,,6,Semifurnished,Independent/Builder Floor,50000000.0,Gurgaon,V71177636
Sector 37D Gurgaon,28.4480039,76.9697682,1104.0,2,2.0,,1,Unfurnished,Apartment,9000000.0,Gurgaon,N71040608
Sector 54 Gurgaon,28.433569,77.1055815,1650.0,3,4.0,,1,Semifurnished,Apartment,50000000.0,Gurgaon,U70803986
Sector 83 Gurgaon,28.3963578,76.9654747,1400.0,3,3.0,,1,Semifurnished,Apartment,13000000.0,Gurgaon,T71768646
Sector 82 Gurgaon,28.3932827,76.9545277,800.0,2,2.0,,2,Semifurnished,Independent/Builder Floor,6500000.0,Gurgaon,H71719778
Sector 102 Gurgaon,28.4754872,76.9711747,1800.0,3,4.0,,6,Semifurnished,Apartment,18400000.0,Gurgaon,D71684742
Suncity,28.507814,77.0713577,1550.0,3,3.0,,3,Semifurnished,Apartment,33000000.0,Gurgaon,B71670312
Dlf Phase 4,28.4919048,77.0937804,1650.0,3,4.0,,1,Unknown,Apartment,30500000.0,Gurgaon,K71666128
Sector 51 Gurgaon,28.4287011,77.0666877,1350.0,3,4.0,,2,Semifurnished,Apartment,18500000.0,Gurgaon,L71624562
Sector 67 Gurgaon,28.3864052,77.0598046,1650.0,4,4.0,,1,Semifurnished,Apartment,45000000.0,Gurgaon,E71610076
Dlf Phase 2,28.483901,77.0846097,2700.0,4,4.0,,5,Unfurnished,Independent/Builder Floor,45000000.0,Gurgaon,E71328108
Sector 111 Gurgaon,28.5222773,77.0336203,1650.0,1,1.0,,1,Unknown,Apartment,1600000.0,Gurgaon,Z71302808
Palam Vihar,28.4983353,77.0203007,1700.0,3,3.0,,6,Semifurnished,Independent/Builder Floor,12000000.0,Gurgaon,G71156706
Palam Vihar,28.4983353,77.0203007,1650.0,2,2.0,,2,Semifurnished,Apartment,12300000.0,Gurgaon,Z71106886
Sector 54 Gurgaon,28.433569,77.1055815,1650.0,3,4.0,,1,Semifurnished,Apartment,48500000.0,Gurgaon,L71037844
Sector 50 Gurgaon,28.4268461,77.0584252,1650.0,3,3.0,,2,Semifurnished,Apartment,16500000.0,Gurgaon,A70989620
Sector 63A Gurgaon,28.4618719,77.05688,1650.0,3,4.0,,1,Semifurnished,Independent/Builder Floor,17900000.0,Gurgaon,P68767470
Sector 106 Gurgaon,28.5060806,76.9967796,2100.0,4,4.0,,5,Semifurnished,Apartment,39600000.0,Gurgaon,J61125128
Sector 63A Gurgaon,28.4618719,77.05688,1650.0,3,3.0,,5,Semifurnished,Independent/Builder Floor,24360000.0,Gurgaon,L71776104
Sector 63A Gurgaon,28.4618719,77.05688,1650.0,2,2.0,,5,Semifurnished,Independent/Builder Floor,17496000.0,Gurgaon,V71775158
Sector 63A Gurgaon,28.4618719,77.05688,1650.0,2,2.0,,5,Semifurnished,Independent/Builder Floor,19593000.0,Gurgaon,D71774694
Sector 70 Gurgaon,28.3947261,77.0223138,1600.0,3,4.0,,1,Semifurnished,Apartment,15600000.0,Gurgaon,T70387132
Sector 67 Gurgaon,28.3864052,77.0598046,800.0,2,3.0,,6,Semifurnished,Apartment,5500000.0,Gurgaon,V70613674
Sector 67 Gurgaon,28.3864052,77.0598046,800.0,2,3.0,,6,Semifurnished,Apartment,5400000.0,Gurgaon,Q70613726
Sushant Lok Phase 1,28.4545693,77.0826249,2000.0,4,5.0,,6,Semifurnished,Independent/Builder Floor,27500000.0,Gurgaon,P70626594
Sector 67 Gurgaon,28.3864052,77.0598046,820.0,2,3.0,,6,Semifurnished,Apartment,5500000.0,Gurgaon,V70613782
Sector 49 Gurgaon,28.4127374,77.0555164,1650.0,3,2.0,,1,Unfurnished,Apartment,20000000.0,Gurgaon,A71280286
Sector 26 Gurgaon,28.4779375,77.1032425,3200.0,4,5.0,,6,Semifurnished,Independent/Builder Floor,47500000.0,Gurgaon,A70199886
Sector 26 Gurgaon,28.4779375,77.1032425,2300.0,4,5.0,,6,Semifurnished,Independent/Builder Floor,45000000.0,Gurgaon,D70199410
Dlf Phase 4,28.4919048,77.0937804,2200.0,3,4.0,,6,Semifurnished,Independent/Builder Floor,34500000.0,Gurgaon,A70196710
Sector 54 Gurgaon,28.433569,77.1055815,2670.0,4,5.0,,6,Semifurnished,Apartment,52000000.0,Gurgaon,M70196048
South City 1,28.4188433,77.0440293,1800.0,3,3.0,,6,Semifurnished,Independent/Builder Floor,26000000.0,Gurgaon,V70176536
Sector 85 Gurgaon,28.3985762,76.9547447,1650.0,3,4.0,,2,Semifurnished,Apartment,14500000.0,Gurgaon,N70069848
Sector 51 Gurgaon,28.4287011,77.0666877,2900.0,4,4.0,,1,Semifurnished,Apartment,22500000.0,Gurgaon,V71089840
Sector 56 Gurgaon,28.4252244,77.0992377,1750.0,3,3.0,,2,Semifurnished,Apartment,12700000.0,Gurgaon,Q70906096
Sector 55 Gurgaon,28.4274166,77.1097538,1650.0,4,4.0,,6,Semifurnished,Independent/Builder Floor,40000000.0,Gurgaon,W71302870
Sector 102 Gurgaon,28.4754872,76.9711747,1022.0,3,3.0,,6,Semifurnished,Apartment,15500000.0,Gurgaon,N56732512
Sector 88B Gurgaon,28.4420223,76.9538495,1650.0,3,3.0,,6,Unknown,Apartment,12500000.0,Gurgaon,C70207740
Sector 104 Gurgaon,28.4795324,76.9937197,1650.0,2,2.0,,5,Semifurnished,Apartment,10500000.0,Gurgaon,I70086766
Sector 88B Gurgaon,28.4420223,76.9538495,1650.0,2,2.0,,5,Semifurnished,Apartment,10300000.0,Gurgaon,J70086536
Sector 54 Gurgaon,28.433569,77.1055815,3116.0,4,6.0,,1,Semifurnished,Apartment,105500000.0,Gurgaon,Q70769466
Sector 102 Gurgaon,28.4754872,76.9711747,1600.0,3,4.0,,1,Semifurnished,Apartment,19000000.0,Gurgaon,Z70802526
Sector 103 Gurgaon,28.493087,76.9866453,2600.0,3,3.0,,2,Semifurnished,Apartment,19000000.0,Gurgaon,W70788902
Sector 77 Gurgaon,28.3832337,76.982557,1177.0,3,4.0,,1,Semifurnished,Apartment,13050000.0,Gurgaon,E71742696
Sector 77 Gurgaon,28.3832337,76.982557,1711.0,4,4.0,,1,Semifurnished,Apartment,17500000.0,Gurgaon,C71742552
Sector 77 Gurgaon,28.3832337,76.982557,1177.0,3,4.0,,1,Semifurnished,Apartment,13500000.0,Gurgaon,A71730602
Sector 77 Gurgaon,28.3832337,76.982557,1702.0,4,4.0,,1,Semifurnished,Apartment,17000000.0,Gurgaon,H71730536
Sector 47 Gurgaon,28.4268461,77.0584252,3000.0,4,6.0,,2,Semifurnished,Apartment,68500000.0,Gurgaon,R71511600
Sector 47 Gurgaon,28.4268461,77.0584252,2000.0,3,4.0,,2,Semifurnished,Apartment,43000000.0,Gurgaon,K71511586
Sector 77 Gurgaon,28.3832337,76.982557,1218.0,3,4.0,,1,Semifurnished,Apartment,17300000.0,Gurgaon,K71507130
Sector 81 Gurgaon,28.3873647,76.9475835,2090.0,3,4.0,,1,Semifurnished,Apartment,25000000.0,Gurgaon,M71396334
Sector 93 Gurgaon,28.4156048,76.931638,2086.0,3,3.0,,5,Semifurnished,Independent/Builder Floor,14000000.0,Gurgaon,O71389744
Sector 77 Gurgaon,28.3832337,76.982557,1218.0,3,4.0,,6,Semifurnished,Apartment,17500000.0,Gurgaon,U71382184
Sector 69 Gurgaon,28.3960701,77.0372311,1650.0,3,3.0,,1,Semifurnished,Apartment,16000000.0,Gurgaon,N71371146
Sector 77 Gurgaon,28.3832337,76.982557,1177.0,3,4.0,,1,Unfurnished,Apartment,13300000.0,Gurgaon,Q71370322
Sector 99 Gurgaon,28.4645549,76.9628585,1900.0,3,4.0,,6,Unfurnished,Apartment,12500000.0,Gurgaon,Y71247606
Sector 68 Gurgaon,28.388897,77.0459859,1650.0,2,2.0,,2,Semifurnished,Apartment,10700000.0,Gurgaon,F68905542
Palam Vihar,28.4983353,77.0203007,1650.0,3,4.0,,3,Semifurnished,Apartment,16000000.0,Gurgaon,Q69166328
Palam Vihar,28.4983353,77.0203007,1650.0,3,4.0,,3,Semifurnished,Apartment,15500000.0,Gurgaon,X71082122
Sector 63 Gurgaon,28.3964476,77.086498,1800.0,3,3.0,,6,Unfurnished,Independent/Builder Floor,35000000.0,Gurgaon,Z71063798
Palam Vihar,28.4983353,77.0203007,1650.0,2,2.0,,3,Semifurnished,Apartment,9500000.0,Gurgaon,Y70859862
Sector 65 Gurgaon,28.4030162,77.0695893,1650.0,4,4.0,,6,Semifurnished,Apartment,99900000.0,Gurgaon,Q70022562
Sector 90 Gurgaon,28.4069974,76.9365562,1650.0,4,4.0,,2,Semifurnished,Apartment,20000000.0,Gurgaon,O71014460
Sector 86 Gurgaon,28.3981205,76.9411257,1890.0,3,3.0,,1,Semifurnished,Apartment,16500001.0,Gurgaon,K70858416
Sector 54 Gurgaon,28.433569,77.1055815,1650.0,4,6.0,,1,Semifurnished,Apartment,139000000.0,Gurgaon,T70474282
Sector 62 Gurgaon,28.407697,77.0823781,3258.0,4,6.0,,1,Semifurnished,Apartment,99500000.0,Gurgaon,A70474180
Sector 67 Gurgaon,28.3864052,77.0598046,1650.0,3,4.0,,1,Semifurnished,Apartment,35100000.0,Gurgaon,M65831300
Dlf Phase 4,28.4919048,77.0937804,1650.0,4,4.0,,3,Semifurnished,Apartment,24000000.0,Gurgaon,C65126020
Sector 48 Gurgaon,28.4104903,77.0394627,1650.0,4,6.0,,2,Unfurnished,Apartment,109000000.0,Gurgaon,S65677980
Sector 38 Gurgaon,28.4351423,77.0403538,1650.0,3,3.0,,6,Semifurnished,Apartment,25000000.0,Gurgaon,O71782348
Sector 108 Gurgaon,28.5128994,76.9823615,1596.0,4,4.0,,5,Semifurnished,Apartment,41100000.0,Gurgaon,Z65851522
Sector 42 Gurgaon,28.4487856,77.0988212,1650.0,4,4.0,,2,Semifurnished,Apartment,320000000.0,Gurgaon,J71442158
Dlf Phase 4,28.4919048,77.0937804,2500.0,4,4.0,,6,Semifurnished,Independent/Builder Floor,36800000.0,Gurgaon,D71334342
Sector 112 Gurgaon,28.5203402,77.0188612,1650.0,5,6.0,,6,Semifurnished,Apartment,66900000.0,Gurgaon,P71157742
Sector 112 Gurgaon,28.5203402,77.0188612,2732.98,4,6.0,,6,Semifurnished,Apartment,57900000.0,Gurgaon,H71147050
Dlf Phase 5,28.503445,77.0952048,1650.0,4,4.0,,3,Semifurnished,Apartment,50000000.0,Gurgaon,K71123092
Sector 26 Gurgaon,28.4779375,77.1032425,3500.0,4,4.0,,6,Semifurnished,Independent/Builder Floor,52500000.0,Gurgaon,P70858008
Sector 49 Gurgaon,28.4127374,77.0555164,1650.0,4,5.0,,1,Semifurnished,Apartment,37900000.0,Gurgaon,B70834278
Sector 112 Gurgaon,28.5203402,77.0188612,1650.0,3,4.0,,1,Semifurnished,Apartment,38500000.0,Gurgaon,R62216030
Sector 68 Gurgaon,28.388897,77.0459859,1650.0,2,2.0,,5,Semifurnished,Apartment,10500000.0,Gurgaon,X71443606
Sector 3 Gurgaon,28.4944483,77.0985008,1650.0,3,3.0,,5,Semifurnished,Apartment,19000000.0,Gurgaon,R71386492
Sector 61 Gurgaon,28.4110188,77.0963685,1200.0,2,2.0,,6,Semifurnished,Apartment,17100000.0,Gurgaon,S71284922
Sector 57 Gurgaon,28.4232478,77.0804487,2200.0,4,4.0,,1,Semifurnished,Independent/Builder Floor,26500000.0,Gurgaon,Y71248234
Sector 60 Gurgaon,28.3985617,77.0978276,7500.0,5,6.0,,5,Semifurnished,Independent/Builder Floor,88500000.0,Gurgaon,T71159924
Sector 102 Gurgaon,28.4754872,76.9711747,1600.0,3,4.0,,1,Semifurnished,Apartment,19000000.0,Gurgaon,L70391436
Nirvana Country,28.4150509,77.0642955,1650.0,3,4.0,,1,Semifurnished,Apartment,27000000.0,Gurgaon,H70874440
Nirvana Country,28.4150509,77.0642955,1650.0,3,3.0,,1,Semifurnished,Apartment,18000000.0,Gurgaon,Q70873304
Nirvana Country,28.4150509,77.0642955,1600.0,3,2.0,,2,Semifurnished,Apartment,18000000.0,Gurgaon,Q70800322
Sector 86 Gurgaon,28.3981205,76.9411257,1200.0,3,3.0,,1,Semifurnished,Apartment,8200000.0,Gurgaon,D71801898
Dlf Phase 4,28.4919048,77.0937804,938.0,2,2.0,,3,Unfurnished,Apartment,15000000.0,Gurgaon,W69664406
Sector 95 Gurgaon,28.4149443,76.9114892,1480.0,4,3.0,,1,Semifurnished,Apartment,16000000.0,Gurgaon,W71796920
Sector 95 Gurgaon,28.4149443,76.9114892,1350.0,3,3.0,,1,Semifurnished,Apartment,11500000.0,Gurgaon,O71796740
Sector 95 Gurgaon,28.4149443,76.9114892,1120.0,2,2.0,,1,Semifurnished,Apartment,9000000.0,Gurgaon,K71796580
Sector 91 Gurgaon,28.4007588,76.9210802,1573.59,4,4.0,,6,Semifurnished,Apartment,18500000.0,Gurgaon,J56607828
Sector 81 Gurgaon,28.3873647,76.9475835,894.0,2,2.0,,1,Semifurnished,Apartment,9700000.0,Gurgaon,E71548004
Sector 106 Gurgaon,28.5060806,76.9967796,1173.0,3,4.0,,6,Unknown,Apartment,15500000.0,Gurgaon,B71530204
Sector 81 Gurgaon,28.3873647,76.9475835,894.0,2,2.0,,1,Semifurnished,Apartment,9500000.0,Gurgaon,Z71476792
Sector 77 Gurgaon,28.3832337,76.982557,1650.0,4,3.0,,1,Unknown,Apartment,18000000.0,Gurgaon,M19023497
Sector 53 Gurgaon,28.4487856,77.0988212,2750.0,3,4.0,,6,Semifurnished,Apartment,38000000.0,Gurgaon,Y70629460
Sector 86 Gurgaon,28.3981205,76.9411257,1650.0,4,4.0,,1,Semifurnished,Apartment,17000000.0,Gurgaon,T44144671
Sector 112 Gurgaon,28.5203402,77.0188612,1650.0,4,6.0,,1,Semifurnished,Apartment,56000000.0,Gurgaon,E68670550
Sector 90 Gurgaon,28.4069974,76.9365562,1650.0,3,3.0,,2,Semifurnished,Apartment,13600000.0,Gurgaon,O68651740
Sector 90 Gurgaon,28.4069974,76.9365562,1650.0,4,4.0,,2,Semifurnished,Apartment,17000000.0,Gurgaon,S68627244
Sector 86 Gurgaon,28.3981205,76.9411257,1650.0,3,3.0,,2,Semifurnished,Apartment,15500000.0,Gurgaon,B68626882
Sector 90 Gurgaon,28.4069974,76.9365562,1200.0,3,3.0,,2,Semifurnished,Apartment,12500000.0,Gurgaon,Z68626288
Sector 106 Gurgaon,28.5060806,76.9967796,1650.0,3,3.0,,5,Semifurnished,Apartment,22000000.0,Gurgaon,R71633834
Sector 102 Gurgaon,28.4754872,76.9711747,1228.17,3,4.0,,1,Semifurnished,Apartment,19500000.0,Gurgaon,W71620382
Sohna,28.3241636,77.0848644,994.16,3,3.0,,3,Semifurnished,Apartment,11780000.0,Gurgaon,D71447546
Sector-33 Sohna,28.3241636,77.0848644,822.793666512383,2,2.0,,5,Semifurnished,Apartment,10250000.0,Gurgaon,Q69201614
Sector-33 Sohna,28.3241636,77.0848644,1650.0,2,2.0,,5,Semifurnished,Independent/Builder Floor,11250000.0,Gurgaon,A60655928
Dlf Phase 5,28.503445,77.0952048,1370.0,3,3.0,,1,Semifurnished,Apartment,22500000.0,Gurgaon,I71116610
Sector-33 Sohna,28.3241636,77.0848644,834.526333918172,2,2.0,,5,Semifurnished,Apartment,10200000.0,Gurgaon,V71095246
Dlf Phase 5,28.503445,77.0952048,1375.0,3,3.0,,2,Semifurnished,Apartment,23000000.0,Gurgaon,N68685820
Sector-33 Sohna,28.3241636,77.0848644,1650.0,3,3.0,,3,Semifurnished,Independent/Builder Floor,11450000.0,Gurgaon,Z70870780
Sector 113 Gurgaon,28.5286649,77.0250282,1650.0,3,4.0,,6,Semifurnished,Apartment,28800000.0,Gurgaon,D68953130
Sector 112 Gurgaon,28.5203402,77.0188612,1650.0,3,5.0,,1,Semifurnished,Apartment,51500000.0,Gurgaon,M65306404
Sector 104 Gurgaon,28.4795324,76.9937197,1650.0,2,3.0,,1,Semifurnished,Apartment,18700000.0,Gurgaon,M63420198
Sector 104 Gurgaon,28.4795324,76.9937197,1650.0,3,4.0,,1,Semifurnished,Apartment,30600000.0,Gurgaon,N63419922
Sector 104 Gurgaon,28.4795324,76.9937197,1650.0,2,2.0,,1,Semifurnished,Apartment,17000000.0,Gurgaon,N63420102
Sector 89 Gurgaon,28.4184455,76.9457567,1650.0,3,3.0,,5,Semifurnished,Apartment,11800000.0,Gurgaon,S66836430
Sector 113 Gurgaon,28.5286649,77.0250282,1650.0,4,4.0,,5,Unfurnished,Apartment,34500001.0,Gurgaon,N66487262
Sector 104 Gurgaon,28.4795324,76.9937197,1650.0,3,3.0,,5,Semifurnished,Apartment,18000000.0,Gurgaon,F63417490
Sector 104 Gurgaon,28.4795324,76.9937197,1650.0,2,2.0,,5,Semifurnished,Apartment,11500000.0,Gurgaon,O63417594
Sector 106 Gurgaon,28.5060806,76.9967796,1650.0,2,2.0,,5,Semifurnished,Apartment,17500000.0,Gurgaon,F63430038
Sector 58 Gurgaon,28.4160012,77.1085564,1650.0,3,3.0,,2,Semifurnished,Apartment,35000000.0,Gurgaon,U71797674
Sector 63 Gurgaon,28.3964476,77.086498,1300.0,3,3.0,,6,Semifurnished,Apartment,24500000.0,Gurgaon,N69577124
Sector 99A Gurgaon,28.4554059,76.9510278,1220.0,3,5.0,,5,Semifurnished,Apartment,13500000.0,Gurgaon,H71673368
Sector 82A Gurgaon,28.3881583,76.96273,2600.0,4,4.0,,1,Semifurnished,Apartment,32040000.0,Gurgaon,Q70485648
Sector 102 Gurgaon,28.4754872,76.9711747,2250.00000000022,3,3.0,,1,Semifurnished,Independent/Builder Floor,23000000.0,Gurgaon,M71565624
Sector 102 Gurgaon,28.4754872,76.9711747,1800.00000000018,3,3.0,,1,Semifurnished,Independent/Builder Floor,16000000.0,Gurgaon,F71565530
Sector 102 Gurgaon,28.4754872,76.9711747,1500.0,3,4.0,,1,Semifurnished,Apartment,22500000.0,Gurgaon,T71565348
Sector 103 Gurgaon,28.493087,76.9866453,1100.0,2,2.0,,1,Semifurnished,Apartment,11500000.0,Gurgaon,H71565052
Sector 108 Gurgaon,28.5128994,76.9823615,1140.98,3,4.0,,1,Semifurnished,Apartment,17000000.0,Gurgaon,N71564948
Sector 108 Gurgaon,28.5128994,76.9823615,1598.78,4,5.0,,1,Semifurnished,Apartment,27000000.0,Gurgaon,I71564832
Sector 106 Gurgaon,28.5060806,76.9967796,1130.0,3,4.0,,6,Semifurnished,Apartment,14500000.0,Gurgaon,W71564734
Sector 83 Gurgaon,28.3963578,76.9654747,950.0,2,2.0,,1,Semifurnished,Apartment,9000000.0,Gurgaon,I71273464
Sector 77 Gurgaon,28.3832337,76.982557,1650.0,3,2.0,,1,Semifurnished,Apartment,12000000.0,Gurgaon,F71794490
Sector 48 Gurgaon,28.4104903,77.0394627,1650.0,4,4.0,,3,Semifurnished,Apartment,29500000.0,Gurgaon,Z71782672
Sector 92 Gurgaon,28.4089049,76.9155232,1650.0,4,3.0,,1,Semifurnished,Apartment,7800000.0,Gurgaon,S71712086
Sector 79 Gurgaon,28.4618719,77.05688,1650.0,3,3.0,,1,Semifurnished,Apartment,13500000.0,Gurgaon,P70458332
Sector 92 Gurgaon,28.4089049,76.9155232,1650.0,1,1.0,,2,Semifurnished,Apartment,4400000.0,Gurgaon,G71571076
Sector 90 Gurgaon,28.4069974,76.9365562,1650.0,3,3.0,,2,Semifurnished,Apartment,14000000.0,Gurgaon,K63262802
Sector 92 Gurgaon,28.4089049,76.9155232,1650.0,2,2.0,,2,Semifurnished,Apartment,6500000.0,Gurgaon,W71478600
Sector 92 Gurgaon,28.4089049,76.9155232,1650.0,1,1.0,,2,Semifurnished,Apartment,5000000.0,Gurgaon,P71477798
Sector 85 Gurgaon,28.3985762,76.9547447,1390.1596288602,2,2.0,,5,Semifurnished,Apartment,14500000.0,Gurgaon,C71372502
Sector 92 Gurgaon,28.4089049,76.9155232,1800.0,4,4.0,,5,Semifurnished,Independent/Builder Floor,18000000.0,Gurgaon,S71366634
Sector 67 Gurgaon,28.3864052,77.0598046,1490.0,3,4.0,,1,Semifurnished,Apartment,34500000.0,Gurgaon,B69976330
Sector 81 Gurgaon,28.3873647,76.9475835,1790.0,4,4.0,,6,Semifurnished,Apartment,34500000.0,Gurgaon,L70159904
Sector 77 Gurgaon,28.3832337,76.982557,1370.0,3,3.0,,6,Semifurnished,Apartment,18000000.0,Gurgaon,G69993438
Sector 62 Gurgaon,28.407697,77.0823781,1710.0,3,3.0,,6,Semifurnished,Apartment,43000000.0,Gurgaon,O70110862
Sector 77 Gurgaon,28.3832337,76.982557,1177.0,3,4.0,,1,Semifurnished,Apartment,13000000.0,Gurgaon,Q71270222
Sector 83 Gurgaon,28.3963578,76.9654747,1650.0,3,3.0,,1,Semifurnished,Apartment,7500000.0,Gurgaon,E71266522
Sector 81 Gurgaon,28.3873647,76.9475835,1780.0,3,3.0,,1,Semifurnished,Apartment,9200000.0,Gurgaon,N71266422
Sector 68 Gurgaon,28.388897,77.0459859,840.0,2,2.0,,6,Semifurnished,Apartment,10100000.0,Gurgaon,C71260984
Sector 83 Gurgaon,28.3963578,76.9654747,1620.00000000016,2,2.0,,2,Unfurnished,Apartment,7000000.0,Gurgaon,Y71158718
Sector 78 Gurgaon,28.3725283,76.9702955,1250.0,2,2.0,,1,Semifurnished,Apartment,7200000.0,Gurgaon,L71046658
Sector 83 Gurgaon,28.3963578,76.9654747,1650.0,2,2.0,,2,Semifurnished,Apartment,6500000.0,Gurgaon,K70966708
Sector 83 Gurgaon,28.3963578,76.9654747,1650.0,2,2.0,,2,Semifurnished,Apartment,6000000.0,Gurgaon,Q70966596
Sector 84 Gurgaon,28.4035469,76.9677894,1650.0,2,2.0,,1,Semifurnished,Apartment,10000000.0,Gurgaon,B70880322
Sector 84 Gurgaon,28.4035469,76.9677894,1650.0,2,2.0,,1,Semifurnished,Apartment,11000000.0,Gurgaon,J70879732
Sector 84 Gurgaon,28.4035469,76.9677894,1650.0,3,3.0,,1,Semifurnished,Apartment,12000000.0,Gurgaon,X70877954
Sector 84 Gurgaon,28.4035469,76.9677894,1650.0,3,3.0,,1,Semifurnished,Apartment,12500000.0,Gurgaon,Y70877616
Sector 85 Gurgaon,28.3985762,76.9547447,1829.0,3,3.0,,5,Semifurnished,Apartment,18200000.0,Gurgaon,W70859928
Sector 85 Gurgaon,28.3985762,76.9547447,2129.0,3,3.0,,5,Semifurnished,Apartment,22500000.0,Gurgaon,B70839022
Sector 77 Gurgaon,28.3832337,76.982557,1650.0,3,4.0,,2,Semifurnished,Apartment,11800000.0,Gurgaon,K70785456
Sector 77 Gurgaon,28.3832337,76.982557,1650.0,2,2.0,,2,Semifurnished,Apartment,8500000.0,Gurgaon,G70782620
Sector 90 Gurgaon,28.4069974,76.9365562,1950.0,3,3.0,,1,Semifurnished,Apartment,10000000.0,Gurgaon,D70782480
Sector 67 Gurgaon,28.3864052,77.0598046,1650.0,4,5.0,,2,Semifurnished,Apartment,52500000.0,Gurgaon,Z67126332
Sector 82 Gurgaon,28.3932827,76.9545277,1650.0,3,3.0,,1,Semifurnished,Apartment,9300000.0,Gurgaon,J26722983
Sector 82 Gurgaon,28.3932827,76.9545277,1650.0,3,5.0,,1,Semifurnished,Apartment,11200000.0,Gurgaon,L37313295
Westerlies,15.2784329,73.9284517,1950.0,3,3.0,,6,Semifurnished,Independent/Builder Floor,16500000.0,Gurgaon,Z71797410
Sector 37C Gurgaon,28.4489095,76.9880502,730.0,3,2.0,,6,Semifurnished,Apartment,5500000.0,Gurgaon,X71760820
Sector 57 Gurgaon,28.4232478,77.0804487,1650.0,3,3.0,,6,Semifurnished,Independent/Builder Floor,17500000.0,Gurgaon,G71742710
Sector 50 Gurgaon,28.4268461,77.0584252,1650.0,4,4.0,,6,Semifurnished,Independent/Builder Floor,28900000.0,Gurgaon,M71735614
Sector 52 Gurgaon,28.4368166,77.0795276,1650.0,4,4.0,,6,Semifurnished,Independent/Builder Floor,26500000.0,Gurgaon,B71735582
Nirvana Country,28.4150509,77.0642955,2400.0,4,4.0,,6,Semifurnished,Independent/Builder Floor,48000000.0,Gurgaon,R71709830
Sector 70A Gurgaon,28.3846684,77.0220391,3780.0,4,4.0,,6,Semifurnished,Independent/Builder Floor,35900000.0,Gurgaon,N71701216
Sector 102 Gurgaon,28.4754872,76.9711747,1650.0,2,2.0,,1,Semifurnished,Apartment,10000000.0,Gurgaon,A71676550
Sector 63A Gurgaon,28.4618719,77.05688,1650.0,3,3.0,,5,Semifurnished,Independent/Builder Floor,21500000.0,Gurgaon,O71663190
Dlf Phase 1,28.4765171,77.090194,1650.0,3,3.0,,5,Semifurnished,Independent/Builder Floor,37700000.0,Gurgaon,E71662454
Sector 79 Gurgaon,28.4618719,77.05688,1650.0,3,3.0,,5,Semifurnished,Apartment,25200000.0,Gurgaon,N71661816
Sector 79 Gurgaon,28.4618719,77.05688,1650.0,2,2.0,,5,Semifurnished,Apartment,17736000.0,Gurgaon,P71661602
Sector 59 Gurgaon,28.4030162,77.1066682,1650.0,4,4.0,,5,Semifurnished,Apartment,67900000.0,Gurgaon,U71656052
Sector 59 Gurgaon,28.4030162,77.1066682,1650.0,3,3.0,,5,Semifurnished,Apartment,51900000.0,Gurgaon,Q71655932
Sector 113 Gurgaon,28.5286649,77.0250282,1650.0,3,3.0,,5,Semifurnished,Apartment,25200000.0,Gurgaon,V71655782
Sector 59 Gurgaon,28.4030162,77.1066682,1650.0,3,3.0,,5,Semifurnished,Apartment,59014000.0,Gurgaon,V71655652
Sector 76 Gurgaon,28.3910112,76.9900243,1650.0,4,4.0,,5,Semifurnished,Apartment,44104800.0,Gurgaon,T71647904
Sector 85 Gurgaon,28.3985762,76.9547447,1650.0,4,4.0,,6,Semifurnished,Apartment,17700000.0,Gurgaon,O71620896
Malibu Town,28.4234344,77.0468649,1350.0,3,3.0,,6,Semifurnished,Independent/Builder Floor,22000000.0,Gurgaon,M71607970
Sector 50 Gurgaon,28.4268461,77.0584252,1850.0,4,4.0,,6,Semifurnished,Independent/Builder Floor,34400000.0,Gurgaon,J71607594
Sector 50 Gurgaon,28.4268461,77.0584252,1750.0,4,4.0,,6,Semifurnished,Independent/Builder Floor,28900000.0,Gurgaon,H71607492
Sector 52 Gurgaon,28.4368166,77.0795276,1700.0,4,4.0,,6,Semifurnished,Independent/Builder Floor,28900000.0,Gurgaon,K71607376
Golf Course Ext Road,28.4007315,77.0242312,1200.0,3,3.0,,6,Semifurnished,Independent/Builder Floor,20000000.0,Gurgaon,I71606714
Sector 61 Gurgaon,28.4110188,77.0963685,1249.65,3,4.0,,5,Semifurnished,Apartment,40000000.0,Gurgaon,Y71602818
Sector 63A Gurgaon,28.4618719,77.05688,1250.0,3,3.0,,6,Semifurnished,Independent/Builder Floor,21000000.0,Gurgaon,V71601386
Sector 65 Gurgaon,28.4030162,77.0695893,1650.0,4,4.0,,5,Semifurnished,Apartment,140000000.0,Gurgaon,O71523536
Sector 65 Gurgaon,28.4030162,77.0695893,1650.0,5,4.0,,1,Semifurnished,Apartment,95000000.0,Gurgaon,W71523380
Sector 106 Gurgaon,28.5060806,76.9967796,1855.0,3,3.0,,5,Semifurnished,Apartment,23500000.0,Gurgaon,A71503808
Sector 63 Gurgaon,28.3964476,77.086498,1120.0,3,3.0,,6,Semifurnished,Independent/Builder Floor,21000000.0,Gurgaon,K71477004
Sector 65 Gurgaon,28.4030162,77.0695893,1650.0,3,3.0,,5,Semifurnished,Apartment,25000000.0,Gurgaon,Y71465706
Sector 63 Gurgaon,28.3964476,77.086498,3790.0,5,5.0,,6,Semifurnished,Independent/Builder Floor,58500000.0,Gurgaon,N71455712
Dlf Phase 4,28.4919048,77.0937804,4500.0,4,4.0,,6,Semifurnished,Independent/Builder Floor,55000000.0,Gurgaon,G71454008
Sector 106 Gurgaon,28.5060806,76.9967796,845.0,2,2.0,,6,Semifurnished,Apartment,10800000.0,Gurgaon,V70357396
Dlf Phase 5,28.503445,77.0952048,3300.0,4,4.0,,6,Semifurnished,Independent/Builder Floor,47500000.0,Gurgaon,K71434436
Sector 110 Gurgaon,28.5069625,77.018321,1650.0,4,5.0,,1,Semifurnished,Apartment,37000000.0,Gurgaon,B71390670
Sector 65 Gurgaon,28.4030162,77.0695893,1261.0,2,2.0,,5,Semifurnished,Apartment,17000000.0,Gurgaon,G71345852
Sector 111 Gurgaon,28.5222773,77.0336203,7000.0,5,5.0,,6,Unfurnished,Apartment,78700000.0,Gurgaon,Q71308450
Sector 111 Gurgaon,28.5222773,77.0336203,4500.0,4,4.0,,6,Unfurnished,Apartment,52900000.0,Gurgaon,B71308332
Sector 111 Gurgaon,28.5222773,77.0336203,2950.0,4,3.0,,6,Unfurnished,Apartment,30500000.0,Gurgaon,Y71308236
Sector 102 Gurgaon,28.4754872,76.9711747,2600.0,4,5.0,,2,Semifurnished,Apartment,33400000.0,Gurgaon,Z71304090
Sector 102 Gurgaon,28.4754872,76.9711747,2500.0,4,5.0,,2,Semifurnished,Apartment,32000000.0,Gurgaon,A71304000
Sector 102 Gurgaon,28.4754872,76.9711747,2200.0,4,4.0,,2,Semifurnished,Apartment,26500000.0,Gurgaon,Q71303886
Sector 102 Gurgaon,28.4754872,76.9711747,2554.0,4,4.0,,2,Semifurnished,Apartment,26500000.0,Gurgaon,K71303728
Sector 102 Gurgaon,28.4754872,76.9711747,2103.0,3,3.0,,1,Semifurnished,Apartment,23300000.0,Gurgaon,M71303624
Sector 102 Gurgaon,28.4754872,76.9711747,2103.0,3,3.0,,1,Semifurnished,Apartment,23500000.0,Gurgaon,P71303562
Sector 102 Gurgaon,28.4754872,76.9711747,1800.0,3,4.0,,2,Semifurnished,Apartment,23400000.0,Gurgaon,O71303482
Sector 102 Gurgaon,28.4754872,76.9711747,1600.0,3,3.0,,2,Semifurnished,Apartment,18800000.0,Gurgaon,T71303324
Sector 102 Gurgaon,28.4754872,76.9711747,1600.0,3,3.0,,2,Semifurnished,Apartment,18500000.0,Gurgaon,H71303190
Sector 102 Gurgaon,28.4754872,76.9711747,1650.0,3,3.0,,2,Semifurnished,Apartment,19000000.0,Gurgaon,H71303006
Sector 81 Gurgaon,28.3873647,76.9475835,1650.0,4,4.0,,2,Semifurnished,Apartment,34600000.0,Gurgaon,X71302600
Sector 81 Gurgaon,28.3873647,76.9475835,2600.0,4,4.0,,2,Semifurnished,Apartment,34700000.0,Gurgaon,M71302462
Sector 81 Gurgaon,28.3873647,76.9475835,2500.0,4,4.0,,2,Semifurnished,Apartment,35000000.0,Gurgaon,C71302330
Sector 81 Gurgaon,28.3873647,76.9475835,2500.0,4,4.0,,2,Semifurnished,Apartment,34500000.0,Gurgaon,E71302200
Sector 81 Gurgaon,28.3873647,76.9475835,1800.0,3,3.0,,2,Semifurnished,Apartment,24300000.0,Gurgaon,I71301836
Sector 81 Gurgaon,28.3873647,76.9475835,1800.0,3,4.0,,2,Semifurnished,Apartment,24600000.0,Gurgaon,R71301730
Sector 81 Gurgaon,28.3873647,76.9475835,1800.0,3,3.0,,2,Semifurnished,Apartment,24400000.0,Gurgaon,K71301552
Sector 81 Gurgaon,28.3873647,76.9475835,1800.0,3,3.0,,2,Semifurnished,Apartment,24000000.0,Gurgaon,A71301430
Sector 81 Gurgaon,28.3873647,76.9475835,1800.0,3,3.0,,2,Semifurnished,Apartment,24500000.0,Gurgaon,J71301312
Sector 82A Gurgaon,28.3881583,76.96273,2200.0,4,4.0,,2,Semifurnished,Apartment,30000000.0,Gurgaon,C71300794
Sector 82A Gurgaon,28.3881583,76.96273,1800.0,4,4.0,,2,Semifurnished,Apartment,27000000.0,Gurgaon,T71300248
Sector 82A Gurgaon,28.3881583,76.96273,1800.0,4,4.0,,2,Semifurnished,Apartment,26000000.0,Gurgaon,A71300092
Sector 82A Gurgaon,28.3881583,76.96273,1600.0,3,3.0,,2,Semifurnished,Apartment,22000000.0,Gurgaon,J71299644
Sector 82A Gurgaon,28.3881583,76.96273,1600.0,3,3.0,,2,Semifurnished,Apartment,23000000.0,Gurgaon,M71299426
Sector 82A Gurgaon,28.3881583,76.96273,2200.0,4,4.0,,2,Semifurnished,Apartment,29000000.0,Gurgaon,Q71298932
Sector 82A Gurgaon,28.3881583,76.96273,1192.0,3,4.0,,2,Semifurnished,Apartment,21000000.0,Gurgaon,U71298256
Sector 82A Gurgaon,28.3881583,76.96273,1200.0,3,3.0,,2,Semifurnished,Apartment,20500000.0,Gurgaon,V71297584
Sector 82A Gurgaon,28.3881583,76.96273,1300.0,3,3.0,,2,Semifurnished,Apartment,20000000.0,Gurgaon,X71297418
Dlf Phase 2,28.483901,77.0846097,2030.0,4,4.0,,2,Semifurnished,Apartment,35500000.0,Gurgaon,R71284676
Sector 57 Gurgaon,28.4232478,77.0804487,1650.0,3,3.0,,6,Semifurnished,Independent/Builder Floor,23000000.0,Gurgaon,E71280770
Sector 57 Gurgaon,28.4232478,77.0804487,1650.0,3,4.0,,6,Semifurnished,Independent/Builder Floor,22500000.0,Gurgaon,Z71266800
South City 1,28.4188433,77.0440293,666.0,4,4.0,,6,Semifurnished,Independent/Builder Floor,50000000.0,Gurgaon,O71262434
South City 1,28.4188433,77.0440293,3000.0,4,4.0,,6,Semifurnished,Independent/Builder Floor,30000000.0,Gurgaon,N71262408
Dlf Phase 2,28.483901,77.0846097,3000.0,4,3.0,,6,Semifurnished,Independent/Builder Floor,45000000.0,Gurgaon,D71262296
Dlf Phase 1,28.4765171,77.090194,4500.0,4,4.0,,6,Semifurnished,Independent/Builder Floor,60000000.0,Gurgaon,B71261020
Sector 103 Gurgaon,28.493087,76.9866453,1100.0,2,3.0,,1,Semifurnished,Apartment,7900000.0,Gurgaon,B71255108
Sector 61 Gurgaon,28.4110188,77.0963685,1030.0,3,3.0,,5,Semifurnished,Independent/Builder Floor,20900000.0,Gurgaon,D71248890
Sector 60 Gurgaon,28.3985617,77.0978276,1650.0,3,4.0,,1,Semifurnished,Apartment,36000000.0,Gurgaon,D71211458
Sector 106 Gurgaon,28.5060806,76.9967796,2355.0,4,4.0,,5,Unfurnished,Apartment,17500000.0,Gurgaon,P71171174
Sector 113 Gurgaon,28.5286649,77.0250282,1650.0,2,2.0,,5,Unfurnished,Independent House/Villa,16000000.0,Gurgaon,W71170130
Sector 111 Gurgaon,28.5222773,77.0336203,2570.0,4,4.0,,5,Unfurnished,Apartment,35700000.0,Gurgaon,D71168988
Sector 111 Gurgaon,28.5222773,77.0336203,1605.0,3,3.0,,5,Unfurnished,Apartment,20200000.0,Gurgaon,P71167958
Sector 65 Gurgaon,28.4030162,77.0695893,1650.0,4,5.0,,2,Semifurnished,Apartment,96000000.0,Gurgaon,X71142462
Sector 82 Gurgaon,28.3932827,76.9545277,1650.0,2,2.0,,1,Semifurnished,Apartment,7000000.0,Gurgaon,X71131896
Sector 65 Gurgaon,28.4030162,77.0695893,1020.0,2,2.0,,6,Unfurnished,Apartment,9500000.0,Gurgaon,C71086936
Sector 102 Gurgaon,28.4754872,76.9711747,3200.0,4,4.0,,6,Unfurnished,Apartment,26000000.0,Gurgaon,Q71084640
Sector 66 Gurgaon,28.3974292,77.0538823,1000.0,2,2.0,,6,Unfurnished,Apartment,15600000.0,Gurgaon,V71083910
Sector 79 Gurgaon,28.4618719,77.05688,1193.0,2,2.0,,5,Unfurnished,Apartment,12800000.0,Gurgaon,V71066908
Sector 54 Gurgaon,28.433569,77.1055815,6147.0,4,4.0,,6,Unfurnished,Apartment,208000000.0,Gurgaon,T71065934
Sector 54 Gurgaon,28.433569,77.1055815,3081.0,4,4.0,,6,Unfurnished,Apartment,104000000.0,Gurgaon,X71065798
Sector 54 Gurgaon,28.433569,77.1055815,2651.0,3,3.0,,6,Unfurnished,Apartment,90100000.0,Gurgaon,U71065688
Sector 60 Gurgaon,28.3985617,77.0978276,1650.0,4,5.0,,1,Semifurnished,Apartment,40500000.0,Gurgaon,O71034142
Sector 62 Gurgaon,28.407697,77.0823781,3842.0,4,4.0,,5,Unfurnished,Apartment,61400000.0,Gurgaon,V71027216
Sector 62 Gurgaon,28.407697,77.0823781,2410.0,3,3.0,,5,Unfurnished,Apartment,38500000.0,Gurgaon,S71027072
Sector 113 Gurgaon,28.5286649,77.0250282,2080.0,3,3.0,,5,Unknown,Apartment,26000000.0,Gurgaon,O71027016
Sector 62 Gurgaon,28.407697,77.0823781,2262.0,3,3.0,,5,Unfurnished,Apartment,36100000.0,Gurgaon,B71026956
Sector 106 Gurgaon,28.5060806,76.9967796,4495.0,5,5.0,,5,Semifurnished,Apartment,58931000.0,Gurgaon,P71026884
Sector 106 Gurgaon,28.5060806,76.9967796,3100.0,4,4.0,,5,Semifurnished,Apartment,48050000.0,Gurgaon,J71026860
Sector 63 Gurgaon,28.3964476,77.086498,3075.0,4,4.0,,5,Unfurnished,Apartment,77000000.0,Gurgaon,S71026814
Sector 65 Gurgaon,28.4030162,77.0695893,1650.0,3,4.0,,1,Unfurnished,Apartment,64160000.0,Gurgaon,A71019410
Sector 65 Gurgaon,28.4030162,77.0695893,1650.0,3,3.0,,1,Unfurnished,Apartment,51200000.0,Gurgaon,K71019044
Sector 108 Gurgaon,28.5128994,76.9823615,1650.0,3,4.0,,5,Unknown,Apartment,32129950.0,Gurgaon,C71018926
Sector 59 Gurgaon,28.4030162,77.1066682,2595.0,3,3.0,,5,Unfurnished,Apartment,45400000.0,Gurgaon,G71018882
Sector 59 Gurgaon,28.4030162,77.1066682,2095.0,3,3.0,,5,Unfurnished,Apartment,36600000.0,Gurgaon,B71018596
Sector 65 Gurgaon,28.4030162,77.0695893,1650.0,3,4.0,,5,Unfurnished,Apartment,26520000.0,Gurgaon,O71018318
Sector 59 Gurgaon,28.4030162,77.1066682,2500.0,3,3.0,,6,Unfurnished,Apartment,41200000.0,Gurgaon,R71017406
Sector 37D Gurgaon,28.4480039,76.9697682,1650.0,3,3.0,,1,Unknown,Apartment,15300000.0,Gurgaon,V71017184
Sector 102 Gurgaon,28.4754872,76.9711747,1650.0,3,3.0,,6,Unfurnished,Apartment,23500000.0,Gurgaon,H70969640
Sector 79 Gurgaon,28.4618719,77.05688,1650.0,2,2.0,,5,Semifurnished,Independent/Builder Floor,8880000.0,Gurgaon,K70967926
Sector 104 Gurgaon,28.4795324,76.9937197,750.0,2,2.0,,5,Semifurnished,Apartment,11000000.0,Gurgaon,V70832302
Sector 37D Gurgaon,28.4480039,76.9697682,1200.0,3,3.0,,6,Semifurnished,Apartment,16000000.0,Gurgaon,L70831460
Dlf Phase 2,28.483901,77.0846097,2020.0,4,4.0,,2,Semifurnished,Apartment,34800000.0,Gurgaon,K70095302
Sector 103 Gurgaon,28.493087,76.9866453,1650.0,3,4.0,,1,Unfurnished,Apartment,11000000.0,Gurgaon,M64073930
Sector 91 Gurgaon,28.4007588,76.9210802,800.3,2,2.0,,6,Semifurnished,Apartment,8950000.0,Gurgaon,C52671946
Sector 67 Gurgaon,28.3864052,77.0598046,2088.0000000002,3,3.0,,6,Semifurnished,Independent/Builder Floor,16500000.0,Gurgaon,A67830208
Dlf Phase 5,28.503445,77.0952048,1650.0,2,2.0,,2,Unknown,Apartment,15000000.0,Gurgaon,P7926239
Sector 63 Gurgaon,28.3964476,77.086498,1650.0,3,3.0,,6,Semifurnished,Independent/Builder Floor,28500000.0,Gurgaon,J71663176
Sector 66 Gurgaon,28.3974292,77.0538823,3670.0,4,4.0,,1,Semifurnished,Apartment,43500000.0,Gurgaon,H67864894
Mg Road,28.4769607,77.0662688,1913.0,4,4.0,,5,Semifurnished,Apartment,70000000.0,Gurgaon,M68231898
Sector 106 Gurgaon,28.5060806,76.9967796,1855.0,3,3.0,,5,Semifurnished,Apartment,26000000.0,Gurgaon,M71240934
Sector 42 Gurgaon,28.4487856,77.0988212,6400.0,4,4.0,,3,Semifurnished,Apartment,310000000.0,Gurgaon,V70025402
Sector 42 Gurgaon,28.4487856,77.0988212,6400.0,4,4.0,,2,Semifurnished,Apartment,315000000.0,Gurgaon,O70025494
Sector 85 Gurgaon,28.3985762,76.9547447,1650.0,3,4.0,,6,Semifurnished,Apartment,12600000.0,Gurgaon,T71061522
Sector 67 Gurgaon,28.3864052,77.0598046,1500.0,3,4.0,,1,Semifurnished,Independent/Builder Floor,14500000.0,Gurgaon,H70996650
Sector 83 Gurgaon,28.3963578,76.9654747,900.0,2,2.0,,1,Semifurnished,Apartment,8000000.0,Gurgaon,Z70934738
Sector 102 Gurgaon,28.4754872,76.9711747,1650.0,3,3.0,,1,Semifurnished,Apartment,26500000.0,Gurgaon,F70738020
Sector 104 Gurgaon,28.4795324,76.9937197,1650.0,2,2.0,,1,Unfurnished,Apartment,16200000.0,Gurgaon,E70731924
Sector 102 Gurgaon,28.4754872,76.9711747,1650.0,3,4.0,,1,Semifurnished,Apartment,18900000.0,Gurgaon,O70345488
Sector 107 Gurgaon,28.506941,76.9752137,1650.0,2,2.0,,1,Semifurnished,Apartment,11200000.0,Gurgaon,R70220264
Sushant Lok Phase 2,28.464228,77.076724,1950.0,3,3.0,,1,Semifurnished,Apartment,19000000.0,Gurgaon,O71768040
Sector 56 Gurgaon,28.4252244,77.0992377,1550.0,3,2.0,,1,Semifurnished,Apartment,13500000.0,Gurgaon,A71768016
Sector 56 Gurgaon,28.4252244,77.0992377,1650.0,3,3.0,,1,Semifurnished,Apartment,14500000.0,Gurgaon,H71767984
Dlf Phase 4,28.4919048,77.0937804,1650.0,3,3.0,,3,Semifurnished,Apartment,30000000.0,Gurgaon,V71763106
Sector 74 Gurgaon,28.4110081,77.0101209,1124.8,2,2.0,,1,Semifurnished,Apartment,18200000.0,Gurgaon,X71645458
Sector 74 Gurgaon,28.4110081,77.0101209,1614.4,3,3.0,,1,Semifurnished,Apartment,30500000.0,Gurgaon,R71645368
Sector 74 Gurgaon,28.4110081,77.0101209,1400.0,3,3.0,,1,Semifurnished,Apartment,30000000.0,Gurgaon,G71645268
Sector 74 Gurgaon,28.4110081,77.0101209,1614.4,3,3.0,,1,Semifurnished,Apartment,25000000.0,Gurgaon,Q71645078
Sector 74 Gurgaon,28.4110081,77.0101209,1000.0,2,2.0,,1,Semifurnished,Apartment,17500000.0,Gurgaon,U71644978
Sector 74 Gurgaon,28.4110081,77.0101209,1400.0,3,3.0,,6,Semifurnished,Apartment,28200000.0,Gurgaon,A71644792
Sector 43 Gurgaon,28.4487856,77.0988212,1650.0,3,3.0,,2,Semifurnished,Apartment,22500000.0,Gurgaon,N71627130
Sector 54 Gurgaon,28.433569,77.1055815,1650.0,4,4.0,,1,Semifurnished,Apartment,117500000.0,Gurgaon,V71601582
Sector 56 Gurgaon,28.4252244,77.0992377,1700.0,4,3.0,,1,Semifurnished,Apartment,15500000.0,Gurgaon,X71598424
Sector 66 Gurgaon,28.3974292,77.0538823,4182.0,4,5.0,,1,Semifurnished,Apartment,65000000.0,Gurgaon,K71588290
Sector 68 Gurgaon,28.388897,77.0459859,950.0,2,2.0,,1,Semifurnished,Apartment,10500000.0,Gurgaon,H71504266
Dlf Phase 4,28.4919048,77.0937804,1650.0,3,3.0,,3,Semifurnished,Apartment,39500000.0,Gurgaon,G71480814
Sector 68 Gurgaon,28.388897,77.0459859,950.0,2,2.0,,1,Semifurnished,Apartment,10600000.0,Gurgaon,R71463892
Sector 110 A Gurgaon,28.5069625,77.018321,1600.0,3,3.0,,2,Semifurnished,Apartment,16500000.0,Gurgaon,U71460510
Sector 43 Gurgaon,28.4487856,77.0988212,2225.0,4,3.0,,6,Semifurnished,Independent/Builder Floor,23500000.0,Gurgaon,B71410982
Sector 43 Gurgaon,28.4487856,77.0988212,2125.0,3,3.0,,6,Semifurnished,Independent/Builder Floor,19000000.0,Gurgaon,E71410604
Sector 43 Gurgaon,28.4487856,77.0988212,2150.0,3,3.0,,6,Semifurnished,Independent/Builder Floor,21000000.0,Gurgaon,N71409978
Sector 43 Gurgaon,28.4487856,77.0988212,2200.0,3,3.0,,6,Semifurnished,Independent/Builder Floor,20000000.0,Gurgaon,Q71409894
Sector 102 Gurgaon,28.4754872,76.9711747,645.0,3,2.0,,5,Semifurnished,Apartment,5000000.0,Gurgaon,I71328814
Sector 95 Gurgaon,28.4149443,76.9114892,380.0,1,1.0,,6,Semifurnished,Apartment,2650000.0,Gurgaon,V71328190
Sector 110 A Gurgaon,28.5069625,77.018321,1650.0,3,3.0,,2,Semifurnished,Apartment,14000000.0,Gurgaon,X71280396
Sector 49 Gurgaon,28.4127374,77.0555164,1650.0,3,3.0,,2,Semifurnished,Apartment,25000000.0,Gurgaon,A71274198
Sector 49 Gurgaon,28.4127374,77.0555164,1650.0,3,3.0,,2,Semifurnished,Apartment,28500000.0,Gurgaon,Z71273216
South City 1,28.4188433,77.0440293,3000.0,4,4.0,,6,Semifurnished,Independent/Builder Floor,50000000.0,Gurgaon,H64579440
Sector 102 Gurgaon,28.4754872,76.9711747,550.0,2,2.0,,1,Semifurnished,Apartment,4150000.0,Gurgaon,H71209630
Ansal Plaza,28.511342,77.0417054,1950.0,4,4.0,,6,Semifurnished,Independent/Builder Floor,26500000.0,Gurgaon,P71188210
Ansal Plaza,28.511342,77.0417054,1950.0,4,4.0,,6,Semifurnished,Independent/Builder Floor,27500000.0,Gurgaon,H71187866
Sector 54 Gurgaon,28.433569,77.1055815,1650.0,4,4.0,,2,Semifurnished,Apartment,66000000.0,Gurgaon,C71140044
Dlf Phase 1,28.4765171,77.090194,3150.00000000031,4,4.0,,6,Semifurnished,Independent/Builder Floor,45000000.0,Gurgaon,K71107874
Sector 65 Gurgaon,28.4030162,77.0695893,1308.0,2,2.0,,5,Semifurnished,Apartment,17685000.0,Gurgaon,R71052458
Sector 65 Gurgaon,28.4030162,77.0695893,1450.0,2,2.0,,5,Semifurnished,Apartment,20466000.0,Gurgaon,A71051986
Sector 65 Gurgaon,28.4030162,77.0695893,1261.0,2,2.0,,5,Semifurnished,Apartment,17077500.0,Gurgaon,Y71051656
Dlf Phase 1,28.4765171,77.090194,1650.0,4,4.0,,3,Semifurnished,Apartment,24000000.0,Gurgaon,W68731624
Sector 66 Gurgaon,28.3974292,77.0538823,2200.0,4,5.0,,2,Semifurnished,Apartment,34500000.0,Gurgaon,V71030998
Sushant Lok Phase 2,28.464228,77.076724,1850.0,3,3.0,,1,Semifurnished,Apartment,16500000.0,Gurgaon,M71018864
Sector 56 Gurgaon,28.4252244,77.0992377,1750.0,3,3.0,,1,Semifurnished,Apartment,15000000.0,Gurgaon,V71018654
Sector 68 Gurgaon,28.388897,77.0459859,645.0,2,2.0,,5,Semifurnished,Apartment,4700000.0,Gurgaon,V70986392
Sector 77 Gurgaon,28.3832337,76.982557,3200.0,4,4.0,,6,Unfurnished,Apartment,40000000.0,Gurgaon,H70966376
Sector 68 Gurgaon,28.388897,77.0459859,645.0,2,2.0,,5,Semifurnished,Apartment,4700000.0,Gurgaon,A70932506
Dlf Phase 5,28.503445,77.0952048,1650.0,4,4.0,,2,Semifurnished,Apartment,25450000.0,Gurgaon,E70900664
Sector 102 Gurgaon,28.4754872,76.9711747,350.0,1,2.0,,1,Semifurnished,Apartment,2500000.0,Gurgaon,S70874506
Sector 67 Gurgaon,28.3864052,77.0598046,520.0,2,2.0,,1,Semifurnished,Apartment,5500000.0,Gurgaon,A71710908
Sector 56 Gurgaon,28.4252244,77.0992377,1220.0,3,2.0,,3,Semifurnished,Apartment,13500000.0,Gurgaon,B71678334
Sector 102 Gurgaon,28.4754872,76.9711747,1650.0,3,3.0,,6,Semifurnished,Apartment,23000000.0,Gurgaon,W71672534
Sector 63A Gurgaon,28.4618719,77.05688,1470.0,3,3.0,,6,Semifurnished,Apartment,21300000.0,Gurgaon,N71654640
Sector 63A Gurgaon,28.4618719,77.05688,1050.0,2,2.0,,6,Semifurnished,Apartment,15500000.0,Gurgaon,D71654438
Sector 63A Gurgaon,28.4618719,77.05688,1305.0,3,3.0,,6,Semifurnished,Apartment,19600000.0,Gurgaon,I71651712
Sector 63A Gurgaon,28.4618719,77.05688,1470.0,3,3.0,,6,Semifurnished,Apartment,21700000.0,Gurgaon,J71651604
Sector 23 Gurgaon,28.510319,77.0530094,2000.0,4,4.0,,1,Unfurnished,Independent/Builder Floor,22500000.0,Gurgaon,F71521852
Sector 2 Gurgaon,28.5090499,77.0342831,1342.0,3,2.0,,3,Semifurnished,Apartment,9600000.0,Gurgaon,A71467432
South City 2,28.4188806,77.0439211,2708.0,4,4.0,,6,Unfurnished,Independent/Builder Floor,46500000.0,Gurgaon,M71390146
Sector 84 Gurgaon,28.4035469,76.9677894,1650.0,3,3.0,,1,Semifurnished,Apartment,12500000.0,Gurgaon,U71380112
Sohna,28.3241636,77.0848644,488.0,1,2.0,,6,Semifurnished,Apartment,3500000.0,Gurgaon,M71364362
Nirvana Country,28.4150509,77.0642955,2100.0,3,3.0,,2,Unfurnished,Independent/Builder Floor,30000000.0,Gurgaon,P71275044
Sector 65 Gurgaon,28.4030162,77.0695893,1590.0,3,3.0,,1,Semifurnished,Apartment,22800000.0,Gurgaon,D71218594
Sector 48 Gurgaon,28.4104903,77.0394627,3250.0,4,6.0,,1,Semifurnished,Apartment,110000000.0,Gurgaon,Y71159180
Sector 102 Gurgaon,28.4754872,76.9711747,1228.17,3,4.0,,2,Semifurnished,Apartment,19800000.0,Gurgaon,W71143962
Sector 67A Gurgaon,28.4618719,77.05688,591.0,2,2.0,,1,Semifurnished,Apartment,5900000.0,Gurgaon,F71129282
Sector 48 Gurgaon,28.4104903,77.0394627,1800.0,5,4.0,,6,Semifurnished,Independent/Builder Floor,26000000.0,Gurgaon,X70991196
Sector 62 Gurgaon,28.407697,77.0823781,1650.0,3,3.0,,6,Semifurnished,Apartment,44000000.0,Gurgaon,A71661624
Sector 53 Gurgaon,28.4487856,77.0988212,1650.0,4,5.0,,2,Semifurnished,Apartment,70000000.0,Gurgaon,S71610020
Sector 37C Gurgaon,28.4489095,76.9880502,1872.0,4,4.0,,5,Semifurnished,Apartment,18700000.0,Gurgaon,X71533596
Sector 89 A Gurgaon,28.4184455,76.9457567,1340.0,3,4.0,,1,Semifurnished,Apartment,19200000.0,Gurgaon,L71157838
Sector 37C Gurgaon,28.4489095,76.9880502,700.0,3,2.0,,1,Semifurnished,Apartment,5500000.0,Gurgaon,Z70627622
Sector 104 Gurgaon,28.4795324,76.9937197,581.0,2,2.0,,5,Semifurnished,Apartment,2541000.0,Gurgaon,R66023086
Sector 68 Gurgaon,28.388897,77.0459859,800.0,2,2.0,,1,Semifurnished,Apartment,11300000.0,Gurgaon,H70882734
Sector 56 Gurgaon,28.4252244,77.0992377,3400.0,4,4.0,,1,Semifurnished,Independent/Builder Floor,41900000.0,Gurgaon,T68413762
Sector 110 Gurgaon,28.5069625,77.018321,645.0,3,3.0,,5,Semifurnished,Apartment,4400000.0,Gurgaon,B70635700
Sector 81 Gurgaon,28.3873647,76.9475835,1650.0,4,5.0,,1,Semifurnished,Apartment,35000000.0,Gurgaon,W71234418
Sector 84 Gurgaon,28.4035469,76.9677894,1538.0,4,4.0,,5,Semifurnished,Independent/Builder Floor,20500000.0,Gurgaon,R70450208
Sector 37D Gurgaon,28.4480039,76.9697682,1261.0,2,2.0,,5,Semifurnished,Independent/Builder Floor,10800000.0,Gurgaon,W71705944
Sector 37D Gurgaon,28.4480039,76.9697682,1241.0,2,2.0,,5,Semifurnished,Independent/Builder Floor,10000000.0,Gurgaon,P71705778
Sector 36 Sohna,28.4160012,77.1085564,531.0,2,2.0,,6,Semifurnished,Apartment,4200000.0,Gurgaon,M71549802
Sector-4 Sohna,28.3241636,77.0848644,468.0,2,2.0,,1,Semifurnished,Apartment,2500000.0,Gurgaon,Q71549210
Sector-33 Sohna,28.3241636,77.0848644,609.96,2,2.0,,1,Semifurnished,Apartment,4200000.0,Gurgaon,V71549024
Sector 37D Gurgaon,28.4480039,76.9697682,1060.0,2,2.0,,5,Unknown,Independent/Builder Floor,8800000.0,Gurgaon,U71368714
Sector 102 Gurgaon,28.4754872,76.9711747,1650.0,4,4.0,,1,Semifurnished,Apartment,29000000.0,Gurgaon,X71202242
Sector 92 Gurgaon,28.4089049,76.9155232,1650.0,4,3.0,,2,Semifurnished,Apartment,7500000.0,Gurgaon,W70884634
Sector 83 Gurgaon,28.3963578,76.9654747,1000.0,3,3.0,,1,Semifurnished,Apartment,8200000.0,Gurgaon,T71550352
Sector 66 Gurgaon,28.3974292,77.0538823,2500.0,5,5.0,,2,Semifurnished,Apartment,46000000.0,Gurgaon,N71525746
Sector 83 Gurgaon,28.3963578,76.9654747,1000.0,3,3.0,,1,Semifurnished,Apartment,8100000.0,Gurgaon,Y71498286
Sector 83 Gurgaon,28.3963578,76.9654747,1000.0,3,3.0,,1,Semifurnished,Apartment,8500000.0,Gurgaon,S71478686
Sector 83 Gurgaon,28.3963578,76.9654747,1000.0,3,3.0,,1,Semifurnished,Apartment,8000000.0,Gurgaon,V70129922
Sector 102 Gurgaon,28.4754872,76.9711747,1350.0,3,3.0,,1,Semifurnished,Apartment,17000000.0,Gurgaon,P71274978
Sector 85 Gurgaon,28.3985762,76.9547447,2000.0,4,5.0,,1,Semifurnished,Apartment,15500000.0,Gurgaon,N71173194
Nirvana Country,28.4150509,77.0642955,1650.0,3,4.0,,1,Semifurnished,Apartment,32500000.0,Gurgaon,N70829690
Sector 56 Gurgaon,28.4252244,77.0992377,3078.0000000003,4,4.0,,1,Semifurnished,Independent/Builder Floor,32500000.0,Gurgaon,D71343092
Nirvana Country,28.4150509,77.0642955,988.0,2,2.0,,1,Semifurnished,Independent/Builder Floor,11600000.0,Gurgaon,M71340926
Sushant Lok Phase 3,28.464228,77.076724,2160.00000000021,3,3.0,,1,Semifurnished,Independent/Builder Floor,17300000.0,Gurgaon,E70880004
Sector 67A Gurgaon,28.4618719,77.05688,1650.0,3,3.0,,6,Unknown,Apartment,17500000.0,Gurgaon,O71408006
Sector 67 Gurgaon,28.3864052,77.0598046,2695.0,4,4.0,,1,Semifurnished,Apartment,49000000.0,Gurgaon,P50485370
Sector 67 Gurgaon,28.3864052,77.0598046,2200.0,3,3.0,,1,Semifurnished,Apartment,36000000.0,Gurgaon,Q49397161
Sector 67 Gurgaon,28.3864052,77.0598046,1800.0,3,3.0,,1,Semifurnished,Apartment,31500000.0,Gurgaon,K46185429
Sector 65 Gurgaon,28.4030162,77.0695893,1650.0,4,5.0,,1,Semifurnished,Apartment,120000000.0,Gurgaon,S71255556
Sector 65 Gurgaon,28.4030162,77.0695893,5000.0,4,4.0,,1,Semifurnished,Apartment,122500000.0,Gurgaon,V71255402
Ardee City,28.4410412,77.0792079,2185.0,3,3.0,,1,Semifurnished,Apartment,23000000.0,Gurgaon,F69536686
Ardee City,28.4410412,77.0792079,1635.0,3,3.0,,1,Semifurnished,Apartment,20500000.0,Gurgaon,E69536040
Ardee City,28.4410412,77.0792079,1635.0,3,3.0,,1,Semifurnished,Apartment,21000000.0,Gurgaon,T69535004
Sector 70A Gurgaon,28.3846684,77.0220391,930.0,2,2.0,,6,Semifurnished,Apartment,15500000.0,Gurgaon,O71797644
Sector 60 Gurgaon,28.3985617,77.0978276,1100.0,2,2.0,,1,Semifurnished,Apartment,21500000.0,Gurgaon,X71780468
Sector 59 Gurgaon,28.4030162,77.1066682,2595.0,3,4.0,,5,Semifurnished,Apartment,52000000.0,Gurgaon,M71778746
Sector 59 Gurgaon,28.4030162,77.1066682,1650.0,3,3.0,,5,Semifurnished,Apartment,50000000.0,Gurgaon,Z71778620
Sector 61 Gurgaon,28.4110188,77.0963685,1650.0,4,5.0,,5,Semifurnished,Apartment,47800000.0,Gurgaon,Z70728200
Sector 61 Gurgaon,28.4110188,77.0963685,1650.0,4,5.0,,5,Semifurnished,Apartment,49500000.0,Gurgaon,Q70728432
Sector 61 Gurgaon,28.4110188,77.0963685,1650.0,3,3.0,,2,Semifurnished,Apartment,26200000.0,Gurgaon,X71773786
Sector 81 Gurgaon,28.3873647,76.9475835,894.0,2,2.0,,1,Semifurnished,Apartment,10500000.0,Gurgaon,R71767744
Sector 62 Gurgaon,28.407697,77.0823781,1500.0,3,3.0,,2,Semifurnished,Apartment,30000000.0,Gurgaon,B71756982
Sector 99 Gurgaon,28.4645549,76.9628585,1650.0,3,5.0,,1,Semifurnished,Apartment,22100000.0,Gurgaon,I71731736
Sector 70A Gurgaon,28.3846684,77.0220391,1650.0,2,2.0,,1,Semifurnished,Apartment,19200000.0,Gurgaon,D71720344
Sector 79 Gurgaon,28.4618719,77.05688,1071.33,3,4.0,,6,Unknown,Apartment,18000000.0,Gurgaon,J71716062
Sector 79 Gurgaon,28.4618719,77.05688,1071.33,3,4.0,,6,Semifurnished,Apartment,18500000.0,Gurgaon,K71715968
Sector 79 Gurgaon,28.4618719,77.05688,867.24,3,3.0,,6,Semifurnished,Apartment,17500000.0,Gurgaon,T71715760
Sector 102 Gurgaon,28.4754872,76.9711747,1650.0,3,4.0,,1,Semifurnished,Apartment,21500000.0,Gurgaon,F71712216
Sector 65 Gurgaon,28.4030162,77.0695893,1650.0,3,3.0,,1,Unknown,Apartment,25000000.0,Gurgaon,V66858634
Sector 69 Gurgaon,28.3960701,77.0372311,1300.0,3,3.0,,1,Semifurnished,Apartment,17500000.0,Gurgaon,H70009086
Sector 85 Gurgaon,28.3985762,76.9547447,2599.0,4,4.0,,5,Semifurnished,Apartment,28600000.0,Gurgaon,C71677618
Sector 102 Gurgaon,28.4754872,76.9711747,1650.0,4,4.0,,6,Semifurnished,Apartment,44000000.0,Gurgaon,W71673186
Sector 69 Gurgaon,28.3960701,77.0372311,1326.0,3,2.0,,2,Semifurnished,Apartment,9499999.0,Gurgaon,R71648524
Sector 66 Gurgaon,28.3974292,77.0538823,1650.0,3,3.0,,2,Unfurnished,Apartment,21300000.0,Gurgaon,V71624292
Sector 88A Gurgaon,28.4337898,76.9539433,1637.0,4,6.0,,6,Semifurnished,Apartment,23300000.0,Gurgaon,O71623960
Sector 70 Gurgaon,28.3947261,77.0223138,1650.0,2,2.0,,2,Semifurnished,Apartment,13000000.0,Gurgaon,J71605048
Sector 70 Gurgaon,28.3947261,77.0223138,1650.0,2,3.0,,2,Semifurnished,Apartment,16000000.0,Gurgaon,M71604986
Sector 95 Gurgaon,28.4149443,76.9114892,595.0,2,2.0,,1,Semifurnished,Apartment,4100000.0,Gurgaon,P71603060
Sector 95A Gurgaon,28.4690266,76.9962811,690.0,2,2.0,,1,Semifurnished,Apartment,4000000.0,Gurgaon,D71602974
Dlf Phase 2,28.483901,77.0846097,4518.00000000045,4,5.0,,1,Semifurnished,Independent/Builder Floor,59500000.0,Gurgaon,M71602112
Sector 26 Gurgaon,28.4779375,77.1032425,3150.00000000031,3,4.0,,1,Semifurnished,Independent/Builder Floor,34900000.0,Gurgaon,D71598316
Sector 79 Gurgaon,28.4618719,77.05688,1028.0,3,3.0,,1,Semifurnished,Apartment,16200000.0,Gurgaon,D71594386
Sector 79 Gurgaon,28.4618719,77.05688,1028.0,3,3.0,,1,Semifurnished,Apartment,16500000.0,Gurgaon,E71594294
Sector 70A Gurgaon,28.3846684,77.0220391,1650.0,3,3.0,,1,Semifurnished,Apartment,18200000.0,Gurgaon,H71593914
Sector 70A Gurgaon,28.3846684,77.0220391,1650.0,3,3.0,,1,Semifurnished,Apartment,18500000.0,Gurgaon,V71593678
Sector 62 Gurgaon,28.407697,77.0823781,1650.0,2,2.0,,6,Semifurnished,Apartment,25000000.0,Gurgaon,Z71593294
Sector 67A Gurgaon,28.4618719,77.05688,1650.0,4,5.0,,6,Semifurnished,Independent/Builder Floor,17500000.0,Gurgaon,D70495026
Sector 67A Gurgaon,28.4618719,77.05688,1650.0,4,5.0,,6,Semifurnished,Independent/Builder Floor,17800000.0,Gurgaon,P70495624
Sector 69 Gurgaon,28.3960701,77.0372311,1650.0,3,3.0,,1,Semifurnished,Apartment,17500000.0,Gurgaon,U71580770
Sector 85 Gurgaon,28.3985762,76.9547447,2129.0,3,3.0,,5,Semifurnished,Apartment,19000000.0,Gurgaon,F67671548
Sector 67 Gurgaon,28.3864052,77.0598046,1715.0,3,4.0,,1,Semifurnished,Apartment,31600000.0,Gurgaon,V71550432
Sector 91 Gurgaon,28.4007588,76.9210802,1100.0,2,2.0,,1,Semifurnished,Apartment,10500000.0,Gurgaon,I71548956
Sector 66 Gurgaon,28.3974292,77.0538823,1750.0,3,3.0,,2,Unfurnished,Apartment,22500000.0,Gurgaon,S71546200
Sohna,28.3241636,77.0848644,340.0,1,1.0,,6,Semifurnished,Apartment,2850000.0,Gurgaon,T71545630
Sector 77 Gurgaon,28.3832337,76.982557,1650.0,3,3.0,,6,Semifurnished,Apartment,13500000.0,Gurgaon,E71545628
Sector 69 Gurgaon,28.3960701,77.0372311,1608.0,3,3.0,,2,Semifurnished,Apartment,17000000.0,Gurgaon,A71352816
Sector 65 Gurgaon,28.4030162,77.0695893,631.0,2,2.0,,6,Semifurnished,Apartment,15000000.0,Gurgaon,G71523808
Sector 48 Gurgaon,28.4104903,77.0394627,1476.0,3,3.0,,1,Semifurnished,Apartment,19700000.0,Gurgaon,R70407646
Sector 48 Gurgaon,28.4104903,77.0394627,1576.0,3,3.0,,2,Semifurnished,Apartment,19500000.0,Gurgaon,O70414150
Sector 65 Gurgaon,28.4030162,77.0695893,1650.0,3,5.0,,1,Semifurnished,Apartment,67500000.0,Gurgaon,M71484808
Sector 95 Gurgaon,28.4149443,76.9114892,1250.0,3,3.0,,5,Semifurnished,Independent/Builder Floor,12847000.0,Gurgaon,O71480068
Sushant Lok Phase 3,28.464228,77.076724,1845.00000000018,3,3.0,,6,Semifurnished,Independent/Builder Floor,14500000.0,Gurgaon,H71476132
Sector 57 Gurgaon,28.4232478,77.0804487,1650.0,3,3.0,,6,Semifurnished,Independent/Builder Floor,19200000.0,Gurgaon,T71446036
Sector 57 Gurgaon,28.4232478,77.0804487,1650.0,3,3.0,,6,Semifurnished,Independent/Builder Floor,18230000.0,Gurgaon,L71445738
Sector 59 Gurgaon,28.4030162,77.1066682,1432.0,3,3.0,,5,Semifurnished,Apartment,47500000.0,Gurgaon,I71439016
Sector 61 Gurgaon,28.4110188,77.0963685,1249.65,3,4.0,,5,Semifurnished,Apartment,42000000.0,Gurgaon,M71431662
Sector 60 Gurgaon,28.3985617,77.0978276,1289.0,3,4.0,,1,Semifurnished,Apartment,29500000.0,Gurgaon,N71431548
Sector 59 Gurgaon,28.4030162,77.1066682,1632.11,3,3.0,,1,Semifurnished,Apartment,58000000.0,Gurgaon,G71431456
Sector 48 Gurgaon,28.4104903,77.0394627,1376.0,3,3.0,,2,Semifurnished,Apartment,19600000.0,Gurgaon,F69050814
Sector 48 Gurgaon,28.4104903,77.0394627,1376.0,3,3.0,,2,Semifurnished,Apartment,19300000.0,Gurgaon,S69050468
Sector 61 Gurgaon,28.4110188,77.0963685,1395.0,3,3.0,,2,Semifurnished,Apartment,21500000.0,Gurgaon,X69055000
Sector 90 Gurgaon,28.4069974,76.9365562,1550.0,3,3.0,,1,Semifurnished,Apartment,14000000.0,Gurgaon,A71362580
Sector 63A Gurgaon,28.4618719,77.05688,1450.0,3,3.0,,1,Semifurnished,Independent/Builder Floor,19000000.0,Gurgaon,F71357246
Sector 77 Gurgaon,28.3832337,76.982557,1250.0,3,3.0,,1,Unfurnished,Apartment,14000000.0,Gurgaon,R71352894
South City 1,28.4188433,77.0440293,1650.0,3,3.0,,6,Semifurnished,Independent/Builder Floor,21000000.0,Gurgaon,I71348742
Sector 93 Gurgaon,28.4156048,76.931638,900.000000000089,3,3.0,,5,Semifurnished,Independent/Builder Floor,14900000.0,Gurgaon,C71347282
Sushant Lok Phase 3,28.464228,77.076724,2700.00000000027,3,3.0,,6,Semifurnished,Independent/Builder Floor,19000000.0,Gurgaon,V71345078
Sector 85 Gurgaon,28.3985762,76.9547447,2599.0,4,4.0,,5,Semifurnished,Apartment,27500000.0,Gurgaon,J67358082
Sector 50 Gurgaon,28.4268461,77.0584252,1176.0,3,3.0,,2,Semifurnished,Apartment,14000000.0,Gurgaon,P71326648
Sector 70 Gurgaon,28.3947261,77.0223138,1650.0,3,4.0,,5,Semifurnished,Apartment,15000000.0,Gurgaon,Y71314238
Sector 85 Gurgaon,28.3985762,76.9547447,1600.0,4,4.0,,1,Unfurnished,Apartment,11500000.0,Gurgaon,A71311802
Sector 113 Gurgaon,28.5286649,77.0250282,1200.0,3,3.0,,5,Semifurnished,Apartment,18500000.0,Gurgaon,H71297176
Sector 68 Gurgaon,28.388897,77.0459859,1000.0,2,2.0,,6,Semifurnished,Apartment,11500000.0,Gurgaon,H71276844
Nirvana Country,28.4150509,77.0642955,2559.0,3,4.0,,3,Semifurnished,Apartment,32500000.0,Gurgaon,C62511538
Sector 49 Gurgaon,28.4127374,77.0555164,3500.0,4,4.0,,1,Semifurnished,Apartment,55000000.0,Gurgaon,M71257760
Sushant Lok Phase 3,28.464228,77.076724,2700.00000000027,3,3.0,,6,Semifurnished,Independent/Builder Floor,18500000.0,Gurgaon,E71252826
Sector 79 Gurgaon,28.4618719,77.05688,1700.0,3,3.0,,6,Semifurnished,Apartment,17200000.0,Gurgaon,Q71148220
Sector 48 Gurgaon,28.4104903,77.0394627,1725.0,3,3.0,,2,Semifurnished,Apartment,17000000.0,Gurgaon,O69749206
Sector 63 Gurgaon,28.3964476,77.086498,1517.0,3,3.0,,1,Semifurnished,Apartment,24000000.0,Gurgaon,E68637772
Sector 49 Gurgaon,28.4127374,77.0555164,1405.0,3,3.0,,2,Semifurnished,Apartment,19500000.0,Gurgaon,P69948042
Sector 49 Gurgaon,28.4127374,77.0555164,1405.0,3,3.0,,2,Semifurnished,Apartment,19200000.0,Gurgaon,Z69948190
Sector 45 Gurgaon,28.4449004,77.0663545,1750.0,3,3.0,,2,Semifurnished,Apartment,17200000.0,Gurgaon,E71132962
Sector 43 Gurgaon,28.4487856,77.0988212,2000.0,3,3.0,,2,Semifurnished,Apartment,21000000.0,Gurgaon,S71129768
Sector 43 Gurgaon,28.4487856,77.0988212,2000.0,3,3.0,,2,Semifurnished,Apartment,20700000.0,Gurgaon,A71128622
Sector 43 Gurgaon,28.4487856,77.0988212,2000.0,3,3.0,,2,Semifurnished,Apartment,20500000.0,Gurgaon,K71128084
Sector 43 Gurgaon,28.4487856,77.0988212,2400.0,4,4.0,,2,Semifurnished,Apartment,17800000.0,Gurgaon,T71125520
Sector 43 Gurgaon,28.4487856,77.0988212,1700.0,3,3.0,,2,Semifurnished,Apartment,17000000.0,Gurgaon,D71123912
Sector 65 Gurgaon,28.4030162,77.0695893,1100.0,2,2.0,,6,Semifurnished,Apartment,20800000.0,Gurgaon,A71121764
Sector 85 Gurgaon,28.3985762,76.9547447,1650.0,2,2.0,,5,Semifurnished,Apartment,12800000.0,Gurgaon,X71094452
Sector 70A Gurgaon,28.3846684,77.0220391,1800.0,3,3.0,,1,Semifurnished,Apartment,24000000.0,Gurgaon,F71071960
Sector 93 Gurgaon,28.4156048,76.931638,1450.0,3,3.0,,5,Semifurnished,Apartment,16100000.0,Gurgaon,F71062170
Sector 62 Gurgaon,28.407697,77.0823781,1205.0,2,3.0,,6,Semifurnished,Apartment,24000000.0,Gurgaon,P71060820
Sector 66 Gurgaon,28.3974292,77.0538823,1650.0,3,3.0,,2,Semifurnished,Apartment,35000000.0,Gurgaon,I71049344
Sector 61 Gurgaon,28.4110188,77.0963685,1627.45,4,4.0,,5,Semifurnished,Apartment,54500000.0,Gurgaon,O71022570
Sector 61 Gurgaon,28.4110188,77.0963685,1627.45,4,4.0,,5,Semifurnished,Apartment,55000000.0,Gurgaon,Y71020374
Sector 61 Gurgaon,28.4110188,77.0963685,1249.65,3,4.0,,5,Semifurnished,Apartment,41500000.0,Gurgaon,Z71020064
Sector 95 Gurgaon,28.4149443,76.9114892,1650.0,3,2.0,,5,Semifurnished,Apartment,10600000.0,Gurgaon,O71019418
Sector 48 Gurgaon,28.4104903,77.0394627,2700.00000000027,4,4.0,,6,Semifurnished,Independent/Builder Floor,23000000.0,Gurgaon,O70980650
Sector 28 Gurgaon,28.4794143,77.0833588,1400.0,3,4.0,,2,Semifurnished,Apartment,22000000.0,Gurgaon,R70970488
Sector 76 Gurgaon,28.3910112,76.9900243,1603.0,3,3.0,,5,Semifurnished,Apartment,29999000.0,Gurgaon,B70969040
Sector 65 Gurgaon,28.4030162,77.0695893,1350.0,3,3.0,,1,Semifurnished,Apartment,26500000.0,Gurgaon,K70968202
Sector 30 Gurgaon,28.4618719,77.05688,2000.0,3,5.0,,2,Semifurnished,Apartment,33000000.0,Gurgaon,Q70968012
Sector 43 Gurgaon,28.4487856,77.0988212,1350.0,3,3.0,,2,Semifurnished,Apartment,14000000.0,Gurgaon,L68203126
Dlf Phase 2,28.483901,77.0846097,1800.00000000018,3,4.0,,6,Unfurnished,Independent/Builder Floor,38500000.0,Gurgaon,T70967152
Sector 65 Gurgaon,28.4030162,77.0695893,1434.0,3,3.0,,5,Semifurnished,Apartment,28756000.0,Gurgaon,G70953616
Sector 71 Gurgaon,28.3950557,77.0314336,1550.0,3,4.0,,1,Unfurnished,Apartment,13500000.0,Gurgaon,T70952356
Sushant Lok Phase 3,28.464228,77.076724,265.0,3,3.0,,6,Semifurnished,Independent/Builder Floor,17500000.0,Gurgaon,M70931608
Sector 74 Gurgaon,28.4110081,77.0101209,1700.0,3,3.0,,6,Semifurnished,Apartment,25500000.0,Gurgaon,G70915098
Sohna,28.3241636,77.0848644,1100.0,3,2.0,,6,Semifurnished,Apartment,7400000.0,Gurgaon,R70889114
Ardee City,28.4410412,77.0792079,2185.0,3,3.0,,2,Semifurnished,Apartment,22500000.0,Gurgaon,D67210866
C Block Sushant Lok Phase 1,28.4545693,77.0826249,3762.00000000037,4,5.0,,6,Semifurnished,Independent/Builder Floor,47500000.0,Gurgaon,C70860620
Sector 81 Gurgaon,28.3873647,76.9475835,1650.0,4,5.0,,1,Semifurnished,Apartment,27000000.0,Gurgaon,O70856290
Sector 66 Gurgaon,28.3974292,77.0538823,1620.0,3,3.0,,1,Semifurnished,Apartment,20000000.0,Gurgaon,L70792838
Sector 70A Gurgaon,28.3846684,77.0220391,1200.0,2,2.0,,2,Unknown,Apartment,15500000.0,Gurgaon,M70835970
Sector 54 Gurgaon,28.433569,77.1055815,1650.0,4,4.0,,2,Semifurnished,Apartment,97500000.0,Gurgaon,S70834060
Sector 54 Gurgaon,28.433569,77.1055815,1118.0,3,4.0,,1,Semifurnished,Apartment,48500000.0,Gurgaon,V70833892
Sector 48 Gurgaon,28.4104903,77.0394627,2000.0,4,4.0,,3,Semifurnished,Apartment,30200000.0,Gurgaon,R70830834
Sector 49 Gurgaon,28.4127374,77.0555164,1459.0,3,3.0,,2,Semifurnished,Apartment,19500000.0,Gurgaon,L69051948
Sector 49 Gurgaon,28.4127374,77.0555164,1859.0,3,3.0,,1,Semifurnished,Apartment,24500000.0,Gurgaon,S69664902
Sector 49 Gurgaon,28.4127374,77.0555164,1659.0,3,3.0,,2,Semifurnished,Apartment,19600000.0,Gurgaon,Z69667050
Sector 48 Gurgaon,28.4104903,77.0394627,1476.0,3,3.0,,2,Semifurnished,Apartment,19000000.0,Gurgaon,M69660142
Sector 48 Gurgaon,28.4104903,77.0394627,1476.0,3,3.0,,2,Semifurnished,Apartment,19200000.0,Gurgaon,K69661456
Sector 48 Gurgaon,28.4104903,77.0394627,1945.0,4,4.0,,2,Semifurnished,Apartment,25000000.0,Gurgaon,N69472380
Sector 48 Gurgaon,28.4104903,77.0394627,1945.0,4,4.0,,2,Semifurnished,Apartment,24500000.0,Gurgaon,M69472524
Sector 48 Gurgaon,28.4104903,77.0394627,2086.0,4,5.0,,1,Semifurnished,Apartment,24800000.0,Gurgaon,M69662028
Sector 48 Gurgaon,28.4104903,77.0394627,2086.0,4,4.0,,1,Semifurnished,Apartment,25200000.0,Gurgaon,P69664676
Sector 76 Gurgaon,28.3910112,76.9900243,1012.0,3,2.0,,5,Semifurnished,Apartment,14027700.0,Gurgaon,A70830006
Sector 59 Gurgaon,28.4030162,77.1066682,1702.0,3,3.0,,5,Semifurnished,Apartment,44100000.0,Gurgaon,F70829800
Dlf Phase 2,28.483901,77.0846097,3600.00000000036,3,5.0,,6,Semifurnished,Independent/Builder Floor,50000000.0,Gurgaon,E70785792
Sector 49 Gurgaon,28.4127374,77.0555164,2083.0,4,4.0,,2,Semifurnished,Apartment,29000000.0,Gurgaon,Y70792184
Sector 41 Gurgaon,28.4433686,77.0552345,1812.0,3,3.0,,2,Semifurnished,Apartment,23000000.0,Gurgaon,J69460206
Sector 42 Gurgaon,28.4487856,77.0988212,1650.0,4,4.0,,2,Semifurnished,Apartment,290000000.0,Gurgaon,H70783000
Sector 60 Gurgaon,28.3985617,77.0978276,1650.0,5,7.0,,1,Semifurnished,Apartment,71000000.0,Gurgaon,T70658232
Sector 49 Gurgaon,28.4127374,77.0555164,3000.0,4,4.0,,3,Semifurnished,Apartment,34000000.0,Gurgaon,C70333404
Sector 102 Gurgaon,28.4754872,76.9711747,1140.0,3,3.0,,1,Semifurnished,Apartment,17900000.0,Gurgaon,O70218082
Dlf Phase 2,28.483901,77.0846097,2250.00000000022,4,4.0,,6,Semifurnished,Independent/Builder Floor,37500000.0,Gurgaon,Y70221922
Dlf Phase 1,28.4765171,77.090194,2700.00000000027,4,4.0,,6,Semifurnished,Independent/Builder Floor,47500000.0,Gurgaon,R70221760
Sector 102 Gurgaon,28.4754872,76.9711747,1228.17,3,4.0,,1,Semifurnished,Apartment,20000000.0,Gurgaon,A70221630
Dlf Phase 1,28.4765171,77.090194,2700.00000000027,4,4.0,,6,Semifurnished,Independent/Builder Floor,45000000.0,Gurgaon,H70221112
Dlf Phase 1,28.4765171,77.090194,2430.00000000024,3,3.0,,6,Semifurnished,Independent/Builder Floor,35000000.0,Gurgaon,A70220098
Sector 85 Gurgaon,28.3985762,76.9547447,1500.0,2,2.0,,6,Semifurnished,Apartment,13000000.0,Gurgaon,X70078060
Sector 48 Gurgaon,28.4104903,77.0394627,1650.0,4,4.0,,1,Semifurnished,Independent/Builder Floor,26000000.0,Gurgaon,Q66365366
Sector 49 Gurgaon,28.4127374,77.0555164,1650.0,4,4.0,,1,Semifurnished,Independent/Builder Floor,35000000.0,Gurgaon,B66364602
Sushant Lok Phase 2,28.464228,77.076724,2700.0,3,3.0,,2,Semifurnished,Independent/Builder Floor,12000000.0,Gurgaon,B69727714
Sector 56 Gurgaon,28.4252244,77.0992377,3078.0,4,4.0,,6,Semifurnished,Independent/Builder Floor,24000000.0,Gurgaon,G69652926
Dlf Phase 5,28.503445,77.0952048,1650.0,4,4.0,,5,Semifurnished,Independent/Builder Floor,58000000.0,Gurgaon,Z71232146
Sector 66 Gurgaon,28.3974292,77.0538823,1650.0,3,3.0,,2,Semifurnished,Apartment,35000000.0,Gurgaon,Q71139726
Nirvana Country,28.4150509,77.0642955,1650.0,3,3.0,,2,Semifurnished,Apartment,26000000.0,Gurgaon,K70878000
Sector 65 Gurgaon,28.4030162,77.0695893,1395.0,3,3.0,,1,Semifurnished,Apartment,19000000.0,Gurgaon,I71001960
Sector 93 Gurgaon,28.4156048,76.931638,1420.0,3,3.0,,5,Semifurnished,Independent/Builder Floor,12300000.0,Gurgaon,D71582746
Sector 93 Gurgaon,28.4156048,76.931638,1826.0,3,3.0,,5,Semifurnished,Independent/Builder Floor,14800000.0,Gurgaon,K71582602
Sector 81 Gurgaon,28.3873647,76.9475835,1075.0,2,2.0,,5,Semifurnished,Independent/Builder Floor,10400000.0,Gurgaon,M71578386
Sector 59 Gurgaon,28.4030162,77.1066682,1650.0,5,6.0,,2,Semifurnished,Apartment,74000000.0,Gurgaon,X71356328
Sector 89 A Gurgaon,28.4184455,76.9457567,1650.0,3,4.0,,5,Semifurnished,Apartment,23000000.0,Gurgaon,C70997048
Sector 85 Gurgaon,28.3985762,76.9547447,1650.0,4,5.0,,6,Semifurnished,Apartment,19200000.0,Gurgaon,Q70996812
Sector 85 Gurgaon,28.3985762,76.9547447,1650.0,3,4.0,,6,Semifurnished,Apartment,15900000.0,Gurgaon,U70996710
Sector 37D Gurgaon,28.4480039,76.9697682,1650.0,4,3.0,,6,Semifurnished,Apartment,18100000.0,Gurgaon,J70996472
Sector 37D Gurgaon,28.4480039,76.9697682,1650.0,3,3.0,,6,Semifurnished,Apartment,16000000.0,Gurgaon,L70996408
Sector 81 Gurgaon,28.3873647,76.9475835,1088.44708997556,3,3.0,,5,Semifurnished,Independent/Builder Floor,11000000.0,Gurgaon,L70927614
Sector-33 Sohna,28.3241636,77.0848644,1174.0,3,3.0,,5,Semifurnished,Apartment,15600000.0,Gurgaon,C70927052
Sector-33 Sohna,28.3241636,77.0848644,1411.0,3,3.0,,5,Semifurnished,Apartment,12600000.0,Gurgaon,A70926902
Sector 37D Gurgaon,28.4480039,76.9697682,1260.0,3,3.0,,1,Semifurnished,Apartment,11700000.0,Gurgaon,Q68602716
Sector 92 Gurgaon,28.4089049,76.9155232,1000.0,3,2.0,,5,Semifurnished,Independent/Builder Floor,10500000.0,Gurgaon,K66927564
Sector 88A Gurgaon,28.4337898,76.9539433,5597.23582661485,2,2.0,,5,Semifurnished,Apartment,4125000.0,Gurgaon,J68857210
Sector 89 Gurgaon,28.4184455,76.9457567,530.55,2,2.0,,5,Semifurnished,Apartment,3700000.0,Gurgaon,M67531228
Sector 41 Gurgaon,28.4433686,77.0552345,1911.0,3,4.0,,3,Semifurnished,Apartment,33000000.0,Gurgaon,R71756342
Sector 41 Gurgaon,28.4433686,77.0552345,2112.0,3,4.0,,3,Semifurnished,Apartment,26000000.0,Gurgaon,G71732362
Sector 63A Gurgaon,28.4618719,77.05688,1450.0,3,4.0,,6,Semifurnished,Independent/Builder Floor,19000000.0,Gurgaon,W71732238
Sector 41 Gurgaon,28.4433686,77.0552345,1750.0,3,3.0,,2,Semifurnished,Apartment,22000000.0,Gurgaon,O71703070
Sector 63 Gurgaon,28.3964476,77.086498,2560.0,4,4.0,,6,Semifurnished,Independent/Builder Floor,30000000.0,Gurgaon,B71700796
Sector 70A Gurgaon,28.3846684,77.0220391,642.0,2,2.0,,1,Semifurnished,Apartment,5000000.0,Gurgaon,J71700424
Sushant Lok Phase 1,28.4545693,77.0826249,2651.0,4,4.0,,6,Semifurnished,Independent/Builder Floor,27500000.0,Gurgaon,X71700198
Sector 70A Gurgaon,28.3846684,77.0220391,1450.0,3,3.0,,1,Semifurnished,Apartment,10500000.0,Gurgaon,C71699906
Sector 70 Gurgaon,28.3947261,77.0223138,1450.0,3,4.0,,6,Semifurnished,Apartment,17000000.0,Gurgaon,X71698236
Sector 70 Gurgaon,28.3947261,77.0223138,1650.0,3,3.0,,6,Semifurnished,Apartment,15500000.0,Gurgaon,T71697058
Sushant Lok Phase 3,28.464228,77.076724,2350.0,3,3.0,,6,Semifurnished,Independent/Builder Floor,21500000.0,Gurgaon,K71696538
Sector 48 Gurgaon,28.4104903,77.0394627,2850.0,5,5.0,,2,Semifurnished,Independent/Builder Floor,80000000.0,Gurgaon,E71472408
Mayfield Garden,28.4227493,77.0705636,2850.0,4,4.0,,6,Semifurnished,Independent/Builder Floor,29500000.0,Gurgaon,H71472006
Sector 59 Gurgaon,28.4030162,77.1066682,1855.0,4,4.0,,5,Semifurnished,Apartment,69500000.0,Gurgaon,U71332460
Nirvana Country,28.4150509,77.0642955,1650.0,4,4.0,,6,Semifurnished,Independent/Builder Floor,46500000.0,Gurgaon,Y65854032
Sector 67 Gurgaon,28.3864052,77.0598046,1500.0,3,3.0,,1,Semifurnished,Apartment,31500000.0,Gurgaon,X71273642
Sector 59 Gurgaon,28.4030162,77.1066682,2700.0,4,6.0,,1,Semifurnished,Apartment,76500000.0,Gurgaon,I68538394
Sector 113 Gurgaon,28.5286649,77.0250282,2000.0,4,4.0,,5,Unfurnished,Apartment,33100000.0,Gurgaon,H70914086
Sector 113 Gurgaon,28.5286649,77.0250282,1500.0,3,3.0,,5,Unknown,Apartment,25792000.0,Gurgaon,Q70910950
Sector 113 Gurgaon,28.5286649,77.0250282,1850.0,3,3.0,,5,Unknown,Apartment,23680000.0,Gurgaon,E70910848
Sector 47 Gurgaon,28.4268461,77.0584252,2800.0,4,6.0,,2,Semifurnished,Apartment,65000000.0,Gurgaon,S70903112
Sector 43 Gurgaon,28.4487856,77.0988212,2250.0,4,4.0,,3,Semifurnished,Apartment,25000000.0,Gurgaon,B69508996
C Block Sushant Lok Phase 1,28.4545693,77.0826249,1600.0,3,3.0,,6,Semifurnished,Independent/Builder Floor,22000000.0,Gurgaon,H69851138
Sector 81 Gurgaon,28.3873647,76.9475835,1650.0,4,6.0,,1,Semifurnished,Apartment,43200000.0,Gurgaon,M71753456
Sector 81 Gurgaon,28.3873647,76.9475835,1650.0,4,4.0,,1,Semifurnished,Apartment,37500000.0,Gurgaon,D71722888
Sector 81 Gurgaon,28.3873647,76.9475835,1650.0,4,6.0,,1,Semifurnished,Apartment,43000000.0,Gurgaon,F71721774
Sector 81 Gurgaon,28.3873647,76.9475835,1650.0,4,6.0,,1,Semifurnished,Apartment,43500000.0,Gurgaon,Y71706598
Sector 79 Gurgaon,28.4618719,77.05688,1650.0,4,5.0,,1,Semifurnished,Apartment,27400000.0,Gurgaon,E71643160
Sector 82A Gurgaon,28.3881583,76.96273,1538.0,3,3.0,,1,Semifurnished,Apartment,21600000.0,Gurgaon,M71587500
Sector 83 Gurgaon,28.3963578,76.9654747,1650.0,2,2.0,,1,Semifurnished,Independent/Builder Floor,7500000.0,Gurgaon,I71560908
Sector 92 Gurgaon,28.4089049,76.9155232,1950.0,4,4.0,,1,Semifurnished,Apartment,21500000.0,Gurgaon,Z71564108
Sector 79 Gurgaon,28.4618719,77.05688,1650.0,4,5.0,,1,Semifurnished,Apartment,26000000.0,Gurgaon,P71557228
Sector 92 Gurgaon,28.4089049,76.9155232,1650.0,3,4.0,,1,Semifurnished,Apartment,17200000.0,Gurgaon,S71545654
Sector 92 Gurgaon,28.4089049,76.9155232,1520.0,3,3.0,,1,Semifurnished,Apartment,17300000.0,Gurgaon,F71545450
Sector 82A Gurgaon,28.3881583,76.96273,1538.0,3,3.0,,1,Semifurnished,Apartment,21500000.0,Gurgaon,I71544584
Sector 85 Gurgaon,28.3985762,76.9547447,1650.0,2,2.0,,1,Semifurnished,Apartment,13000000.0,Gurgaon,E71538916
Sector 65 Gurgaon,28.4030162,77.0695893,1650.0,3,3.0,,6,Semifurnished,Apartment,19000000.0,Gurgaon,C68215614
Sector 46 Gurgaon,28.4268461,77.0584252,3240.00000000032,3,3.0,,2,Semifurnished,Independent/Builder Floor,15800000.0,Gurgaon,Q69479400
Sector 81 Gurgaon,28.3873647,76.9475835,1650.0,4,6.0,,1,Semifurnished,Apartment,41800000.0,Gurgaon,I71199706
Sector 81 Gurgaon,28.3873647,76.9475835,1650.0,4,6.0,,1,Semifurnished,Apartment,34100000.0,Gurgaon,Q71199186
Sector 81 Gurgaon,28.3873647,76.9475835,1650.0,4,5.0,,1,Semifurnished,Apartment,31800000.0,Gurgaon,U71198834
Sector 81 Gurgaon,28.3873647,76.9475835,1650.0,3,4.0,,1,Semifurnished,Apartment,24200000.0,Gurgaon,M71196242
Sector 81 Gurgaon,28.3873647,76.9475835,1650.0,3,4.0,,1,Semifurnished,Apartment,24400000.0,Gurgaon,E71195854
Sector 81 Gurgaon,28.3873647,76.9475835,1650.0,4,4.0,,1,Semifurnished,Apartment,36800000.0,Gurgaon,M71195666
Sector 81 Gurgaon,28.3873647,76.9475835,1650.0,3,4.0,,1,Semifurnished,Apartment,24500000.0,Gurgaon,D71195348
Sector 79 Gurgaon,28.4618719,77.05688,1650.0,3,3.0,,6,Semifurnished,Apartment,17500000.0,Gurgaon,B71130498
Sector 81 Gurgaon,28.3873647,76.9475835,1650.0,4,4.0,,1,Semifurnished,Apartment,36000000.0,Gurgaon,L71125900
Sector 81 Gurgaon,28.3873647,76.9475835,1650.0,3,4.0,,1,Semifurnished,Apartment,24500000.0,Gurgaon,D71125796
Sector 81 Gurgaon,28.3873647,76.9475835,1650.0,4,6.0,,2,Semifurnished,Apartment,42500000.0,Gurgaon,R71125686
Sector 81 Gurgaon,28.3873647,76.9475835,1650.0,4,6.0,,2,Semifurnished,Apartment,33800000.0,Gurgaon,G71125596
Sector 81 Gurgaon,28.3873647,76.9475835,1650.0,4,5.0,,2,Semifurnished,Apartment,31500000.0,Gurgaon,Y71125504
Sector 81 Gurgaon,28.3873647,76.9475835,1650.0,3,4.0,,2,Semifurnished,Apartment,24300000.0,Gurgaon,B71125386
South City 2,28.4188806,77.0439211,2200.0,4,4.0,,1,Unfurnished,Independent/Builder Floor,27900000.0,Gurgaon,Z70893538
Sector 82 Gurgaon,28.3932827,76.9545277,1650.0,3,3.0,,2,Semifurnished,Independent/Builder Floor,10500000.0,Gurgaon,G70873528
Sector 82 Gurgaon,28.3932827,76.9545277,1650.0,3,3.0,,2,Semifurnished,Apartment,16000000.0,Gurgaon,D70872644
Sector 86 Gurgaon,28.3981205,76.9411257,1650.0,3,3.0,,2,Semifurnished,Apartment,16500000.0,Gurgaon,Z70849050
Sector 92 Gurgaon,28.4089049,76.9155232,1650.0,4,5.0,,2,Semifurnished,Apartment,21500000.0,Gurgaon,K70849004
Sector 92 Gurgaon,28.4089049,76.9155232,1650.0,4,4.0,,2,Semifurnished,Apartment,20000000.0,Gurgaon,A70848942
Sector 92 Gurgaon,28.4089049,76.9155232,1650.0,3,4.0,,2,Semifurnished,Apartment,18500000.0,Gurgaon,U70848888
Sector 92 Gurgaon,28.4089049,76.9155232,1650.0,3,4.0,,2,Semifurnished,Apartment,17800000.0,Gurgaon,F70848818
Sector 92 Gurgaon,28.4089049,76.9155232,1650.0,3,3.0,,2,Semifurnished,Apartment,17000000.0,Gurgaon,I70837778
Sector 81 Gurgaon,28.3873647,76.9475835,1650.0,4,4.0,,1,Semifurnished,Apartment,37000000.0,Gurgaon,I70834288
Sector 81 Gurgaon,28.3873647,76.9475835,1650.0,4,6.0,,2,Semifurnished,Apartment,41500000.0,Gurgaon,L70832142
Sector 81 Gurgaon,28.3873647,76.9475835,1650.0,4,5.0,,2,Semifurnished,Apartment,33000000.0,Gurgaon,H70831744
Sector 92 Gurgaon,28.4089049,76.9155232,1650.0,4,5.0,,1,Semifurnished,Apartment,21500000.0,Gurgaon,C70831238
Sector 92 Gurgaon,28.4089049,76.9155232,1650.0,4,4.0,,1,Semifurnished,Apartment,21000000.0,Gurgaon,O70830970
Sector 92 Gurgaon,28.4089049,76.9155232,1650.0,3,4.0,,1,Semifurnished,Apartment,17900000.0,Gurgaon,D70830238
Sector 86 Gurgaon,28.3981205,76.9411257,1650.0,3,3.0,,1,Semifurnished,Apartment,16400000.0,Gurgaon,Y70827540
Sector 108 Gurgaon,28.5128994,76.9823615,1650.0,2,3.0,,1,Semifurnished,Apartment,10000000.0,Gurgaon,P70799748
Sector 108 Gurgaon,28.5128994,76.9823615,1650.0,3,3.0,,1,Semifurnished,Apartment,22000000.0,Gurgaon,J70799400
Sector 109 Gurgaon,28.5109205,77.0065956,1650.0,4,5.0,,1,Semifurnished,Apartment,31500000.0,Gurgaon,D69453900
Sector 54 Gurgaon,28.433569,77.1055815,4500.0,4,4.0,,6,Unknown,Independent/Builder Floor,49900000.0,Gurgaon,L71173004
Greenwood City,28.4449095,77.0611408,4518.00000000045,4,4.0,,6,Unknown,Independent/Builder Floor,47500000.0,Gurgaon,S71126730
Suncity,28.507814,77.0713577,6400.0,5,6.0,,6,Unknown,Independent/Builder Floor,79000000.0,Gurgaon,W70878374
Dlf Phase 5,28.503445,77.0952048,2700.0,4,5.0,,2,Unknown,Apartment,58500000.0,Gurgaon,E70877724
Dlf Phase 5,28.503445,77.0952048,1650.0,4,4.0,,6,Unknown,Apartment,47500000.0,Gurgaon,H70877406
Sector 42 Gurgaon,28.4487856,77.0988212,1650.0,4,4.0,,2,Unknown,Apartment,500000000.0,Gurgaon,B70877280
Sector 42 Gurgaon,28.4487856,77.0988212,1650.0,4,4.0,,2,Unknown,Apartment,350000000.0,Gurgaon,C70876962
Greenwood City,28.4449095,77.0611408,2160.00000000021,3,3.0,,6,Unknown,Independent/Builder Floor,26500000.0,Gurgaon,V70876686
Sector 104 Gurgaon,28.4795324,76.9937197,1082.0,3,3.0,,5,Semifurnished,Apartment,16200000.0,Gurgaon,K64597262
Sector 63A Gurgaon,28.4618719,77.05688,1668.0,3,3.0,,5,Unfurnished,Independent/Builder Floor,20700000.0,Gurgaon,P64736424
Sector 92 Gurgaon,28.4089049,76.9155232,1650.0,2,2.0,,5,Semifurnished,Independent/Builder Floor,8631500.0,Gurgaon,Y66927542
Sector 108 Gurgaon,28.5128994,76.9823615,1650.0,4,5.0,,1,Semifurnished,Apartment,26400000.0,Gurgaon,O70832082
Sector 88A Gurgaon,28.4337898,76.9539433,645.0,3,2.0,,5,Semifurnished,Apartment,4850000.0,Gurgaon,J64720846
Sector 81 Gurgaon,28.3873647,76.9475835,952.0,3,2.0,,5,Unfurnished,Independent/Builder Floor,7980648.0,Gurgaon,L64561900
Sector 37D Gurgaon,28.4480039,76.9697682,1841.0,3,3.0,,5,Semifurnished,Independent/Builder Floor,12400000.0,Gurgaon,H66294702
Sector 99 Gurgaon,28.4645549,76.9628585,1680.0,3,5.0,,1,Unfurnished,Apartment,21597600.0,Gurgaon,M69029100
Sector 106 Gurgaon,28.5060806,76.9967796,1052.0,3,3.0,,5,Semifurnished,Independent/Builder Floor,17960850.0,Gurgaon,O69042370
Sector 62 Gurgaon,28.407697,77.0823781,1650.0,3,3.0,,5,Unfurnished,Apartment,39800000.0,Gurgaon,D71349034
Sector 37D Gurgaon,28.4480039,76.9697682,950.0,2,2.0,,1,Semifurnished,Apartment,7800000.0,Gurgaon,Q70500156
Sector 37D Gurgaon,28.4480039,76.9697682,1350.0,3,3.0,,1,Semifurnished,Apartment,14500000.0,Gurgaon,F70858928
Sector 37D Gurgaon,28.4480039,76.9697682,1400.0,3,3.0,,6,Semifurnished,Apartment,12000000.0,Gurgaon,W65041932
Sector 113 Gurgaon,28.5286649,77.0250282,1760.0,3,3.0,,1,Semifurnished,Apartment,23600000.0,Gurgaon,P70212872
Malibu Town,28.4234344,77.0468649,2100.0,4,4.0,,6,Semifurnished,Independent/Builder Floor,27000000.0,Gurgaon,V65623190
Sector 37D Gurgaon,28.4480039,76.9697682,1900.0,4,5.0,,6,Semifurnished,Apartment,12500000.0,Gurgaon,M63677456
Dlf Phase 1,28.4765171,77.090194,4500.00000000045,4,4.0,,6,Semifurnished,Independent/Builder Floor,80000000.0,Gurgaon,E71587440
Sector 54 Gurgaon,28.433569,77.1055815,3000.0,4,6.0,,3,Semifurnished,Apartment,96500000.0,Gurgaon,D71428910
Sector 28 Gurgaon,28.4794143,77.0833588,1400.0,3,3.0,,3,Semifurnished,Apartment,22200000.0,Gurgaon,P71319238
Sector 54 Gurgaon,28.433569,77.1055815,2150.0,4,5.0,,2,Semifurnished,Apartment,72500000.0,Gurgaon,I71175258
Sector 28 Gurgaon,28.4794143,77.0833588,2700.0,4,5.0,,3,Semifurnished,Apartment,35500000.0,Gurgaon,X71047348
Sector 54 Gurgaon,28.433569,77.1055815,1650.0,4,6.0,,3,Semifurnished,Apartment,66499999.0,Gurgaon,T70951532
"Sector 28 , Golf Course Road",28.463537,77.0953523,1836.00000000018,3,3.0,,1,Semifurnished,Independent/Builder Floor,19000000.0,Gurgaon,E70058614
Sector 54 Gurgaon,28.433569,77.1055815,1650.0,4,4.0,,3,Semifurnished,Apartment,60500000.0,Gurgaon,T71517008
Sector 23 Gurgaon,28.510319,77.0530094,1250.0,3,3.0,,1,Semifurnished,Independent/Builder Floor,17000000.0,Gurgaon,K71291418
Suncity,28.507814,77.0713577,1850.0,3,4.0,,6,Semifurnished,Apartment,32500000.0,Gurgaon,V71135880
Sector 83 Gurgaon,28.3963578,76.9654747,1650.0,3,3.0,,1,Unknown,Apartment,12800000.0,Gurgaon,A71715386
Dlf Phase 4,28.4919048,77.0937804,3240.00000000032,4,4.0,,6,Semifurnished,Independent/Builder Floor,38900000.0,Gurgaon,C71477494
Dlf Phase 1,28.4765171,77.090194,9000.0000000009,5,6.0,,6,Semifurnished,Independent/Builder Floor,152000000.0,Gurgaon,U70747920
Sector 67A Gurgaon,28.4618719,77.05688,1310.0,3,4.0,,6,Semifurnished,Apartment,19000000.0,Gurgaon,W49686550
Sector 67 Gurgaon,28.3864052,77.0598046,2090.0,4,5.0,,2,Semifurnished,Apartment,45000000.0,Gurgaon,H70211390
Sector 67 Gurgaon,28.3864052,77.0598046,2050.0,3,3.0,,2,Semifurnished,Apartment,39000000.0,Gurgaon,I41794521
Sector 67 Gurgaon,28.3864052,77.0598046,1990.0,3,4.0,,1,Semifurnished,Apartment,35000000.0,Gurgaon,Z48682629
Sector 67 Gurgaon,28.3864052,77.0598046,2800.0,4,4.0,,2,Semifurnished,Apartment,49000000.0,Gurgaon,G43157071
Sector 37D Gurgaon,28.4480039,76.9697682,1650.0,3,3.0,,6,Semifurnished,Apartment,14800000.0,Gurgaon,T71777560
Sector 84 Gurgaon,28.4035469,76.9677894,1650.0,4,4.0,,5,Semifurnished,Independent/Builder Floor,22500000.0,Gurgaon,F71777230
Nirvana Country,28.4150509,77.0642955,3240.00000000032,4,4.0,,6,Unfurnished,Independent/Builder Floor,48500000.0,Gurgaon,N71267578
Sector 63A Gurgaon,28.4618719,77.05688,1557.00000000015,3,3.0,,6,Unknown,Independent/Builder Floor,19000000.0,Gurgaon,A71228090
Sector 63A Gurgaon,28.4618719,77.05688,1650.0,4,4.0,,5,Semifurnished,Independent/Builder Floor,32000000.0,Gurgaon,V69849424
Sector 48 Gurgaon,28.4104903,77.0394627,1650.0,4,4.0,,6,Semifurnished,Independent/Builder Floor,25000000.0,Gurgaon,A67013660
Sector 53 Gurgaon,28.4487856,77.0988212,1638.0,3,4.0,,5,Unknown,Apartment,55620000.0,Gurgaon,L71031080
Sector 53 Gurgaon,28.4487856,77.0988212,1638.0,3,3.0,,5,Unknown,Apartment,49428500.0,Gurgaon,D71030888
Sector 53 Gurgaon,28.4487856,77.0988212,1638.0,3,3.0,,6,Unknown,Apartment,50000000.0,Gurgaon,M71017692
Sector 73 Gurgaon,28.4088081,77.0161691,2160.00000000021,3,3.0,,6,Semifurnished,Independent/Builder Floor,24000000.0,Gurgaon,E68895786
Malibu Town,28.4234344,77.0468649,1800.00000000018,3,3.0,,6,Semifurnished,Independent/Builder Floor,18500000.0,Gurgaon,X68986318
Sector 50 Gurgaon,28.4268461,77.0584252,3240.00000000032,4,4.0,,6,Semifurnished,Independent/Builder Floor,30000000.0,Gurgaon,E68936814
Malibu Town,28.4234344,77.0468649,3330.00000000033,4,4.0,,6,Semifurnished,Independent/Builder Floor,37000000.0,Gurgaon,K69163442
Sector 104 Gurgaon,28.4795324,76.9937197,1816.0,3,4.0,,1,Semifurnished,Apartment,11500000.0,Gurgaon,Z71099128
Sector 89 Gurgaon,28.4184455,76.9457567,1650.0,3,3.0,,5,Semifurnished,Apartment,11500000.0,Gurgaon,W70528388
Sector 54 Gurgaon,28.433569,77.1055815,2200.0,3,4.0,,3,Semifurnished,Apartment,62000000.0,Gurgaon,I71764984
Sector 62 Gurgaon,28.407697,77.0823781,1650.0,3,3.0,,5,Unfurnished,Apartment,35800000.0,Gurgaon,B71643480
Sector 90 Gurgaon,28.4069974,76.9365562,1450.0,3,3.0,,2,Semifurnished,Apartment,13600000.0,Gurgaon,Y71403010
Sector 106 Gurgaon,28.5060806,76.9967796,1385.0,2,2.0,,6,Semifurnished,Apartment,11000000.0,Gurgaon,S70066160
Gwal Pahari,28.4326344,77.1480585,6000.0,4,4.0,,1,Semifurnished,Apartment,78000000.0,Gurgaon,X70066632
Sector 92 Gurgaon,28.4089049,76.9155232,1650.0,3,4.0,,1,Semifurnished,Apartment,17500000.0,Gurgaon,V71232392
Sector 67A Gurgaon,28.4618719,77.05688,700.0,2,2.0,,1,Semifurnished,Apartment,5800000.0,Gurgaon,S70885066
Sector 70A Gurgaon,28.3846684,77.0220391,700.0,2,2.0,,1,Semifurnished,Apartment,4700000.0,Gurgaon,J70569950
Sector 77 Gurgaon,28.3832337,76.982557,1650.0,4,3.0,,1,Semifurnished,Apartment,18100000.0,Gurgaon,Y71008028
Sector 113 Gurgaon,28.5286649,77.0250282,1650.0,3,4.0,,2,Semifurnished,Apartment,31000003.0,Gurgaon,F70832536
Sector 113 Gurgaon,28.5286649,77.0250282,1650.0,3,3.0,,2,Semifurnished,Apartment,24800003.0,Gurgaon,Z70832366
Sector 113 Gurgaon,28.5286649,77.0250282,1650.0,2,2.0,,2,Semifurnished,Apartment,18000003.0,Gurgaon,T70832296
Sector 113 Gurgaon,28.5286649,77.0250282,2690.0,4,5.0,,5,Semifurnished,Apartment,33500003.0,Gurgaon,X70832218
Sector 113 Gurgaon,28.5286649,77.0250282,2215.0,3,4.0,,5,Semifurnished,Apartment,27800003.0,Gurgaon,F70832128
Malibu Town,28.4234344,77.0468649,2400.0,3,3.0,,3,Semifurnished,Apartment,23550000.0,Gurgaon,N70771742
Sector 113 Gurgaon,28.5286649,77.0250282,6565.0,4,5.0,,2,Semifurnished,Apartment,58000003.0,Gurgaon,U70771372
Sector 102 Gurgaon,28.4754872,76.9711747,1650.0,4,4.0,,2,Semifurnished,Apartment,44500003.0,Gurgaon,U70716304
Sector 71 Gurgaon,28.3950557,77.0314336,1650.0,3,4.0,,2,Unknown,Apartment,12300000.0,Gurgaon,U71767544
Nirvana Country,28.4150509,77.0642955,1650.0,3,4.0,,2,Unknown,Apartment,29000000.0,Gurgaon,U71767486
Dlf Phase 1,28.4765171,77.090194,1650.0,2,2.0,,3,Semifurnished,Apartment,13000000.0,Gurgaon,Z71737416
Dlf Phase 1,28.4765171,77.090194,1070.0,2,2.0,,3,Semifurnished,Apartment,13000000.0,Gurgaon,S71675284
Sector 70 Gurgaon,28.3947261,77.0223138,1161.0,3,5.0,,6,Semifurnished,Apartment,16000000.0,Gurgaon,R71673292
Dlf Phase 1,28.4765171,77.090194,1800.00000000018,3,3.0,,2,Semifurnished,Independent/Builder Floor,17300000.0,Gurgaon,F71582704
Dlf Phase 3,28.4919048,77.0937804,1650.0,4,4.0,,2,Semifurnished,Apartment,45000000.0,Gurgaon,V71552462
Dlf Phase 2,28.483901,77.0846097,1650.0,4,4.0,,6,Semifurnished,Independent/Builder Floor,32100000.0,Gurgaon,I69280680
Dlf Phase 2,28.483901,77.0846097,1650.0,4,5.0,,6,Semifurnished,Independent/Builder Floor,29800000.0,Gurgaon,T69279708
Sector 46 Gurgaon,28.4268461,77.0584252,1650.0,3,3.0,,1,Semifurnished,Independent/Builder Floor,16500000.0,Gurgaon,T71500242
Sector 47 Gurgaon,28.4268461,77.0584252,2547.00000000025,3,4.0,,2,Semifurnished,Independent/Builder Floor,17000000.0,Gurgaon,B71500202
Sector 43 Gurgaon,28.4487856,77.0988212,1650.0,4,4.0,,2,Unfurnished,Apartment,29500000.0,Gurgaon,S71480870
Sector 43 Gurgaon,28.4487856,77.0988212,1650.0,4,4.0,,2,Semifurnished,Apartment,28000000.0,Gurgaon,M66915652
Dlf Phase 1,28.4765171,77.090194,1650.0,4,4.0,,2,Semifurnished,Apartment,23000000.0,Gurgaon,T61369464
Heritage City,28.4817226,77.0784621,1650.0,4,4.0,,3,Semifurnished,Apartment,43000000.0,Gurgaon,W58271620
Dlf Phase 3,28.4919048,77.0937804,1650.0,4,5.0,,6,Semifurnished,Independent/Builder Floor,41000000.0,Gurgaon,N66289258
Sector 57 Gurgaon,28.4232478,77.0804487,1650.0,5,6.0,,2,Semifurnished,Apartment,54500000.0,Gurgaon,I70307362
Sushant Lok Phase 1,28.4545693,77.0826249,1650.0,4,5.0,,6,Semifurnished,Independent/Builder Floor,44000000.0,Gurgaon,K70308718
Dlf Phase 2,28.483901,77.0846097,1650.0,3,4.0,,6,Semifurnished,Independent/Builder Floor,26500000.0,Gurgaon,C70310414
Dlf Phase 2,28.483901,77.0846097,1650.0,4,5.0,,1,Semifurnished,Independent/Builder Floor,29200000.0,Gurgaon,C70310516
Sector 28 Gurgaon,28.4794143,77.0833588,1650.0,4,5.0,,3,Semifurnished,Apartment,45000000.0,Gurgaon,V67526632
Sector 99 Gurgaon,28.4645549,76.9628585,993.52,3,3.0,,6,Semifurnished,Apartment,14500000.0,Gurgaon,M71462954
Sector 76 Gurgaon,28.3910112,76.9900243,2000.0,3,4.0,,5,Semifurnished,Apartment,28700000.0,Gurgaon,T71401728
Sector 113 Gurgaon,28.5286649,77.0250282,1216.0,3,3.0,,5,Semifurnished,Apartment,31900000.0,Gurgaon,J71373664
Sector 56 Gurgaon,28.4252244,77.0992377,1650.0,4,4.0,,2,Unfurnished,Apartment,16500000.0,Gurgaon,C64929822
Sector 28 Gurgaon,28.4794143,77.0833588,1650.0,4,4.0,,2,Semifurnished,Apartment,45000000.0,Gurgaon,C67526640
Sector 67 Gurgaon,28.3864052,77.0598046,2300.0,3,3.0,,1,Semifurnished,Apartment,35000000.0,Gurgaon,Y69438456
Dlf Phase 1,28.4765171,77.090194,2190.0,4,4.0,,3,Semifurnished,Apartment,23600000.0,Gurgaon,U70785328
Dlf Phase 1,28.4765171,77.090194,2190.0,4,4.0,,3,Semifurnished,Apartment,23500000.0,Gurgaon,R70785264
Sector 83 Gurgaon,28.3963578,76.9654747,1650.0,3,3.0,,3,Unfurnished,Apartment,20500000.0,Gurgaon,R70336902
Sector 84 Gurgaon,28.4035469,76.9677894,1650.0,4,4.0,,5,Unknown,Independent/Builder Floor,22500000.0,Gurgaon,N70269198
Sector 82 Gurgaon,28.3932827,76.9545277,1650.0,3,4.0,,3,Semifurnished,Apartment,10000000.0,Gurgaon,A70152058
Sector 83 Gurgaon,28.3963578,76.9654747,1650.0,4,4.0,,3,Semifurnished,Independent/Builder Floor,20500000.0,Gurgaon,L70145602
Sector 72 Gurgaon,28.3943815,77.032363,2200.0,4,5.0,,6,Semifurnished,Apartment,40000000.0,Gurgaon,J67948890
Sector 52 Gurgaon,28.4368166,77.0795276,1650.0,3,3.0,,2,Semifurnished,Apartment,15000000.0,Gurgaon,R70039160
Dlf Phase 5,28.503445,77.0952048,2610.0,4,4.0,,3,Semifurnished,Apartment,51000000.0,Gurgaon,J70364726
Sector 54 Gurgaon,28.433569,77.1055815,3886.0,4,6.0,,3,Semifurnished,Apartment,97500000.0,Gurgaon,L70364170
Sector 37D Gurgaon,28.4480039,76.9697682,1630.0,3,3.0,,1,Semifurnished,Apartment,21000000.0,Gurgaon,J70008356
Sector 37D Gurgaon,28.4480039,76.9697682,1700.0,4,3.0,,1,Semifurnished,Apartment,24300000.0,Gurgaon,U69883058
Sector 37D Gurgaon,28.4480039,76.9697682,1300.0,4,3.0,,1,Semifurnished,Apartment,16300000.0,Gurgaon,Z69868308
Sector 37D Gurgaon,28.4480039,76.9697682,1650.0,3,3.0,,1,Semifurnished,Apartment,18500000.0,Gurgaon,Y69867312
Sector 62 Gurgaon,28.407697,77.0823781,1650.0,2,2.0,,6,Semifurnished,Apartment,25000000.0,Gurgaon,V71596350
Sector 53 Gurgaon,28.4487856,77.0988212,2300.0,3,4.0,,2,Semifurnished,Apartment,52500000.0,Gurgaon,Q71473048
Sector 63 Gurgaon,28.3964476,77.086498,1627.0,3,4.0,,6,Semifurnished,Independent/Builder Floor,36200000.0,Gurgaon,W70899016
Sector 53 Gurgaon,28.4487856,77.0988212,1650.0,3,4.0,,3,Semifurnished,Apartment,38000000.0,Gurgaon,E70340348
Sector 89 A Gurgaon,28.4184455,76.9457567,1450.0,3,3.0,,5,Semifurnished,Apartment,15600000.0,Gurgaon,O71786098
Sector 82A Gurgaon,28.3881583,76.96273,1650.0,3,3.0,,1,Semifurnished,Apartment,20500000.0,Gurgaon,B71739892
Sector-33 Sohna,28.3241636,77.0848644,2200.0,4,4.0,,1,Semifurnished,Apartment,29000000.0,Gurgaon,Z64668852
Sohna,28.3241636,77.0848644,1220.0,2,2.0,,1,Semifurnished,Independent/Builder Floor,12000000.0,Gurgaon,Y64668990
Sohna,28.3241636,77.0848644,791.0,2,2.0,,1,Semifurnished,Apartment,9400000.0,Gurgaon,E63785764
Sohna,28.3241636,77.0848644,1086.0,3,3.0,,6,Semifurnished,Apartment,15000000.0,Gurgaon,U63786302
Sector-33 Sohna,28.3241636,77.0848644,810.0,2,2.0,,5,Semifurnished,Apartment,13200000.0,Gurgaon,U63785934
Sohna,28.3241636,77.0848644,450.0,2,2.0,,1,Semifurnished,Apartment,4500000.0,Gurgaon,Q61621080
Sohna,28.3241636,77.0848644,850.0,2,2.0,,1,Semifurnished,Independent/Builder Floor,8500000.0,Gurgaon,I63985380
Sohna,28.3241636,77.0848644,745.73,2,2.0,,1,Semifurnished,Apartment,5200000.0,Gurgaon,D66671220
Sohna,28.3241636,77.0848644,750.0,3,3.0,,5,Semifurnished,Apartment,7100000.0,Gurgaon,Y64141674
Sohna,28.3241636,77.0848644,996.0,3,3.0,,5,Semifurnished,Apartment,14000000.0,Gurgaon,A64140400
Sector-33 Sohna,28.3241636,77.0848644,1650.0,3,3.0,,1,Semifurnished,Independent/Builder Floor,11800000.0,Gurgaon,Y64141818
Sohna,28.3241636,77.0848644,650.0,2,2.0,,5,Semifurnished,Independent/Builder Floor,6400000.0,Gurgaon,K64141908
Sohna,28.3241636,77.0848644,990.0,3,3.0,,1,Semifurnished,Apartment,13600000.0,Gurgaon,Y64321576
Sohna,28.3241636,77.0848644,519.0,2,2.0,,1,Semifurnished,Apartment,3000000.0,Gurgaon,S66671044
Sector 83 Gurgaon,28.3963578,76.9654747,1650.0,3,3.0,,6,Semifurnished,Apartment,17500000.0,Gurgaon,R71731148
Sector 54 Gurgaon,28.433569,77.1055815,1650.0,4,3.0,,6,Semifurnished,Apartment,68500000.0,Gurgaon,U71730796
Sector 59 Gurgaon,28.4030162,77.1066682,3025.0,3,3.0,,6,Semifurnished,Apartment,55500000.0,Gurgaon,O71729880
Sector 59 Gurgaon,28.4030162,77.1066682,1159.0,3,3.0,,5,Semifurnished,Apartment,39400000.0,Gurgaon,W71729544
Sector 59 Gurgaon,28.4030162,77.1066682,1432.0,3,3.0,,5,Semifurnished,Apartment,49400000.0,Gurgaon,R71729460
Sector 85 Gurgaon,28.3985762,76.9547447,1650.0,2,2.0,,1,Semifurnished,Apartment,13200000.0,Gurgaon,O71714172
Sector 59 Gurgaon,28.4030162,77.1066682,1274.0,3,3.0,,5,Semifurnished,Apartment,43200000.0,Gurgaon,J71693284
Sector 99 Gurgaon,28.4645549,76.9628585,1650.0,4,4.0,,5,Semifurnished,Apartment,35000000.0,Gurgaon,X71684270
Sector 86 Gurgaon,28.3981205,76.9411257,1520.0,3,3.0,,1,Semifurnished,Apartment,18000000.0,Gurgaon,W71669280
Sector 58 Gurgaon,28.4160012,77.1085564,1650.0,3,4.0,,1,Semifurnished,Apartment,39800000.0,Gurgaon,O71665298
Sector 62 Gurgaon,28.407697,77.0823781,1650.0,3,3.0,,1,Semifurnished,Apartment,80000000.0,Gurgaon,W71664850
Sector 59 Gurgaon,28.4030162,77.1066682,3025.0,3,3.0,,1,Unfurnished,Apartment,54500000.0,Gurgaon,X71664404
Sector 59 Gurgaon,28.4030162,77.1066682,1432.0,3,3.0,,5,Semifurnished,Apartment,49100000.0,Gurgaon,N71664262
Sector 59 Gurgaon,28.4030162,77.1066682,3025.0,3,3.0,,6,Semifurnished,Apartment,56000000.0,Gurgaon,H71658756
Sector 59 Gurgaon,28.4030162,77.1066682,1650.0,4,4.0,,1,Semifurnished,Apartment,75000000.0,Gurgaon,U71656926
Sector 22 Gurgaon,28.4947315,77.0691703,1650.0,4,6.0,,1,Semifurnished,Apartment,63600000.0,Gurgaon,D70575320
Sector 52 Gurgaon,28.4368166,77.0795276,2200.0,4,4.0,,1,Semifurnished,Independent/Builder Floor,25000000.0,Gurgaon,E71640678
Sohna,28.3241636,77.0848644,1650.0,2,2.0,,1,Semifurnished,Apartment,3200000.0,Gurgaon,U71626782
Sector 15 Gurgaon,28.3986425,76.8880109,2230.0,3,3.0,,5,Unfurnished,Apartment,33227000.0,Gurgaon,F71609512
Dlf Phase 2,28.483901,77.0846097,1650.0,4,4.0,,6,Semifurnished,Independent/Builder Floor,60000000.0,Gurgaon,D71609020
C Block Sushant Lok Phase 1,28.4545693,77.0826249,1650.0,3,3.0,,6,Semifurnished,Independent/Builder Floor,23500000.0,Gurgaon,R71608864
Sector 65 Gurgaon,28.4030162,77.0695893,3800.0,3,3.0,,1,Semifurnished,Apartment,64600000.0,Gurgaon,S71583028
Sector 54 Gurgaon,28.433569,77.1055815,1650.0,4,6.0,,6,Semifurnished,Apartment,115000000.0,Gurgaon,Q71581108
Dlf Phase 3,28.4919048,77.0937804,1650.0,4,4.0,,5,Semifurnished,Independent/Builder Floor,34000000.0,Gurgaon,J71552432
Sector 52 Gurgaon,28.4368166,77.0795276,1500.0,3,3.0,,6,Semifurnished,Independent/Builder Floor,21500000.0,Gurgaon,I71551736
Dlf Phase 3,28.4919048,77.0937804,1650.0,4,4.0,,5,Semifurnished,Independent/Builder Floor,44000000.0,Gurgaon,W71547240
Southern Peripheral Road,28.4021644,77.0382675,1650.0,3,4.0,,5,Semifurnished,Apartment,27000000.0,Gurgaon,Q71533436
Sector 52 Gurgaon,28.4368166,77.0795276,1575.0,3,3.0,,1,Semifurnished,Independent/Builder Floor,16000000.0,Gurgaon,H71482992
Sector 52 Gurgaon,28.4368166,77.0795276,1601.0,3,3.0,,6,Semifurnished,Independent/Builder Floor,21000000.0,Gurgaon,K71478668
Sector 60 Gurgaon,28.3985617,77.0978276,2070.0,3,3.0,,1,Semifurnished,Apartment,31000000.0,Gurgaon,B71474030
Sector 60 Gurgaon,28.3985617,77.0978276,1385.0,2,2.0,,1,Semifurnished,Apartment,21500000.0,Gurgaon,I71473788
Sector 52 Gurgaon,28.4368166,77.0795276,1600.0,3,3.0,,6,Semifurnished,Independent/Builder Floor,21500000.0,Gurgaon,F71464742
Sector 65 Gurgaon,28.4030162,77.0695893,1975.0,4,4.0,,1,Semifurnished,Apartment,31000000.0,Gurgaon,I71412642
Sector 15 Part 2,28.4534919,77.0411056,1800.0,3,4.0,,5,Semifurnished,Apartment,29000000.0,Gurgaon,Q71406722
Sector 76 Gurgaon,28.3910112,76.9900243,1650.0,4,6.0,,5,Semifurnished,Apartment,43800000.0,Gurgaon,T70276810
Sector 84 Gurgaon,28.4035469,76.9677894,1650.0,4,4.0,,5,Semifurnished,Independent/Builder Floor,24500000.0,Gurgaon,Z70284024
Sector 84 Gurgaon,28.4035469,76.9677894,1650.0,4,4.0,,5,Semifurnished,Independent/Builder Floor,26500000.0,Gurgaon,F70284206
Sector 84 Gurgaon,28.4035469,76.9677894,1650.0,4,4.0,,5,Semifurnished,Independent/Builder Floor,23500000.0,Gurgaon,S70284306
Sector 15 Part 2,28.4534919,77.0411056,1865.0,3,3.0,,5,Unfurnished,Independent/Builder Floor,30000000.0,Gurgaon,X71350398
Sector 15 Part 2,28.4534919,77.0411056,1742.0,3,3.0,,5,Unfurnished,Apartment,32500000.0,Gurgaon,G69720458
Sector 15 Part 2,28.4534919,77.0411056,2250.0,4,4.0,,5,Unfurnished,Apartment,39000000.0,Gurgaon,E69720706
Sector 15 Part 2,28.4534919,77.0411056,2223.0,3,4.0,,5,Unfurnished,Apartment,28800000.0,Gurgaon,V69833496
Sector 37D Gurgaon,28.4480039,76.9697682,1650.0,3,3.0,,6,Unfurnished,Apartment,14488000.0,Gurgaon,Q69855266
Sector 37D Gurgaon,28.4480039,76.9697682,1358.0,3,3.0,,6,Unfurnished,Apartment,15300000.0,Gurgaon,O69965596
Sector 83 Gurgaon,28.3963578,76.9654747,1245.0,2,2.0,,1,Semifurnished,Apartment,9300000.0,Gurgaon,M68005106
Sector 83 Gurgaon,28.3963578,76.9654747,1735.0,3,3.0,,1,Semifurnished,Apartment,11500000.0,Gurgaon,U68039020
Sector 82 Gurgaon,28.3932827,76.9545277,925.0,2,2.0,,1,Semifurnished,Independent/Builder Floor,7000000.0,Gurgaon,P68039216
Sector 82 Gurgaon,28.3932827,76.9545277,1650.0,2,2.0,,1,Semifurnished,Apartment,9500000.0,Gurgaon,M68318104
Sector 82 Gurgaon,28.3932827,76.9545277,1200.0,2,2.0,,1,Semifurnished,Apartment,10500000.0,Gurgaon,G68318788
Sector 86 Gurgaon,28.3981205,76.9411257,1530.0,3,3.0,,1,Semifurnished,Apartment,17500000.0,Gurgaon,S68323708
Sector 82 Gurgaon,28.3932827,76.9545277,1650.0,4,3.0,,1,Semifurnished,Independent/Builder Floor,14500000.0,Gurgaon,X69028080
Sector 82 Gurgaon,28.3932827,76.9545277,923.0,2,2.0,,1,Semifurnished,Independent/Builder Floor,6500000.0,Gurgaon,E69235172
Sector 83 Gurgaon,28.3963578,76.9654747,1650.0,2,2.0,,1,Semifurnished,Apartment,9100000.0,Gurgaon,X68049088
Sector 48 Gurgaon,28.4104903,77.0394627,1800.0,3,3.0,,1,Semifurnished,Apartment,26500000.0,Gurgaon,H71143578
Sector 62 Gurgaon,28.407697,77.0823781,1650.0,3,3.0,,6,Semifurnished,Apartment,42300000.0,Gurgaon,X71143376
Sector 59 Gurgaon,28.4030162,77.1066682,2000.0,3,3.0,,6,Semifurnished,Apartment,58000000.0,Gurgaon,C71121644
Sector 59 Gurgaon,28.4030162,77.1066682,1855.0,4,4.0,,5,Semifurnished,Apartment,67500000.0,Gurgaon,H71105842
Sector 72 Gurgaon,28.3943815,77.032363,1800.0,3,3.0,,6,Semifurnished,Apartment,41000000.0,Gurgaon,R71100070
Sushant Lok Phase 1,28.4545693,77.0826249,1650.0,3,3.0,,5,Semifurnished,Apartment,57500000.0,Gurgaon,P69853350
Sector 50 Gurgaon,28.4268461,77.0584252,2400.0,4,4.0,,6,Semifurnished,Independent/Builder Floor,35000000.0,Gurgaon,N70914668
Sector 82 Gurgaon,28.3932827,76.9545277,1650.0,2,2.0,,1,Unfurnished,Apartment,11500000.0,Gurgaon,F70913052
Sector 62 Gurgaon,28.407697,77.0823781,2000.0,3,3.0,,6,Semifurnished,Apartment,41000000.0,Gurgaon,H70532426
Sector 109 Gurgaon,28.5109205,77.0065956,1650.0,3,4.0,,1,Semifurnished,Apartment,21700000.0,Gurgaon,V64782832
Sector 62 Gurgaon,28.407697,77.0823781,2000.0,3,3.0,,6,Semifurnished,Apartment,41000000.0,Gurgaon,J70344772
Sector 86 Gurgaon,28.3981205,76.9411257,1650.0,3,3.0,,2,Semifurnished,Apartment,13999999.0,Gurgaon,D70191710
Sector 63 Gurgaon,28.3964476,77.086498,1650.0,4,6.0,,5,Unknown,Apartment,74000000.0,Gurgaon,H69196764
Sector 53 Gurgaon,28.4487856,77.0988212,1638.0,3,3.0,,5,Unfurnished,Apartment,43700000.0,Gurgaon,O71413468
South City 1,28.4188433,77.0440293,3600.0,4,5.0,,6,Semifurnished,Independent/Builder Floor,50000000.0,Gurgaon,P71279586
Sector 53 Gurgaon,28.4487856,77.0988212,2229.0,4,5.0,,5,Unfurnished,Apartment,85000000.0,Gurgaon,J65929928
Malibu Town,28.4234344,77.0468649,2700.00000000027,4,4.0,,6,Semifurnished,Independent/Builder Floor,33500000.0,Gurgaon,V70929756
Malibu Town,28.4234344,77.0468649,1650.0,5,4.0,,6,Semifurnished,Independent/Builder Floor,30000000.0,Gurgaon,W70914936
Nirvana Country,28.4150509,77.0642955,2350.0,3,4.0,,1,Semifurnished,Apartment,31000000.0,Gurgaon,R70707150
Nirvana Country,28.4150509,77.0642955,1650.0,4,5.0,,6,Semifurnished,Independent/Builder Floor,68000000.0,Gurgaon,A71731218
Sector 22 Gurgaon,28.4947315,77.0691703,2500.0,4,5.0,,6,Semifurnished,Apartment,60000000.0,Gurgaon,B71715014
Sector 37D Gurgaon,28.4480039,76.9697682,1650.0,3,4.0,,5,Semifurnished,Apartment,25000000.0,Gurgaon,F71661738
Sector 61 Gurgaon,28.4110188,77.0963685,1627.45,4,4.0,,5,Semifurnished,Apartment,40000000.0,Gurgaon,N71661142
Sector 77 Gurgaon,28.3832337,76.982557,3600.0,4,4.0,,5,Unfurnished,Apartment,54000000.0,Gurgaon,R71657550
Sector 84 Gurgaon,28.4035469,76.9677894,2800.0,3,3.0,,5,Unfurnished,Apartment,33600000.0,Gurgaon,K71657148
Greenwood City,28.4449095,77.0611408,3500.0,4,5.0,,6,Semifurnished,Independent/Builder Floor,50000000.0,Gurgaon,W71296188
Nirvana Country,28.4150509,77.0642955,1400.0,3,3.0,,6,Semifurnished,Independent/Builder Floor,24000000.0,Gurgaon,H71284236
Sushant Lok Phase 1,28.4545693,77.0826249,2250.0,4,4.0,,6,Semifurnished,Independent/Builder Floor,36000000.0,Gurgaon,H71268270
Sushant Lok Phase 1,28.4545693,77.0826249,2250.0,4,4.0,,6,Semifurnished,Independent/Builder Floor,31000000.0,Gurgaon,G71267958
Sector 37D Gurgaon,28.4480039,76.9697682,1020.0,2,2.0,,1,Semifurnished,Apartment,8200000.0,Gurgaon,F71145186
Sector 31 Gurgaon,28.4540044,77.0497179,3150.00000000031,4,4.0,,6,Semifurnished,Independent/Builder Floor,30000000.0,Gurgaon,I70971606
Sector 109 Gurgaon,28.5109205,77.0065956,1650.0,3,3.0,,1,Semifurnished,Apartment,14500000.0,Gurgaon,F70322132
Sector 37D Gurgaon,28.4480039,76.9697682,1550.0,3,3.0,,1,Semifurnished,Apartment,18000000.0,Gurgaon,U69845634
Sector 103 Gurgaon,28.493087,76.9866453,887.0,3,3.0,,6,Semifurnished,Apartment,12000000.0,Gurgaon,Y70174100
Sector 22 Gurgaon,28.4947315,77.0691703,900.0,2,2.0,,1,Semifurnished,Apartment,20000000.0,Gurgaon,L69915070
Sector 3 Gurgaon,28.4944483,77.0985008,1444.0,2,2.0,,5,Semifurnished,Apartment,11100000.0,Gurgaon,I71213800
Sector 65 Gurgaon,28.4030162,77.0695893,1650.0,3,3.0,,1,Semifurnished,Apartment,27000000.0,Gurgaon,X70723672
Sector 58 Gurgaon,28.4160012,77.1085564,1400.0,3,2.0,,2,Unfurnished,Apartment,36000000.0,Gurgaon,C71570342
Sector 62 Gurgaon,28.407697,77.0823781,2500.0,3,3.0,,6,Semifurnished,Apartment,41000000.0,Gurgaon,S71477760
Sector 62 Gurgaon,28.407697,77.0823781,1500.0,2,2.0,,6,Semifurnished,Apartment,24000000.0,Gurgaon,A71477604
Sector 67 Gurgaon,28.3864052,77.0598046,1650.0,3,3.0,,2,Semifurnished,Apartment,33500000.0,Gurgaon,S70388552
Sector 79 Gurgaon,28.4618719,77.05688,1650.0,2,2.0,,6,Semifurnished,Apartment,12200000.0,Gurgaon,X71471730
Sector 79 Gurgaon,28.4618719,77.05688,2015.0,3,3.0,,6,Semifurnished,Apartment,16500000.0,Gurgaon,L71429244
Sector 37D Gurgaon,28.4480039,76.9697682,1500.0,3,3.0,,6,Semifurnished,Apartment,13800000.0,Gurgaon,G71427066
Sector 65 Gurgaon,28.4030162,77.0695893,1650.0,2,2.0,,5,Semifurnished,Apartment,17600000.0,Gurgaon,K71400580
Sector 62 Gurgaon,28.407697,77.0823781,1650.0,3,3.0,,6,Semifurnished,Apartment,44000000.0,Gurgaon,E69007720
Vigyan Vihar,28.6605415,77.3126204,1700.0,3,2.0,,1,Semifurnished,Apartment,14500000.0,Gurgaon,W71359364
Sector 52 Gurgaon,28.4368166,77.0795276,3050.0,4,4.0,,1,Semifurnished,Apartment,23500000.0,Gurgaon,U71339266
Sector 37D Gurgaon,28.4480039,76.9697682,1900.0,3,3.0,,5,Semifurnished,Apartment,19000000.0,Gurgaon,R71297060
Sector 79 Gurgaon,28.4618719,77.05688,1600.0,3,3.0,,6,Semifurnished,Apartment,17500000.0,Gurgaon,V71281978
Sector 67 Gurgaon,28.3864052,77.0598046,1650.0,3,3.0,,1,Semifurnished,Apartment,35000000.0,Gurgaon,Z71270188
Sector 57 Gurgaon,28.4232478,77.0804487,1650.0,3,3.0,,1,Semifurnished,Independent/Builder Floor,13000000.0,Gurgaon,F71270042
Sector 83 Gurgaon,28.3963578,76.9654747,1350.0,3,2.0,,1,Semifurnished,Apartment,11500000.0,Gurgaon,Z68222308
Sector 56 Gurgaon,28.4252244,77.0992377,2450.0,4,3.0,,1,Semifurnished,Apartment,27000000.0,Gurgaon,F71161508
South City,28.4597391,77.0612091,2565.00000000025,4,4.0,,6,Semifurnished,Independent/Builder Floor,50000000.0,Gurgaon,F71135582
Sector 109 Gurgaon,28.5109205,77.0065956,1632.0,3,4.0,,1,Semifurnished,Apartment,15000000.0,Gurgaon,J71123500
Sector 50 Gurgaon,28.4268461,77.0584252,1700.0,3,3.0,,2,Semifurnished,Independent/Builder Floor,13000000.0,Gurgaon,Z70970168
Sector 48 Gurgaon,28.4104903,77.0394627,1500.0,3,3.0,,1,Semifurnished,Independent/Builder Floor,11500000.0,Gurgaon,P70932890
Sector 86 Gurgaon,28.3981205,76.9411257,1650.0,3,3.0,,2,Semifurnished,Apartment,16500000.0,Gurgaon,D70929898
Sector 50 Gurgaon,28.4268461,77.0584252,1500.0,3,3.0,,1,Semifurnished,Independent/Builder Floor,13000000.0,Gurgaon,K70926178
Sector 37C Gurgaon,28.4489095,76.9880502,1100.0,2,2.0,,1,Semifurnished,Apartment,9500000.0,Gurgaon,B70891606
Sector 63A Gurgaon,28.4618719,77.05688,1400.0,3,3.0,,5,Semifurnished,Independent/Builder Floor,36300000.0,Gurgaon,B70845762
Sector 112 Gurgaon,28.5203402,77.0188612,2000.0,3,3.0,,1,Semifurnished,Apartment,40000000.0,Gurgaon,A70829636
Sector 109 Gurgaon,28.5109205,77.0065956,1650.0,3,3.0,,1,Semifurnished,Apartment,16200000.0,Gurgaon,W70787452
Sector 108 Gurgaon,28.5128994,76.9823615,848.2,2,2.0,,1,Semifurnished,Apartment,20500000.0,Gurgaon,H70787380
Sector 76 Gurgaon,28.3910112,76.9900243,635.070988019762,2,2.0,,6,Semifurnished,Apartment,5300000.0,Gurgaon,G71639876
Sector 104 Gurgaon,28.4795324,76.9937197,1082.2,3,3.0,,5,Semifurnished,Apartment,17500000.0,Gurgaon,V70877808
Sector 106 Gurgaon,28.5060806,76.9967796,1900.0,3,3.0,,5,Unknown,Apartment,24900000.0,Gurgaon,F70877284
Sector 102 Gurgaon,28.4754872,76.9711747,2900.0,4,4.0,,1,Semifurnished,Apartment,50000000.0,Gurgaon,D70857974
Sector 109 Gurgaon,28.5109205,77.0065956,1650.0,3,4.0,,1,Semifurnished,Apartment,22800000.0,Gurgaon,Q70857756
Sector-33 Sohna,28.3241636,77.0848644,800.0,2,2.0,,6,Semifurnished,Independent/Builder Floor,10100000.0,Gurgaon,K71753114
Sector-33 Sohna,28.3241636,77.0848644,1500.0,4,4.0,,6,Semifurnished,Apartment,27000000.0,Gurgaon,U71393328
Sector 52 Gurgaon,28.4368166,77.0795276,1650.0,4,4.0,,3,Semifurnished,Apartment,25500000.0,Gurgaon,M71376594
South City 1,28.4188433,77.0440293,1640.0,3,3.0,,1,Semifurnished,Apartment,20500000.0,Gurgaon,Y71365074
Sector 53 Gurgaon,28.4487856,77.0988212,2200.0,3,4.0,,2,Semifurnished,Apartment,38000000.0,Gurgaon,K71350230
Sector 53 Gurgaon,28.4487856,77.0988212,2200.0,3,4.0,,2,Semifurnished,Apartment,48500000.0,Gurgaon,C71349648
Sector 47 Gurgaon,28.4268461,77.0584252,1650.0,4,6.0,,1,Semifurnished,Apartment,63500000.0,Gurgaon,O71328494
Sector 49 Gurgaon,28.4127374,77.0555164,1650.0,3,4.0,,3,Semifurnished,Apartment,24000000.0,Gurgaon,T71221586
Sector 49 Gurgaon,28.4127374,77.0555164,1650.0,5,6.0,,3,Semifurnished,Apartment,41000000.0,Gurgaon,S71221390
Sector 49 Gurgaon,28.4127374,77.0555164,1650.0,4,5.0,,3,Semifurnished,Apartment,29000000.0,Gurgaon,C71221246
Sector 49 Gurgaon,28.4127374,77.0555164,1650.0,3,4.0,,3,Semifurnished,Apartment,25500000.0,Gurgaon,Z71221104
Sector 49 Gurgaon,28.4127374,77.0555164,1650.0,3,3.0,,3,Semifurnished,Apartment,20600000.0,Gurgaon,A71220900
Sector 54 Gurgaon,28.433569,77.1055815,1700.0,3,4.0,,1,Semifurnished,Apartment,52000000.0,Gurgaon,I67270764
South City 2,28.4188806,77.0439211,1650.0,4,4.0,,1,Semifurnished,Independent/Builder Floor,35000000.0,Gurgaon,F69530806
Sector 48 Gurgaon,28.4104903,77.0394627,1650.0,4,4.0,,2,Semifurnished,Apartment,35000000.0,Gurgaon,L68562832
Sector 86 Gurgaon,28.3981205,76.9411257,1650.0,4,4.0,,1,Semifurnished,Apartment,17200000.0,Gurgaon,R42168105
Sector 111 Gurgaon,28.5222773,77.0336203,1650.0,4,6.0,,1,Semifurnished,Apartment,56500000.0,Gurgaon,Q71767468
Sector 113 Gurgaon,28.5286649,77.0250282,2217.0,3,3.0,,5,Semifurnished,Apartment,30000000.0,Gurgaon,N70478854
Sector 48 Gurgaon,28.4104903,77.0394627,1650.0,3,3.0,,1,Unknown,Apartment,52000000.0,Gurgaon,I70382976
Sector 48 Gurgaon,28.4104903,77.0394627,3231.0,4,4.0,,2,Semifurnished,Apartment,120000000.0,Gurgaon,O70469936
Sector 48 Gurgaon,28.4104903,77.0394627,1650.0,3,3.0,,2,Semifurnished,Apartment,55000000.0,Gurgaon,V69980078
Sector-33 Sohna,28.3241636,77.0848644,1650.0,2,3.0,,1,Semifurnished,Apartment,12500000.0,Gurgaon,S71728002
Sector-33 Sohna,28.3241636,77.0848644,1650.0,3,3.0,,1,Semifurnished,Apartment,15500000.0,Gurgaon,I71727778
Sector 22 Gurgaon,28.4947315,77.0691703,1650.0,3,4.0,,6,Unfurnished,Apartment,42500000.0,Gurgaon,T71659792
Sector 22 Gurgaon,28.4947315,77.0691703,1650.0,3,4.0,,6,Semifurnished,Apartment,35000000.0,Gurgaon,C68793664
Sector 59 Gurgaon,28.4030162,77.1066682,1632.11,3,4.0,,1,Semifurnished,Apartment,48500000.0,Gurgaon,S68355278
Palam Vihar,28.4983353,77.0203007,1550.0,3,3.0,,6,Semifurnished,Independent/Builder Floor,22200000.0,Gurgaon,T71561176
Palam Vihar,28.4983353,77.0203007,1550.0,3,3.0,,6,Semifurnished,Independent/Builder Floor,21100000.0,Gurgaon,G71533956
Palam Vihar,28.4983353,77.0203007,1550.0,3,3.0,,6,Semifurnished,Independent/Builder Floor,21800000.0,Gurgaon,A71562548
Sector 57 Gurgaon,28.4232478,77.0804487,1550.0,3,3.0,,6,Semifurnished,Independent/Builder Floor,19800000.0,Gurgaon,V71460760
Sector 57 Gurgaon,28.4232478,77.0804487,1500.0,3,3.0,,6,Semifurnished,Independent/Builder Floor,19500000.0,Gurgaon,B71388974
Sector 49 Gurgaon,28.4127374,77.0555164,1540.0,3,3.0,,3,Semifurnished,Apartment,17500000.0,Gurgaon,O71396558
Sector 67 Gurgaon,28.3864052,77.0598046,1650.0,3,3.0,,1,Semifurnished,Apartment,24000000.0,Gurgaon,F71410250
Sector 67 Gurgaon,28.3864052,77.0598046,2007.0,4,4.0,,1,Semifurnished,Apartment,28000000.0,Gurgaon,T71409494
Sector 67 Gurgaon,28.3864052,77.0598046,2250.0,4,4.0,,1,Semifurnished,Apartment,34500000.0,Gurgaon,P71409116
Sector 51 Gurgaon,28.4287011,77.0666877,1650.0,3,3.0,,5,Semifurnished,Independent/Builder Floor,26000000.0,Gurgaon,N71252020
Sector 51 Gurgaon,28.4287011,77.0666877,1650.0,3,3.0,,2,Unfurnished,Apartment,25100000.0,Gurgaon,R71792532
Sector 102 Gurgaon,28.4754872,76.9711747,518.0,2,2.0,,1,Semifurnished,Apartment,5500000.0,Gurgaon,C71724116
Sector 102 Gurgaon,28.4754872,76.9711747,1255.73,3,4.0,,1,Semifurnished,Apartment,20000000.0,Gurgaon,O71724040
Sector 110 Gurgaon,28.5069625,77.018321,3250.0,4,4.0,,1,Semifurnished,Apartment,37000000.0,Gurgaon,N71716960
Sector 107 Gurgaon,28.506941,76.9752137,645.0,3,2.0,,1,Semifurnished,Apartment,5100000.0,Gurgaon,B71716852
Sector 51 Gurgaon,28.4287011,77.0666877,1425.0,3,2.0,,2,Semifurnished,Independent/Builder Floor,12000000.0,Gurgaon,X71669668
Ardee City,28.4410412,77.0792079,1650.0,3,4.0,,1,Semifurnished,Apartment,25000000.0,Gurgaon,E71669636
Sector 70 Gurgaon,28.3947261,77.0223138,1650.0,2,2.0,,1,Semifurnished,Apartment,13000000.0,Gurgaon,Z71658906
Sohna,28.3241636,77.0848644,730.0,2,2.0,,1,Semifurnished,Apartment,8500000.0,Gurgaon,X71578108
Sector-33 Sohna,28.3241636,77.0848644,662.0,2,2.0,,6,Semifurnished,Independent/Builder Floor,10800000.0,Gurgaon,O71577892
Sector-33 Sohna,28.3241636,77.0848644,662.0,2,2.0,,6,Semifurnished,Independent/Builder Floor,10500000.0,Gurgaon,L71577758
Sohna,28.3241636,77.0848644,710.0,2,2.0,,1,Semifurnished,Apartment,4000000.0,Gurgaon,F71571242
Sector-33 Sohna,28.3241636,77.0848644,1000.0,3,2.0,,5,Semifurnished,Apartment,17400000.0,Gurgaon,K71568582
Sohna,28.3241636,77.0848644,1120.0,3,4.0,,5,Semifurnished,Apartment,14500000.0,Gurgaon,H71568472
Sohna,28.3241636,77.0848644,1275.0,2,2.0,,1,Semifurnished,Apartment,9499999.0,Gurgaon,N71550700
Sohna,28.3241636,77.0848644,597.53,2,2.0,,1,Semifurnished,Apartment,400000.0,Gurgaon,Q71504512
Sector-33 Sohna,28.3241636,77.0848644,1350.0,3,4.0,,5,Semifurnished,Apartment,18000000.0,Gurgaon,L71504478
South City 1,28.4188433,77.0440293,1620.00000000016,3,3.0,,6,Semifurnished,Independent/Builder Floor,17900000.0,Gurgaon,N71492632
Sohna,28.3241636,77.0848644,519.0,2,2.0,,1,Semifurnished,Apartment,2900000.0,Gurgaon,V71461192
Sector 103 Gurgaon,28.493087,76.9866453,1398.0,3,3.0,,1,Unknown,Apartment,9300000.0,Gurgaon,V71358092
Sector 89 Gurgaon,28.4184455,76.9457567,1300.0,3,3.0,,6,Unknown,Apartment,13500000.0,Gurgaon,A71358020
Sohna,28.3241636,77.0848644,790.0,2,2.0,,1,Semifurnished,Apartment,9750000.0,Gurgaon,U71305556
Sohna,28.3241636,77.0848644,790.0,2,2.0,,1,Semifurnished,Apartment,8700000.0,Gurgaon,N71283914
Dlf Phase 3,28.4919048,77.0937804,3500.0,5,6.0,,6,Semifurnished,Independent/Builder Floor,37500000.0,Gurgaon,J71224786
Sector 55 Gurgaon,28.4274166,77.1097538,1650.0,3,4.0,,3,Semifurnished,Apartment,19000000.0,Gurgaon,F71220272
Sector 53 Gurgaon,28.4487856,77.0988212,1650.0,3,4.0,,2,Semifurnished,Apartment,51000000.0,Gurgaon,M71193234
Suncity,28.507814,77.0713577,2100.0,3,4.0,,2,Semifurnished,Apartment,32500000.0,Gurgaon,N71172262
Sohna,28.3241636,77.0848644,994.16,3,3.0,,6,Semifurnished,Apartment,11250000.0,Gurgaon,Y71115070
Sohna,28.3241636,77.0848644,855.0,3,2.0,,6,Semifurnished,Independent/Builder Floor,8900000.0,Gurgaon,L71110462
Sohna,28.3241636,77.0848644,994.16,3,3.0,,1,Semifurnished,Apartment,11300000.0,Gurgaon,A71102352
Sector 102 Gurgaon,28.4754872,76.9711747,532.0,2,2.0,,1,Semifurnished,Apartment,5050000.0,Gurgaon,B71065896
Sector 59 Gurgaon,28.4030162,77.1066682,1650.0,5,5.0,,1,Unfurnished,Apartment,62500000.0,Gurgaon,B71014720
Sector 65 Gurgaon,28.4030162,77.0695893,1650.0,3,4.0,,6,Semifurnished,Apartment,53020000.0,Gurgaon,U71010870
Dlf Phase 4,28.4919048,77.0937804,5800.0,5,6.0,,1,Semifurnished,Apartment,87000000.0,Gurgaon,R70992812
Sector 59 Gurgaon,28.4030162,77.1066682,1717.0,3,3.0,,1,Semifurnished,Apartment,23000000.0,Gurgaon,K70989756
Sector 107 Gurgaon,28.506941,76.9752137,544.0,2,2.0,,1,Unfurnished,Apartment,5000000.0,Gurgaon,K70980350
Sector 104 Gurgaon,28.4795324,76.9937197,2350.0,3,4.0,,1,Semifurnished,Apartment,28500000.0,Gurgaon,T70975726
Sector 102 Gurgaon,28.4754872,76.9711747,1550.0,3,3.0,,1,Unfurnished,Apartment,17500000.0,Gurgaon,Z70958054
Sector 60 Gurgaon,28.3985617,77.0978276,921.0,2,3.0,,1,Unknown,Apartment,23800000.0,Gurgaon,Y70842368
C Block Sushant Lok Phase 1,28.4545693,77.0826249,4185.00000000041,4,5.0,,1,Unfurnished,Independent/Builder Floor,46000000.0,Gurgaon,E70749734
Sector 111 Gurgaon,28.5222773,77.0336203,2115.0,3,4.0,,1,Semifurnished,Apartment,28000000.0,Gurgaon,L70706992
Sector 92 Gurgaon,28.4089049,76.9155232,1650.0,3,4.0,,1,Semifurnished,Apartment,17000000.0,Gurgaon,I70670766
Sector 109 Gurgaon,28.5109205,77.0065956,1650.0,4,5.0,,6,Semifurnished,Apartment,31000000.0,Gurgaon,F70784010
Sector 82 Gurgaon,28.3932827,76.9545277,1650.0,2,2.0,,1,Unknown,Independent/Builder Floor,7800000.0,Gurgaon,B66998776
Sector 88B Gurgaon,28.4420223,76.9538495,1350.0,2,2.0,,6,Semifurnished,Independent/Builder Floor,8600000.0,Gurgaon,Q64411730
Sector 83 Gurgaon,28.3963578,76.9654747,1650.0,2,2.0,,6,Semifurnished,Independent/Builder Floor,5900000.0,Gurgaon,W49929616
Sector 83 Gurgaon,28.3963578,76.9654747,1650.0,2,2.0,,6,Semifurnished,Independent/Builder Floor,5300000.0,Gurgaon,S49929590
Sector 82A Gurgaon,28.3881583,76.96273,1650.0,3,3.0,,6,Semifurnished,Apartment,17000000.0,Gurgaon,Z64412464
Sector 110 A Gurgaon,28.5069625,77.018321,1650.0,4,4.0,,2,Semifurnished,Apartment,25500000.0,Gurgaon,A70859776
Sector 48 Gurgaon,28.4104903,77.0394627,1650.0,3,3.0,,2,Semifurnished,Apartment,26555555.0,Gurgaon,R71563304
Sector 67 Gurgaon,28.3864052,77.0598046,1650.0,3,3.0,,1,Semifurnished,Apartment,24000000.0,Gurgaon,B62588794
Nirvana Country,28.4150509,77.0642955,2100.0,4,4.0,,6,Semifurnished,Independent/Builder Floor,31500000.0,Gurgaon,B71446554
Sector 48 Gurgaon,28.4104903,77.0394627,1650.0,3,3.0,,2,Semifurnished,Apartment,25000000.0,Gurgaon,D62179190
Sector 63A Gurgaon,28.4618719,77.05688,1577.0,3,3.0,,5,Semifurnished,Independent/Builder Floor,32500000.0,Gurgaon,P66788196
Sector 63A Gurgaon,28.4618719,77.05688,1300.0,3,4.0,,6,Unfurnished,Apartment,18500000.0,Gurgaon,X71015964
Sector 66 Gurgaon,28.3974292,77.0538823,1800.0,4,5.0,,1,Semifurnished,Apartment,35000000.0,Gurgaon,J71703204
Sector 48 Gurgaon,28.4104903,77.0394627,1650.0,3,3.0,,2,Semifurnished,Apartment,17500000.0,Gurgaon,I71615182
Sector 62 Gurgaon,28.407697,77.0823781,1500.0,2,2.0,,6,Semifurnished,Apartment,24000000.0,Gurgaon,O70938892
Sector 90 Gurgaon,28.4069974,76.9365562,1650.0,4,4.0,,1,Semifurnished,Apartment,20000000.0,Gurgaon,H42579745
Sector 90 Gurgaon,28.4069974,76.9365562,1650.0,3,3.0,,1,Unknown,Apartment,14700000.0,Gurgaon,Z42579727
Sector 90 Gurgaon,28.4069974,76.9365562,1650.0,4,4.0,,1,Semifurnished,Apartment,17000000.0,Gurgaon,X42168161
Palam Vihar,28.4983353,77.0203007,2520.00000000025,4,3.0,,1,Semifurnished,Independent/Builder Floor,23900000.0,Gurgaon,W58584750
Dlf Phase 2,28.483901,77.0846097,3618.00000000036,4,4.0,,6,Semifurnished,Independent/Builder Floor,42000000.0,Gurgaon,A71637406
Dlf Phase 4,28.4919048,77.0937804,3240.00000000032,4,4.0,,6,Semifurnished,Independent/Builder Floor,41000000.0,Gurgaon,I71547398
Sector 57 Gurgaon,28.4232478,77.0804487,1200.0,3,3.0,,6,Semifurnished,Independent/Builder Floor,16800000.0,Gurgaon,P70992024
Sector 54 Gurgaon,28.433569,77.1055815,1983.0,3,3.0,,2,Semifurnished,Apartment,48000000.0,Gurgaon,Q70269340
Sector 48 Gurgaon,28.4104903,77.0394627,2502.00000000025,3,3.0,,6,Semifurnished,Independent/Builder Floor,25000000.0,Gurgaon,Q69518156
Sector 77 Gurgaon,28.3832337,76.982557,1602.0,3,3.0,,6,Semifurnished,Apartment,20000000.0,Gurgaon,P71462468
Sector 85 Gurgaon,28.3985762,76.9547447,1650.0,2,2.0,,1,Semifurnished,Apartment,13500000.0,Gurgaon,T71781546
Sector 85 Gurgaon,28.3985762,76.9547447,1650.0,2,2.0,,1,Semifurnished,Apartment,13500000.0,Gurgaon,G71698234
Sector 68 Gurgaon,28.388897,77.0459859,1650.0,2,2.0,,6,Semifurnished,Apartment,11000000.0,Gurgaon,S71444974
Sector 68 Gurgaon,28.388897,77.0459859,1245.0,2,2.0,,1,Semifurnished,Apartment,10000000.0,Gurgaon,W71444346
Nirvana Country,28.4150509,77.0642955,1550.0,3,4.0,,2,Semifurnished,Apartment,19800000.0,Gurgaon,Z71367682
Sector 62 Gurgaon,28.407697,77.0823781,2409.0,3,4.0,,1,Semifurnished,Apartment,82000000.0,Gurgaon,H71297658
Nirvana Country,28.4150509,77.0642955,2200.0,3,3.0,,2,Semifurnished,Apartment,29800000.0,Gurgaon,W71236080
Sector 90 Gurgaon,28.4069974,76.9365562,1650.0,3,4.0,,1,Semifurnished,Apartment,10000000.0,Gurgaon,D68459290
Sector 70A Gurgaon,28.3846684,77.0220391,1650.0,3,3.0,,1,Semifurnished,Apartment,16800000.0,Gurgaon,C70882630
Sector 70A Gurgaon,28.3846684,77.0220391,1400.0,3,3.0,,1,Semifurnished,Apartment,16470000.0,Gurgaon,Y70882622
Sector 61 Gurgaon,28.4110188,77.0963685,1249.65,3,4.0,,5,Semifurnished,Apartment,41200000.0,Gurgaon,Z70734370
Sector 61 Gurgaon,28.4110188,77.0963685,1249.65,3,4.0,,5,Semifurnished,Apartment,41500000.0,Gurgaon,N70589852
Sector 81 Gurgaon,28.3873647,76.9475835,1650.0,3,4.0,,6,Semifurnished,Apartment,27500000.0,Gurgaon,G71792452
Sector 81 Gurgaon,28.3873647,76.9475835,1650.0,3,4.0,,2,Semifurnished,Apartment,26200000.0,Gurgaon,P71745288
Sector 81 Gurgaon,28.3873647,76.9475835,1650.0,3,4.0,,1,Semifurnished,Apartment,26000000.0,Gurgaon,A71745096
Sector 54 Gurgaon,28.433569,77.1055815,1650.0,3,4.0,,1,Semifurnished,Apartment,51500000.0,Gurgaon,N71741416
Sushant Lok Phase 3,28.464228,77.076724,2700.00000000027,4,5.0,,1,Semifurnished,Independent/Builder Floor,23500000.0,Gurgaon,I71730588
Sushant Lok Phase 3,28.464228,77.076724,2690.9787627956,3,3.0,,6,Semifurnished,Independent/Builder Floor,19500000.0,Gurgaon,I71705954
Sector 54 Gurgaon,28.433569,77.1055815,1650.0,4,5.0,,1,Unknown,Apartment,140000000.0,Gurgaon,S71687414
Sector 46 Gurgaon,28.4268461,77.0584252,4300.0,3,3.0,,2,Semifurnished,Independent/Builder Floor,27000000.0,Gurgaon,K71683218
Sector 46 Gurgaon,28.4268461,77.0584252,2367.00000000023,3,3.0,,6,Semifurnished,Independent/Builder Floor,18300000.0,Gurgaon,E71678876
Sector 42 Gurgaon,28.4487856,77.0988212,1650.0,5,5.0,,3,Semifurnished,Apartment,250000000.0,Gurgaon,A71662706
Dlf Phase 5,28.503445,77.0952048,1650.0,4,5.0,,3,Unknown,Apartment,80000000.0,Gurgaon,E71662570
Sector 83 Gurgaon,28.3963578,76.9654747,2444.94,5,7.0,,1,Semifurnished,Apartment,40000000.0,Gurgaon,S71657748
Sector 57 Gurgaon,28.4232478,77.0804487,2367.00000000023,3,3.0,,1,Semifurnished,Independent/Builder Floor,18000000.0,Gurgaon,Y71655720
Sector 102 Gurgaon,28.4754872,76.9711747,734.8,2,2.0,,5,Semifurnished,Apartment,14000000.0,Gurgaon,E71621068
Sector 62 Gurgaon,28.407697,77.0823781,1650.0,2,2.0,,6,Semifurnished,Apartment,27000000.0,Gurgaon,D71612428
Sector 106 Gurgaon,28.5060806,76.9967796,1855.0,3,4.0,,5,Semifurnished,Apartment,26500000.0,Gurgaon,Z71605296
Sector 106 Gurgaon,28.5060806,76.9967796,2700.0,4,4.0,,5,Semifurnished,Apartment,39500000.0,Gurgaon,O71605274
Sector 106 Gurgaon,28.5060806,76.9967796,2050.0,3,3.0,,5,Semifurnished,Apartment,28000000.0,Gurgaon,F71605252
Sector 104 Gurgaon,28.4795324,76.9937197,1650.0,3,4.0,,1,Semifurnished,Apartment,19900000.0,Gurgaon,G71595658
Sector 77 Gurgaon,28.3832337,76.982557,1650.0,3,3.0,,1,Semifurnished,Apartment,15500000.0,Gurgaon,X71582806
Sector 86 Gurgaon,28.3981205,76.9411257,1650.0,3,3.0,,1,Semifurnished,Apartment,19800000.0,Gurgaon,U71578576
Sector 102 Gurgaon,28.4754872,76.9711747,1255.73,3,4.0,,1,Semifurnished,Apartment,20000000.0,Gurgaon,A71577500
Sector 102 Gurgaon,28.4754872,76.9711747,1650.0,3,4.0,,1,Semifurnished,Apartment,25000000.0,Gurgaon,P71546764
Sector 102 Gurgaon,28.4754872,76.9711747,1022.58,3,3.0,,1,Semifurnished,Apartment,17500000.0,Gurgaon,K71546556
Sector 65 Gurgaon,28.4030162,77.0695893,1650.0,4,4.0,,5,Semifurnished,Apartment,109000000.0,Gurgaon,W71522494
Sector 72 Gurgaon,28.3943815,77.032363,1700.0,3,4.0,,1,Semifurnished,Apartment,35000000.0,Gurgaon,W71510162
Sector 72 Gurgaon,28.3943815,77.032363,1900.0,3,3.0,,1,Semifurnished,Apartment,39000000.0,Gurgaon,X71510122
Sector 72 Gurgaon,28.3943815,77.032363,1900.0,4,5.0,,1,Semifurnished,Apartment,46500000.0,Gurgaon,D71510092
Sector 86 Gurgaon,28.3981205,76.9411257,1650.0,3,3.0,,1,Unfurnished,Apartment,20000000.0,Gurgaon,G71488814
Sector 83 Gurgaon,28.3963578,76.9654747,1240.04,3,3.0,,1,Semifurnished,Apartment,20500000.0,Gurgaon,S71475052
Sector 83 Gurgaon,28.3963578,76.9654747,1240.04,3,3.0,,1,Semifurnished,Apartment,20000000.0,Gurgaon,Q71474892
Sector 54 Gurgaon,28.433569,77.1055815,1650.0,3,3.0,,1,Semifurnished,Apartment,60500000.0,Gurgaon,F71360608
Sector 77 Gurgaon,28.3832337,76.982557,1177.0,3,4.0,,2,Semifurnished,Apartment,14200000.0,Gurgaon,V71300986
Sector 77 Gurgaon,28.3832337,76.982557,1177.0,3,4.0,,2,Semifurnished,Apartment,13500000.0,Gurgaon,Z71292630
Sector 23 Gurgaon,28.510319,77.0530094,1800.0,3,3.0,,6,Semifurnished,Independent/Builder Floor,18500000.0,Gurgaon,V71269544
Sector 54 Gurgaon,28.433569,77.1055815,1650.0,4,5.0,,2,Semifurnished,Apartment,95000000.0,Gurgaon,V7389061
Sector 65 Gurgaon,28.4030162,77.0695893,1650.0,4,4.0,,5,Semifurnished,Apartment,145000000.0,Gurgaon,P71183290
Sector 92 Gurgaon,28.4089049,76.9155232,1650.0,3,3.0,,1,Semifurnished,Apartment,16500000.0,Gurgaon,B71122758
Sector 61 Gurgaon,28.4110188,77.0963685,1249.65,3,4.0,,5,Semifurnished,Apartment,38000000.0,Gurgaon,N70994914
Dlf Phase 2,28.483901,77.0846097,2000.0,4,4.0,,5,Unfurnished,Independent/Builder Floor,35000000.0,Gurgaon,L70832100
Sector 66 Gurgaon,28.3974292,77.0538823,1650.0,3,3.0,,2,Semifurnished,Apartment,35000000.0,Gurgaon,Y70808630
Sector 79 Gurgaon,28.4618719,77.05688,1600.0,3,3.0,,6,Semifurnished,Apartment,18500000.0,Gurgaon,K70723976
Sector 79 Gurgaon,28.4618719,77.05688,1900.0,4,4.0,,6,Semifurnished,Apartment,20000000.0,Gurgaon,R70723418
Sector 79 Gurgaon,28.4618719,77.05688,1071.33,3,4.0,,1,Semifurnished,Apartment,16000000.0,Gurgaon,X70444402
Sector 54 Gurgaon,28.433569,77.1055815,1650.0,3,4.0,,2,Semifurnished,Apartment,84000000.0,Gurgaon,D7984305
Sector 90 Gurgaon,28.4069974,76.9365562,1650.0,3,3.0,,6,Semifurnished,Apartment,14200000.0,Gurgaon,R42168037
Sohna,28.3241636,77.0848644,849.0,2,2.0,,3,Semifurnished,Apartment,9890000.0,Gurgaon,U70910504
Sector 43 Gurgaon,28.4487856,77.0988212,1650.0,4,4.0,,1,Semifurnished,Apartment,28500000.0,Gurgaon,M43155817
Sector 83 Gurgaon,28.3963578,76.9654747,1240.04,3,3.0,,1,Semifurnished,Apartment,18500000.0,Gurgaon,J56394836
Sector 54 Gurgaon,28.433569,77.1055815,2400.0,4,4.0,,1,Semifurnished,Apartment,75000000.0,Gurgaon,X71672926
Sector 66 Gurgaon,28.3974292,77.0538823,3500.0,4,4.0,,1,Semifurnished,Independent/Builder Floor,63000000.0,Gurgaon,C71364720
Sushant Lok Phase 1,28.4545693,77.0826249,2250.0,4,4.0,,6,Semifurnished,Independent/Builder Floor,31000000.0,Gurgaon,D71354874
Sector 66 Gurgaon,28.3974292,77.0538823,900.0,2,2.0,,1,Semifurnished,Apartment,15500000.0,Gurgaon,T67758990
Sector 66 Gurgaon,28.3974292,77.0538823,2800.0,3,5.0,,1,Semifurnished,Apartment,55000000.0,Gurgaon,A71011458
Sector 65 Gurgaon,28.4030162,77.0695893,900.0,2,2.0,,5,Semifurnished,Apartment,16000000.0,Gurgaon,P69010592
Sector 65 Gurgaon,28.4030162,77.0695893,1600.0,3,4.0,,5,Semifurnished,Apartment,25000000.0,Gurgaon,L69010672
Sector 99A Gurgaon,28.4554059,76.9510278,1650.0,3,3.0,,5,Unknown,Independent/Builder Floor,14000000.0,Gurgaon,O71770430
Sector 30 Gurgaon,28.4618719,77.05688,3450.0,4,4.0,,2,Semifurnished,Apartment,72000000.0,Gurgaon,R71748320
Sector 48 Gurgaon,28.4104903,77.0394627,1700.0,3,3.0,,6,Semifurnished,Independent/Builder Floor,15500000.0,Gurgaon,P71733988
Dlf Phase 4,28.4919048,77.0937804,1500.0,3,3.0,,3,Semifurnished,Apartment,23500000.0,Gurgaon,X71732514
Sector 70A Gurgaon,28.3846684,77.0220391,1650.0,2,2.0,,1,Semifurnished,Apartment,16000000.0,Gurgaon,P71676000
Dlf Phase 4,28.4919048,77.0937804,1500.0,3,2.0,,3,Semifurnished,Apartment,26000000.0,Gurgaon,S71656020
Dlf Phase 4,28.4919048,77.0937804,4100.0,4,5.0,,3,Semifurnished,Apartment,75000000.0,Gurgaon,P71604020
Sector 37D Gurgaon,28.4480039,76.9697682,1650.0,4,3.0,,6,Semifurnished,Apartment,19000000.0,Gurgaon,V71557826
Sector 62 Gurgaon,28.407697,77.0823781,2000.0,3,4.0,,6,Semifurnished,Apartment,43900000.0,Gurgaon,V71533134
Sector 69 Gurgaon,28.3960701,77.0372311,1578.0,3,3.0,,1,Semifurnished,Apartment,17800000.0,Gurgaon,B71500250
Sector 84 Gurgaon,28.4035469,76.9677894,2100.0,3,4.0,,5,Semifurnished,Apartment,35000000.0,Gurgaon,F71478008
Sector 83 Gurgaon,28.3963578,76.9654747,1000.0,3,2.0,,5,Semifurnished,Apartment,11900000.0,Gurgaon,J71472374
Sector 85 Gurgaon,28.3985762,76.9547447,1650.0,3,4.0,,1,Semifurnished,Apartment,16536000.0,Gurgaon,U71438502
Sector 37D Gurgaon,28.4480039,76.9697682,1650.0,3,3.0,,1,Semifurnished,Apartment,18000000.0,Gurgaon,V71438296
Sector 22 Gurgaon,28.4947315,77.0691703,1459.0,3,4.0,,1,Semifurnished,Apartment,39500000.0,Gurgaon,O71438132
Sector 85 Gurgaon,28.3985762,76.9547447,1650.0,3,4.0,,1,Unknown,Apartment,16500000.0,Gurgaon,S71432684
Sector 37D Gurgaon,28.4480039,76.9697682,996.13,3,3.0,,1,Semifurnished,Apartment,18000000.0,Gurgaon,R71432424
Block B Sector 2 Palam Vihar,28.484711,77.0273173,2100.0,3,3.0,,6,Semifurnished,Independent/Builder Floor,13500000.0,Gurgaon,U71412952
Sector 102 Gurgaon,28.4754872,76.9711747,1650.0,3,4.0,,1,Semifurnished,Apartment,27000000.0,Gurgaon,O71366790
Sector 67A Gurgaon,28.4618719,77.05688,598.0,2,2.0,,6,Semifurnished,Apartment,6000000.0,Gurgaon,U71262976
Sector 46 Gurgaon,28.4268461,77.0584252,1850.0,3,3.0,,6,Semifurnished,Independent/Builder Floor,24500000.0,Gurgaon,Q71211406
Dlf Phase 2,28.483901,77.0846097,2430.00000000024,4,4.0,,5,Unfurnished,Independent/Builder Floor,35000000.0,Gurgaon,X71161002
Sector 92 Gurgaon,28.4089049,76.9155232,1800.0,3,3.0,,5,Semifurnished,Independent/Builder Floor,15000000.0,Gurgaon,D71160406
Sector 57 Gurgaon,28.4232478,77.0804487,1200.0,1,1.0,,5,Unfurnished,Apartment,12706000.0,Gurgaon,U71088464
Sector 10A Gurgaon,28.4445813,77.0060231,1600.0,4,4.0,,6,Unfurnished,Independent/Builder Floor,18500000.0,Gurgaon,B71004396
Sector 104 Gurgaon,28.4795324,76.9937197,1389.0,3,2.0,,5,Semifurnished,Apartment,14200000.0,Gurgaon,O70815008
Sector 82 Gurgaon,28.3932827,76.9545277,1650.0,2,2.0,,6,Semifurnished,Independent/Builder Floor,6800000.0,Gurgaon,M46544977
Sector 82 Gurgaon,28.3932827,76.9545277,1650.0,3,3.0,,6,Semifurnished,Independent/Builder Floor,8200000.0,Gurgaon,A48970831
Palam Vihar,28.4983353,77.0203007,2400.0,4,4.0,,6,Semifurnished,Independent/Builder Floor,28500000.0,Gurgaon,L70117648
Sector 109 Gurgaon,28.5109205,77.0065956,1650.0,3,4.0,,1,Semifurnished,Apartment,22500000.0,Gurgaon,M71164736
Sector 85 Gurgaon,28.3985762,76.9547447,1840.62947375219,4,5.0,,5,Semifurnished,Apartment,28200000.0,Gurgaon,Y71705270
Sector 86 Gurgaon,28.3981205,76.9411257,1036.0,2,2.0,,1,Semifurnished,Apartment,15200000.0,Gurgaon,V71704686
Sector 82 Gurgaon,28.3932827,76.9545277,929.0,2,2.0,,1,Unfurnished,Independent/Builder Floor,6800000.0,Gurgaon,T71704470
Sector 81 Gurgaon,28.3873647,76.9475835,894.0,2,2.0,,1,Semifurnished,Apartment,10600000.0,Gurgaon,T71703542
Sector 70 Gurgaon,28.3947261,77.0223138,1650.0,3,4.0,,1,Semifurnished,Apartment,16500000.0,Gurgaon,T71568096
Sector 86 Gurgaon,28.3981205,76.9411257,1036.0,2,2.0,,1,Semifurnished,Apartment,15500000.0,Gurgaon,J71497046
Sector 86 Gurgaon,28.3981205,76.9411257,1351.0,3,3.0,,1,Semifurnished,Apartment,17000000.0,Gurgaon,W71496756
Sector 81 Gurgaon,28.3873647,76.9475835,2320.0,4,5.0,,1,Semifurnished,Apartment,32800000.0,Gurgaon,N71464344
Sector 92 Gurgaon,28.4089049,76.9155232,1732.0,4,5.0,,1,Semifurnished,Apartment,22400000.0,Gurgaon,W71442412
Sector 92 Gurgaon,28.4089049,76.9155232,1720.0,4,5.0,,1,Unfurnished,Apartment,22500000.0,Gurgaon,B71426826
Sector 86 Gurgaon,28.3981205,76.9411257,1036.0,2,2.0,,1,Semifurnished,Apartment,15800000.0,Gurgaon,Y71402634
Sector 92 Gurgaon,28.4089049,76.9155232,1627.0,4,4.0,,1,Semifurnished,Apartment,21000000.0,Gurgaon,T71238368
Sector 86 Gurgaon,28.3981205,76.9411257,1050.0,2,2.0,,1,Unfurnished,Apartment,15000000.0,Gurgaon,A70958898
Sector 91 Gurgaon,28.4007588,76.9210802,1789.5,3,3.0,,6,Semifurnished,Apartment,14500000.0,Gurgaon,P71619660
Sector 53 Gurgaon,28.4487856,77.0988212,1638.0,3,2.0,,5,Semifurnished,Apartment,71700000.0,Gurgaon,R71576334
Sector 81 Gurgaon,28.3873647,76.9475835,2103.0,3,3.0,,1,Semifurnished,Apartment,23500000.0,Gurgaon,D69017648
Sector 81 Gurgaon,28.3873647,76.9475835,2103.0,3,4.0,,1,Semifurnished,Apartment,24200000.0,Gurgaon,P69277410
Sector 108 Gurgaon,28.5128994,76.9823615,1650.0,3,3.0,,5,Semifurnished,Apartment,29900000.0,Gurgaon,F39059143
South City 1,28.4188433,77.0440293,1650.0,3,4.0,,6,Semifurnished,Independent/Builder Floor,28000000.0,Gurgaon,A70947052
Sector 49 Gurgaon,28.4127374,77.0555164,1650.0,3,3.0,,1,Semifurnished,Apartment,20000000.0,Gurgaon,Q70872804
Sector 48 Gurgaon,28.4104903,77.0394627,2500.0,4,4.0,,2,Semifurnished,Apartment,27000000.0,Gurgaon,T70788070
Dlf Phase 2,28.483901,77.0846097,2700.0,3,3.0,,2,Semifurnished,Independent/Builder Floor,24500000.0,Gurgaon,E70766480
Dlf Phase 2,28.483901,77.0846097,4500.0,4,4.0,,6,Semifurnished,Independent/Builder Floor,65000000.0,Gurgaon,A70680866
Sector 112 Gurgaon,28.5203402,77.0188612,1650.0,2,4.0,,6,Semifurnished,Apartment,29100000.0,Gurgaon,R53729930
Sector 111 Gurgaon,28.5222773,77.0336203,1650.0,3,4.0,,1,Semifurnished,Apartment,29700000.0,Gurgaon,O61070790
Dlf Phase 2,28.483901,77.0846097,1500.0,3,3.0,,6,Semifurnished,Independent/Builder Floor,27500000.0,Gurgaon,M70356980
Sector 112 Gurgaon,28.5203402,77.0188612,1650.0,5,6.0,,6,Semifurnished,Apartment,64500000.0,Gurgaon,C57072334
Sector 112 Gurgaon,28.5203402,77.0188612,1650.0,4,6.0,,1,Semifurnished,Apartment,54100000.0,Gurgaon,V69825368
Sector 112 Gurgaon,28.5203402,77.0188612,1650.0,4,6.0,,1,Semifurnished,Apartment,54000000.0,Gurgaon,D69825198
Sector 56 Gurgaon,28.4252244,77.0992377,2400.0,4,4.0,,1,Semifurnished,Independent/Builder Floor,40000000.0,Gurgaon,A69684058
Sector 102 Gurgaon,28.4754872,76.9711747,1650.0,4,5.0,,1,Semifurnished,Apartment,31500000.0,Gurgaon,Z59468502
Sector 104 Gurgaon,28.4795324,76.9937197,1650.0,2,3.0,,1,Semifurnished,Apartment,16500000.0,Gurgaon,J66338716
Sector 102 Gurgaon,28.4754872,76.9711747,1650.0,3,3.0,,1,Semifurnished,Apartment,17600000.0,Gurgaon,L59468276
Sector 102 Gurgaon,28.4754872,76.9711747,1650.0,3,4.0,,1,Semifurnished,Apartment,21700000.0,Gurgaon,P59468352
Sector 48 Gurgaon,28.4104903,77.0394627,2353.0,4,4.0,,2,Semifurnished,Apartment,25000000.0,Gurgaon,N67698528
Nirvana Country,28.4150509,77.0642955,1900.0,3,4.0,,2,Semifurnished,Apartment,27000000.0,Gurgaon,M70348110
Sector 79 Gurgaon,28.4618719,77.05688,1650.0,3,4.0,,6,Semifurnished,Apartment,18800000.0,Gurgaon,V55874710
Sector 103 Gurgaon,28.493087,76.9866453,605.0,2,2.0,,1,Semifurnished,Apartment,4900000.0,Gurgaon,C71270654
Sector 103 Gurgaon,28.493087,76.9866453,605.0,2,2.0,,1,Semifurnished,Apartment,4800000.0,Gurgaon,Z71270426
Sector 2 Gurgaon,28.5090499,77.0342831,1154.0,2,2.0,,3,Semifurnished,Apartment,7600000.0,Gurgaon,I70947358
Sector 82 Gurgaon,28.3932827,76.9545277,2750.0,4,4.0,,5,Semifurnished,Independent/Builder Floor,26000000.0,Gurgaon,Y70685060
Sector 84 Gurgaon,28.4035469,76.9677894,1650.0,3,3.0,,1,Semifurnished,Apartment,13400000.0,Gurgaon,B71333932
Sector 102 Gurgaon,28.4754872,76.9711747,1000.0,2,2.0,,1,Semifurnished,Apartment,14500000.0,Gurgaon,G71292920
Sector 81 Gurgaon,28.3873647,76.9475835,1650.0,4,4.0,,1,Semifurnished,Apartment,38000000.0,Gurgaon,L71173818
Sector 113 Gurgaon,28.5286649,77.0250282,1650.0,3,3.0,,6,Semifurnished,Apartment,34800000.0,Gurgaon,F68953504
Sector 112 Gurgaon,28.5203402,77.0188612,1650.0,3,5.0,,1,Semifurnished,Apartment,45000000.0,Gurgaon,X68659560
Sector 111 Gurgaon,28.5222773,77.0336203,1650.0,4,4.0,,5,Unfurnished,Apartment,37900000.0,Gurgaon,B67956872
Sector 111 Gurgaon,28.5222773,77.0336203,1650.0,4,4.0,,5,Unfurnished,Apartment,32900000.0,Gurgaon,P67956088
Sector 111 Gurgaon,28.5222773,77.0336203,1650.0,3,3.0,,5,Unfurnished,Apartment,30900000.0,Gurgaon,U67955968
Sector 111 Gurgaon,28.5222773,77.0336203,1650.0,3,3.0,,5,Unfurnished,Apartment,29600000.0,Gurgaon,M67955582
Sector 111 Gurgaon,28.5222773,77.0336203,1650.0,3,3.0,,5,Unfurnished,Apartment,25900000.0,Gurgaon,W67954610
Sector 111 Gurgaon,28.5222773,77.0336203,1650.0,3,3.0,,5,Unfurnished,Apartment,22900000.0,Gurgaon,W67952792
Sector 108 Gurgaon,28.5128994,76.9823615,1512.05,3,5.0,,5,Semifurnished,Apartment,42100000.0,Gurgaon,Y65360120
Sector 108 Gurgaon,28.5128994,76.9823615,1280.17,3,4.0,,5,Semifurnished,Apartment,35900000.0,Gurgaon,V65358392
Sector 108 Gurgaon,28.5128994,76.9823615,848.2,2,2.0,,5,Semifurnished,Apartment,24900000.0,Gurgaon,O65354616
Sector 113 Gurgaon,28.5286649,77.0250282,1650.0,4,4.0,,5,Semifurnished,Apartment,30500000.0,Gurgaon,K65293014
Sector 113 Gurgaon,28.5286649,77.0250282,1650.0,3,3.0,,5,Semifurnished,Apartment,24800000.0,Gurgaon,P65292798
Sector 62 Gurgaon,28.407697,77.0823781,1650.0,4,5.0,,2,Semifurnished,Apartment,67000000.0,Gurgaon,W71718910
Sector 79 Gurgaon,28.4618719,77.05688,1800.0,3,4.0,,6,Semifurnished,Apartment,21000000.0,Gurgaon,V71694726
Gwal Pahari,28.4326344,77.1480585,1650.0,4,6.0,,6,Semifurnished,Apartment,90000000.0,Gurgaon,K71665344
Sector 65 Gurgaon,28.4030162,77.0695893,1750.0,4,4.0,,2,Semifurnished,Independent/Builder Floor,26000000.0,Gurgaon,T71547440
Dlf Phase 4,28.4919048,77.0937804,1550.0,4,4.0,,6,Semifurnished,Independent/Builder Floor,55000000.0,Gurgaon,R71505664
Sector 65 Gurgaon,28.4030162,77.0695893,1550.0,4,4.0,,2,Semifurnished,Independent/Builder Floor,25500000.0,Gurgaon,R71411638
Sector 63 Gurgaon,28.3964476,77.086498,1250.0,2,2.0,,1,Semifurnished,Apartment,10500000.0,Gurgaon,J71411328
Sector 59 Gurgaon,28.4030162,77.1066682,1624.0,3,3.0,,6,Semifurnished,Apartment,56000000.0,Gurgaon,W67719742
Sector 79 Gurgaon,28.4618719,77.05688,1650.0,3,4.0,,6,Semifurnished,Apartment,17200000.0,Gurgaon,I65959712
Sector 65 Gurgaon,28.4030162,77.0695893,1650.0,2,2.0,,5,Semifurnished,Apartment,18000000.0,Gurgaon,O68725154
Sector 83 Gurgaon,28.3963578,76.9654747,1650.0,3,3.0,,2,Semifurnished,Apartment,20000000.0,Gurgaon,F71140786
Sector 57 Gurgaon,28.4232478,77.0804487,1650.0,3,4.0,,3,Semifurnished,Apartment,26000000.0,Gurgaon,P71009932
Sector 92 Gurgaon,28.4089049,76.9155232,1650.0,4,3.0,,2,Semifurnished,Apartment,7500000.0,Gurgaon,X70991688
Dlf Phase 4,28.4919048,77.0937804,1650.0,4,4.0,,5,Semifurnished,Independent/Builder Floor,70000000.0,Gurgaon,I70933430
Sector 67A Gurgaon,28.4618719,77.05688,1700.0,3,3.0,,1,Semifurnished,Apartment,26000000.0,Gurgaon,A70932056
Sector 48 Gurgaon,28.4104903,77.0394627,1700.0,4,4.0,,2,Semifurnished,Apartment,28500000.0,Gurgaon,B70930420
Dlf Phase 5,28.503445,77.0952048,1650.0,3,3.0,,3,Semifurnished,Apartment,21000000.0,Gurgaon,I70928066
Sector 48 Gurgaon,28.4104903,77.0394627,1650.0,4,4.0,,3,Semifurnished,Apartment,27000000.0,Gurgaon,O70927628
Sector 92 Gurgaon,28.4089049,76.9155232,1650.0,3,3.0,,5,Semifurnished,Independent/Builder Floor,17000000.0,Gurgaon,A62529916
Sector 65 Gurgaon,28.4030162,77.0695893,1550.0,3,3.0,,1,Semifurnished,Apartment,22500000.0,Gurgaon,D68307938
Sector 67 Gurgaon,28.3864052,77.0598046,2200.0,4,5.0,,1,Semifurnished,Apartment,44000000.0,Gurgaon,Z46185039
Sector 67 Gurgaon,28.3864052,77.0598046,2100.0,3,3.0,,1,Semifurnished,Apartment,36000000.0,Gurgaon,H46011355
Sector 67 Gurgaon,28.3864052,77.0598046,1050.0,2,2.0,,1,Semifurnished,Apartment,20500000.0,Gurgaon,U46011145
Sector 90 Gurgaon,28.4069974,76.9365562,1613.0,2,2.0,,1,Semifurnished,Apartment,11800000.0,Gurgaon,R71737564
Sector 90 Gurgaon,28.4069974,76.9365562,1650.0,3,3.0,,2,Semifurnished,Apartment,13500000.0,Gurgaon,M67393852
Sector 70 Gurgaon,28.3947261,77.0223138,1520.0,3,5.0,,1,Semifurnished,Apartment,18000000.0,Gurgaon,H58498250
Sector 91 Gurgaon,28.4007588,76.9210802,1843.0,4,4.0,,1,Semifurnished,Apartment,17000000.0,Gurgaon,G71640454
Vigyan Vihar,28.6605415,77.3126204,1500.0,3,2.0,,3,Semifurnished,Apartment,13500000.0,Gurgaon,R71624198
Sector 92 Gurgaon,28.4089049,76.9155232,2050.0,4,4.0,,1,Semifurnished,Independent/Builder Floor,16200000.0,Gurgaon,H70489012
Mayfield Garden,28.4227493,77.0705636,1850.0,3,3.0,,1,Semifurnished,Independent/Builder Floor,14000000.0,Gurgaon,U71510188
Sector 65 Gurgaon,28.4030162,77.0695893,890.0,2,2.0,,1,Semifurnished,Apartment,14500000.0,Gurgaon,I71496900
Sector 79 Gurgaon,28.4618719,77.05688,1800.0,3,3.0,,1,Semifurnished,Apartment,18000000.0,Gurgaon,M71473538
Sector 55 Gurgaon,28.4274166,77.1097538,2100.0,4,4.0,,3,Semifurnished,Apartment,16000000.0,Gurgaon,A71456838
Sector 60 Gurgaon,28.3985617,77.0978276,921.0,2,3.0,,2,Semifurnished,Apartment,22500000.0,Gurgaon,R71447442
Sector 66 Gurgaon,28.3974292,77.0538823,1710.0,4,5.0,,1,Semifurnished,Apartment,32000000.0,Gurgaon,S70316490
Nirvana Country,28.4150509,77.0642955,3330.00000000033,4,4.0,,6,Semifurnished,Independent/Builder Floor,40000000.0,Gurgaon,L71409558
Sector 74 Gurgaon,28.4110081,77.0101209,1320.0,2,2.0,,1,Semifurnished,Apartment,16500000.0,Gurgaon,U71382354
Sector 91 Gurgaon,28.4007588,76.9210802,1650.0,4,4.0,,2,Semifurnished,Apartment,17000000.0,Gurgaon,P71366940
Sector 62 Gurgaon,28.407697,77.0823781,1710.0,3,3.0,,6,Semifurnished,Apartment,42500000.0,Gurgaon,Z69965842
Sector 57 Gurgaon,28.4232478,77.0804487,1650.0,3,3.0,,3,Semifurnished,Independent/Builder Floor,12000000.0,Gurgaon,S71331282
Vigyan Vihar,28.6605415,77.3126204,1560.0,3,2.0,,3,Semifurnished,Apartment,13500000.0,Gurgaon,G71281692
Sector 65 Gurgaon,28.4030162,77.0695893,1650.0,4,3.0,,1,Semifurnished,Independent/Builder Floor,28000000.0,Gurgaon,W71275650
Sector 65 Gurgaon,28.4030162,77.0695893,1650.0,3,3.0,,1,Semifurnished,Apartment,27500000.0,Gurgaon,T71275238
Sector 83 Gurgaon,28.3963578,76.9654747,1244.33,3,4.0,,1,Semifurnished,Apartment,19500000.0,Gurgaon,L69563442
Sector 72 Gurgaon,28.3943815,77.032363,1435.0,3,3.0,,1,Semifurnished,Apartment,33000000.0,Gurgaon,F71162528
Sector 92 Gurgaon,28.4089049,76.9155232,1650.0,3,3.0,,5,Semifurnished,Independent/Builder Floor,15000000.0,Gurgaon,W71113622
Sector 79 Gurgaon,28.4618719,77.05688,863.91,3,3.0,,1,Semifurnished,Apartment,13000000.0,Gurgaon,L70996886
Sector 92 Gurgaon,28.4089049,76.9155232,1532.0,4,4.0,,5,Semifurnished,Independent/Builder Floor,18500000.0,Gurgaon,N70952172
Sector 57 Gurgaon,28.4232478,77.0804487,2000.0,3,3.0,,1,Semifurnished,Independent/Builder Floor,17500000.0,Gurgaon,Y70900502
Sector 81 Gurgaon,28.3873647,76.9475835,1650.0,3,3.0,,1,Semifurnished,Apartment,7500000.0,Gurgaon,E70707418
Sohna,28.3241636,77.0848644,597.53,2,2.0,,1,Semifurnished,Apartment,3700000.0,Gurgaon,B70596420
Dlf Phase 5,28.503445,77.0952048,1650.0,3,3.0,,3,Semifurnished,Apartment,20000000.0,Gurgaon,V70591646
Dlf Phase 5,28.503445,77.0952048,1650.0,4,4.0,,2,Semifurnished,Apartment,52500000.0,Gurgaon,M70588660
Sector 102 Gurgaon,28.4754872,76.9711747,1022.58,3,3.0,,1,Semifurnished,Apartment,16000000.0,Gurgaon,Q67478474
Palam Vihar,28.4983353,77.0203007,1565.0,2,2.0,,3,Semifurnished,Independent/Builder Floor,9500000.0,Gurgaon,V71611600
Sector 65 Gurgaon,28.4030162,77.0695893,2500.0,4,4.0,,1,Semifurnished,Apartment,42500000.0,Gurgaon,L67871124
Dlf Phase 5,28.503445,77.0952048,2200.0,3,3.0,,1,Semifurnished,Apartment,55000000.0,Gurgaon,H67895404
Sector 54 Gurgaon,28.433569,77.1055815,1983.0,3,3.0,,2,Semifurnished,Apartment,50000000.0,Gurgaon,I71390150
Sector 53 Gurgaon,28.4487856,77.0988212,1646.0,3,4.0,,5,Semifurnished,Apartment,56200000.0,Gurgaon,C71165340
Sector 66 Gurgaon,28.3974292,77.0538823,2345.0,4,5.0,,6,Semifurnished,Apartment,34500000.0,Gurgaon,H71612178
Sector 61 Gurgaon,28.4110188,77.0963685,1530.0,3,3.0,,5,Semifurnished,Independent/Builder Floor,20137000.0,Gurgaon,I71516602
Sector 62 Gurgaon,28.407697,77.0823781,1408.0,2,2.0,,6,Semifurnished,Apartment,26000000.0,Gurgaon,T71515464
Sector 58 Gurgaon,28.4160012,77.1085564,1860.0,3,4.0,,6,Semifurnished,Apartment,42423212.0,Gurgaon,Q71505994
Sector 60 Gurgaon,28.3985617,77.0978276,1289.0,3,4.0,,6,Unfurnished,Apartment,29536362.0,Gurgaon,R71504956
Sector 60 Gurgaon,28.3985617,77.0978276,921.0,2,3.0,,6,Semifurnished,Apartment,22526262.0,Gurgaon,I71504864
Sector 76 Gurgaon,28.3910112,76.9900243,726.0,2,2.0,,6,Semifurnished,Apartment,2500000.0,Gurgaon,Z69527604
Sector 76 Gurgaon,28.3910112,76.9900243,735.0,2,2.0,,6,Semifurnished,Apartment,2590000.0,Gurgaon,N69528368
Sector 76 Gurgaon,28.3910112,76.9900243,611.92857065972,2,2.0,,6,Semifurnished,Apartment,4500000.0,Gurgaon,L69712920
Sector 65 Gurgaon,28.4030162,77.0695893,1300.0,3,4.0,,5,Semifurnished,Apartment,25340000.0,Gurgaon,W71654562
Sector 65 Gurgaon,28.4030162,77.0695893,1100.0,2,2.0,,5,Semifurnished,Apartment,16200000.0,Gurgaon,I71654150
Sector 63 Gurgaon,28.3964476,77.086498,1100.0,2,2.0,,1,Semifurnished,Apartment,13000000.0,Gurgaon,M71491742
Sector 63 Gurgaon,28.3964476,77.086498,2100.0,4,5.0,,1,Semifurnished,Apartment,18100000.0,Gurgaon,F71491608
Sector 63 Gurgaon,28.3964476,77.086498,1500.0,3,4.0,,1,Semifurnished,Apartment,18000000.0,Gurgaon,B71490608
Sector 107 Gurgaon,28.506941,76.9752137,489.0,2,2.0,,6,Semifurnished,Apartment,3200000.0,Gurgaon,E71458034
Sector 107 Gurgaon,28.506941,76.9752137,489.0,2,2.0,,6,Semifurnished,Apartment,2900000.0,Gurgaon,S71457762
Sector 62 Gurgaon,28.407697,77.0823781,2600.0,4,5.0,,1,Semifurnished,Apartment,46000000.0,Gurgaon,G71454798
Sector 61 Gurgaon,28.4110188,77.0963685,1200.0,2,2.0,,5,Semifurnished,Apartment,13000000.0,Gurgaon,D71282018
Sector 61 Gurgaon,28.4110188,77.0963685,1150.0,2,3.0,,5,Semifurnished,Apartment,13200000.0,Gurgaon,I71173698
Sector 61 Gurgaon,28.4110188,77.0963685,1200.0,2,2.0,,5,Semifurnished,Apartment,13500000.0,Gurgaon,V71173446
Sector 72 Gurgaon,28.3943815,77.032363,2500.0,4,5.0,,1,Semifurnished,Apartment,37500000.0,Gurgaon,E71173200
Sector 72 Gurgaon,28.3943815,77.032363,2500.0,4,5.0,,1,Semifurnished,Apartment,38500000.0,Gurgaon,O71171710
Sector 72 Gurgaon,28.3943815,77.032363,1800.0,4,4.0,,1,Semifurnished,Apartment,39000000.0,Gurgaon,M71171270
Sector 60 Gurgaon,28.3985617,77.0978276,2500.0,4,5.0,,1,Semifurnished,Apartment,38000000.0,Gurgaon,O71080812
Sector 67 Gurgaon,28.3864052,77.0598046,2900.0,4,4.0,,1,Semifurnished,Apartment,43000000.0,Gurgaon,Y70992650
Sector 72 Gurgaon,28.3943815,77.032363,2700.0,3,3.0,,1,Semifurnished,Apartment,37900000.0,Gurgaon,S70991956
Sector 72 Gurgaon,28.3943815,77.032363,2900.0,4,4.0,,1,Semifurnished,Apartment,39000000.0,Gurgaon,H70991770
Sector 62 Gurgaon,28.407697,77.0823781,2800.0,4,5.0,,1,Semifurnished,Apartment,51000000.0,Gurgaon,L70954374
Sector 62 Gurgaon,28.407697,77.0823781,3500.0,4,4.0,,1,Semifurnished,Apartment,72000000.0,Gurgaon,M70954192
Sector 62 Gurgaon,28.407697,77.0823781,3800.0,4,4.0,,1,Semifurnished,Apartment,74000000.0,Gurgaon,X70953970
Sector 59 Gurgaon,28.4030162,77.1066682,2009.05,4,6.0,,1,Semifurnished,Apartment,75000000.0,Gurgaon,Y70952416
Sector 59 Gurgaon,28.4030162,77.1066682,3025.0,3,3.0,,1,Semifurnished,Apartment,55000000.0,Gurgaon,A70950226
Sector 59 Gurgaon,28.4030162,77.1066682,2800.0,3,3.0,,5,Semifurnished,Apartment,65000000.0,Gurgaon,H70949426
Sector 59 Gurgaon,28.4030162,77.1066682,2595.0,3,3.0,,5,Semifurnished,Apartment,45500000.0,Gurgaon,W70948714
Sector 59 Gurgaon,28.4030162,77.1066682,1800.0,3,3.0,,5,Semifurnished,Apartment,36000000.0,Gurgaon,I70948168
Sector 88B Gurgaon,28.4420223,76.9538495,1200.0,3,3.0,,6,Semifurnished,Apartment,12800000.0,Gurgaon,W71796890
Sector 88B Gurgaon,28.4420223,76.9538495,1200.0,3,3.0,,6,Semifurnished,Independent/Builder Floor,13000000.0,Gurgaon,X71796752
Sector 88B Gurgaon,28.4420223,76.9538495,1100.0,2,3.0,,6,Semifurnished,Apartment,9500000.0,Gurgaon,M71796578
Sector 88B Gurgaon,28.4420223,76.9538495,1100.0,2,2.0,,6,Semifurnished,Independent/Builder Floor,9000000.0,Gurgaon,P71796260
Sector 106 Gurgaon,28.5060806,76.9967796,1130.0,3,4.0,,1,Semifurnished,Apartment,13500000.0,Gurgaon,Y71795572
Sector 85 Gurgaon,28.3985762,76.9547447,1000.0,2,2.0,,5,Semifurnished,Apartment,13000000.0,Gurgaon,B71645178
Sector 89 Gurgaon,28.4184455,76.9457567,1650.0,3,3.0,,5,Semifurnished,Independent/Builder Floor,11200000.0,Gurgaon,S66433142
Sector 92 Gurgaon,28.4089049,76.9155232,2090.0,4,4.0,,1,Semifurnished,Apartment,10500000.0,Gurgaon,I71407518
Sector 106 Gurgaon,28.5060806,76.9967796,1130.0,3,4.0,,1,Semifurnished,Apartment,14100000.0,Gurgaon,E71328366
Sector 106 Gurgaon,28.5060806,76.9967796,1130.0,3,4.0,,1,Semifurnished,Apartment,14000000.0,Gurgaon,H71327100
Sector 76 Gurgaon,28.3910112,76.9900243,1672.0,3,3.0,,5,Semifurnished,Independent/Builder Floor,17556000.0,Gurgaon,F68039368
Sector 68 Gurgaon,28.388897,77.0459859,1283.0,3,4.0,,1,Semifurnished,Apartment,15000000.0,Gurgaon,D70370670
Sector 107 Gurgaon,28.506941,76.9752137,1650.0,4,5.0,,1,Semifurnished,Apartment,21000000.0,Gurgaon,H70834026
Sector 107 Gurgaon,28.506941,76.9752137,1650.0,3,4.0,,1,Semifurnished,Apartment,16500000.0,Gurgaon,C70833896
Sector 108 Gurgaon,28.5128994,76.9823615,1650.0,2,2.0,,1,Semifurnished,Apartment,23000000.0,Gurgaon,V70800064
Sector 57 Gurgaon,28.4232478,77.0804487,2250.0,3,4.0,,3,Semifurnished,Apartment,32000000.0,Gurgaon,R71746778
Sector 65 Gurgaon,28.4030162,77.0695893,2400.0,3,3.0,,1,Semifurnished,Apartment,61000000.0,Gurgaon,Z71746568
Sector 83 Gurgaon,28.3963578,76.9654747,928.2,2,2.0,,2,Semifurnished,Apartment,10500000.0,Gurgaon,P71638586
Sector 48 Gurgaon,28.4104903,77.0394627,1650.0,3,3.0,,3,Semifurnished,Apartment,25000000.0,Gurgaon,L71637862
Sector 86 Gurgaon,28.3981205,76.9411257,1512.0,2,2.0,,2,Semifurnished,Apartment,12000000.0,Gurgaon,P71623288
Sector 92 Gurgaon,28.4089049,76.9155232,2100.0,4,4.0,,1,Semifurnished,Apartment,23000000.0,Gurgaon,B71621836
Palam Vihar,28.4983353,77.0203007,651.0,1,1.0,,2,Semifurnished,Apartment,5610000.0,Gurgaon,B68400514
Palam Vihar,28.4983353,77.0203007,1650.0,2,2.0,,2,Semifurnished,Apartment,10200000.0,Gurgaon,Y70071924
Sector 50 Gurgaon,28.4268461,77.0584252,1650.0,3,3.0,,2,Semifurnished,Apartment,15150000.0,Gurgaon,E71446374
C Block Sushant Lok Phase 1,28.4545693,77.0826249,3762.00000000037,4,4.0,,6,Semifurnished,Independent/Builder Floor,45999999.0,Gurgaon,M71159600
Sector 62 Gurgaon,28.407697,77.0823781,1650.0,4,4.0,,2,Semifurnished,Apartment,71560500.0,Gurgaon,L67890434
Sector 50 Gurgaon,28.4268461,77.0584252,1650.0,3,3.0,,2,Semifurnished,Apartment,19500000.0,Gurgaon,Q71018096
Palam Vihar,28.4983353,77.0203007,1650.0,2,2.0,,2,Semifurnished,Apartment,12260000.0,Gurgaon,C67646882
Sector 62 Gurgaon,28.407697,77.0823781,1650.0,3,3.0,,6,Semifurnished,Apartment,42500000.0,Gurgaon,P71716798
Sector 95A Gurgaon,28.4690266,76.9962811,569.24,2,2.0,,6,Semifurnished,Apartment,3800000.0,Gurgaon,Q71651676
Sector 62 Gurgaon,28.407697,77.0823781,1650.0,3,3.0,,6,Semifurnished,Apartment,40000000.0,Gurgaon,F71615162
Sector 54 Gurgaon,28.433569,77.1055815,1650.0,4,4.0,,1,Semifurnished,Apartment,110000000.0,Gurgaon,Q71604336
Sector 72 Gurgaon,28.3943815,77.032363,1650.0,4,5.0,,2,Unfurnished,Apartment,25000000.0,Gurgaon,C71604298
Sector 95A Gurgaon,28.4690266,76.9962811,515.0,2,2.0,,6,Semifurnished,Apartment,3900000.0,Gurgaon,Q71569930
Sector 61 Gurgaon,28.4110188,77.0963685,1650.0,3,3.0,,5,Semifurnished,Apartment,41000000.0,Gurgaon,V70994104
Sector 108 Gurgaon,28.5128994,76.9823615,1650.0,4,5.0,,1,Semifurnished,Apartment,26500000.0,Gurgaon,M70801798
Sector 67 Gurgaon,28.3864052,77.0598046,2450.0,4,4.0,,1,Semifurnished,Independent/Builder Floor,18000000.0,Gurgaon,E65136098
Sector 67 Gurgaon,28.3864052,77.0598046,2350.0,4,4.0,,1,Semifurnished,Independent/Builder Floor,17000000.0,Gurgaon,Q64892360
South City 2,28.4188806,77.0439211,1650.0,4,4.0,,1,Semifurnished,Independent/Builder Floor,41000000.0,Gurgaon,Q64219384
Mayfield Garden,28.4227493,77.0705636,2700.0,4,4.0,,1,Semifurnished,Independent/Builder Floor,23000000.0,Gurgaon,E64218746
Malibu Town,28.4234344,77.0468649,2800.0,4,4.0,,1,Semifurnished,Independent/Builder Floor,33000000.0,Gurgaon,H65268850
Malibu Town,28.4234344,77.0468649,2400.0,4,4.0,,1,Semifurnished,Independent/Builder Floor,32500000.0,Gurgaon,F62870278
Sector 67A Gurgaon,28.4618719,77.05688,2400.0,4,4.0,,5,Unfurnished,Independent/Builder Floor,19000000.0,Gurgaon,N64348984
Malibu Town,28.4234344,77.0468649,1750.0,3,3.0,,1,Semifurnished,Independent/Builder Floor,18500000.0,Gurgaon,K65470550
Sector 102 Gurgaon,28.4754872,76.9711747,1650.0,4,4.0,,1,Semifurnished,Apartment,44400000.0,Gurgaon,I70298358
Sector 108 Gurgaon,28.5128994,76.9823615,1650.0,3,3.0,,5,Semifurnished,Apartment,39000001.0,Gurgaon,B70282608
Sector 111 Gurgaon,28.5222773,77.0336203,1650.0,4,5.0,,1,Semifurnished,Apartment,38500000.0,Gurgaon,Z61380496
Sector 103 Gurgaon,28.493087,76.9866453,1650.0,4,6.0,,2,Semifurnished,Apartment,24000000.0,Gurgaon,Q69971174
Sector 76 Gurgaon,28.3910112,76.9900243,950.0,2,2.0,,1,Semifurnished,Apartment,8500000.0,Gurgaon,E70614642
Kadarpur,28.3921393,77.061002,356.0,1,1.0,,6,Semifurnished,Apartment,3700000.0,Gurgaon,U69312126
Sector 37C Gurgaon,28.4489095,76.9880502,1600.0,3,3.0,,6,Semifurnished,Apartment,11800000.0,Gurgaon,K69422244
Sector 76 Gurgaon,28.3910112,76.9900243,590.85,2,2.0,,5,Semifurnished,Apartment,5100000.0,Gurgaon,O68861562
Sector 63A Gurgaon,28.4618719,77.05688,614.0,2,2.0,,6,Semifurnished,Apartment,5600000.0,Gurgaon,X68839102
Dlf Phase 4,28.4919048,77.0937804,950.0,2,2.0,,1,Semifurnished,Independent/Builder Floor,8500000.0,Gurgaon,A68843244
Sector 67 Gurgaon,28.3864052,77.0598046,1100.0,2,2.0,,6,Semifurnished,Independent/Builder Floor,6800000.0,Gurgaon,A69475194
Sector 63A Gurgaon,28.4618719,77.05688,590.66,2,2.0,,5,Semifurnished,Apartment,8000000.0,Gurgaon,G68818224
Sector 76 Gurgaon,28.3910112,76.9900243,1650.0,3,3.0,,1,Semifurnished,Apartment,12500000.0,Gurgaon,H70211876
Sector 70A Gurgaon,28.3846684,77.0220391,1641.0,3,2.0,,1,Semifurnished,Apartment,16000000.0,Gurgaon,U71419836
Sector 62 Gurgaon,28.407697,77.0823781,1650.0,3,3.0,,6,Semifurnished,Apartment,43000000.0,Gurgaon,G69705532
Sector 62 Gurgaon,28.407697,77.0823781,1650.0,2,2.0,,6,Semifurnished,Apartment,25000000.0,Gurgaon,I69445032
Sushant Lok Phase 2,28.464228,77.076724,1728.00000000017,2,2.0,,2,Semifurnished,Independent/Builder Floor,8200000.0,Gurgaon,J71732540
Sector 56 Gurgaon,28.4252244,77.0992377,2200.0,3,3.0,,1,Semifurnished,Apartment,17500000.0,Gurgaon,U71505698
Sector 76 Gurgaon,28.3910112,76.9900243,7911.47756261907,2,2.0,,6,Semifurnished,Apartment,4500000.0,Gurgaon,F71307000
Sector 55 Gurgaon,28.4274166,77.1097538,2400.0,4,4.0,,2,Semifurnished,Apartment,16000000.0,Gurgaon,Q71277636
Vigyan Vihar,28.6605415,77.3126204,2200.0,3,3.0,,2,Semifurnished,Apartment,19000000.0,Gurgaon,Z71236848
Sector 52 Gurgaon,28.4368166,77.0795276,2200.0,3,3.0,,2,Semifurnished,Apartment,18500000.0,Gurgaon,Z71236710
Sector 56 Gurgaon,28.4252244,77.0992377,2300.0,3,3.0,,2,Semifurnished,Apartment,17000000.0,Gurgaon,H71209286
Sector 56 Gurgaon,28.4252244,77.0992377,2300.0,3,3.0,,2,Semifurnished,Apartment,17500000.0,Gurgaon,C71089934
Sushant Lok Phase 3,28.464228,77.076724,1750.0,3,3.0,,2,Semifurnished,Apartment,13500000.0,Gurgaon,Y71082190
Sector 81 Gurgaon,28.3873647,76.9475835,566.61,2,2.0,,5,Semifurnished,Apartment,3340000.0,Gurgaon,C71048156
Gwal Pahari,28.4326344,77.1480585,1350.0,3,3.0,,5,Semifurnished,Independent/Builder Floor,6600000.0,Gurgaon,M70992220
Gwal Pahari,28.4326344,77.1480585,1350.0,3,3.0,,5,Semifurnished,Independent/Builder Floor,6900000.0,Gurgaon,V70991988
Sector 56 Gurgaon,28.4252244,77.0992377,1750.0,3,3.0,,2,Semifurnished,Apartment,15100000.0,Gurgaon,J70911548
Sector 55 Gurgaon,28.4274166,77.1097538,1800.0,3,3.0,,2,Semifurnished,Apartment,15800000.0,Gurgaon,X70911446
Sector 106 Gurgaon,28.5060806,76.9967796,845.0,2,2.0,,6,Semifurnished,Apartment,9000000.0,Gurgaon,V71335814
Sector 104 Gurgaon,28.4795324,76.9937197,2630.0,4,4.0,,1,Semifurnished,Apartment,26000000.0,Gurgaon,J70994806
Sector 81 Gurgaon,28.3873647,76.9475835,1210.0,2,2.0,,5,Semifurnished,Independent/Builder Floor,9500000.0,Gurgaon,Z70884370
Sector 95 Gurgaon,28.4149443,76.9114892,1570.0,3,4.0,,1,Semifurnished,Apartment,19500000.0,Gurgaon,H70707094
Sector-33 Sohna,28.3241636,77.0848644,1411.0,3,3.0,,1,Semifurnished,Apartment,15500000.0,Gurgaon,C70619334
Sector-33 Sohna,28.3241636,77.0848644,1123.0,3,3.0,,6,Semifurnished,Apartment,22500000.0,Gurgaon,Q71350244
Sector-33 Sohna,28.3241636,77.0848644,911.0,3,3.0,,6,Semifurnished,Apartment,17000000.0,Gurgaon,E71349058
Sector-33 Sohna,28.3241636,77.0848644,1400.0,4,4.0,,1,Semifurnished,Apartment,27500000.0,Gurgaon,A71115662
Sector-33 Sohna,28.3241636,77.0848644,1173.0,3,3.0,,1,Semifurnished,Apartment,22000000.0,Gurgaon,J71115582
Sector-33 Sohna,28.3241636,77.0848644,911.0,3,3.0,,1,Semifurnished,Apartment,16500000.0,Gurgaon,K71115394
Sector 103 Gurgaon,28.493087,76.9866453,1250.0,2,2.0,,1,Semifurnished,Apartment,10100000.0,Gurgaon,K69069814
Sector 63 Gurgaon,28.3964476,77.086498,1850.0,4,4.0,,5,Semifurnished,Independent/Builder Floor,45500000.0,Gurgaon,Y68733800
Sector 63 Gurgaon,28.3964476,77.086498,2239.0,4,4.0,,5,Semifurnished,Independent/Builder Floor,54100000.0,Gurgaon,O68731632
Sector 63 Gurgaon,28.3964476,77.086498,2239.0,4,4.0,,5,Semifurnished,Independent/Builder Floor,54000000.0,Gurgaon,B68731534
Sector 63 Gurgaon,28.3964476,77.086498,1677.0,3,3.0,,5,Semifurnished,Independent/Builder Floor,40500000.0,Gurgaon,Y68731070
Sector 63 Gurgaon,28.3964476,77.086498,1627.0,3,3.0,,5,Semifurnished,Independent/Builder Floor,39000000.0,Gurgaon,W68729986
Sector 54 Gurgaon,28.433569,77.1055815,1534.0,4,5.0,,3,Semifurnished,Apartment,62500000.0,Gurgaon,F70814248
Sector 54 Gurgaon,28.433569,77.1055815,3116.0,4,4.0,,1,Semifurnished,Apartment,65000000.0,Gurgaon,B71453538
Sector 63 Gurgaon,28.3964476,77.086498,1650.0,3,3.0,,5,Semifurnished,Apartment,25500000.0,Gurgaon,Q69324946
Sector 63A Gurgaon,28.4618719,77.05688,1611.00000000016,3,3.0,,5,Semifurnished,Apartment,23500000.0,Gurgaon,G69324532
Sector 63A Gurgaon,28.4618719,77.05688,1600.0,3,3.0,,5,Semifurnished,Apartment,35000000.0,Gurgaon,F69327446
Sector 63A Gurgaon,28.4618719,77.05688,1611.00000000016,3,3.0,,5,Semifurnished,Apartment,23000000.0,Gurgaon,W69327672
Sector 63A Gurgaon,28.4618719,77.05688,1100.0,3,3.0,,5,Semifurnished,Apartment,17500000.0,Gurgaon,P69522786
Sector 63 Gurgaon,28.3964476,77.086498,1350.0,3,3.0,,5,Semifurnished,Apartment,32500000.0,Gurgaon,A69523728
Sector 67A Gurgaon,28.4618719,77.05688,1800.0,4,3.0,,6,Semifurnished,Apartment,21000000.0,Gurgaon,S69611350
Sector 107 Gurgaon,28.506941,76.9752137,1650.0,1,1.0,,1,Semifurnished,Apartment,2000000.0,Gurgaon,S71047220
Sector 107 Gurgaon,28.506941,76.9752137,489.0,2,2.0,,1,Semifurnished,Apartment,3000000.0,Gurgaon,C71047318
Sector 113 Gurgaon,28.5286649,77.0250282,806.0,3,4.0,,5,Semifurnished,Apartment,25200000.0,Gurgaon,P69524870
Sector 76 Gurgaon,28.3910112,76.9900243,582.327804268968,2,2.0,,5,Semifurnished,Apartment,5000000.0,Gurgaon,J70987864
Nirvana Country,28.4150509,77.0642955,3240.00000000032,4,4.0,,6,Semifurnished,Independent/Builder Floor,47500000.0,Gurgaon,B68387262
Sector 65 Gurgaon,28.4030162,77.0695893,1650.0,2,2.0,,5,Semifurnished,Apartment,18700000.0,Gurgaon,T69412096
Sector 49 Gurgaon,28.4127374,77.0555164,1650.0,3,3.0,,1,Unfurnished,Apartment,21000000.0,Gurgaon,T69408300
Sector 65 Gurgaon,28.4030162,77.0695893,1650.0,3,3.0,,5,Semifurnished,Apartment,28000000.0,Gurgaon,V68428128
Nirvana Country,28.4150509,77.0642955,2610.00000000026,4,4.0,,6,Semifurnished,Independent/Builder Floor,40000000.0,Gurgaon,K68387752
Sector 65 Gurgaon,28.4030162,77.0695893,1650.0,2,2.0,,6,Semifurnished,Apartment,9300000.0,Gurgaon,U51126226
Sector 81 Gurgaon,28.3873647,76.9475835,1190.0,3,3.0,,5,Semifurnished,Independent/Builder Floor,11500000.0,Gurgaon,F71578050
Sector 40 Gurgaon,28.449216,77.0566378,2430.00000000024,3,3.0,,6,Semifurnished,Independent/Builder Floor,20000000.0,Gurgaon,W71442656
Sector 113 Gurgaon,28.5286649,77.0250282,1665.0,3,3.0,,5,Semifurnished,Apartment,24500000.0,Gurgaon,S68879804
Sohna,28.3241636,77.0848644,1650.0,2,2.0,,1,Semifurnished,Apartment,3233499.0,Gurgaon,E68826976
Sohna,28.3241636,77.0848644,1650.0,2,2.0,,1,Semifurnished,Apartment,3399900.0,Gurgaon,H68821872
Sector 102 Gurgaon,28.4754872,76.9711747,1650.0,4,5.0,,6,Semifurnished,Apartment,28500000.0,Gurgaon,I68813886
Sector 70 Gurgaon,28.3947261,77.0223138,1650.0,3,4.0,,1,Semifurnished,Apartment,17300000.0,Gurgaon,U71356214
Sector 59 Gurgaon,28.4030162,77.1066682,1650.0,3,2.0,,1,Semifurnished,Apartment,22500000.0,Gurgaon,B71355872
Sector 70 Gurgaon,28.3947261,77.0223138,1650.0,3,3.0,,6,Semifurnished,Apartment,16000000.0,Gurgaon,S71181438
Sector 40 Gurgaon,28.449216,77.0566378,2450.0,4,4.0,,1,Semifurnished,Independent/Builder Floor,29800000.0,Gurgaon,O68874176
Sector 61 Gurgaon,28.4110188,77.0963685,1000.0,2,2.0,,1,Semifurnished,Apartment,17500000.0,Gurgaon,Q71726382
Sector 61 Gurgaon,28.4110188,77.0963685,1010.0,2,2.0,,1,Semifurnished,Apartment,17000000.0,Gurgaon,I71726290
Dlf Phase 5,28.503445,77.0952048,890.0,2,2.0,,3,Semifurnished,Apartment,17000000.0,Gurgaon,J71719490
Sector 68 Gurgaon,28.388897,77.0459859,1000.0,2,2.0,,1,Unfurnished,Apartment,13000000.0,Gurgaon,E71717622
Dlf Phase 1,28.4765171,77.090194,3960.00000000039,4,4.0,,6,Semifurnished,Independent/Builder Floor,57000000.0,Gurgaon,Q71717310
Dlf Phase 4,28.4919048,77.0937804,3060.0000000003,4,4.0,,1,Semifurnished,Independent/Builder Floor,40000000.0,Gurgaon,J71705414
Sector 62 Gurgaon,28.407697,77.0823781,3974.0,5,7.0,,1,Semifurnished,Apartment,110000000.0,Gurgaon,T71704462
Sector 53 Gurgaon,28.4487856,77.0988212,6830.0,5,5.0,,2,Semifurnished,Apartment,120000000.0,Gurgaon,B71658142
South City 2,28.4188806,77.0439211,4059.0000000004,4,4.0,,6,Semifurnished,Independent/Builder Floor,40000000.0,Gurgaon,D71636164
Sector 109 Gurgaon,28.5109205,77.0065956,1650.0,3,2.0,,2,Semifurnished,Apartment,6200000.0,Gurgaon,O71626898
Sector 37D Gurgaon,28.4480039,76.9697682,2100.0,4,4.0,,6,Semifurnished,Apartment,16400000.0,Gurgaon,E71622776
Sector 91 Gurgaon,28.4007588,76.9210802,950.0,2,2.0,,6,Semifurnished,Apartment,10200000.0,Gurgaon,C60637448
Sector 91 Gurgaon,28.4007588,76.9210802,1600.0,3,3.0,,6,Semifurnished,Apartment,14000000.0,Gurgaon,A70514202
Sector 91 Gurgaon,28.4007588,76.9210802,1000.0,2,2.0,,6,Semifurnished,Apartment,9200000.0,Gurgaon,L70511262
Sector 91 Gurgaon,28.4007588,76.9210802,1650.0,3,4.0,,6,Semifurnished,Apartment,16000000.0,Gurgaon,F70514036
Sector-33 Sohna,28.3241636,77.0848644,1435.0,3,2.0,,6,Semifurnished,Apartment,11200000.0,Gurgaon,J71610470
Sector 112 Gurgaon,28.5203402,77.0188612,1650.0,4,6.0,,1,Semifurnished,Apartment,60000000.0,Gurgaon,V71531764
Sector 112 Gurgaon,28.5203402,77.0188612,1650.0,3,5.0,,1,Semifurnished,Apartment,48000000.0,Gurgaon,Y71531664
Sector 112 Gurgaon,28.5203402,77.0188612,1650.0,3,3.0,,1,Semifurnished,Apartment,38000000.0,Gurgaon,H71531564
Sector 112 Gurgaon,28.5203402,77.0188612,1650.0,2,2.0,,1,Semifurnished,Apartment,29000000.0,Gurgaon,L71530956
Sector 42 Gurgaon,28.4487856,77.0988212,5000.0,4,4.0,,2,Unfurnished,Apartment,350000000.0,Gurgaon,A71428420
Sector 42 Gurgaon,28.4487856,77.0988212,4800.0,4,4.0,,2,Unfurnished,Apartment,320000000.0,Gurgaon,K71428022
Sector 67A Gurgaon,28.4618719,77.05688,1650.0,4,4.0,,6,Semifurnished,Independent/Builder Floor,21500000.0,Gurgaon,R71411266
Sector 103 Gurgaon,28.493087,76.9866453,1845.0,3,3.0,,5,Semifurnished,Apartment,17000000.0,Gurgaon,O71397776
Sector 54 Gurgaon,28.433569,77.1055815,1534.0,4,5.0,,2,Semifurnished,Apartment,69000000.0,Gurgaon,X71338934
Sohna,28.3241636,77.0848644,609.0,2,2.0,,1,Semifurnished,Apartment,3900000.0,Gurgaon,M71274432
Sector 93 Gurgaon,28.4156048,76.931638,1500.0,3,3.0,,5,Semifurnished,Independent/Builder Floor,12800000.0,Gurgaon,C71265912
Sector 92 Gurgaon,28.4089049,76.9155232,1010.0,2,2.0,,5,Semifurnished,Independent/Builder Floor,8400000.0,Gurgaon,E71265670
Sohna,28.3241636,77.0848644,670.0,2,2.0,,1,Unfurnished,Apartment,17000000.0,Gurgaon,Z71255136
Sector 88A Gurgaon,28.4337898,76.9539433,1650.0,1,2.0,,1,Semifurnished,Apartment,7900000.0,Gurgaon,H69011226
Sector 104 Gurgaon,28.4795324,76.9937197,1650.0,3,4.0,,2,Semifurnished,Apartment,19500007.0,Gurgaon,C71162758
Sector 70 Gurgaon,28.3947261,77.0223138,1650.0,5,5.0,,1,Semifurnished,Apartment,43000000.0,Gurgaon,U71126654
Sector 40 Gurgaon,28.449216,77.0566378,1650.0,3,3.0,,1,Unfurnished,Independent/Builder Floor,21000000.0,Gurgaon,E71098918
Sector 45 Gurgaon,28.4449004,77.0663545,1650.0,3,3.0,,1,Unfurnished,Independent/Builder Floor,21200000.0,Gurgaon,F71098658
Sector 45 Gurgaon,28.4449004,77.0663545,1650.0,3,3.0,,1,Unfurnished,Independent/Builder Floor,21000000.0,Gurgaon,Y71098584
Sector 45 Gurgaon,28.4449004,77.0663545,1650.0,3,3.0,,1,Unfurnished,Independent/Builder Floor,19000000.0,Gurgaon,H71098512
Sohna,28.3241636,77.0848644,531.0,2,2.0,,1,Semifurnished,Apartment,3700000.0,Gurgaon,F71090914
Sohna,28.3241636,77.0848644,609.0,2,2.0,,1,Semifurnished,Apartment,3800000.0,Gurgaon,Y71087556
Valley View Estate,28.4358878,77.1365212,929.0,2,2.0,,3,Semifurnished,Apartment,5500000.0,Gurgaon,M71082404
Valley View Estate,28.4358878,77.1365212,929.0,2,2.0,,3,Unfurnished,Apartment,5300000.0,Gurgaon,T71080142
Sector 27 Gurgaon,28.4646566,77.0839505,1650.0,3,4.0,,6,Semifurnished,Independent/Builder Floor,23000000.0,Gurgaon,P71070954
Sector 85 Gurgaon,28.3985762,76.9547447,1450.0,2,2.0,,6,Semifurnished,Apartment,12500000.0,Gurgaon,A71066476
Sector 46 Gurgaon,28.4268461,77.0584252,2430.00000000024,3,4.0,,6,Semifurnished,Independent/Builder Floor,21500000.0,Gurgaon,S71066298
Sector 104 Gurgaon,28.4795324,76.9937197,884.58,3,2.0,,6,Semifurnished,Apartment,14500000.0,Gurgaon,L71053126
Sector 70A Gurgaon,28.3846684,77.0220391,900.0,2,2.0,,6,Semifurnished,Apartment,13000000.0,Gurgaon,J71043332
South City 1,28.4188433,77.0440293,1650.0,4,4.0,,1,Unfurnished,Independent/Builder Floor,25000000.0,Gurgaon,Q70995872
Sector 45 Gurgaon,28.4449004,77.0663545,1650.0,3,3.0,,1,Unfurnished,Independent/Builder Floor,20000000.0,Gurgaon,I70991812
Sector 45 Gurgaon,28.4449004,77.0663545,1650.0,3,3.0,,1,Unfurnished,Independent/Builder Floor,20000000.0,Gurgaon,K70991636
Sector 46 Gurgaon,28.4268461,77.0584252,1650.0,3,3.0,,1,Unfurnished,Independent/Builder Floor,18000000.0,Gurgaon,J70991440
Sector 31 Gurgaon,28.4540044,77.0497179,1650.0,3,3.0,,1,Unfurnished,Independent/Builder Floor,21200000.0,Gurgaon,K70990132
Sector 31 Gurgaon,28.4540044,77.0497179,1650.0,3,3.0,,1,Unfurnished,Independent/Builder Floor,21000000.0,Gurgaon,L70989828
South City 1,28.4188433,77.0440293,2000.0,3,3.0,,6,Semifurnished,Independent/Builder Floor,26500000.0,Gurgaon,N70931792
South City 1,28.4188433,77.0440293,3000.0,4,5.0,,6,Semifurnished,Independent/Builder Floor,55000000.0,Gurgaon,Q70931636
Sushant Lok Phase 1,28.4545693,77.0826249,1650.0,4,4.0,,6,Semifurnished,Independent/Builder Floor,32500000.0,Gurgaon,Y70931402
Sector-33 Sohna,28.3241636,77.0848644,1650.0,2,2.0,,5,Unknown,Apartment,7906000.0,Gurgaon,W42353105
Sector-33 Sohna,28.3241636,77.0848644,1670.0,3,3.0,,5,Semifurnished,Apartment,12222222.0,Gurgaon,C38663241
Sector 91 Gurgaon,28.4007588,76.9210802,2344.83,4,4.0,,6,Semifurnished,Apartment,21900000.0,Gurgaon,Z54079938
Sohna,28.3241636,77.0848644,1650.0,2,3.0,,5,Semifurnished,Independent/Builder Floor,5191605.0,Gurgaon,H45105087
Sohna,28.3241636,77.0848644,478.47,2,2.0,,1,Semifurnished,Apartment,2600000.0,Gurgaon,F70909892
Sohna,28.3241636,77.0848644,1650.0,2,2.0,,1,Semifurnished,Apartment,2800000.0,Gurgaon,G70909726
Sohna,28.3241636,77.0848644,585.41,2,2.0,,1,Semifurnished,Apartment,2800000.0,Gurgaon,B70909614
Sohna,28.3241636,77.0848644,480.53,2,2.0,,1,Semifurnished,Apartment,2500000.0,Gurgaon,A70909416
Sohna,28.3241636,77.0848644,597.53,2,2.0,,1,Semifurnished,Apartment,3750000.0,Gurgaon,J70909342
Sushant Lok Phase 1,28.4545693,77.0826249,1600.0,3,3.0,,1,Semifurnished,Independent/Builder Floor,22500000.0,Gurgaon,Y70906036
Sohna,28.3241636,77.0848644,584.34,2,2.0,,1,Semifurnished,Apartment,4200000.0,Gurgaon,Z70905750
Suncity,28.507814,77.0713577,2250.00000000022,4,4.0,,6,Semifurnished,Independent/Builder Floor,35000000.0,Gurgaon,Z70884702
South City 2,28.4188806,77.0439211,1650.0,3,3.0,,1,Unfurnished,Independent/Builder Floor,21000000.0,Gurgaon,F70881502
Valley View Estate,28.4358878,77.1365212,1300.0,3,2.0,,3,Semifurnished,Apartment,8100000.0,Gurgaon,B70867124
Suncity,28.507814,77.0713577,4518.00000000045,4,4.0,,6,Semifurnished,Independent/Builder Floor,52500000.0,Gurgaon,K70857040
Malibu Town,28.4234344,77.0468649,1650.0,3,3.0,,1,Unfurnished,Independent/Builder Floor,20000000.0,Gurgaon,R70853998
Malibu Town,28.4234344,77.0468649,1650.0,3,3.0,,1,Unfurnished,Independent/Builder Floor,19000000.0,Gurgaon,O70853882
Sector 76 Gurgaon,28.3910112,76.9900243,1806.0,3,3.0,,5,Unfurnished,Apartment,31440000.0,Gurgaon,G70811616
Sector 76 Gurgaon,28.3910112,76.9900243,1606.0,3,3.0,,5,Unfurnished,Apartment,28820000.0,Gurgaon,F70811466
Sector 65 Gurgaon,28.4030162,77.0695893,3797.0,4,4.0,,5,Unfurnished,Apartment,137500000.0,Gurgaon,F70809602
Sector 83 Gurgaon,28.3963578,76.9654747,1900.0,3,3.0,,1,Semifurnished,Independent/Builder Floor,10500000.0,Gurgaon,J70800092
Sector 103 Gurgaon,28.493087,76.9866453,1650.0,4,7.0,,2,Semifurnished,Apartment,30000003.0,Gurgaon,G70771656
Sector 63 Gurgaon,28.3964476,77.086498,1650.0,3,3.0,,5,Semifurnished,Apartment,17005000.0,Gurgaon,L42414395
Sector 85 Gurgaon,28.3985762,76.9547447,1650.0,3,3.0,,5,Semifurnished,Apartment,13400000.0,Gurgaon,K42329591
Sector 3 Gurgaon,28.4944483,77.0985008,1130.0,2,2.0,,5,Semifurnished,Apartment,9000000.0,Gurgaon,T42033213
Sector-33 Sohna,28.3241636,77.0848644,1650.0,2,2.0,,5,Semifurnished,Apartment,7910000.0,Gurgaon,I42326343
Sector 63 Gurgaon,28.3964476,77.086498,1650.0,4,4.0,,6,Semifurnished,Independent/Builder Floor,39500000.0,Gurgaon,C52388166
Sohna,28.3241636,77.0848644,1650.0,3,4.0,,6,Semifurnished,Apartment,12000000.0,Gurgaon,L50611548
Sohna,28.3241636,77.0848644,1650.0,3,3.0,,6,Semifurnished,Apartment,9700000.0,Gurgaon,I50611354
Sohna,28.3241636,77.0848644,1062.0,3,3.0,,6,Semifurnished,Apartment,10155800.0,Gurgaon,F55444190
Sohna,28.3241636,77.0848644,1650.0,2,2.0,,6,Semifurnished,Apartment,7500000.0,Gurgaon,X50610978
Sector 106 Gurgaon,28.5060806,76.9967796,1230.0,3,2.0,,5,Semifurnished,Apartment,12900000.0,Gurgaon,D37205369
Sector 106 Gurgaon,28.5060806,76.9967796,950.0,2,2.0,,5,Semifurnished,Apartment,10600000.0,Gurgaon,B37204893
Sohna,28.3241636,77.0848644,1540.0,4,4.0,,5,Semifurnished,Apartment,19000000.0,Gurgaon,I40995475
Sector 3 Gurgaon,28.4944483,77.0985008,1083.0,2,2.0,,5,Semifurnished,Apartment,9200000.0,Gurgaon,K42259697
Sector 106 Gurgaon,28.5060806,76.9967796,1348.71855591315,4,5.0,,5,Unknown,Apartment,15200000.0,Gurgaon,N40967465
Sohna,28.3241636,77.0848644,1650.0,2,1.0,,5,Unknown,Independent/Builder Floor,3803850.0,Gurgaon,I45104861
Sector 50 Gurgaon,28.4268461,77.0584252,1650.0,4,4.0,,2,Semifurnished,Independent/Builder Floor,24500000.0,Gurgaon,K69390364
Sector 48 Gurgaon,28.4104903,77.0394627,1650.0,4,4.0,,6,Semifurnished,Independent/Builder Floor,26500000.0,Gurgaon,B69459002
Sector 50 Gurgaon,28.4268461,77.0584252,1650.0,3,3.0,,6,Semifurnished,Independent/Builder Floor,21000000.0,Gurgaon,Q69459248
Sector 93 Gurgaon,28.4156048,76.931638,1760.0,3,3.0,,5,Unknown,Independent/Builder Floor,16000000.0,Gurgaon,Q69902938
Sector 70 Gurgaon,28.3947261,77.0223138,1161.0,3,3.0,,6,Semifurnished,Apartment,18400000.0,Gurgaon,Q69898658
Sector 92 Gurgaon,28.4089049,76.9155232,1200.0,2,2.0,,1,Semifurnished,Apartment,5500000.0,Gurgaon,M68733480
Sector 57 Gurgaon,28.4232478,77.0804487,1200.0,3,3.0,,6,Semifurnished,Independent/Builder Floor,15500000.0,Gurgaon,F58860682
Sector 95 Gurgaon,28.4149443,76.9114892,1522.0,3,2.0,,5,Semifurnished,Independent/Builder Floor,9900000.0,Gurgaon,K71477594
Sector 95 Gurgaon,28.4149443,76.9114892,1822.0,3,3.0,,5,Semifurnished,Independent/Builder Floor,11500000.0,Gurgaon,O71477366
Dlf Phase 5,28.503445,77.0952048,2300.0,4,4.0,,3,Semifurnished,Apartment,57500000.0,Gurgaon,A70009682
Sector 54 Gurgaon,28.433569,77.1055815,1500.0,3,3.0,,3,Semifurnished,Apartment,51500000.0,Gurgaon,V70810568
Mg Road,28.4769607,77.0662688,2300.0,4,5.0,,6,Semifurnished,Apartment,70000000.0,Gurgaon,M70746254
Dlf Phase 5,28.503445,77.0952048,2249.0,4,4.0,,3,Semifurnished,Apartment,58000000.0,Gurgaon,W70169106
Sector 28 Gurgaon,28.4794143,77.0833588,2580.0,5,4.0,,2,Semifurnished,Apartment,30000000.0,Gurgaon,J71596026
Sector 84 Gurgaon,28.4035469,76.9677894,1800.0,3,3.0,,2,Semifurnished,Apartment,16500000.0,Gurgaon,V71586066
Sector 57 Gurgaon,28.4232478,77.0804487,1650.0,4,4.0,,6,Semifurnished,Independent/Builder Floor,22500000.0,Gurgaon,P71148236
Malibu Town,28.4234344,77.0468649,2200.0,4,4.0,,6,Semifurnished,Independent/Builder Floor,37500000.0,Gurgaon,Q71742810
South City 1,28.4188433,77.0440293,1450.0,3,3.0,,1,Semifurnished,Independent/Builder Floor,19000000.0,Gurgaon,D71284818
Sector 108 Gurgaon,28.5128994,76.9823615,721.19,2,3.0,,6,Semifurnished,Apartment,10500000.0,Gurgaon,C71238776
Sector 108 Gurgaon,28.5128994,76.9823615,1512.05,3,5.0,,6,Semifurnished,Apartment,41000000.0,Gurgaon,N71123452
Sector 108 Gurgaon,28.5128994,76.9823615,734.43,2,3.0,,1,Semifurnished,Apartment,10499999.0,Gurgaon,D70997426
Sector 23 Gurgaon,28.510319,77.0530094,1250.0,3,3.0,,6,Semifurnished,Independent/Builder Floor,17000000.0,Gurgaon,D71791490
Dlf Phase 2,28.483901,77.0846097,1650.0,3,3.0,,2,Semifurnished,Independent/Builder Floor,23000000.0,Gurgaon,N71127486
Dlf Phase 2,28.483901,77.0846097,1650.0,3,3.0,,2,Semifurnished,Independent/Builder Floor,24000000.0,Gurgaon,N71127226
Sector 85 Gurgaon,28.3985762,76.9547447,1600.0,4,4.0,,5,Semifurnished,Apartment,29500000.0,Gurgaon,X71797242
Sector 74 Gurgaon,28.4110081,77.0101209,1614.4,3,3.0,,6,Semifurnished,Apartment,24500000.0,Gurgaon,Q71552942
Sector 67 Gurgaon,28.3864052,77.0598046,1650.0,2,2.0,,2,Unknown,Apartment,20000000.0,Gurgaon,E71389480
Sector 54 Gurgaon,28.433569,77.1055815,1650.0,4,6.0,,1,Semifurnished,Apartment,122500000.0,Gurgaon,H71802058
Sector 54 Gurgaon,28.433569,77.1055815,1650.0,4,4.0,,1,Semifurnished,Apartment,70000000.0,Gurgaon,T71801948
Sector 104 Gurgaon,28.4795324,76.9937197,1650.0,3,3.0,,5,Semifurnished,Apartment,14000000.0,Gurgaon,F71801858
Sector 66 Gurgaon,28.3974292,77.0538823,1650.0,3,3.0,,1,Semifurnished,Apartment,23500000.0,Gurgaon,K71798438
Sector 50 Gurgaon,28.4268461,77.0584252,3400.0,5,5.0,,6,Semifurnished,Independent/Builder Floor,49000000.0,Gurgaon,V71796568
Sector 102 Gurgaon,28.4754872,76.9711747,1650.0,2,2.0,,6,Semifurnished,Apartment,9800000.0,Gurgaon,H71258114
Sector 113 Gurgaon,28.5286649,77.0250282,1650.0,2,2.0,,5,Semifurnished,Apartment,19600001.0,Gurgaon,U65293642
Sohna,28.3241636,77.0848644,629.0,2,2.0,,6,Semifurnished,Apartment,3500000.0,Gurgaon,D70335744
Sector 83 Gurgaon,28.3963578,76.9654747,1000.0,2,2.0,,1,Semifurnished,Apartment,9500043.0,Gurgaon,R71802076
Sector 82 Gurgaon,28.3932827,76.9545277,1060.0,2,2.0,,1,Semifurnished,Independent/Builder Floor,90000023.0,Gurgaon,J71800326
Sector 81 Gurgaon,28.3873647,76.9475835,1094.0,2,2.0,,2,Semifurnished,Apartment,11100098.0,Gurgaon,H71799302
Sector 48 Gurgaon,28.4104903,77.0394627,1650.0,3,4.0,,2,Semifurnished,Apartment,28500000.0,Gurgaon,R45832437
Sector 92 Gurgaon,28.4089049,76.9155232,1538.0,3,3.0,,5,Semifurnished,Apartment,11000000.0,Gurgaon,F71716404
Sector 28 Gurgaon,28.4794143,77.0833588,1650.0,4,5.0,,3,Semifurnished,Apartment,28000000.0,Gurgaon,A70785838
Sector 49 Gurgaon,28.4127374,77.0555164,1650.0,4,5.0,,2,Semifurnished,Apartment,41000000.0,Gurgaon,X71085444
Sector 42 Gurgaon,28.4487856,77.0988212,4200.0,5,7.0,,3,Semifurnished,Apartment,110000000.0,Gurgaon,Q71802670
Sector 28 Gurgaon,28.4794143,77.0833588,1000.0,3,3.0,,3,Semifurnished,Apartment,19999999.0,Gurgaon,R71802178
Sector 28 Gurgaon,28.4794143,77.0833588,1900.0,3,4.0,,3,Semifurnished,Apartment,35500000.0,Gurgaon,O71801706
Sector 28 Gurgaon,28.4794143,77.0833588,2250.0,4,5.0,,3,Semifurnished,Apartment,45500000.0,Gurgaon,C71801482
Sector 54 Gurgaon,28.433569,77.1055815,2100.0,3,5.0,,3,Semifurnished,Apartment,89999999.0,Gurgaon,Q71798252
Sector 112 Gurgaon,28.5203402,77.0188612,1650.0,4,6.0,,2,Semifurnished,Apartment,60000007.0,Gurgaon,C71170872
Sector 110 Gurgaon,28.5069625,77.018321,1650.0,5,5.0,,2,Semifurnished,Apartment,46000007.0,Gurgaon,F71163360
Sector 110 Gurgaon,28.5069625,77.018321,1650.0,4,5.0,,2,Semifurnished,Apartment,36400007.0,Gurgaon,O71163328
Sector 104 Gurgaon,28.4795324,76.9937197,1650.0,3,3.0,,5,Semifurnished,Apartment,16800007.0,Gurgaon,U71163312
Sector 110 Gurgaon,28.5069625,77.018321,1650.0,4,5.0,,2,Semifurnished,Apartment,34500007.0,Gurgaon,A71163270
Sector 104 Gurgaon,28.4795324,76.9937197,1650.0,3,2.0,,5,Semifurnished,Apartment,14000007.0,Gurgaon,T71163228
Sector 104 Gurgaon,28.4795324,76.9937197,1650.0,2,2.0,,5,Semifurnished,Apartment,10800007.0,Gurgaon,M71163174
Sector 104 Gurgaon,28.4795324,76.9937197,1650.0,2,2.0,,2,Semifurnished,Apartment,14800007.0,Gurgaon,E71162846
Sector 102 Gurgaon,28.4754872,76.9711747,1650.0,4,5.0,,2,Semifurnished,Apartment,29500007.0,Gurgaon,A71162654
Sector 102 Gurgaon,28.4754872,76.9711747,1650.0,4,5.0,,2,Semifurnished,Apartment,25500007.0,Gurgaon,O71162642
Sector 102 Gurgaon,28.4754872,76.9711747,1650.0,3,4.0,,2,Semifurnished,Apartment,23500007.0,Gurgaon,T71162608
Sector 102 Gurgaon,28.4754872,76.9711747,1650.0,3,4.0,,2,Semifurnished,Apartment,19000007.0,Gurgaon,G71162578
Sector 102 Gurgaon,28.4754872,76.9711747,1650.0,3,3.0,,2,Semifurnished,Apartment,15800007.0,Gurgaon,M71162536
Sector 102 Gurgaon,28.4754872,76.9711747,1650.0,4,4.0,,1,Semifurnished,Apartment,26500000.0,Gurgaon,V71162466
Sector 102 Gurgaon,28.4754872,76.9711747,1650.0,2,2.0,,2,Semifurnished,Apartment,14200007.0,Gurgaon,G71161824
Sector 102 Gurgaon,28.4754872,76.9711747,1650.0,4,5.0,,2,Semifurnished,Apartment,30500007.0,Gurgaon,O71161352
Sector 102 Gurgaon,28.4754872,76.9711747,1650.0,3,3.0,,2,Semifurnished,Apartment,17500009.0,Gurgaon,X71160096
Sector 102 Gurgaon,28.4754872,76.9711747,2727.00000000027,3,3.0,,2,Semifurnished,Independent/Builder Floor,20000007.0,Gurgaon,S71159846
Sector 102 Gurgaon,28.4754872,76.9711747,2250.00000000022,3,3.0,,2,Semifurnished,Independent/Builder Floor,15500007.0,Gurgaon,G71159790
Sector 103 Gurgaon,28.493087,76.9866453,1650.0,4,6.0,,2,Semifurnished,Apartment,23500007.0,Gurgaon,Z71159400
Sector 103 Gurgaon,28.493087,76.9866453,1650.0,3,3.0,,2,Semifurnished,Apartment,16000007.0,Gurgaon,O71159216
Sector 103 Gurgaon,28.493087,76.9866453,1650.0,3,3.0,,2,Semifurnished,Apartment,15500000.0,Gurgaon,F71159146
Sector 103 Gurgaon,28.493087,76.9866453,1650.0,3,3.0,,2,Semifurnished,Apartment,13500007.0,Gurgaon,N71158876
Sector 103 Gurgaon,28.493087,76.9866453,1650.0,2,2.0,,2,Semifurnished,Apartment,11500007.0,Gurgaon,S71158744
Sector 103 Gurgaon,28.493087,76.9866453,1650.0,2,2.0,,2,Semifurnished,Apartment,10800007.0,Gurgaon,I71158696
Sector 103 Gurgaon,28.493087,76.9866453,1650.0,2,2.0,,2,Semifurnished,Apartment,9500007.0,Gurgaon,M71158636
Sector 106 Gurgaon,28.5060806,76.9967796,2720.0,4,4.0,,5,Semifurnished,Apartment,39500007.0,Gurgaon,Z71158558
Sector 106 Gurgaon,28.5060806,76.9967796,2002.0,3,4.0,,5,Semifurnished,Apartment,29000007.0,Gurgaon,Q71158510
Sector 106 Gurgaon,28.5060806,76.9967796,1625.0,3,3.0,,5,Semifurnished,Apartment,21500007.0,Gurgaon,K71158304
Sector 106 Gurgaon,28.5060806,76.9967796,1366.0,2,2.0,,5,Semifurnished,Apartment,16000007.0,Gurgaon,U71158226
Sector 106 Gurgaon,28.5060806,76.9967796,1650.0,4,6.0,,2,Semifurnished,Apartment,16500007.0,Gurgaon,U71157278
Sector 106 Gurgaon,28.5060806,76.9967796,1650.0,3,4.0,,2,Semifurnished,Apartment,13000007.0,Gurgaon,O71157128
Sector 106 Gurgaon,28.5060806,76.9967796,1650.0,2,2.0,,2,Semifurnished,Apartment,10000007.0,Gurgaon,U71156698
Sector 107 Gurgaon,28.506941,76.9752137,1650.0,4,5.0,,2,Semifurnished,Apartment,21000007.0,Gurgaon,M71156344
Sector 107 Gurgaon,28.506941,76.9752137,1650.0,3,4.0,,2,Semifurnished,Apartment,17000007.0,Gurgaon,W71156032
Sector 107 Gurgaon,28.506941,76.9752137,1650.0,3,3.0,,2,Semifurnished,Apartment,14500007.0,Gurgaon,H71150618
Sector 107 Gurgaon,28.506941,76.9752137,1650.0,2,2.0,,2,Semifurnished,Apartment,10200000.0,Gurgaon,Q71150354
Sector 72 Gurgaon,28.3943815,77.032363,2000.0,4,5.0,,2,Semifurnished,Apartment,23000000.0,Gurgaon,P71150150
Sector 107 Gurgaon,28.506941,76.9752137,1650.0,2,2.0,,2,Semifurnished,Apartment,9000007.0,Gurgaon,O71150064
Sector 108 Gurgaon,28.5128994,76.9823615,1650.0,2,3.0,,2,Semifurnished,Apartment,10000007.0,Gurgaon,I71149682
Sector 108 Gurgaon,28.5128994,76.9823615,1650.0,4,5.0,,5,Semifurnished,Apartment,55000007.0,Gurgaon,P71149608
Sector 108 Gurgaon,28.5128994,76.9823615,1650.0,4,4.0,,5,Semifurnished,Apartment,41500007.0,Gurgaon,Y71149506
Sector 109 Gurgaon,28.5109205,77.0065956,1650.0,4,4.0,,2,Semifurnished,Apartment,16200007.0,Gurgaon,F71147176
Sector 109 Gurgaon,28.5109205,77.0065956,1650.0,3,3.0,,2,Semifurnished,Apartment,12500007.0,Gurgaon,Q71147130
Sector 109 Gurgaon,28.5109205,77.0065956,1650.0,4,4.0,,2,Semifurnished,Apartment,22500007.0,Gurgaon,E71145814
Sector 107 Gurgaon,28.506941,76.9752137,645.0,3,2.0,,2,Semifurnished,Apartment,5500000.0,Gurgaon,H71050874
Sector 103 Gurgaon,28.493087,76.9866453,1650.0,2,2.0,,2,Semifurnished,Apartment,5200000.0,Gurgaon,Z71050286
Sector 103 Gurgaon,28.493087,76.9866453,1650.0,2,2.0,,2,Semifurnished,Apartment,5000001.0,Gurgaon,N71050194
Sector 48 Gurgaon,28.4104903,77.0394627,2250.0,4,5.0,,3,Semifurnished,Apartment,28000000.0,Gurgaon,Z70967558
Sector 67 Gurgaon,28.3864052,77.0598046,520.0,2,2.0,,1,Semifurnished,Apartment,5600000.0,Gurgaon,E70889248
Dlf Phase 2,28.483901,77.0846097,1650.0,4,4.0,,1,Semifurnished,Independent/Builder Floor,41050000.0,Gurgaon,P70884230
Sector 67A Gurgaon,28.4618719,77.05688,591.0,2,2.0,,6,Semifurnished,Apartment,5700000.0,Gurgaon,F70766156
Dlf Phase 2,28.483901,77.0846097,1650.0,4,4.0,,1,Semifurnished,Independent/Builder Floor,45950000.0,Gurgaon,U70722062
Sushant Lok Phase 1,28.4545693,77.0826249,2200.0,4,4.0,,6,Semifurnished,Independent/Builder Floor,38500000.0,Gurgaon,G71593920
C Block Sushant Lok Phase 1,28.4545693,77.0826249,1500.0,3,3.0,,6,Unknown,Independent/Builder Floor,25000000.0,Gurgaon,N71579194
Sector 50 Gurgaon,28.4268461,77.0584252,1025.0,2,2.0,,2,Semifurnished,Apartment,11200000.0,Gurgaon,W71277824
Sector 54 Gurgaon,28.433569,77.1055815,4000.0,4,4.0,,6,Semifurnished,Apartment,140000000.0,Gurgaon,B71204794
Sector 62 Gurgaon,28.407697,77.0823781,1650.0,3,3.0,,5,Unfurnished,Apartment,38500000.0,Gurgaon,Q70948126
Sector 111 Gurgaon,28.5222773,77.0336203,1650.0,3,4.0,,1,Semifurnished,Apartment,36000000.0,Gurgaon,Y63419724
Sector 47 Gurgaon,28.4268461,77.0584252,1650.0,3,3.0,,1,Semifurnished,Independent/Builder Floor,16500000.0,Gurgaon,Y71730304
Sector 47 Gurgaon,28.4268461,77.0584252,1650.0,3,3.0,,1,Semifurnished,Independent/Builder Floor,16250000.0,Gurgaon,N71730082
Sector 47 Gurgaon,28.4268461,77.0584252,1650.0,3,3.0,,1,Semifurnished,Independent/Builder Floor,16500000.0,Gurgaon,N71729728
Sector 54 Gurgaon,28.433569,77.1055815,1650.0,4,6.0,,1,Semifurnished,Apartment,124500000.0,Gurgaon,W68477252
Sector 65 Gurgaon,28.4030162,77.0695893,1650.0,4,6.0,,6,Semifurnished,Apartment,62500000.0,Gurgaon,B65831770
Sector 48 Gurgaon,28.4104903,77.0394627,1650.0,4,6.0,,2,Unfurnished,Apartment,95000000.0,Gurgaon,G65669396
Dlf Phase 2,28.483901,77.0846097,1650.0,4,6.0,,3,Unfurnished,Apartment,60000000.0,Gurgaon,K65669898
Sector 42 Gurgaon,28.4487856,77.0988212,1650.0,4,6.0,,3,Semifurnished,Apartment,92100000.0,Gurgaon,O65568420
Sector 54 Gurgaon,28.433569,77.1055815,1650.0,4,6.0,,2,Semifurnished,Apartment,97500000.0,Gurgaon,X65568260
Sector 54 Gurgaon,28.433569,77.1055815,1650.0,4,6.0,,2,Semifurnished,Apartment,95000000.0,Gurgaon,N65365778
Sector 42 Gurgaon,28.4487856,77.0988212,1650.0,4,7.0,,2,Semifurnished,Apartment,235500000.0,Gurgaon,S65347368
Sector 54 Gurgaon,28.433569,77.1055815,1650.0,4,6.0,,1,Semifurnished,Apartment,125500000.0,Gurgaon,X67141960
Sector 81 Gurgaon,28.3873647,76.9475835,1034.0,3,2.0,,1,Semifurnished,Apartment,13500000.0,Gurgaon,N71714890
Sector 84 Gurgaon,28.4035469,76.9677894,1650.0,2,2.0,,1,Semifurnished,Apartment,10000000.0,Gurgaon,K71537486
Sector 92 Gurgaon,28.4089049,76.9155232,1650.0,3,2.0,,5,Semifurnished,Apartment,8430000.0,Gurgaon,Z71502108
Sector 79 Gurgaon,28.4618719,77.05688,1740.0,4,4.0,,6,Semifurnished,Apartment,23000000.0,Gurgaon,N70193464
Sector 92 Gurgaon,28.4089049,76.9155232,1650.0,4,4.0,,1,Semifurnished,Apartment,20000000.0,Gurgaon,C71454998
Sector 92 Gurgaon,28.4089049,76.9155232,1650.0,4,4.0,,1,Semifurnished,Apartment,21000000.0,Gurgaon,K71446604
Sector 92 Gurgaon,28.4089049,76.9155232,1650.0,4,4.0,,5,Semifurnished,Independent/Builder Floor,17000000.0,Gurgaon,L69984868
Sector-33 Sohna,28.3241636,77.0848644,1810.0,4,4.0,,6,Semifurnished,Apartment,26000000.0,Gurgaon,N71048882
Sector 85 Gurgaon,28.3985762,76.9547447,2599.0,4,4.0,,5,Semifurnished,Apartment,29000000.0,Gurgaon,D70884050
Sector 91 Gurgaon,28.4007588,76.9210802,1650.0,4,4.0,,5,Semifurnished,Independent/Builder Floor,20000000.0,Gurgaon,O70878028
Sector 92 Gurgaon,28.4089049,76.9155232,1650.0,4,4.0,,5,Semifurnished,Independent/Builder Floor,20000000.0,Gurgaon,A70854864
Sector 91 Gurgaon,28.4007588,76.9210802,2389.0,5,5.0,,5,Semifurnished,Independent/Builder Floor,30000000.0,Gurgaon,G69458156
Sector 50 Gurgaon,28.4268461,77.0584252,2160.00000000021,3,3.0,,2,Semifurnished,Independent/Builder Floor,14000000.0,Gurgaon,L69405536
Sector 54 Gurgaon,28.433569,77.1055815,1650.0,4,4.0,,2,Semifurnished,Apartment,60000000.0,Gurgaon,X70587684
Sector 54 Gurgaon,28.433569,77.1055815,1650.0,3,4.0,,2,Semifurnished,Apartment,50000000.0,Gurgaon,R70587516
Sector 86 Gurgaon,28.3981205,76.9411257,1550.0,3,3.0,,1,Semifurnished,Apartment,15800000.0,Gurgaon,X70266616
Sector 54 Gurgaon,28.433569,77.1055815,1850.0,4,4.0,,3,Semifurnished,Apartment,60000000.0,Gurgaon,K69644194
Sector 9 Gurgaon,28.3840986,76.8861337,1800.0,3,4.0,,1,Semifurnished,Independent/Builder Floor,20000000.0,Gurgaon,N71706716
Sector 85 Gurgaon,28.3985762,76.9547447,900.0,2,2.0,,5,Semifurnished,Apartment,12600000.0,Gurgaon,I71238974
Sector 48 Gurgaon,28.4104903,77.0394627,3240.00000000032,4,5.0,,1,Semifurnished,Independent/Builder Floor,25000000.0,Gurgaon,P71029710
Sector 81 Gurgaon,28.3873647,76.9475835,1130.0,3,3.0,,1,Semifurnished,Apartment,15200000.0,Gurgaon,B71565222
Sector 63A Gurgaon,28.4618719,77.05688,1700.0,3,3.0,,6,Semifurnished,Independent/Builder Floor,18000000.0,Gurgaon,R71495724
Sector 108 Gurgaon,28.5128994,76.9823615,1650.0,3,3.0,,1,Semifurnished,Apartment,33500000.0,Gurgaon,H67534046
Sector 108 Gurgaon,28.5128994,76.9823615,1280.17,3,4.0,,5,Semifurnished,Apartment,33100000.0,Gurgaon,D57850194
Sector 54 Gurgaon,28.433569,77.1055815,1650.0,5,7.0,,3,Semifurnished,Apartment,112500000.0,Gurgaon,P71401202
Sector 81 Gurgaon,28.3873647,76.9475835,1650.0,3,3.0,,6,Semifurnished,Apartment,25500000.0,Gurgaon,L71216784
Sector 53 Gurgaon,28.4487856,77.0988212,2229.0,4,4.0,,5,Semifurnished,Apartment,82100000.0,Gurgaon,Z71165348
Sector 54 Gurgaon,28.433569,77.1055815,3890.0,4,4.0,,2,Semifurnished,Apartment,97000000.0,Gurgaon,A71136770
Sector 54 Gurgaon,28.433569,77.1055815,3289.0,4,6.0,,2,Semifurnished,Apartment,85000000.0,Gurgaon,P71136766
Sector 54 Gurgaon,28.433569,77.1055815,2986.0,4,4.0,,2,Semifurnished,Apartment,71900000.0,Gurgaon,Y71136756
Sector 54 Gurgaon,28.433569,77.1055815,2789.0,4,4.0,,2,Semifurnished,Apartment,71000000.0,Gurgaon,H71136744
Sector 54 Gurgaon,28.433569,77.1055815,2379.0,3,4.0,,2,Semifurnished,Apartment,49900000.0,Gurgaon,U71136730
Sector 106 Gurgaon,28.5060806,76.9967796,1299.0,3,3.0,,5,Unfurnished,Apartment,21100000.0,Gurgaon,T44190153
Sector 48 Gurgaon,28.4104903,77.0394627,1800.0,3,3.0,,6,Semifurnished,Independent/Builder Floor,16000000.0,Gurgaon,U70914504
Sector 48 Gurgaon,28.4104903,77.0394627,1325.0,3,3.0,,2,Semifurnished,Independent/Builder Floor,15000000.0,Gurgaon,G70331550
Sector 109 Gurgaon,28.5109205,77.0065956,1650.0,3,3.0,,2,Unknown,Apartment,15000000.0,Gurgaon,A64291752
Sector 92 Gurgaon,28.4089049,76.9155232,1650.0,3,4.0,,6,Unfurnished,Apartment,17500000.0,Gurgaon,T69621382
Greenwood City,28.4449095,77.0611408,1650.0,3,3.0,,6,Semifurnished,Independent/Builder Floor,25000000.0,Gurgaon,O65942778
South City 1,28.4188433,77.0440293,3600.0,4,4.0,,6,Semifurnished,Independent/Builder Floor,59500000.0,Gurgaon,D71803102
South City 1,28.4188433,77.0440293,3600.0,4,5.0,,6,Semifurnished,Independent/Builder Floor,54500000.0,Gurgaon,F71802934
South City 1,28.4188433,77.0440293,3500.0,4,5.0,,6,Semifurnished,Independent/Builder Floor,50000000.0,Gurgaon,I71802700
South City 1,28.4188433,77.0440293,2800.0,4,5.0,,6,Semifurnished,Independent/Builder Floor,34500000.0,Gurgaon,H71802380
South City 1,28.4188433,77.0440293,2600.0,4,4.0,,6,Semifurnished,Independent/Builder Floor,30000000.0,Gurgaon,U71801960
South City 1,28.4188433,77.0440293,2100.0,4,4.0,,6,Semifurnished,Independent/Builder Floor,28500000.0,Gurgaon,P71801744
South City 1,28.4188433,77.0440293,2000.0,4,4.0,,6,Semifurnished,Independent/Builder Floor,26000000.0,Gurgaon,J71801564
South City 1,28.4188433,77.0440293,2000.0,4,4.0,,6,Semifurnished,Independent/Builder Floor,25500000.0,Gurgaon,H71800732
South City 1,28.4188433,77.0440293,1800.0,3,3.0,,6,Semifurnished,Independent/Builder Floor,23500000.0,Gurgaon,X71800116
South City 1,28.4188433,77.0440293,1350.0,3,3.0,,6,Semifurnished,Independent/Builder Floor,19000000.0,Gurgaon,Y71798680
South City 1,28.4188433,77.0440293,1400.0,3,3.0,,6,Semifurnished,Independent/Builder Floor,20000000.0,Gurgaon,F71798308
South City 1,28.4188433,77.0440293,1800.0,3,3.0,,6,Semifurnished,Independent/Builder Floor,22500000.0,Gurgaon,E71797938
Sector 41 Gurgaon,28.4433686,77.0552345,1199.0,2,2.0,,3,Semifurnished,Apartment,12500000.0,Gurgaon,W71795854
Sector 77 Gurgaon,28.3832337,76.982557,1650.0,3,3.0,,6,Semifurnished,Apartment,20000000.0,Gurgaon,Z71740680
Sector 72 Gurgaon,28.3943815,77.032363,2000.0,4,5.0,,2,Semifurnished,Apartment,25000000.0,Gurgaon,F71710182
Sushant Lok Phase 1,28.4545693,77.0826249,1200.0,3,3.0,,3,Semifurnished,Apartment,16000000.0,Gurgaon,W71674336
Sector-33 Sohna,28.3241636,77.0848644,1200.0,3,3.0,,1,Semifurnished,Apartment,19000000.0,Gurgaon,U71614476
Nirvana Country,28.4150509,77.0642955,2000.0,3,3.0,,1,Semifurnished,Independent/Builder Floor,17500000.0,Gurgaon,C71608636
Dlf Phase 1,28.4765171,77.090194,1650.0,4,5.0,,6,Semifurnished,Independent/Builder Floor,65000000.0,Gurgaon,L69270668
Mg Road,28.4769607,77.0662688,2012.0,3,4.0,,6,Semifurnished,Apartment,62100000.0,Gurgaon,H70497608
Dlf Phase 2,28.483901,77.0846097,1350.0,3,3.0,,2,Semifurnished,Apartment,22000000.0,Gurgaon,A71546222
Sector 46 Gurgaon,28.4268461,77.0584252,1650.0,4,4.0,,1,Unfurnished,Independent/Builder Floor,25500000.0,Gurgaon,E71495830
Sector-33 Sohna,28.3241636,77.0848644,1650.0,4,5.0,,1,Semifurnished,Apartment,27000000.0,Gurgaon,V71455682
Dlf Phase 5,28.503445,77.0952048,1950.0,3,3.0,,5,Semifurnished,Independent/Builder Floor,54500000.0,Gurgaon,R71417528
Sector 53 Gurgaon,28.4487856,77.0988212,1638.0,3,3.0,,5,Unfurnished,Apartment,43500000.0,Gurgaon,C71413614
Sector 37C Gurgaon,28.4489095,76.9880502,545.0,2,2.0,,1,Semifurnished,Apartment,4200000.0,Gurgaon,T71408844
Malibu Town,28.4234344,77.0468649,1650.0,3,3.0,,1,Unfurnished,Independent/Builder Floor,20000000.0,Gurgaon,F71390100
Malibu Town,28.4234344,77.0468649,1650.0,3,3.0,,1,Unfurnished,Independent/Builder Floor,19000000.0,Gurgaon,J71389984
Sector 37C Gurgaon,28.4489095,76.9880502,730.0,2,2.0,,1,Semifurnished,Apartment,4000000.0,Gurgaon,M71380326
Sector 77 Gurgaon,28.3832337,76.982557,1650.0,3,3.0,,6,Semifurnished,Apartment,19500000.0,Gurgaon,Q71371990
Sector-33 Sohna,28.3241636,77.0848644,1400.0,3,3.0,,6,Semifurnished,Apartment,18000000.0,Gurgaon,Z71367736
South City 1,28.4188433,77.0440293,1650.0,3,3.0,,1,Unfurnished,Independent/Builder Floor,22000000.0,Gurgaon,P71367438
South City 2,28.4188806,77.0439211,1650.0,3,3.0,,1,Unfurnished,Independent/Builder Floor,21000000.0,Gurgaon,Z71367120
South City 2,28.4188806,77.0439211,1650.0,3,3.0,,1,Unfurnished,Independent/Builder Floor,19000000.0,Gurgaon,H71366700
Sector 31 Gurgaon,28.4540044,77.0497179,1650.0,3,3.0,,1,Unfurnished,Independent/Builder Floor,20000000.0,Gurgaon,M71366266
Sector 40 Gurgaon,28.449216,77.0566378,1650.0,3,3.0,,1,Unfurnished,Independent/Builder Floor,20000000.0,Gurgaon,N71353248
Sector 31 Gurgaon,28.4540044,77.0497179,1650.0,3,3.0,,1,Unfurnished,Independent/Builder Floor,21200000.0,Gurgaon,H71352886
Sector 31 Gurgaon,28.4540044,77.0497179,1650.0,3,3.0,,1,Unfurnished,Independent/Builder Floor,21100000.0,Gurgaon,Y71350868
Sector-33 Sohna,28.3241636,77.0848644,1590.0,3,3.0,,6,Semifurnished,Apartment,17000000.0,Gurgaon,V69453788
Sector-33 Sohna,28.3241636,77.0848644,2500.0,4,4.0,,6,Semifurnished,Apartment,26000000.0,Gurgaon,Y69537012
Sector 48 Gurgaon,28.4104903,77.0394627,2600.0,3,4.0,,1,Semifurnished,Apartment,53000000.0,Gurgaon,Y70064996
Sector-33 Sohna,28.3241636,77.0848644,1800.0,3,3.0,,1,Semifurnished,Apartment,18000000.0,Gurgaon,C71337616
Sector 48 Gurgaon,28.4104903,77.0394627,2200.0,4,5.0,,2,Semifurnished,Apartment,35000000.0,Gurgaon,B71328780
Sector 53 Gurgaon,28.4487856,77.0988212,1650.0,3,5.0,,2,Semifurnished,Apartment,52500000.0,Gurgaon,L71311226
Sushant Lok Phase 1,28.4545693,77.0826249,3000.0,4,5.0,,6,Semifurnished,Independent/Builder Floor,40000000.0,Gurgaon,G71294714
Sector 66 Gurgaon,28.3974292,77.0538823,1650.0,4,4.0,,1,Semifurnished,Apartment,20500000.0,Gurgaon,Y71274900
Sector 77 Gurgaon,28.3832337,76.982557,1177.0,3,4.0,,1,Semifurnished,Apartment,12500000.0,Gurgaon,U71266692
Dlf Phase 1,28.4765171,77.090194,2250.0,4,4.0,,6,Semifurnished,Independent/Builder Floor,38500000.0,Gurgaon,R71266304
Sector 86 Gurgaon,28.3981205,76.9411257,1600.0,3,3.0,,1,Semifurnished,Apartment,16500000.0,Gurgaon,Q71256752
Sector 57 Gurgaon,28.4232478,77.0804487,1650.0,3,4.0,,2,Semifurnished,Apartment,26000000.0,Gurgaon,E71140210
South City 1,28.4188433,77.0440293,1400.0,3,2.0,,2,Semifurnished,Independent/Builder Floor,17500000.0,Gurgaon,E71142124
Sector 83 Gurgaon,28.3963578,76.9654747,1244.33,3,4.0,,1,Semifurnished,Apartment,19000000.0,Gurgaon,T71140690
Sector 56 Gurgaon,28.4252244,77.0992377,2400.0,4,3.0,,2,Semifurnished,Apartment,21000000.0,Gurgaon,S71113562
Sector 48 Gurgaon,28.4104903,77.0394627,1500.0,2,2.0,,1,Unfurnished,Apartment,35000000.0,Gurgaon,K69833876
Sector 56 Gurgaon,28.4252244,77.0992377,377.0,2,1.0,,3,Semifurnished,Apartment,5200000.0,Gurgaon,F71046204
Sector 113 Gurgaon,28.5286649,77.0250282,1650.0,3,3.0,,1,Semifurnished,Apartment,35000000.0,Gurgaon,L62919676
Sector 54 Gurgaon,28.433569,77.1055815,3529.0,4,6.0,,6,Semifurnished,Apartment,120000000.0,Gurgaon,W61626118
Sector 53 Gurgaon,28.4487856,77.0988212,1638.0,3,4.0,,5,Unfurnished,Apartment,58800000.0,Gurgaon,X62781716
Sector 42 Gurgaon,28.4487856,77.0988212,6350.0,4,4.0,,1,Unfurnished,Apartment,340000000.0,Gurgaon,C61576250
Sector 81 Gurgaon,28.3873647,76.9475835,1650.0,3,3.0,,6,Semifurnished,Apartment,25000000.0,Gurgaon,E53668436
Sector 53 Gurgaon,28.4487856,77.0988212,3216.0,3,4.0,,5,Unfurnished,Apartment,64300000.0,Gurgaon,H65169898
Sector 54 Gurgaon,28.433569,77.1055815,4200.0,4,4.0,,2,Semifurnished,Apartment,110000000.0,Gurgaon,R70123890
Sector 54 Gurgaon,28.433569,77.1055815,4000.0,4,5.0,,1,Semifurnished,Apartment,139000000.0,Gurgaon,W70124144
Sector 59 Gurgaon,28.4030162,77.1066682,2650.0,4,4.0,,5,Semifurnished,Apartment,63000000.0,Gurgaon,I64413492
Sector 54 Gurgaon,28.433569,77.1055815,1650.0,4,5.0,,6,Unfurnished,Apartment,135500000.0,Gurgaon,E61626040
Sector 53 Gurgaon,28.4487856,77.0988212,2822.0,5,5.0,,5,Unfurnished,Apartment,105000000.0,Gurgaon,K65930230
Sector 82A Gurgaon,28.3881583,76.96273,3100.0,4,4.0,,5,Semifurnished,Apartment,31000000.0,Gurgaon,P70226898
Sector 54 Gurgaon,28.433569,77.1055815,3100.0,4,6.0,,1,Unknown,Apartment,107500000.0,Gurgaon,J70288912
Sector 54 Gurgaon,28.433569,77.1055815,4000.0,4,5.0,,1,Unfurnished,Apartment,137400000.0,Gurgaon,Y70289040
Sector 53 Gurgaon,28.4487856,77.0988212,3300.0,4,4.0,,6,Semifurnished,Apartment,50000000.0,Gurgaon,I70477126
Sector 54 Gurgaon,28.433569,77.1055815,3100.0,4,6.0,,1,Unfurnished,Apartment,69500000.0,Gurgaon,H70720728
Sector 62 Gurgaon,28.407697,77.0823781,802.0,2,2.0,,6,Unfurnished,Apartment,25000000.0,Gurgaon,S70897714
Sector 66 Gurgaon,28.3974292,77.0538823,1000.0,2,2.0,,2,Semifurnished,Apartment,16500000.0,Gurgaon,M70881720
Sector 66 Gurgaon,28.3974292,77.0538823,1700.0,3,3.0,,1,Semifurnished,Apartment,34000000.0,Gurgaon,D70858184
Sector 62 Gurgaon,28.407697,77.0823781,2100.0,3,3.0,,6,Semifurnished,Apartment,42000000.0,Gurgaon,A70043690
Sector 99 Gurgaon,28.4645549,76.9628585,487.0,2,2.0,,1,Semifurnished,Apartment,4400000.0,Gurgaon,V69868736
Sector-33 Sohna,28.3241636,77.0848644,1650.0,2,2.0,,1,Semifurnished,Independent/Builder Floor,12500000.0,Gurgaon,Q71799284
Sector 65 Gurgaon,28.4030162,77.0695893,1650.0,3,3.0,,5,Semifurnished,Apartment,82500000.0,Gurgaon,C70724012
Sector 67 Gurgaon,28.3864052,77.0598046,1650.0,4,5.0,,1,Semifurnished,Apartment,50200000.0,Gurgaon,R71782708
Sector 71 Gurgaon,28.3950557,77.0314336,1200.0,3,3.0,,1,Semifurnished,Apartment,10300000.0,Gurgaon,M68143418
Sector 71 Gurgaon,28.3950557,77.0314336,1650.0,3,3.0,,1,Semifurnished,Apartment,11200000.0,Gurgaon,O65134068
Sector 79 Gurgaon,28.4618719,77.05688,1200.0,3,3.0,,6,Semifurnished,Apartment,14000000.0,Gurgaon,W71751936
Sector 82A Gurgaon,28.3881583,76.96273,1400.0,3,4.0,,6,Semifurnished,Apartment,23500000.0,Gurgaon,F71751766
Sector 92 Gurgaon,28.4089049,76.9155232,1995.0,3,4.0,,6,Semifurnished,Apartment,19000000.0,Gurgaon,B71751682
Sector 92 Gurgaon,28.4089049,76.9155232,1100.0,2,2.0,,6,Semifurnished,Apartment,6600000.0,Gurgaon,C71735428
Sector 43 Gurgaon,28.4487856,77.0988212,2400.0,4,4.0,,1,Semifurnished,Apartment,27500000.0,Gurgaon,V71732782
Sector 65 Gurgaon,28.4030162,77.0695893,1250.0,3,3.0,,2,Semifurnished,Apartment,27500000.0,Gurgaon,O71718462
Sector 49 Gurgaon,28.4127374,77.0555164,1750.0,3,3.0,,2,Semifurnished,Apartment,26200000.0,Gurgaon,E71701932
Sector 49 Gurgaon,28.4127374,77.0555164,3650.0,5,4.0,,2,Semifurnished,Apartment,53000000.0,Gurgaon,R71701822
Sector 49 Gurgaon,28.4127374,77.0555164,3150.0,5,4.0,,2,Semifurnished,Apartment,45200000.0,Gurgaon,C71701690
Sector 43 Gurgaon,28.4487856,77.0988212,1640.0,3,4.0,,2,Semifurnished,Apartment,21000000.0,Gurgaon,G71700624
Sector 37D Gurgaon,28.4480039,76.9697682,1650.0,4,3.0,,6,Semifurnished,Apartment,18500000.0,Gurgaon,I71696602
Sector 37D Gurgaon,28.4480039,76.9697682,1650.0,3,3.0,,6,Semifurnished,Apartment,15000000.0,Gurgaon,V71696456
Sector 37D Gurgaon,28.4480039,76.9697682,1650.0,3,3.0,,6,Semifurnished,Apartment,15200000.0,Gurgaon,Z71696206
Sector 37C Gurgaon,28.4489095,76.9880502,1650.0,3,3.0,,6,Semifurnished,Apartment,12000000.0,Gurgaon,E71695222
Sector 37D Gurgaon,28.4480039,76.9697682,1650.0,3,3.0,,6,Semifurnished,Apartment,14000000.0,Gurgaon,O71673064
Sector 89 Gurgaon,28.4184455,76.9457567,1103.0,3,3.0,,5,Semifurnished,Independent/Builder Floor,9500000.0,Gurgaon,Q71665694
Sector 70 Gurgaon,28.3947261,77.0223138,1650.0,2,2.0,,6,Semifurnished,Apartment,10700000.0,Gurgaon,V71658374
Sector 68 Gurgaon,28.388897,77.0459859,1650.0,3,2.0,,6,Semifurnished,Apartment,10500000.0,Gurgaon,K71657662
Sector 68 Gurgaon,28.388897,77.0459859,1650.0,3,4.0,,6,Semifurnished,Apartment,16500000.0,Gurgaon,K71657502
Sector 68 Gurgaon,28.388897,77.0459859,1650.0,2,2.0,,6,Semifurnished,Apartment,9900000.0,Gurgaon,X71657232
Sector 70A Gurgaon,28.3846684,77.0220391,1650.0,3,3.0,,1,Semifurnished,Apartment,10500000.0,Gurgaon,H71656442
Sector 48 Gurgaon,28.4104903,77.0394627,4536.00000000045,4,4.0,,6,Semifurnished,Independent/Builder Floor,40000000.0,Gurgaon,O71656240
Sector 70A Gurgaon,28.3846684,77.0220391,1650.0,3,3.0,,1,Semifurnished,Apartment,11500000.0,Gurgaon,T71655822
Sector 70A Gurgaon,28.3846684,77.0220391,1187.0,2,2.0,,6,Semifurnished,Apartment,8400000.0,Gurgaon,C71655490
Sector 70A Gurgaon,28.3846684,77.0220391,1650.0,3,2.0,,1,Semifurnished,Apartment,9500000.0,Gurgaon,R71655318
Sector 70A Gurgaon,28.3846684,77.0220391,1650.0,3,2.0,,1,Semifurnished,Apartment,11000000.0,Gurgaon,Z71655144
Sector 37D Gurgaon,28.4480039,76.9697682,1650.0,3,3.0,,6,Semifurnished,Apartment,15600000.0,Gurgaon,N71637152
Sector 65 Gurgaon,28.4030162,77.0695893,1650.0,2,2.0,,5,Semifurnished,Apartment,20000000.0,Gurgaon,Y71637066
Sector 57 Gurgaon,28.4232478,77.0804487,1350.0,3,3.0,,6,Semifurnished,Independent/Builder Floor,17500000.0,Gurgaon,X71627902
Sector 52 Gurgaon,28.4368166,77.0795276,1850.0,3,3.0,,6,Semifurnished,Independent/Builder Floor,20000000.0,Gurgaon,E71626992
Sector 65 Gurgaon,28.4030162,77.0695893,1650.0,3,3.0,,5,Semifurnished,Apartment,26000000.0,Gurgaon,L71613234
Sector 65 Gurgaon,28.4030162,77.0695893,2414.0,3,3.0,,1,Semifurnished,Apartment,63000000.0,Gurgaon,T71612492
Sector 65 Gurgaon,28.4030162,77.0695893,1650.0,2,2.0,,6,Semifurnished,Apartment,18300000.0,Gurgaon,E71612358
Sector 65 Gurgaon,28.4030162,77.0695893,1650.0,2,2.0,,6,Semifurnished,Apartment,18800000.0,Gurgaon,T71611804
Sector 65 Gurgaon,28.4030162,77.0695893,1650.0,2,2.0,,5,Semifurnished,Apartment,17000000.0,Gurgaon,P71611656
Sector 37D Gurgaon,28.4480039,76.9697682,1650.0,3,3.0,,6,Semifurnished,Apartment,15500000.0,Gurgaon,A71609932
Sector 37C Gurgaon,28.4489095,76.9880502,1650.0,3,3.0,,6,Semifurnished,Apartment,10000000.0,Gurgaon,D71608294
Sector 49 Gurgaon,28.4127374,77.0555164,1650.0,4,5.0,,3,Semifurnished,Apartment,35000000.0,Gurgaon,O71601358
Sector 82 Gurgaon,28.3932827,76.9545277,1620.00000000016,2,2.0,,2,Semifurnished,Independent/Builder Floor,6600000.0,Gurgaon,Z71570320
Sector 79 Gurgaon,28.4618719,77.05688,1650.0,3,4.0,,6,Semifurnished,Apartment,17000000.0,Gurgaon,C71588064
Sector 28 Gurgaon,28.4794143,77.0833588,1800.00000000018,3,3.0,,1,Semifurnished,Independent/Builder Floor,26500000.0,Gurgaon,J71586046
Sector 40 Gurgaon,28.449216,77.0566378,4000.0,3,3.0,,1,Semifurnished,Independent/Builder Floor,21000000.0,Gurgaon,D71583482
Sector 68 Gurgaon,28.388897,77.0459859,860.0,2,2.0,,6,Semifurnished,Apartment,13500000.0,Gurgaon,E71583426
Sector 49 Gurgaon,28.4127374,77.0555164,1650.0,3,3.0,,3,Semifurnished,Apartment,19500000.0,Gurgaon,F71571018
Sector 57 Gurgaon,28.4232478,77.0804487,1650.0,3,4.0,,3,Semifurnished,Apartment,27000000.0,Gurgaon,L71570598
Sector 57 Gurgaon,28.4232478,77.0804487,1650.0,3,4.0,,3,Semifurnished,Apartment,27500000.0,Gurgaon,L71569972
Sector 79 Gurgaon,28.4618719,77.05688,1193.0,2,2.0,,5,Semifurnished,Apartment,10000000.0,Gurgaon,T71568796
Sector 42 Gurgaon,28.4487856,77.0988212,1650.0,4,8.0,,6,Unfurnished,Apartment,550000000.0,Gurgaon,V71566078
Sector 82A Gurgaon,28.3881583,76.96273,1538.0,3,3.0,,1,Semifurnished,Apartment,21000000.0,Gurgaon,Q71562638
Sector 79 Gurgaon,28.4618719,77.05688,1211.0,2,2.0,,5,Semifurnished,Independent/Builder Floor,9500000.0,Gurgaon,E71560342
Sector 79 Gurgaon,28.4618719,77.05688,1000.0,2,2.0,,5,Semifurnished,Independent/Builder Floor,9000000.0,Gurgaon,J71560230
Sector 79 Gurgaon,28.4618719,77.05688,1650.0,3,3.0,,1,Semifurnished,Apartment,18500000.0,Gurgaon,Y71543090
Sector 37D Gurgaon,28.4480039,76.9697682,1650.0,3,3.0,,6,Semifurnished,Apartment,14900000.0,Gurgaon,V71536522
Sector 57 Gurgaon,28.4232478,77.0804487,3915.0,4,5.0,,6,Semifurnished,Independent/Builder Floor,40000000.0,Gurgaon,O71521814
Sector 68 Gurgaon,28.388897,77.0459859,1000.0,2,2.0,,6,Semifurnished,Apartment,11000000.0,Gurgaon,Y71503280
Sector 58 Gurgaon,28.4160012,77.1085564,1956.0,3,3.0,,1,Semifurnished,Apartment,45000000.0,Gurgaon,X71481366
Sector 54 Gurgaon,28.433569,77.1055815,1118.0,3,3.0,,1,Semifurnished,Apartment,56000000.0,Gurgaon,E71475574
Sohna,28.3241636,77.0848644,1000.0,2,2.0,,5,Semifurnished,Apartment,9500000.0,Gurgaon,W71470268
Sector 68 Gurgaon,28.388897,77.0459859,1650.0,3,3.0,,1,Semifurnished,Apartment,15500000.0,Gurgaon,E71463346
Sector 68 Gurgaon,28.388897,77.0459859,1650.0,3,3.0,,6,Semifurnished,Apartment,16000000.0,Gurgaon,V71462812
Sector 68 Gurgaon,28.388897,77.0459859,1650.0,2,2.0,,5,Semifurnished,Apartment,11500000.0,Gurgaon,Z71462712
Sector 68 Gurgaon,28.388897,77.0459859,1650.0,2,2.0,,5,Semifurnished,Apartment,11400000.0,Gurgaon,W71462658
Sector 79 Gurgaon,28.4618719,77.05688,1200.0,3,3.0,,1,Semifurnished,Apartment,14000000.0,Gurgaon,R71460094
Sector 79 Gurgaon,28.4618719,77.05688,1100.0,2,2.0,,1,Semifurnished,Apartment,13000000.0,Gurgaon,O71459498
Sector 37C Gurgaon,28.4489095,76.9880502,1400.0,3,3.0,,6,Semifurnished,Apartment,11500000.0,Gurgaon,Y71457960
Sector 79 Gurgaon,28.4618719,77.05688,1000.0,2,2.0,,1,Semifurnished,Apartment,10808000.0,Gurgaon,C71457706
Sector 79 Gurgaon,28.4618719,77.05688,1000.0,2,2.0,,5,Semifurnished,Independent/Builder Floor,9500000.0,Gurgaon,P71457702
Sector 37D Gurgaon,28.4480039,76.9697682,1200.0,2,2.0,,6,Semifurnished,Apartment,13000000.0,Gurgaon,U71457410
Sector 79 Gurgaon,28.4618719,77.05688,1650.0,3,3.0,,1,Semifurnished,Apartment,14000000.0,Gurgaon,L71457384
Sector 79 Gurgaon,28.4618719,77.05688,1100.0,2,2.0,,1,Semifurnished,Apartment,11000000.0,Gurgaon,A71456622
Sector 79 Gurgaon,28.4618719,77.05688,1400.0,3,3.0,,1,Semifurnished,Apartment,15000000.0,Gurgaon,R71456334
Sector 76 Gurgaon,28.3910112,76.9900243,1300.0,3,3.0,,5,Semifurnished,Apartment,40000000.0,Gurgaon,A71454758
Sector 92 Gurgaon,28.4089049,76.9155232,1650.0,4,5.0,,6,Semifurnished,Apartment,21000000.0,Gurgaon,H71449148
Sector 79 Gurgaon,28.4618719,77.05688,1650.0,3,3.0,,6,Semifurnished,Apartment,14200000.0,Gurgaon,O71443810
Sector 85 Gurgaon,28.3985762,76.9547447,2599.0,4,4.0,,5,Semifurnished,Apartment,27500000.0,Gurgaon,G71434488
Sector 68 Gurgaon,28.388897,77.0459859,1650.0,2,2.0,,1,Semifurnished,Apartment,13500000.0,Gurgaon,K71434460
Sector 68 Gurgaon,28.388897,77.0459859,1650.0,2,2.0,,5,Semifurnished,Apartment,11000000.0,Gurgaon,H71434432
Sector 85 Gurgaon,28.3985762,76.9547447,1500.0,3,3.0,,5,Semifurnished,Apartment,21000000.0,Gurgaon,X71434378
Sector 85 Gurgaon,28.3985762,76.9547447,1829.0,3,3.0,,5,Semifurnished,Apartment,18000000.0,Gurgaon,U71434344
Sector 68 Gurgaon,28.388897,77.0459859,1200.0,3,3.0,,1,Unfurnished,Apartment,16600000.0,Gurgaon,Z71434304
Sector 67 Gurgaon,28.3864052,77.0598046,1650.0,3,4.0,,1,Semifurnished,Apartment,35000000.0,Gurgaon,T71434262
Sector 85 Gurgaon,28.3985762,76.9547447,1829.0,3,3.0,,5,Semifurnished,Apartment,18500000.0,Gurgaon,R71426332
Sector 68 Gurgaon,28.388897,77.0459859,1650.0,2,2.0,,5,Semifurnished,Apartment,11600000.0,Gurgaon,Q71426216
Sector 68 Gurgaon,28.388897,77.0459859,1650.0,3,3.0,,6,Unknown,Apartment,16500000.0,Gurgaon,C71425982
Sector 79 Gurgaon,28.4618719,77.05688,1175.0,2,2.0,,5,Semifurnished,Apartment,10500000.0,Gurgaon,U71402244
Sector 79 Gurgaon,28.4618719,77.05688,1650.0,2,2.0,,6,Semifurnished,Apartment,12500000.0,Gurgaon,Y71397204
Sector 79 Gurgaon,28.4618719,77.05688,1650.0,3,3.0,,6,Semifurnished,Apartment,20000000.0,Gurgaon,Z71396244
Sector 65 Gurgaon,28.4030162,77.0695893,1650.0,3,3.0,,1,Semifurnished,Apartment,59500000.0,Gurgaon,A71391750
Sector 49 Gurgaon,28.4127374,77.0555164,1650.0,3,4.0,,3,Semifurnished,Apartment,27500000.0,Gurgaon,O71391494
Sector 49 Gurgaon,28.4127374,77.0555164,1650.0,3,3.0,,3,Semifurnished,Apartment,22000000.0,Gurgaon,A71391192
Sector 49 Gurgaon,28.4127374,77.0555164,1650.0,3,4.0,,3,Semifurnished,Apartment,22000000.0,Gurgaon,M71390764
Sector 79 Gurgaon,28.4618719,77.05688,1400.0,3,3.0,,5,Semifurnished,Independent/Builder Floor,14500000.0,Gurgaon,M71390298
Sector 89 Gurgaon,28.4184455,76.9457567,1067.0,3,3.0,,5,Semifurnished,Apartment,12000000.0,Gurgaon,W71386768
Sector 70A Gurgaon,28.3846684,77.0220391,1650.0,4,5.0,,1,Semifurnished,Apartment,39000000.0,Gurgaon,Z71382754
Sector 58 Gurgaon,28.4160012,77.1085564,2664.0,4,4.0,,1,Semifurnished,Apartment,55000000.0,Gurgaon,D71371044
Sector 79 Gurgaon,28.4618719,77.05688,1650.0,4,4.0,,6,Semifurnished,Apartment,24000000.0,Gurgaon,B71369738
Sushant Lok Phase 3,28.464228,77.076724,1900.0,3,3.0,,2,Semifurnished,Independent/Builder Floor,14500000.0,Gurgaon,G71365442
Sector 37C Gurgaon,28.4489095,76.9880502,1150.0,2,2.0,,1,Semifurnished,Apartment,10200000.0,Gurgaon,L71364566
Sector 37C Gurgaon,28.4489095,76.9880502,1200.0,2,2.0,,1,Semifurnished,Apartment,9800000.0,Gurgaon,F71362600
Sector 56 Gurgaon,28.4252244,77.0992377,1850.0,3,3.0,,1,Semifurnished,Apartment,14600000.0,Gurgaon,E71361586
Sector 56 Gurgaon,28.4252244,77.0992377,1600.0,3,3.0,,1,Semifurnished,Apartment,15500000.0,Gurgaon,I71358354
Sector 102 Gurgaon,28.4754872,76.9711747,1072.0,3,3.0,,6,Semifurnished,Apartment,20000000.0,Gurgaon,Z71345334
Sector 39 Gurgaon,28.4433686,77.0552345,3019.0,4,4.0,,1,Semifurnished,Apartment,22500000.0,Gurgaon,M71339496
Sector 67 Gurgaon,28.3864052,77.0598046,1100.0,2,2.0,,1,Semifurnished,Apartment,19000000.0,Gurgaon,D70002478
Sector 67 Gurgaon,28.3864052,77.0598046,1650.0,4,7.0,,1,Semifurnished,Apartment,80000000.0,Gurgaon,I70198248
Sector 49 Gurgaon,28.4127374,77.0555164,2554.0,4,3.0,,1,Semifurnished,Apartment,21000000.0,Gurgaon,T71333232
Sector 83 Gurgaon,28.3963578,76.9654747,1500.0,3,3.0,,1,Semifurnished,Apartment,12500000.0,Gurgaon,Q71333084
Sector 49 Gurgaon,28.4127374,77.0555164,1573.0,3,3.0,,1,Semifurnished,Apartment,18500000.0,Gurgaon,R71333058
Sector 82 Gurgaon,28.3932827,76.9545277,1200.0,3,3.0,,1,Semifurnished,Independent/Builder Floor,10500000.0,Gurgaon,Y71332576
Sector 83 Gurgaon,28.3963578,76.9654747,950.75,2,2.0,,2,Semifurnished,Apartment,9300000.0,Gurgaon,G71294318
Sector 95 Gurgaon,28.4149443,76.9114892,1650.0,3,4.0,,6,Semifurnished,Apartment,20000000.0,Gurgaon,D71286836
Sector 79 Gurgaon,28.4618719,77.05688,1800.0,3,4.0,,6,Semifurnished,Apartment,21000000.0,Gurgaon,I71282828
Sector 79 Gurgaon,28.4618719,77.05688,1200.0,2,2.0,,6,Semifurnished,Apartment,12000000.0,Gurgaon,K71282588
Sector 92 Gurgaon,28.4089049,76.9155232,750.0,2,2.0,,5,Semifurnished,Independent/Builder Floor,8000000.0,Gurgaon,W66910498
Sector 37C Gurgaon,28.4489095,76.9880502,1650.0,3,3.0,,6,Unknown,Apartment,12238000.0,Gurgaon,R71274934
Sector 70A Gurgaon,28.3846684,77.0220391,1187.0,2,2.0,,6,Semifurnished,Apartment,8500000.0,Gurgaon,L71269722
Sector 83 Gurgaon,28.3963578,76.9654747,1650.0,2,2.0,,1,Semifurnished,Apartment,8200000.0,Gurgaon,M71268208
Sector 74 Gurgaon,28.4110081,77.0101209,2018.0,3,3.0,,6,Semifurnished,Apartment,25500000.0,Gurgaon,C71265878
Sector 56 Gurgaon,28.4252244,77.0992377,2575.0,4,4.0,,2,Semifurnished,Apartment,29000000.0,Gurgaon,O71252580
Sector 104 Gurgaon,28.4795324,76.9937197,1650.0,3,3.0,,5,Semifurnished,Apartment,21000000.0,Gurgaon,V71246634
Sector 113 Gurgaon,28.5286649,77.0250282,1650.0,3,4.0,,6,Semifurnished,Apartment,29000000.0,Gurgaon,Z71246436
Sector 79 Gurgaon,28.4618719,77.05688,1500.0,3,3.0,,5,Semifurnished,Independent/Builder Floor,15000000.0,Gurgaon,C71244556
Sector 70A Gurgaon,28.3846684,77.0220391,1650.0,3,2.0,,1,Semifurnished,Apartment,10100000.0,Gurgaon,H71241340
Sector 54 Gurgaon,28.433569,77.1055815,1650.0,3,3.0,,2,Semifurnished,Apartment,54500000.0,Gurgaon,W71240650
Sector 79 Gurgaon,28.4618719,77.05688,1534.0,3,3.0,,5,Semifurnished,Apartment,13000000.0,Gurgaon,K71237862
Sector 82 Gurgaon,28.3932827,76.9545277,905.0,2,2.0,,1,Semifurnished,Independent/Builder Floor,6450000.0,Gurgaon,I71232410
Sector 108 Gurgaon,28.5128994,76.9823615,848.2,2,2.0,,1,Semifurnished,Apartment,24000000.0,Gurgaon,D71233662
Sector 37D Gurgaon,28.4480039,76.9697682,1650.0,4,3.0,,6,Semifurnished,Apartment,17000000.0,Gurgaon,C71228612
Sector 37D Gurgaon,28.4480039,76.9697682,1650.0,3,3.0,,6,Semifurnished,Apartment,14000000.0,Gurgaon,F71228454
Dlf Phase 5,28.503445,77.0952048,1650.0,3,3.0,,3,Semifurnished,Apartment,21000000.0,Gurgaon,L71221508
Vigyan Vihar,28.6605415,77.3126204,2150.0,3,3.0,,1,Semifurnished,Apartment,19000000.0,Gurgaon,D71213118
Sector 79 Gurgaon,28.4618719,77.05688,1650.0,3,4.0,,6,Semifurnished,Apartment,19000000.0,Gurgaon,R71209004
Sector 79 Gurgaon,28.4618719,77.05688,1650.0,3,4.0,,6,Semifurnished,Apartment,18200000.0,Gurgaon,D71208336
Sector 79 Gurgaon,28.4618719,77.05688,1650.0,3,3.0,,6,Semifurnished,Apartment,17000000.0,Gurgaon,G71208026
Sector 81 Gurgaon,28.3873647,76.9475835,894.0,2,2.0,,6,Semifurnished,Apartment,11200000.0,Gurgaon,E71207372
Sector 91 Gurgaon,28.4007588,76.9210802,1650.0,2,2.0,,6,Semifurnished,Apartment,11000000.0,Gurgaon,B71207188
Sector 102 Gurgaon,28.4754872,76.9711747,1650.0,2,2.0,,6,Semifurnished,Apartment,13000000.0,Gurgaon,Z71201410
Sector 37C Gurgaon,28.4489095,76.9880502,1650.0,3,4.0,,6,Semifurnished,Apartment,14000000.0,Gurgaon,J71200166
Sector 37C Gurgaon,28.4489095,76.9880502,1650.0,3,4.0,,6,Semifurnished,Apartment,13000000.0,Gurgaon,W71199004
Sector 45 Gurgaon,28.4449004,77.0663545,1500.0,3,3.0,,6,Semifurnished,Independent/Builder Floor,22500000.0,Gurgaon,X69888926
Sector 37C Gurgaon,28.4489095,76.9880502,1650.0,3,3.0,,6,Semifurnished,Apartment,12000000.0,Gurgaon,D71197518
Sector 113 Gurgaon,28.5286649,77.0250282,1650.0,3,4.0,,6,Semifurnished,Apartment,28800000.0,Gurgaon,T71196952
Sushant Lok Phase 3,28.464228,77.076724,2520.00000000025,3,3.0,,6,Semifurnished,Independent/Builder Floor,27000000.0,Gurgaon,P71195222
Sector 56 Gurgaon,28.4252244,77.0992377,2250.0,4,3.0,,1,Semifurnished,Apartment,21200000.0,Gurgaon,C71133408
Sector 63A Gurgaon,28.4618719,77.05688,1330.0,3,3.0,,5,Semifurnished,Apartment,27000000.0,Gurgaon,M70048478
Sector 56 Gurgaon,28.4252244,77.0992377,1250.0,3,3.0,,1,Semifurnished,Apartment,15500000.0,Gurgaon,A71151736
Sector 57 Gurgaon,28.4232478,77.0804487,2520.00000000025,3,3.0,,1,Semifurnished,Independent/Builder Floor,21000000.0,Gurgaon,R71148896
Sector 56 Gurgaon,28.4252244,77.0992377,1900.0,3,3.0,,2,Semifurnished,Apartment,16200000.0,Gurgaon,J71148714
South City 2,28.4188806,77.0439211,1650.0,3,3.0,,6,Semifurnished,Independent/Builder Floor,25000000.0,Gurgaon,R71148470
Sector 56 Gurgaon,28.4252244,77.0992377,1650.0,3,3.0,,1,Semifurnished,Apartment,15500000.0,Gurgaon,G71139732
Sector 63A Gurgaon,28.4618719,77.05688,1331.0,3,3.0,,5,Semifurnished,Apartment,28000000.0,Gurgaon,H71126556
Sector 70A Gurgaon,28.3846684,77.0220391,1650.0,2,2.0,,1,Semifurnished,Apartment,8800000.0,Gurgaon,J69964070
Sector 57 Gurgaon,28.4232478,77.0804487,3078.0000000003,3,4.0,,6,Semifurnished,Independent/Builder Floor,25500000.0,Gurgaon,R71068826
South City 2,28.4188806,77.0439211,1650.0,3,4.0,,5,Semifurnished,Independent/Builder Floor,25000005.0,Gurgaon,T71034164
Sector 59 Gurgaon,28.4030162,77.1066682,2773.0,3,4.0,,6,Semifurnished,Apartment,42500000.0,Gurgaon,W71030142
Sector 66 Gurgaon,28.3974292,77.0538823,1650.0,4,4.0,,2,Semifurnished,Apartment,70000000.0,Gurgaon,C71001270
Sector 47 Gurgaon,28.4268461,77.0584252,1650.0,3,4.0,,1,Semifurnished,Apartment,43000000.0,Gurgaon,T70989220
Sector 50 Gurgaon,28.4268461,77.0584252,1650.0,4,4.0,,1,Semifurnished,Independent/Builder Floor,27400000.0,Gurgaon,B70971218
Sector 82 Gurgaon,28.3932827,76.9545277,905.0,2,2.0,,1,Semifurnished,Independent/Builder Floor,6250000.0,Gurgaon,K70952550
Sector 83 Gurgaon,28.3963578,76.9654747,1650.0,2,2.0,,1,Semifurnished,Apartment,7750000.0,Gurgaon,T70951650
Sector 50 Gurgaon,28.4268461,77.0584252,1500.0,3,2.0,,3,Semifurnished,Independent/Builder Floor,13500000.0,Gurgaon,Z70944966
Sector 50 Gurgaon,28.4268461,77.0584252,1500.0,3,3.0,,1,Unknown,Independent/Builder Floor,15500000.0,Gurgaon,Z70944754
Sector 37C Gurgaon,28.4489095,76.9880502,1200.0,2,2.0,,1,Semifurnished,Apartment,9700000.0,Gurgaon,N70891646
Pataudi Road,28.347879,76.7522376,1200.0,3,2.0,,5,Semifurnished,Independent/Builder Floor,10100000.0,Gurgaon,P70889364
Sector 63 Gurgaon,28.3964476,77.086498,3699.00000000036,4,5.0,,6,Semifurnished,Independent/Builder Floor,37500000.0,Gurgaon,K70889226
Sector 82 Gurgaon,28.3932827,76.9545277,1650.0,3,3.0,,1,Semifurnished,Apartment,16000000.0,Gurgaon,U70874856
Sector 83 Gurgaon,28.3963578,76.9654747,929.0,2,2.0,,1,Semifurnished,Independent/Builder Floor,6000000.0,Gurgaon,T68901792
New Gurgaon,28.4671681,77.018953,941.0,2,3.0,,5,Semifurnished,Independent/Builder Floor,7990000.0,Gurgaon,S70868414
Sector 90 Gurgaon,28.4069974,76.9365562,1650.0,4,4.0,,2,Semifurnished,Apartment,20000000.0,Gurgaon,E70834576
Sector 67 Gurgaon,28.3864052,77.0598046,1650.0,4,5.0,,2,Semifurnished,Apartment,48000000.0,Gurgaon,Y70829208
Sector 77 Gurgaon,28.3832337,76.982557,1177.0,3,4.0,,2,Semifurnished,Apartment,12500000.0,Gurgaon,M70798834
Sector 91 Gurgaon,28.4007588,76.9210802,950.0,2,2.0,,1,Semifurnished,Apartment,9600000.0,Gurgaon,C70798676
Sector 91 Gurgaon,28.4007588,76.9210802,1000.0,2,2.0,,1,Semifurnished,Apartment,9200000.0,Gurgaon,A70798546
Sector 63A Gurgaon,28.4618719,77.05688,1600.0,3,4.0,,6,Semifurnished,Independent/Builder Floor,18900000.0,Gurgaon,V70795312
Sector 92 Gurgaon,28.4089049,76.9155232,1650.0,3,3.0,,6,Semifurnished,Apartment,15000000.0,Gurgaon,W70695448
Sector 46 Gurgaon,28.4268461,77.0584252,1350.0,3,3.0,,6,Semifurnished,Independent/Builder Floor,19000000.0,Gurgaon,L70069964
Sector 46 Gurgaon,28.4268461,77.0584252,1450.0,3,3.0,,6,Semifurnished,Independent/Builder Floor,23000000.0,Gurgaon,K69960464
Sector 70 Gurgaon,28.3947261,77.0223138,1161.0,3,5.0,,6,Semifurnished,Apartment,17500000.0,Gurgaon,O69848282
Sector 70A Gurgaon,28.3846684,77.0220391,1850.0,3,4.0,,1,Semifurnished,Apartment,21500000.0,Gurgaon,V71080220
Sector 48 Gurgaon,28.4104903,77.0394627,900.0,1,1.0,,1,Unfurnished,Apartment,21000000.0,Gurgaon,O71393360
Sector-33 Sohna,28.3241636,77.0848644,1500.0,3,3.0,,6,Semifurnished,Apartment,14900000.0,Gurgaon,E71062140
Sector 109 Gurgaon,28.5109205,77.0065956,1650.0,3,2.0,,2,Semifurnished,Apartment,14000007.0,Gurgaon,M71145580
Sector 86 Gurgaon,28.3981205,76.9411257,1300.0,3,3.0,,1,Semifurnished,Apartment,15500000.0,Gurgaon,J64460566
Sector 77 Gurgaon,28.3832337,76.982557,1400.0,3,3.0,,6,Semifurnished,Apartment,18000000.0,Gurgaon,H64461032
Sohna,28.3241636,77.0848644,1650.0,2,2.0,,1,Semifurnished,Apartment,3400000.0,Gurgaon,N68427898
Sector 71 Gurgaon,28.3950557,77.0314336,1650.0,3,3.0,,2,Unfurnished,Apartment,13000000.0,Gurgaon,Y71463136
Sector 109 Gurgaon,28.5109205,77.0065956,1650.0,3,4.0,,1,Semifurnished,Apartment,22500000.0,Gurgaon,Y71347688
Sector 47 Gurgaon,28.4268461,77.0584252,3700.0,4,6.0,,1,Semifurnished,Apartment,65000000.0,Gurgaon,Z70992108
Sector 37D Gurgaon,28.4480039,76.9697682,1650.0,3,3.0,,6,Semifurnished,Apartment,18200000.0,Gurgaon,I70926752
Sector 79 Gurgaon,28.4618719,77.05688,1650.0,3,3.0,,6,Semifurnished,Apartment,17200000.0,Gurgaon,Q70926320
Sector 79 Gurgaon,28.4618719,77.05688,1650.0,3,4.0,,6,Semifurnished,Apartment,17800000.0,Gurgaon,F70926214
Sector 84 Gurgaon,28.4035469,76.9677894,1487.0,4,3.0,,5,Semifurnished,Independent/Builder Floor,22500000.0,Gurgaon,L70925556
Sector 67 Gurgaon,28.3864052,77.0598046,2100.0,4,4.0,,1,Semifurnished,Apartment,34900000.0,Gurgaon,F71705482
Sector 47 Gurgaon,28.4268461,77.0584252,2100.0,3,5.0,,2,Semifurnished,Apartment,43500000.0,Gurgaon,D71702500
Sushant Lok Phase 3,28.464228,77.076724,2150.0,4,5.0,,6,Semifurnished,Independent/Builder Floor,25900000.0,Gurgaon,F71662340
Sector 57 Gurgaon,28.4232478,77.0804487,1500.0,3,2.0,,1,Semifurnished,Independent/Builder Floor,15900000.0,Gurgaon,T71628942
Sector 57 Gurgaon,28.4232478,77.0804487,1850.0,4,4.0,,1,Semifurnished,Independent/Builder Floor,22100000.0,Gurgaon,L71611510
Sector 57 Gurgaon,28.4232478,77.0804487,1750.0,3,3.0,,1,Semifurnished,Independent/Builder Floor,15900000.0,Gurgaon,H71430340
Sector 65 Gurgaon,28.4030162,77.0695893,631.0,2,2.0,,1,Semifurnished,Apartment,14200000.0,Gurgaon,Z71388242
Sector 67 Gurgaon,28.3864052,77.0598046,2356.0,3,4.0,,1,Semifurnished,Apartment,35400000.0,Gurgaon,U70706564
Dlf Phase 5,28.503445,77.0952048,1650.0,4,4.0,,6,Semifurnished,Apartment,90000000.0,Gurgaon,D70111910
Sector 65 Gurgaon,28.4030162,77.0695893,631.0,2,2.0,,1,Semifurnished,Apartment,14500000.0,Gurgaon,L71368164
Sector 88B Gurgaon,28.4420223,76.9538495,1150.0,2,2.0,,6,Semifurnished,Independent/Builder Floor,10500000.0,Gurgaon,B71720564
Sector 74 Gurgaon,28.4110081,77.0101209,1395.0,2,2.0,,6,Semifurnished,Apartment,15900000.0,Gurgaon,N71549088
Sector 67 Gurgaon,28.3864052,77.0598046,1250.0,2,2.0,,1,Semifurnished,Apartment,21000000.0,Gurgaon,C71502536
Sector 65 Gurgaon,28.4030162,77.0695893,1500.0,3,3.0,,1,Semifurnished,Apartment,23900000.0,Gurgaon,N71490988
Sector 65 Gurgaon,28.4030162,77.0695893,2800.0,4,4.0,,1,Semifurnished,Independent/Builder Floor,42400000.0,Gurgaon,S69710238
Sector 65 Gurgaon,28.4030162,77.0695893,1750.0,4,4.0,,1,Semifurnished,Independent/Builder Floor,21000000.0,Gurgaon,N68437930
Sector 65 Gurgaon,28.4030162,77.0695893,1650.0,3,3.0,,1,Semifurnished,Apartment,20000000.0,Gurgaon,R70171066
Sector 21 Gurgaon,28.5143629,77.0730087,1250.0,3,3.0,,6,Semifurnished,Independent/Builder Floor,16500000.0,Gurgaon,X71791846
Sector 22 Gurgaon,28.4947315,77.0691703,1250.0,3,3.0,,6,Semifurnished,Independent/Builder Floor,18500000.0,Gurgaon,T71621146
Palam Vihar,28.4983353,77.0203007,1550.0,3,3.0,,6,Semifurnished,Independent/Builder Floor,22200000.0,Gurgaon,N71476110
Sector 22 Gurgaon,28.4947315,77.0691703,1250.0,3,3.0,,6,Semifurnished,Independent/Builder Floor,16300000.0,Gurgaon,L71472398
Sector 22 Gurgaon,28.4947315,77.0691703,1250.0,3,3.0,,6,Semifurnished,Independent/Builder Floor,17100000.0,Gurgaon,U71470496
Sector 17 Gurgaon,28.4758035,77.0607773,1650.0,5,5.0,,6,Semifurnished,Independent/Builder Floor,60000000.0,Gurgaon,G71454714
Sector 23 Gurgaon,28.510319,77.0530094,1250.0,3,3.0,,1,Semifurnished,Independent/Builder Floor,16500000.0,Gurgaon,W71291364
Sushant Lok Phase 3,28.464228,77.076724,1100.0,3,3.0,,3,Unfurnished,Apartment,13000000.0,Gurgaon,Y68780218
Dlf Phase 2,28.483901,77.0846097,1650.0,3,4.0,,3,Semifurnished,Independent/Builder Floor,22500000.0,Gurgaon,X71016938
Sector 62 Gurgaon,28.407697,77.0823781,7420.0,5,4.0,,1,Semifurnished,Apartment,132500000.0,Gurgaon,E71653762
Sector 54 Gurgaon,28.433569,77.1055815,3900.0,4,4.0,,3,Semifurnished,Apartment,90000000.0,Gurgaon,Z71523052
Dlf Phase 3,28.4919048,77.0937804,4500.00000000045,4,4.0,,6,Semifurnished,Independent/Builder Floor,49000000.0,Gurgaon,F71522890
Dlf Phase 1,28.4765171,77.090194,2700.00000000027,4,3.0,,6,Semifurnished,Independent/Builder Floor,40000000.0,Gurgaon,H71522780
Dlf Phase 1,28.4765171,77.090194,4500.00000000045,4,4.0,,6,Semifurnished,Independent/Builder Floor,70000000.0,Gurgaon,G71520956
Dlf Phase 1,28.4765171,77.090194,4500.00000000045,4,4.0,,6,Semifurnished,Independent/Builder Floor,65000000.0,Gurgaon,O71437112
Sector 54 Gurgaon,28.433569,77.1055815,3430.0,4,6.0,,3,Semifurnished,Apartment,75000000.0,Gurgaon,W71382326
Sector 54 Gurgaon,28.433569,77.1055815,3000.0,4,4.0,,3,Semifurnished,Apartment,68000000.0,Gurgaon,S71382188
Sector 42 Gurgaon,28.4487856,77.0988212,6400.0,4,4.0,,2,Semifurnished,Apartment,330000000.0,Gurgaon,C71371568
Sector 42 Gurgaon,28.4487856,77.0988212,5600.0,4,6.0,,2,Semifurnished,Apartment,270000000.0,Gurgaon,N71371200
Sector 42 Gurgaon,28.4487856,77.0988212,5600.0,4,6.0,,2,Semifurnished,Apartment,250000000.0,Gurgaon,G71371006
Sector 54 Gurgaon,28.433569,77.1055815,4000.0,4,6.0,,2,Semifurnished,Apartment,135000000.0,Gurgaon,C71370286
Sector 54 Gurgaon,28.433569,77.1055815,1875.0,3,4.0,,2,Semifurnished,Apartment,50000000.0,Gurgaon,J71351718
Sector 49 Gurgaon,28.4127374,77.0555164,1650.0,4,4.0,,2,Semifurnished,Apartment,25500000.0,Gurgaon,P16902105
Sector 71 Gurgaon,28.3950557,77.0314336,1650.0,4,4.0,,1,Semifurnished,Apartment,15510000.0,Gurgaon,V71210082
Sector 71 Gurgaon,28.3950557,77.0314336,1650.0,3,3.0,,1,Semifurnished,Apartment,11500000.0,Gurgaon,K71181136
Sector 71 Gurgaon,28.3950557,77.0314336,1650.0,4,4.0,,1,Semifurnished,Apartment,13500000.0,Gurgaon,Y71180428
Sector 71 Gurgaon,28.3950557,77.0314336,1650.0,3,4.0,,1,Semifurnished,Apartment,12000000.0,Gurgaon,V71179898
Mg Road,28.4769607,77.0662688,1650.0,4,5.0,,6,Semifurnished,Apartment,73000000.0,Gurgaon,Z70513588
Dlf Phase 2,28.483901,77.0846097,1650.0,4,4.0,,6,Semifurnished,Independent/Builder Floor,45000000.0,Gurgaon,G71608200
Dlf Phase 2,28.483901,77.0846097,1650.0,4,4.0,,6,Semifurnished,Independent/Builder Floor,50000000.0,Gurgaon,J71608136
Sector 70 Gurgaon,28.3947261,77.0223138,1462.0,3,4.0,,1,Semifurnished,Apartment,16000000.0,Gurgaon,J70475242
Sector 84 Gurgaon,28.4035469,76.9677894,1323.0,3,3.0,,1,Semifurnished,Apartment,14100000.0,Gurgaon,H71766034
Sector 81 Gurgaon,28.3873647,76.9475835,894.0,2,2.0,,1,Unfurnished,Apartment,10500000.0,Gurgaon,X71765516
Sector 85 Gurgaon,28.3985762,76.9547447,1313.19763624425,3,3.0,,5,Semifurnished,Apartment,24000000.0,Gurgaon,S71765356
Sector 85 Gurgaon,28.3985762,76.9547447,1313.19763624425,3,3.0,,5,Semifurnished,Apartment,18800000.0,Gurgaon,D71765226
Sector 85 Gurgaon,28.3985762,76.9547447,1685.0,3,4.0,,1,Semifurnished,Apartment,20700000.0,Gurgaon,J71762718
Sector 84 Gurgaon,28.4035469,76.9677894,997.0,2,2.0,,1,Semifurnished,Apartment,11000000.0,Gurgaon,V71762440
Sector 85 Gurgaon,28.3985762,76.9547447,2599.0,4,4.0,,5,Semifurnished,Apartment,28000000.0,Gurgaon,Q71761696
Sector 92 Gurgaon,28.4089049,76.9155232,1627.0,4,4.0,,1,Semifurnished,Apartment,21700000.0,Gurgaon,G71761462
Sector 92 Gurgaon,28.4089049,76.9155232,1627.0,4,4.0,,1,Semifurnished,Apartment,22200000.0,Gurgaon,M71761030
Sector 92 Gurgaon,28.4089049,76.9155232,1627.0,4,4.0,,1,Semifurnished,Apartment,21500000.0,Gurgaon,K71760780
Sector 86 Gurgaon,28.3981205,76.9411257,2142.0,4,5.0,,1,Semifurnished,Apartment,37000000.0,Gurgaon,W71760610
Sector 86 Gurgaon,28.3981205,76.9411257,1036.0,2,2.0,,1,Semifurnished,Apartment,15550000.0,Gurgaon,I71760384
Sector 90 Gurgaon,28.4069974,76.9365562,1550.0,4,4.0,,1,Semifurnished,Apartment,18650000.0,Gurgaon,K71760072
Sector 104 Gurgaon,28.4795324,76.9937197,1650.0,4,5.0,,1,Semifurnished,Apartment,14000000.0,Gurgaon,P71728134
Sector 85 Gurgaon,28.3985762,76.9547447,1840.62947375219,4,5.0,,5,Semifurnished,Apartment,28500000.0,Gurgaon,M71705056
Sector 92 Gurgaon,28.4089049,76.9155232,1627.0,4,4.0,,1,Semifurnished,Apartment,21500000.0,Gurgaon,Q71704854
Sector 86 Gurgaon,28.3981205,76.9411257,2142.0,4,5.0,,1,Semifurnished,Apartment,37000000.0,Gurgaon,Q71703742
Sector 84 Gurgaon,28.4035469,76.9677894,997.0,2,2.0,,1,Semifurnished,Apartment,10300000.0,Gurgaon,M71702814
Sector 84 Gurgaon,28.4035469,76.9677894,1323.0,3,3.0,,1,Semifurnished,Apartment,14200000.0,Gurgaon,B71702654
Sector 92 Gurgaon,28.4089049,76.9155232,1627.0,4,4.0,,1,Semifurnished,Apartment,22100000.0,Gurgaon,M71701824
Sector 86 Gurgaon,28.3981205,76.9411257,1036.0,2,2.0,,1,Semifurnished,Apartment,15500000.0,Gurgaon,H71700484
Sector 90 Gurgaon,28.4069974,76.9365562,1610.0,4,4.0,,1,Semifurnished,Apartment,18600000.0,Gurgaon,A71700234
Sector 81 Gurgaon,28.3873647,76.9475835,2229.0,4,5.0,,1,Semifurnished,Apartment,33000000.0,Gurgaon,X71696824
Sector 86 Gurgaon,28.3981205,76.9411257,2229.0,4,5.0,,1,Semifurnished,Apartment,37000000.0,Gurgaon,T71696490
Sector 84 Gurgaon,28.4035469,76.9677894,997.0,2,2.0,,1,Semifurnished,Apartment,11000000.0,Gurgaon,W71696170
Sector 81 Gurgaon,28.3873647,76.9475835,894.0,2,2.0,,1,Semifurnished,Apartment,10500000.0,Gurgaon,F71695772
Sector 85 Gurgaon,28.3985762,76.9547447,1685.0,3,4.0,,1,Semifurnished,Apartment,20500000.0,Gurgaon,O71695404
Sector 84 Gurgaon,28.4035469,76.9677894,1323.0,3,3.0,,1,Semifurnished,Apartment,14000000.0,Gurgaon,B71695110
Sector 85 Gurgaon,28.3985762,76.9547447,2599.0,4,4.0,,5,Semifurnished,Apartment,27600000.0,Gurgaon,K71685024
Sector 92 Gurgaon,28.4089049,76.9155232,1627.0,4,4.0,,1,Semifurnished,Apartment,22100000.0,Gurgaon,H71684538
Sector 90 Gurgaon,28.4069974,76.9365562,1550.0,4,4.0,,1,Semifurnished,Apartment,18500000.0,Gurgaon,F71683930
Sector 106 Gurgaon,28.5060806,76.9967796,845.0,2,2.0,,6,Unknown,Apartment,9972000.0,Gurgaon,H71636642
Sector 85 Gurgaon,28.3985762,76.9547447,1968.0,4,5.0,,1,Semifurnished,Apartment,26000000.0,Gurgaon,S71580456
Sector 85 Gurgaon,28.3985762,76.9547447,1968.0,4,5.0,,1,Semifurnished,Apartment,25000000.0,Gurgaon,M71580238
Sector 104 Gurgaon,28.4795324,76.9937197,1650.0,3,4.0,,1,Semifurnished,Apartment,9800000.0,Gurgaon,N71564340
Sector 86 Gurgaon,28.3981205,76.9411257,2142.0,4,5.0,,1,Semifurnished,Apartment,37510000.0,Gurgaon,D71553092
Sector 86 Gurgaon,28.3981205,76.9411257,1036.0,2,2.0,,1,Semifurnished,Apartment,15500000.0,Gurgaon,G71552846
Sector 85 Gurgaon,28.3985762,76.9547447,1930.0,4,4.0,,5,Semifurnished,Apartment,27500000.0,Gurgaon,O71537602
Sector 85 Gurgaon,28.3985762,76.9547447,2129.0,3,3.0,,5,Semifurnished,Apartment,22500000.0,Gurgaon,H71537540
Sector 85 Gurgaon,28.3985762,76.9547447,1280.0,3,3.0,,5,Semifurnished,Apartment,18500000.0,Gurgaon,C71537298
Sector 85 Gurgaon,28.3985762,76.9547447,1650.0,2,2.0,,5,Semifurnished,Apartment,13500000.0,Gurgaon,E71537072
Sector 84 Gurgaon,28.4035469,76.9677894,1323.0,3,3.0,,1,Semifurnished,Apartment,14100000.0,Gurgaon,D71536730
Sector 84 Gurgaon,28.4035469,76.9677894,1400.0,3,3.0,,1,Semifurnished,Apartment,13500000.0,Gurgaon,S71536338
Sector 79 Gurgaon,28.4618719,77.05688,1505.0,3,4.0,,1,Semifurnished,Apartment,18500000.0,Gurgaon,N71508650
Sector 79 Gurgaon,28.4618719,77.05688,1410.0,3,3.0,,1,Semifurnished,Apartment,17500000.0,Gurgaon,N71508612
Sector 91 Gurgaon,28.4007588,76.9210802,1624.0,3,4.0,,1,Semifurnished,Apartment,17000000.0,Gurgaon,I71508406
Sector 86 Gurgaon,28.3981205,76.9411257,2142.0,4,5.0,,1,Semifurnished,Apartment,37500000.0,Gurgaon,K71497364
Sector 86 Gurgaon,28.3981205,76.9411257,1350.0,3,3.0,,1,Semifurnished,Apartment,17000000.0,Gurgaon,M71496894
Sector 92 Gurgaon,28.4089049,76.9155232,1484.0,3,4.0,,1,Semifurnished,Apartment,18000000.0,Gurgaon,M71495190
Sector 92 Gurgaon,28.4089049,76.9155232,1484.0,3,4.0,,1,Semifurnished,Apartment,19000000.0,Gurgaon,P71494912
Sector 92 Gurgaon,28.4089049,76.9155232,1396.0,3,4.0,,1,Semifurnished,Apartment,17000000.0,Gurgaon,Z71494732
Sector 85 Gurgaon,28.3985762,76.9547447,1280.0,3,3.0,,5,Semifurnished,Apartment,18500000.0,Gurgaon,K71482178
Sector 84 Gurgaon,28.4035469,76.9677894,1225.0,3,3.0,,1,Semifurnished,Apartment,11700000.0,Gurgaon,Q71481648
Sector 81 Gurgaon,28.3873647,76.9475835,2229.0,4,5.0,,1,Semifurnished,Apartment,32700000.0,Gurgaon,N71478810
Sector 92 Gurgaon,28.4089049,76.9155232,1627.0,4,4.0,,1,Semifurnished,Apartment,21000000.0,Gurgaon,V71477754
Sector 90 Gurgaon,28.4069974,76.9365562,1610.0,4,4.0,,1,Semifurnished,Apartment,18500000.0,Gurgaon,Q71477078
Sector 85 Gurgaon,28.3985762,76.9547447,2599.0,4,4.0,,5,Semifurnished,Apartment,27500000.0,Gurgaon,Z71464718
Sector 81 Gurgaon,28.3873647,76.9475835,2420.0,4,5.0,,1,Semifurnished,Apartment,32800000.0,Gurgaon,M71461700
Sector 102 Gurgaon,28.4754872,76.9711747,1389.0,3,3.0,,6,Semifurnished,Apartment,21000000.0,Gurgaon,I71452376
Sector 79 Gurgaon,28.4618719,77.05688,1650.0,4,4.0,,1,Semifurnished,Apartment,18500000.0,Gurgaon,X71426412
Sector 112 Gurgaon,28.5203402,77.0188612,1650.0,2,3.0,,1,Semifurnished,Apartment,29000000.0,Gurgaon,D71418408
Sector 104 Gurgaon,28.4795324,76.9937197,1650.0,3,3.0,,1,Semifurnished,Apartment,28500000.0,Gurgaon,U71418018
Sector 104 Gurgaon,28.4795324,76.9937197,1650.0,2,3.0,,1,Semifurnished,Apartment,19900000.0,Gurgaon,G71417944
Sector 104 Gurgaon,28.4795324,76.9937197,1650.0,2,2.0,,1,Semifurnished,Apartment,17500000.0,Gurgaon,B71417600
Sector 106 Gurgaon,28.5060806,76.9967796,1650.0,3,3.0,,5,Semifurnished,Apartment,28500000.0,Gurgaon,Y71417360
Sector 99A Gurgaon,28.4554059,76.9510278,1650.0,3,5.0,,6,Semifurnished,Apartment,14500000.0,Gurgaon,A71416428
Sector 86 Gurgaon,28.3981205,76.9411257,1036.0,2,2.0,,1,Semifurnished,Apartment,15500000.0,Gurgaon,J71402320
Sector 86 Gurgaon,28.3981205,76.9411257,1036.0,2,2.0,,1,Semifurnished,Apartment,15200000.0,Gurgaon,V71402142
Mg Road,28.4769607,77.0662688,3125.0,4,4.0,,2,Semifurnished,Apartment,77000000.0,Gurgaon,I71389772
Dlf Phase 5,28.503445,77.0952048,4000.0,4,4.0,,3,Semifurnished,Apartment,80000000.0,Gurgaon,G69991532
Sector 54 Gurgaon,28.433569,77.1055815,2704.0,4,4.0,,2,Semifurnished,Apartment,72500000.0,Gurgaon,U68801572
Sector 102 Gurgaon,28.4754872,76.9711747,1650.0,4,4.0,,1,Semifurnished,Apartment,43500000.0,Gurgaon,X58984916
Sector 103 Gurgaon,28.493087,76.9866453,1250.0,2,2.0,,1,Semifurnished,Apartment,11400000.0,Gurgaon,M58814136
Sector 106 Gurgaon,28.5060806,76.9967796,1766.0,4,4.0,,1,Semifurnished,Apartment,17800000.0,Gurgaon,J71260396
Sector 85 Gurgaon,28.3985762,76.9547447,2129.0,3,3.0,,5,Semifurnished,Apartment,21200000.0,Gurgaon,K71241682
Sector 70 Gurgaon,28.3947261,77.0223138,889.0,3,3.0,,1,Semifurnished,Apartment,12000000.0,Gurgaon,W69297450
Sector 72 Gurgaon,28.3943815,77.032363,3100.0,4,4.0,,6,Semifurnished,Apartment,60000000.0,Gurgaon,T69088192
Sector 85 Gurgaon,28.3985762,76.9547447,1370.24638601552,3,3.0,,5,Semifurnished,Apartment,18100000.0,Gurgaon,C71237096
Sector 104 Gurgaon,28.4795324,76.9937197,2324.0,4,5.0,,1,Semifurnished,Apartment,16500000.0,Gurgaon,I71230672
Sector 42 Gurgaon,28.4487856,77.0988212,7400.0,4,4.0,,2,Semifurnished,Apartment,550000000.0,Gurgaon,A69993308
Sector 95 Gurgaon,28.4149443,76.9114892,1779.0,3,4.0,,6,Semifurnished,Apartment,24149000.0,Gurgaon,T71100290
Sector 95 Gurgaon,28.4149443,76.9114892,1375.0,3,4.0,,6,Semifurnished,Apartment,20000000.0,Gurgaon,V71100018
Sector 86 Gurgaon,28.3981205,76.9411257,1353.0,3,3.0,,1,Semifurnished,Apartment,17000000.0,Gurgaon,V71049780
Sector 84 Gurgaon,28.4035469,76.9677894,1323.0,3,3.0,,1,Semifurnished,Apartment,13500000.0,Gurgaon,L71049602
Sector 84 Gurgaon,28.4035469,76.9677894,1225.0,3,3.0,,1,Semifurnished,Apartment,11500000.0,Gurgaon,M71049506
Sector 86 Gurgaon,28.3981205,76.9411257,1050.0,2,2.0,,1,Unfurnished,Apartment,15200000.0,Gurgaon,X70959196
Sector 84 Gurgaon,28.4035469,76.9677894,1310.0,3,3.0,,1,Unfurnished,Apartment,12800000.0,Gurgaon,B70929662
Sector 37C Gurgaon,28.4489095,76.9880502,1650.0,3,3.0,,6,Semifurnished,Apartment,12500000.0,Gurgaon,M69682764
Sector 37C Gurgaon,28.4489095,76.9880502,1650.0,3,3.0,,6,Semifurnished,Apartment,12300000.0,Gurgaon,D69682034
Sector 37C Gurgaon,28.4489095,76.9880502,1650.0,3,3.0,,6,Semifurnished,Apartment,14129000.0,Gurgaon,N69684340
Sector 37C Gurgaon,28.4489095,76.9880502,800.0,2,2.0,,1,Semifurnished,Apartment,3900000.0,Gurgaon,X69685646
Sector 37C Gurgaon,28.4489095,76.9880502,1230.0,2,2.0,,2,Semifurnished,Apartment,7500000.0,Gurgaon,Q69746192
Sector 37C Gurgaon,28.4489095,76.9880502,1379.0,2,2.0,,1,Semifurnished,Apartment,8800000.0,Gurgaon,J69940364
Sector 37C Gurgaon,28.4489095,76.9880502,1402.0,2,2.0,,1,Semifurnished,Apartment,8800000.0,Gurgaon,Y69940532
Sector 37C Gurgaon,28.4489095,76.9880502,1763.0,3,3.0,,1,Semifurnished,Apartment,12500000.0,Gurgaon,S69940670
Sector 37C Gurgaon,28.4489095,76.9880502,1650.0,4,4.0,,1,Semifurnished,Apartment,16000000.0,Gurgaon,H69941668
Sector 37C Gurgaon,28.4489095,76.9880502,2199.0,3,3.0,,1,Semifurnished,Apartment,14000000.0,Gurgaon,L69940780
Sector 37C Gurgaon,28.4489095,76.9880502,1735.0,3,3.0,,1,Semifurnished,Apartment,12500000.0,Gurgaon,M69941802
Sector 37C Gurgaon,28.4489095,76.9880502,1765.0,3,3.0,,1,Semifurnished,Apartment,13000000.0,Gurgaon,O69941876
Sector 37C Gurgaon,28.4489095,76.9880502,1379.0,2,2.0,,1,Semifurnished,Apartment,9000000.0,Gurgaon,A69942212
Sector 37C Gurgaon,28.4489095,76.9880502,1990.0,3,3.0,,1,Semifurnished,Apartment,14500000.0,Gurgaon,P69941960
Sector 37C Gurgaon,28.4489095,76.9880502,1763.0,3,3.0,,1,Semifurnished,Apartment,12700000.0,Gurgaon,G69942434
Sector 37C Gurgaon,28.4489095,76.9880502,1402.0,2,2.0,,1,Semifurnished,Apartment,8900000.0,Gurgaon,A69942320
Sector 37C Gurgaon,28.4489095,76.9880502,2199.0,3,3.0,,1,Semifurnished,Apartment,14200000.0,Gurgaon,Z69942558
Sector 37C Gurgaon,28.4489095,76.9880502,1735.0,3,3.0,,1,Semifurnished,Apartment,12700000.0,Gurgaon,N69942740
Sector 37C Gurgaon,28.4489095,76.9880502,2764.0,4,4.0,,1,Semifurnished,Apartment,16400000.0,Gurgaon,D69942652
Sector 37C Gurgaon,28.4489095,76.9880502,1990.0,3,3.0,,1,Semifurnished,Apartment,14700000.0,Gurgaon,V69942910
Sector 37C Gurgaon,28.4489095,76.9880502,1765.0,3,3.0,,1,Semifurnished,Apartment,13400000.0,Gurgaon,K69942834
Sector 109 Gurgaon,28.5109205,77.0065956,1650.0,3,4.0,,2,Semifurnished,Apartment,20000000.0,Gurgaon,W71620654
Sector 77 Gurgaon,28.3832337,76.982557,1650.0,3,3.0,,6,Semifurnished,Apartment,20300000.0,Gurgaon,N71620192
Sector 66 Gurgaon,28.3974292,77.0538823,1650.0,2,2.0,,1,Semifurnished,Apartment,34900000.0,Gurgaon,Z71603084
Sector 67 Gurgaon,28.3864052,77.0598046,1650.0,2,2.0,,1,Semifurnished,Apartment,17500000.0,Gurgaon,T71602992
Sector 70A Gurgaon,28.3846684,77.0220391,1650.0,2,2.0,,1,Semifurnished,Apartment,14900000.0,Gurgaon,K71598860
Sector 67 Gurgaon,28.3864052,77.0598046,1650.0,3,3.0,,2,Semifurnished,Apartment,24500000.0,Gurgaon,Z71598470
Sector 65 Gurgaon,28.4030162,77.0695893,1650.0,3,3.0,,5,Semifurnished,Apartment,80000000.0,Gurgaon,S71598066
Sector 37D Gurgaon,28.4480039,76.9697682,990.0,2,2.0,,6,Semifurnished,Independent/Builder Floor,8200000.0,Gurgaon,I71597700
Sector 59 Gurgaon,28.4030162,77.1066682,3025.0,3,3.0,,6,Semifurnished,Apartment,52000000.0,Gurgaon,I71595754
Sector 62 Gurgaon,28.407697,77.0823781,1650.0,2,2.0,,1,Semifurnished,Apartment,23300000.0,Gurgaon,U71592956
Sector 54 Gurgaon,28.433569,77.1055815,1650.0,3,3.0,,2,Semifurnished,Apartment,70000000.0,Gurgaon,C71581402
Dlf Phase 3,28.4919048,77.0937804,2680.21,3,3.0,,5,Semifurnished,Independent/Builder Floor,35300000.0,Gurgaon,T71581144
Sector 54 Gurgaon,28.433569,77.1055815,1650.0,3,5.0,,3,Semifurnished,Apartment,59000000.0,Gurgaon,X71580606
Dlf Phase 5,28.503445,77.0952048,1650.0,4,1.0,,3,Semifurnished,Apartment,50000000.0,Gurgaon,E71580240
Dlf Phase 5,28.503445,77.0952048,1650.0,4,4.0,,3,Semifurnished,Apartment,75000000.0,Gurgaon,H71579866
Dlf Phase 4,28.4919048,77.0937804,2700.0,4,4.0,,1,Semifurnished,Apartment,60000000.0,Gurgaon,Z71579306
Dlf Phase 5,28.503445,77.0952048,1357.0,3,3.0,,5,Semifurnished,Apartment,56000000.0,Gurgaon,N71578098
Sector 70A Gurgaon,28.3846684,77.0220391,1650.0,2,2.0,,5,Unknown,Apartment,15412600.0,Gurgaon,Z71555926
Sector 70A Gurgaon,28.3846684,77.0220391,1650.0,2,2.0,,5,Unknown,Apartment,15412500.0,Gurgaon,E71555028
Sector 79 Gurgaon,28.4618719,77.05688,2150.0,3,3.0,,1,Semifurnished,Apartment,20425000.0,Gurgaon,P71482852
Sector 81 Gurgaon,28.3873647,76.9475835,2132.0,3,3.0,,1,Semifurnished,Apartment,26400000.0,Gurgaon,H71482804
Sector 81 Gurgaon,28.3873647,76.9475835,2792.0,4,4.0,,1,Semifurnished,Apartment,36300000.0,Gurgaon,X71482766
Dlf Phase 1,28.4765171,77.090194,1650.0,3,3.0,,1,Semifurnished,Independent/Builder Floor,34900000.0,Gurgaon,O71444892
Sector 79 Gurgaon,28.4618719,77.05688,2015.0,3,3.0,,1,Semifurnished,Apartment,19142500.0,Gurgaon,N71443946
Sector 81 Gurgaon,28.3873647,76.9475835,2092.0,3,3.0,,1,Semifurnished,Apartment,26600000.0,Gurgaon,A71417612
Sector 81 Gurgaon,28.3873647,76.9475835,2132.0,3,3.0,,1,Semifurnished,Apartment,26800000.0,Gurgaon,Y71417546
Sector 79 Gurgaon,28.4618719,77.05688,2015.0,3,3.0,,1,Unknown,Apartment,18100000.0,Gurgaon,G71389792
Sector 79 Gurgaon,28.4618719,77.05688,2250.0,4,4.0,,1,Semifurnished,Apartment,27200000.0,Gurgaon,Q71389700
Sector 79 Gurgaon,28.4618719,77.05688,2050.0,3,2.0,,1,Semifurnished,Apartment,19500000.0,Gurgaon,X71373550
Sector 79 Gurgaon,28.4618719,77.05688,2675.0,4,3.0,,1,Semifurnished,Apartment,27500000.0,Gurgaon,U71373524
Sector 81 Gurgaon,28.3873647,76.9475835,2875.0,4,4.0,,1,Semifurnished,Apartment,38000000.0,Gurgaon,W71373024
Sector 81 Gurgaon,28.3873647,76.9475835,2875.0,4,4.0,,1,Semifurnished,Apartment,38500000.0,Gurgaon,N71372894
Sector 79 Gurgaon,28.4618719,77.05688,2050.0,3,3.0,,1,Semifurnished,Apartment,19000000.0,Gurgaon,Q71221980
Sector 79 Gurgaon,28.4618719,77.05688,2675.0,4,4.0,,1,Semifurnished,Apartment,25500000.0,Gurgaon,Z71221898
Sector 79 Gurgaon,28.4618719,77.05688,2250.0,4,4.0,,1,Unknown,Apartment,25000000.0,Gurgaon,X71221744
Sector 81 Gurgaon,28.3873647,76.9475835,2872.0,4,4.0,,1,Unknown,Apartment,37000000.0,Gurgaon,L71215654
Sector 81 Gurgaon,28.3873647,76.9475835,2092.0,3,3.0,,1,Unknown,Apartment,27000000.0,Gurgaon,V71215500
Sector 81 Gurgaon,28.3873647,76.9475835,2032.0,3,3.0,,1,Unknown,Apartment,26500000.0,Gurgaon,V71215378
Sector 79 Gurgaon,28.4618719,77.05688,2015.0,3,3.0,,1,Semifurnished,Apartment,18000000.0,Gurgaon,C71198506
Sector 81 Gurgaon,28.3873647,76.9475835,2505.0,4,4.0,,1,Semifurnished,Apartment,38000000.0,Gurgaon,H71197982
Sector 79 Gurgaon,28.4618719,77.05688,2675.0,4,4.0,,1,Unknown,Apartment,24500000.0,Gurgaon,G71196862
Sector 79 Gurgaon,28.4618719,77.05688,2150.0,3,3.0,,1,Semifurnished,Apartment,18500000.0,Gurgaon,D71196748
Sector 81 Gurgaon,28.3873647,76.9475835,2705.0,4,4.0,,1,Semifurnished,Apartment,37500000.0,Gurgaon,O71196178
Sector 81 Gurgaon,28.3873647,76.9475835,1650.0,3,3.0,,1,Semifurnished,Apartment,26000000.0,Gurgaon,O71195896
Sector 81 Gurgaon,28.3873647,76.9475835,2103.0,3,4.0,,1,Semifurnished,Apartment,24500000.0,Gurgaon,Q69031712
Sector 67 Gurgaon,28.3864052,77.0598046,1650.0,3,4.0,,2,Semifurnished,Apartment,34000000.0,Gurgaon,D69728644
Sector 49 Gurgaon,28.4127374,77.0555164,1705.0,3,4.0,,3,Semifurnished,Apartment,23000000.0,Gurgaon,P68200572
Sector 70A Gurgaon,28.3846684,77.0220391,2150.0,3,3.0,,1,Semifurnished,Apartment,25500000.0,Gurgaon,G71727902
Sector 53 Gurgaon,28.4487856,77.0988212,2400.0,3,4.0,,2,Semifurnished,Apartment,55000000.0,Gurgaon,K71473256
Sector 84 Gurgaon,28.4035469,76.9677894,1650.0,3,3.0,,1,Semifurnished,Apartment,12000000.0,Gurgaon,O69955046
Sector 86 Gurgaon,28.3981205,76.9411257,1516.0,3,4.0,,1,Semifurnished,Apartment,18900000.0,Gurgaon,V71061898
Sector 62 Gurgaon,28.407697,77.0823781,1650.0,3,3.0,,6,Semifurnished,Apartment,41000000.0,Gurgaon,I69846612
Sector 63 Gurgaon,28.3964476,77.086498,2239.0,4,4.0,,6,Semifurnished,Independent/Builder Floor,50000000.0,Gurgaon,J70929070
Sector 63 Gurgaon,28.3964476,77.086498,1850.0,4,5.0,,6,Semifurnished,Independent/Builder Floor,42500000.0,Gurgaon,D70898854
Sector 63 Gurgaon,28.3964476,77.086498,2239.0,4,5.0,,6,Semifurnished,Independent/Builder Floor,55500000.0,Gurgaon,E70898616
Sector 53 Gurgaon,28.4487856,77.0988212,1650.0,3,4.0,,3,Semifurnished,Apartment,45000000.0,Gurgaon,C70339296
Sector 81 Gurgaon,28.3873647,76.9475835,1650.0,4,4.0,,1,Semifurnished,Apartment,37500000.0,Gurgaon,O71761260
Sector 84 Gurgaon,28.4035469,76.9677894,1650.0,4,4.0,,1,Semifurnished,Apartment,26500000.0,Gurgaon,D71741972
Sector 82 Gurgaon,28.3932827,76.9545277,1650.0,3,3.0,,3,Semifurnished,Apartment,13700000.0,Gurgaon,J71405652
Sector 83 Gurgaon,28.3963578,76.9654747,1095.3,3,3.0,,1,Semifurnished,Apartment,17200000.0,Gurgaon,D71335200
Sector 81 Gurgaon,28.3873647,76.9475835,1180.0,3,3.0,,2,Semifurnished,Apartment,11999999.0,Gurgaon,C71267526
Sector 68 Gurgaon,28.388897,77.0459859,1650.0,2,2.0,,1,Semifurnished,Apartment,11000000.0,Gurgaon,P71280454
Sector 83 Gurgaon,28.3963578,76.9654747,1650.0,3,2.0,,5,Semifurnished,Apartment,12100000.0,Gurgaon,F71111170
Sector 99A Gurgaon,28.4554059,76.9510278,1650.0,3,5.0,,6,Semifurnished,Apartment,14500000.0,Gurgaon,N69505190
Sector 69 Gurgaon,28.3960701,77.0372311,1034.31,3,3.0,,5,Semifurnished,Apartment,15500000.0,Gurgaon,V71033414
Sector 69 Gurgaon,28.3960701,77.0372311,1034.31,3,3.0,,5,Semifurnished,Apartment,15600000.0,Gurgaon,W71033352
Sector 68 Gurgaon,28.388897,77.0459859,1650.0,3,3.0,,1,Semifurnished,Apartment,16500000.0,Gurgaon,H70872054
Sector 84 Gurgaon,28.4035469,76.9677894,1650.0,4,4.0,,1,Semifurnished,Apartment,21999999.0,Gurgaon,O70190964
Sector 90 Gurgaon,28.4069974,76.9365562,1650.0,3,3.0,,1,Semifurnished,Apartment,12999999.0,Gurgaon,G70191408
Sector 84 Gurgaon,28.4035469,76.9677894,1650.0,2,2.0,,1,Semifurnished,Apartment,8399999.0,Gurgaon,J70191304
Sector 84 Gurgaon,28.4035469,76.9677894,1650.0,3,3.0,,1,Semifurnished,Apartment,12499999.0,Gurgaon,J70191086
Sector 48 Gurgaon,28.4104903,77.0394627,192.0,3,3.0,,6,Semifurnished,Independent/Builder Floor,15500000.0,Gurgaon,U71737504
Sector 48 Gurgaon,28.4104903,77.0394627,2000.0,3,3.0,,6,Unfurnished,Independent/Builder Floor,18000000.0,Gurgaon,Y71411418
Sector 9A Gurgaon,28.4690266,76.9962811,4788.00000000047,4,4.0,,1,Unfurnished,Independent/Builder Floor,25000000.0,Gurgaon,M71730566
Sector 112 Gurgaon,28.5203402,77.0188612,2200.0,3,3.0,,6,Semifurnished,Apartment,37500000.0,Gurgaon,L71618340
Sector 112 Gurgaon,28.5203402,77.0188612,2200.0,3,3.0,,6,Semifurnished,Apartment,37000000.0,Gurgaon,X71618336
Sector 112 Gurgaon,28.5203402,77.0188612,3200.0,3,3.0,,6,Semifurnished,Apartment,47000000.0,Gurgaon,U71618316
Sector 112 Gurgaon,28.5203402,77.0188612,2700.0,3,3.0,,6,Semifurnished,Apartment,47500000.0,Gurgaon,I71607932
Sector 112 Gurgaon,28.5203402,77.0188612,3200.0,4,6.0,,6,Semifurnished,Apartment,58000000.0,Gurgaon,D71606464
Sector 112 Gurgaon,28.5203402,77.0188612,3500.0,4,4.0,,6,Semifurnished,Apartment,57500000.0,Gurgaon,K71606426
Sector 103 Gurgaon,28.493087,76.9866453,706.0,2,2.0,,1,Semifurnished,Apartment,5000000.0,Gurgaon,V71598982
Sector 103 Gurgaon,28.493087,76.9866453,1000.0,2,2.0,,6,Semifurnished,Apartment,9000000.0,Gurgaon,U71549280
Sector 57 Gurgaon,28.4232478,77.0804487,1650.0,3,4.0,,2,Semifurnished,Apartment,27500000.0,Gurgaon,B71504932
Sector 102 Gurgaon,28.4754872,76.9711747,1650.0,3,3.0,,2,Semifurnished,Apartment,19000000.0,Gurgaon,L71429614
Sector 90 Gurgaon,28.4069974,76.9365562,1650.0,3,3.0,,2,Semifurnished,Apartment,15000000.0,Gurgaon,O71403896
Sector 63A Gurgaon,28.4618719,77.05688,1908.00000000019,2,2.0,,1,Semifurnished,Independent/Builder Floor,18500000.0,Gurgaon,X71304500
Sector 102 Gurgaon,28.4754872,76.9711747,605.0,2,2.0,,1,Unfurnished,Apartment,5500000.0,Gurgaon,B71292800
Sector 54 Gurgaon,28.433569,77.1055815,1331.0,3,4.0,,2,Semifurnished,Apartment,55000000.0,Gurgaon,M71208046
Dlf Phase 1,28.4765171,77.090194,1650.0,4,5.0,,6,Semifurnished,Independent/Builder Floor,60000000.0,Gurgaon,U71158978
Sector 42 Gurgaon,28.4487856,77.0988212,1650.0,5,5.0,,1,Semifurnished,Apartment,450000000.0,Gurgaon,Q21691299
Ambience,28.5007796,77.102441,1650.0,4,5.0,,1,Semifurnished,Apartment,110000000.0,Gurgaon,C20641509
Palam Vihar,28.4983353,77.0203007,1650.0,4,5.0,,6,Semifurnished,Independent/Builder Floor,25000000.0,Gurgaon,I63385826
Sector 54 Gurgaon,28.433569,77.1055815,1650.0,4,6.0,,1,Semifurnished,Apartment,107500000.0,Gurgaon,P59551168
Sector 42 Gurgaon,28.4487856,77.0988212,1650.0,4,4.0,,1,Semifurnished,Apartment,280000000.0,Gurgaon,R23798398
Dlf Phase 3,28.4919048,77.0937804,1650.0,4,5.0,,1,Semifurnished,Apartment,135000000.0,Gurgaon,N25076021
Sector 48 Gurgaon,28.4104903,77.0394627,1650.0,3,3.0,,2,Semifurnished,Apartment,22000000.0,Gurgaon,T71611180
Sector 67 Gurgaon,28.3864052,77.0598046,1650.0,4,4.0,,2,Semifurnished,Apartment,35000000.0,Gurgaon,E71571046
Sushant Lok Phase 3,28.464228,77.076724,2160.0,3,3.0,,6,Semifurnished,Independent/Builder Floor,21000000.0,Gurgaon,A71530420
Sector 57 Gurgaon,28.4232478,77.0804487,2700.0,4,4.0,,6,Semifurnished,Independent/Builder Floor,25000000.0,Gurgaon,A71530084
Sector 57 Gurgaon,28.4232478,77.0804487,1620.0,3,3.0,,6,Semifurnished,Independent/Builder Floor,17000000.0,Gurgaon,P71529888
Sector 57 Gurgaon,28.4232478,77.0804487,1620.0,3,3.0,,6,Semifurnished,Independent/Builder Floor,18000000.0,Gurgaon,Z71529628
Sector 60 Gurgaon,28.3985617,77.0978276,2700.0,4,5.0,,6,Semifurnished,Apartment,42634343.0,Gurgaon,I71505786
Sector 60 Gurgaon,28.3985617,77.0978276,1200.0,2,2.0,,6,Semifurnished,Apartment,20000000.0,Gurgaon,N71504024
Sector 69 Gurgaon,28.3960701,77.0372311,1650.0,4,4.0,,1,Unfurnished,Apartment,23500000.0,Gurgaon,H71457982
Sector 33 Gurgaon,28.4384785,77.0251655,1650.0,3,4.0,,1,Semifurnished,Apartment,15000000.0,Gurgaon,Y71387448
Sector 48 Gurgaon,28.4104903,77.0394627,1900.0,3,3.0,,3,Semifurnished,Apartment,18000000.0,Gurgaon,B71412860
Nirvana Country,28.4150509,77.0642955,1650.0,3,3.0,,3,Semifurnished,Apartment,19000000.0,Gurgaon,U71412658
Sector 49 Gurgaon,28.4127374,77.0555164,1805.0,3,3.0,,2,Unfurnished,Apartment,22500000.0,Gurgaon,P71398426
Sector 85 Gurgaon,28.3985762,76.9547447,1650.0,3,3.0,,5,Semifurnished,Apartment,17500000.0,Gurgaon,N71390512
Sector 85 Gurgaon,28.3985762,76.9547447,1650.0,2,2.0,,5,Semifurnished,Apartment,13500000.0,Gurgaon,Z71390306
Nirvana Country,28.4150509,77.0642955,1650.0,3,3.0,,2,Semifurnished,Apartment,25000000.0,Gurgaon,Q71387660
Sector 92 Gurgaon,28.4089049,76.9155232,750.08,3,2.0,,6,Semifurnished,Apartment,3345000.0,Gurgaon,E71387616
Sector 48 Gurgaon,28.4104903,77.0394627,1650.0,3,3.0,,2,Semifurnished,Apartment,20000000.0,Gurgaon,F71387116
Sector 65 Gurgaon,28.4030162,77.0695893,1750.0,4,4.0,,1,Unfurnished,Apartment,22500000.0,Gurgaon,T71386468
Sector 92 Gurgaon,28.4089049,76.9155232,414.41,1,1.0,,6,Semifurnished,Apartment,1670400.0,Gurgaon,Y71384376
Sector 79 Gurgaon,28.4618719,77.05688,1650.0,3,4.0,,6,Semifurnished,Apartment,18600000.0,Gurgaon,Q71383824
Sector 81 Gurgaon,28.3873647,76.9475835,645.26,3,2.0,,5,Semifurnished,Apartment,3300000.0,Gurgaon,G71374644
Sector 76 Gurgaon,28.3910112,76.9900243,582.327804268968,2,2.0,,6,Semifurnished,Apartment,5000000.0,Gurgaon,X71372892
Sector 4 Gurgaon,28.4682659,77.0325424,729.0,2,2.0,,6,Semifurnished,Apartment,2600000.0,Gurgaon,K71371396
Sector 99A Gurgaon,28.4554059,76.9510278,570.0,2,2.0,,6,Semifurnished,Apartment,2650000.0,Gurgaon,Q71370138
Sector 99 Gurgaon,28.4645549,76.9628585,621.0,2,2.0,,6,Semifurnished,Apartment,2650000.0,Gurgaon,C71369634
Sector 67A Gurgaon,28.4618719,77.05688,691.0,2,2.0,,6,Semifurnished,Apartment,3500000.0,Gurgaon,A71369316
Sector 81 Gurgaon,28.3873647,76.9475835,745.48,3,2.0,,5,Semifurnished,Apartment,3350000.0,Gurgaon,U71369090
Sector 81 Gurgaon,28.3873647,76.9475835,659.82,2,2.0,,5,Semifurnished,Apartment,3000000.0,Gurgaon,Y71368908
Dlf Phase 1,28.4765171,77.090194,3618.00000000036,4,5.0,,5,Semifurnished,Independent/Builder Floor,45000000.0,Gurgaon,V71274786
Sector 76 Gurgaon,28.3910112,76.9900243,611.92857065972,2,2.0,,6,Semifurnished,Apartment,4200000.0,Gurgaon,M69998076
Sector 89 Gurgaon,28.4184455,76.9457567,523.0,2,2.0,,5,Semifurnished,Apartment,3600000.0,Gurgaon,O71216116
Sector 71 Gurgaon,28.3950557,77.0314336,540.89,2,2.0,,1,Semifurnished,Apartment,4900000.0,Gurgaon,P69528768
Sector 99A Gurgaon,28.4554059,76.9510278,424.8,2,2.0,,1,Semifurnished,Apartment,2000000.0,Gurgaon,W69672046
Sector 76 Gurgaon,28.3910112,76.9900243,725.0,2,2.0,,6,Semifurnished,Apartment,2566000.0,Gurgaon,B69671082
Sector 76 Gurgaon,28.3910112,76.9900243,578.27,2,2.0,,5,Semifurnished,Apartment,2380000.0,Gurgaon,U69712420
Kadarpur,28.3921393,77.061002,356.0,1,1.0,,6,Semifurnished,Apartment,1600000.0,Gurgaon,Q69882610
Sector 70 Gurgaon,28.3947261,77.0223138,724.0,3,2.0,,1,Semifurnished,Apartment,9600000.0,Gurgaon,Y71132094
Sector 81 Gurgaon,28.3873647,76.9475835,559.82,2,2.0,,5,Semifurnished,Apartment,3340000.0,Gurgaon,K71048232
Sector 76 Gurgaon,28.3910112,76.9900243,1650.0,3,3.0,,1,Semifurnished,Apartment,10000000.0,Gurgaon,G70880466
Sector 76 Gurgaon,28.3910112,76.9900243,635.0,2,2.0,,6,Semifurnished,Apartment,2590000.0,Gurgaon,K70787606
Sector 102 Gurgaon,28.4754872,76.9711747,1650.0,3,4.0,,1,Semifurnished,Apartment,16600000.0,Gurgaon,P70305182
Sector 107 Gurgaon,28.506941,76.9752137,1056.0,2,2.0,,1,Semifurnished,Apartment,11900000.0,Gurgaon,Q71681722
Sector 86 Gurgaon,28.3981205,76.9411257,1400.0,3,3.0,,1,Semifurnished,Apartment,18000000.0,Gurgaon,H71593460
Sector 83 Gurgaon,28.3963578,76.9654747,1650.0,2,2.0,,6,Semifurnished,Independent/Builder Floor,6450000.0,Gurgaon,S67485622
Sector 82A Gurgaon,28.3881583,76.96273,1650.0,4,4.0,,6,Semifurnished,Apartment,26000000.0,Gurgaon,A67519076
Sector 82A Gurgaon,28.3881583,76.96273,1650.0,3,3.0,,6,Semifurnished,Apartment,24000000.0,Gurgaon,C63661274
Sector 88B Gurgaon,28.4420223,76.9538495,1650.0,2,2.0,,6,Semifurnished,Independent/Builder Floor,11000000.0,Gurgaon,B70327070
Sector 102 Gurgaon,28.4754872,76.9711747,4150.0,4,4.0,,1,Semifurnished,Apartment,42500000.0,Gurgaon,R71520134
Sector 92 Gurgaon,28.4089049,76.9155232,2090.0,4,4.0,,1,Semifurnished,Apartment,10000000.0,Gurgaon,O71407620
Sector 92 Gurgaon,28.4089049,76.9155232,1326.0,3,3.0,,1,Semifurnished,Apartment,6600000.0,Gurgaon,S71254052
Sector 102 Gurgaon,28.4754872,76.9711747,1228.17,3,4.0,,1,Semifurnished,Apartment,19100000.0,Gurgaon,T69732882
Dlf Phase 2,28.483901,77.0846097,1650.0,4,4.0,,3,Semifurnished,Apartment,23000000.0,Gurgaon,Y68416294
Sector 82 Gurgaon,28.3932827,76.9545277,1650.0,3,3.0,,2,Semifurnished,Apartment,17000000.0,Gurgaon,L71432188
Palam Vihar,28.4983353,77.0203007,2250.0,4,4.0,,6,Semifurnished,Independent/Builder Floor,23700000.0,Gurgaon,N71562870
Sector 54 Gurgaon,28.433569,77.1055815,1545.0,3,4.0,,3,Semifurnished,Apartment,54900000.0,Gurgaon,A70785326
Sector 56 Gurgaon,28.4252244,77.0992377,1650.0,3,4.0,,3,Semifurnished,Apartment,17000000.0,Gurgaon,B71798272
Sector 63 Gurgaon,28.3964476,77.086498,1650.0,3,3.0,,6,Semifurnished,Independent/Builder Floor,25000000.0,Gurgaon,G71790694
Sector 63 Gurgaon,28.3964476,77.086498,1650.0,3,3.0,,6,Semifurnished,Apartment,21000000.0,Gurgaon,P71790544
Sector 83 Gurgaon,28.3963578,76.9654747,1750.0,4,4.0,,6,Semifurnished,Independent/Builder Floor,20000000.0,Gurgaon,B71786134
Sector 65 Gurgaon,28.4030162,77.0695893,3300.0,3,3.0,,6,Semifurnished,Apartment,64000000.0,Gurgaon,L71763542
Sector 49 Gurgaon,28.4127374,77.0555164,1650.0,4,4.0,,2,Semifurnished,Apartment,20000000.0,Gurgaon,E71749442
Sector 65 Gurgaon,28.4030162,77.0695893,1975.0,4,4.0,,1,Semifurnished,Independent/Builder Floor,35000000.0,Gurgaon,Y71744316
Sector 83 Gurgaon,28.3963578,76.9654747,929.0,2,2.0,,1,Semifurnished,Independent/Builder Floor,6500000.0,Gurgaon,U71743534
Sector 83 Gurgaon,28.3963578,76.9654747,1500.0,3,3.0,,6,Semifurnished,Independent/Builder Floor,16000000.0,Gurgaon,J71740432
Sector 26 Gurgaon,28.4779375,77.1032425,4165.0,4,6.0,,6,Semifurnished,Independent/Builder Floor,67500000.0,Gurgaon,I71726238
Sector 95 Gurgaon,28.4149443,76.9114892,1650.0,3,2.0,,5,Semifurnished,Independent/Builder Floor,9900000.0,Gurgaon,U71723652
Sector 60 Gurgaon,28.3985617,77.0978276,1650.0,2,2.0,,1,Semifurnished,Apartment,21500000.0,Gurgaon,Q70499790
Sector 48 Gurgaon,28.4104903,77.0394627,1950.0,4,4.0,,3,Semifurnished,Apartment,29000000.0,Gurgaon,S71697710
Sector 92 Gurgaon,28.4089049,76.9155232,1500.0,4,3.0,,6,Semifurnished,Apartment,10000000.0,Gurgaon,D71689300
Sector 83 Gurgaon,28.3963578,76.9654747,2755.0,4,4.0,,6,Semifurnished,Independent/Builder Floor,23000000.0,Gurgaon,U71683716
Sector 83 Gurgaon,28.3963578,76.9654747,1650.0,3,2.0,,2,Semifurnished,Apartment,11200000.0,Gurgaon,J71676340
Sector 84 Gurgaon,28.4035469,76.9677894,1650.0,4,4.0,,5,Semifurnished,Apartment,23000000.0,Gurgaon,V71674880
Sector 48 Gurgaon,28.4104903,77.0394627,2100.0,3,3.0,,3,Semifurnished,Apartment,27000000.0,Gurgaon,Z71674484
Sector 83 Gurgaon,28.3963578,76.9654747,1408.0,3,4.0,,6,Semifurnished,Independent/Builder Floor,16800000.0,Gurgaon,Z71673902
Valley View Estate,28.4358878,77.1365212,1650.0,2,2.0,,3,Semifurnished,Apartment,7500000.0,Gurgaon,H71664602
Sector 83 Gurgaon,28.3963578,76.9654747,1400.0,3,2.0,,1,Semifurnished,Apartment,12200000.0,Gurgaon,Z71636584
Sector 83 Gurgaon,28.3963578,76.9654747,1600.0,3,2.0,,1,Semifurnished,Apartment,13500000.0,Gurgaon,W71627278
Sector 54 Gurgaon,28.433569,77.1055815,3600.00000000036,4,4.0,,1,Semifurnished,Independent/Builder Floor,47500000.0,Gurgaon,P71619780
Sector 17 Gurgaon,28.4758035,77.0607773,1250.0,3,3.0,,6,Semifurnished,Independent/Builder Floor,20000000.0,Gurgaon,H71618900
Sector 67 Gurgaon,28.3864052,77.0598046,2150.0,4,5.0,,2,Semifurnished,Apartment,35000000.0,Gurgaon,T71616014
Sector 63 Gurgaon,28.3964476,77.086498,1650.0,4,5.0,,1,Semifurnished,Apartment,35500000.0,Gurgaon,Y70512520
Sector 85 Gurgaon,28.3985762,76.9547447,1650.0,2,2.0,,6,Semifurnished,Apartment,13200000.0,Gurgaon,W71547150
Sector 95 Gurgaon,28.4149443,76.9114892,1700.0,3,3.0,,5,Unfurnished,Apartment,12800000.0,Gurgaon,M71505032
Sector 23 Gurgaon,28.510319,77.0530094,1550.0,3,3.0,,6,Semifurnished,Independent/Builder Floor,22200000.0,Gurgaon,C71503572
Sector 113 Gurgaon,28.5286649,77.0250282,1650.0,2,2.0,,1,Semifurnished,Apartment,15000000.0,Gurgaon,X67916456
Sector 110 A Gurgaon,28.5069625,77.018321,1650.0,2,2.0,,1,Semifurnished,Apartment,12300000.0,Gurgaon,P71454604
Sector 110 A Gurgaon,28.5069625,77.018321,1650.0,2,2.0,,1,Semifurnished,Apartment,12400000.0,Gurgaon,A71454458
Sector 50 Gurgaon,28.4268461,77.0584252,1650.0,3,3.0,,2,Semifurnished,Apartment,21000000.0,Gurgaon,O71446662
Sector 50 Gurgaon,28.4268461,77.0584252,1650.0,2,2.0,,2,Semifurnished,Apartment,11000000.0,Gurgaon,K71446262
Sector 43 Gurgaon,28.4487856,77.0988212,900.0,2,2.0,,3,Semifurnished,Apartment,11000000.0,Gurgaon,B71375338
Sector 60 Gurgaon,28.3985617,77.0978276,1650.0,3,3.0,,2,Unfurnished,Apartment,38000000.0,Gurgaon,P71372382
C Block Sushant Lok Phase 1,28.4545693,77.0826249,1500.0,3,3.0,,6,Semifurnished,Independent/Builder Floor,35000000.0,Gurgaon,Y71366018
Palam Vihar,28.4983353,77.0203007,1650.0,2,2.0,,2,Semifurnished,Apartment,11000000.0,Gurgaon,F71356210
Palam Vihar,28.4983353,77.0203007,1650.0,3,4.0,,2,Semifurnished,Apartment,15900000.0,Gurgaon,Y70072452
Palam Vihar,28.4983353,77.0203007,1650.0,3,4.0,,2,Semifurnished,Apartment,15500000.0,Gurgaon,J70072386
Palam Vihar,28.4983353,77.0203007,1650.0,2,2.0,,2,Semifurnished,Apartment,10400000.0,Gurgaon,C70072076
Sector 69 Gurgaon,28.3960701,77.0372311,1326.0,3,2.0,,2,Semifurnished,Apartment,9500000.0,Gurgaon,S71142914
Sector 50 Gurgaon,28.4268461,77.0584252,1650.0,2,2.0,,2,Semifurnished,Apartment,10650000.0,Gurgaon,E71109122
Palam Vihar,28.4983353,77.0203007,1650.0,3,3.0,,2,Semifurnished,Apartment,14100000.0,Gurgaon,Z71107360
Palam Vihar,28.4983353,77.0203007,1650.0,3,4.0,,2,Semifurnished,Apartment,16010000.0,Gurgaon,J71106680
Palam Vihar,28.4983353,77.0203007,1650.0,3,4.0,,2,Semifurnished,Apartment,15950000.0,Gurgaon,N71106606
Dlf Phase 4,28.4919048,77.0937804,1650.0,4,4.0,,3,Semifurnished,Apartment,50000000.0,Gurgaon,P71088042
Sector 67 Gurgaon,28.3864052,77.0598046,1650.0,3,3.0,,2,Semifurnished,Independent/Builder Floor,11000000.0,Gurgaon,A70991024
Sector 50 Gurgaon,28.4268461,77.0584252,1650.0,3,3.0,,2,Semifurnished,Apartment,15000000.0,Gurgaon,B71017622
Sector 50 Gurgaon,28.4268461,77.0584252,1650.0,2,2.0,,1,Semifurnished,Apartment,10600000.0,Gurgaon,B71017336
Sector 82A Gurgaon,28.3881583,76.96273,1650.0,4,4.0,,6,Semifurnished,Apartment,22500000.0,Gurgaon,D71007786
Sector 65 Gurgaon,28.4030162,77.0695893,3245.0,3,3.0,,6,Semifurnished,Apartment,52500000.0,Gurgaon,X67651858
Sector 65 Gurgaon,28.4030162,77.0695893,5000.0,4,4.0,,5,Unfurnished,Apartment,145000000.0,Gurgaon,L68226400
Sector 53 Gurgaon,28.4487856,77.0988212,1650.0,4,6.0,,2,Semifurnished,Apartment,70000000.0,Gurgaon,B70911040
Dlf Phase 5,28.503445,77.0952048,1650.0,4,5.0,,3,Semifurnished,Apartment,80000000.0,Gurgaon,E70902224
Sector 66 Gurgaon,28.3974292,77.0538823,1650.0,4,4.0,,2,Semifurnished,Apartment,62500000.0,Gurgaon,Z70895462
Sector 54 Gurgaon,28.433569,77.1055815,1650.0,3,4.0,,3,Semifurnished,Apartment,49500000.0,Gurgaon,A70858290
Sector 51 Gurgaon,28.4287011,77.0666877,3078.0000000003,4,4.0,,6,Semifurnished,Independent/Builder Floor,19000000.0,Gurgaon,H70852770
Sector 56 Gurgaon,28.4252244,77.0992377,1650.0,3,3.0,,3,Semifurnished,Apartment,17300000.0,Gurgaon,N69428510
Sector 109 Gurgaon,28.5109205,77.0065956,1132.0,3,4.0,,1,Unfurnished,Apartment,22000000.0,Gurgaon,H70828810
Sector 82 Gurgaon,28.3932827,76.9545277,1650.0,3,3.0,,1,Semifurnished,Apartment,14600000.0,Gurgaon,I70797586
Sector 47 Gurgaon,28.4268461,77.0584252,1650.0,4,6.0,,3,Semifurnished,Apartment,67500000.0,Gurgaon,M70482568
Sector 43 Gurgaon,28.4487856,77.0988212,820.0,2,2.0,,3,Semifurnished,Apartment,9800000.0,Gurgaon,U70340538
Sector 60 Gurgaon,28.3985617,77.0978276,1650.0,2,3.0,,1,Semifurnished,Apartment,25000000.0,Gurgaon,U69996590
Sector 61 Gurgaon,28.4110188,77.0963685,1650.0,3,3.0,,2,Semifurnished,Apartment,20000000.0,Gurgaon,H68382146
Sector 84 Gurgaon,28.4035469,76.9677894,1650.0,3,3.0,,2,Semifurnished,Apartment,13000000.0,Gurgaon,G67478760
Sector 112 Gurgaon,28.5203402,77.0188612,603.0,2,2.0,,6,Semifurnished,Apartment,4200000.0,Gurgaon,F69764252
Palam Vihar,28.4983353,77.0203007,1650.0,3,4.0,,2,Semifurnished,Apartment,15110000.0,Gurgaon,D68401312
Palam Vihar,28.4983353,77.0203007,1650.0,2,2.0,,2,Semifurnished,Apartment,12600000.0,Gurgaon,N69051050
Palam Vihar,28.4983353,77.0203007,651.0,1,1.0,,2,Semifurnished,Apartment,5620000.0,Gurgaon,E69050540
Sushant Lok Phase 3,28.464228,77.076724,1650.0,3,4.0,,1,Semifurnished,Independent/Builder Floor,18000000.0,Gurgaon,Q68768328
Palam Vihar,28.4983353,77.0203007,2250.0,4,4.0,,6,Semifurnished,Independent/Builder Floor,23800000.0,Gurgaon,I71563876
Palam Vihar,28.4983353,77.0203007,2200.0,4,4.0,,6,Semifurnished,Independent/Builder Floor,23600000.0,Gurgaon,P71562698
Palam Vihar,28.4983353,77.0203007,1550.0,3,3.0,,6,Semifurnished,Independent/Builder Floor,21700000.0,Gurgaon,Q71561916
Palam Vihar,28.4983353,77.0203007,1550.0,3,3.0,,6,Semifurnished,Independent/Builder Floor,21800000.0,Gurgaon,A71534158
Palam Vihar,28.4983353,77.0203007,1550.0,3,3.0,,6,Semifurnished,Independent/Builder Floor,21300000.0,Gurgaon,T71534022
Sector 63 Gurgaon,28.3964476,77.086498,1650.0,4,4.0,,5,Semifurnished,Apartment,82000000.0,Gurgaon,E71493162
Dlf Phase 4,28.4919048,77.0937804,1300.0,3,3.0,,2,Semifurnished,Apartment,18500000.0,Gurgaon,A70093716
Sector 79 Gurgaon,28.4618719,77.05688,1650.0,3,3.0,,6,Semifurnished,Apartment,14000000.0,Gurgaon,G70943650
Sector 62 Gurgaon,28.407697,77.0823781,1650.0,2,2.0,,6,Semifurnished,Apartment,23000000.0,Gurgaon,W70857888
Sector 49 Gurgaon,28.4127374,77.0555164,3600.0,4,5.0,,6,Semifurnished,Independent/Builder Floor,45000000.0,Gurgaon,R70855076
Sector 60 Gurgaon,28.3985617,77.0978276,2500.0,4,6.0,,1,Semifurnished,Apartment,44800000.0,Gurgaon,N70792736
Dlf Phase 4,28.4919048,77.0937804,1680.0,3,4.0,,2,Semifurnished,Apartment,23500000.0,Gurgaon,U70200254
South City 2,28.4188806,77.0439211,1450.0,3,3.0,,1,Unfurnished,Independent/Builder Floor,19500000.0,Gurgaon,C70344244
Malibu Town,28.4234344,77.0468649,1600.0,3,3.0,,1,Unfurnished,Independent/Builder Floor,20000000.0,Gurgaon,P68996276
Sector 66 Gurgaon,28.3974292,77.0538823,2000.0,4,5.0,,6,Semifurnished,Apartment,41000000.0,Gurgaon,U70214870
Sector 26 Gurgaon,28.4779375,77.1032425,2300.0,4,5.0,,6,Semifurnished,Independent/Builder Floor,39000000.0,Gurgaon,M70199520
Dlf Phase 5,28.503445,77.0952048,2600.0,4,4.0,,2,Semifurnished,Apartment,49980000.0,Gurgaon,M70157584
Sector 43 Gurgaon,28.4487856,77.0988212,1300.0,3,3.0,,2,Semifurnished,Apartment,13500000.0,Gurgaon,K70070616
Sector 48 Gurgaon,28.4104903,77.0394627,1500.0,3,3.0,,2,Semifurnished,Apartment,21000000.0,Gurgaon,I70069314
Gwal Pahari,28.4326344,77.1480585,1350.0,3,2.0,,5,Semifurnished,Independent/Builder Floor,6500000.0,Gurgaon,Z71779012
Sector 52 Gurgaon,28.4368166,77.0795276,5300.0,5,6.0,,1,Semifurnished,Apartment,47500000.0,Gurgaon,J71503256
Sector 56 Gurgaon,28.4252244,77.0992377,1150.0,2,2.0,,2,Semifurnished,Apartment,8500000.0,Gurgaon,O71475456
Sector 55 Gurgaon,28.4274166,77.1097538,2700.00000000027,4,4.0,,1,Semifurnished,Independent/Builder Floor,20000000.0,Gurgaon,M71459594
Sector 56 Gurgaon,28.4252244,77.0992377,1550.0,3,2.0,,1,Semifurnished,Apartment,14000000.0,Gurgaon,R71332774
Sector 56 Gurgaon,28.4252244,77.0992377,1045.0,2,2.0,,2,Semifurnished,Apartment,9300000.0,Gurgaon,J71310536
Sector 57 Gurgaon,28.4232478,77.0804487,2293.0,3,3.0,,1,Semifurnished,Apartment,23500000.0,Gurgaon,T71300398
Sector 56 Gurgaon,28.4252244,77.0992377,2300.0,3,3.0,,2,Semifurnished,Apartment,15500000.0,Gurgaon,E71089980
Sector 56 Gurgaon,28.4252244,77.0992377,1850.0,3,3.0,,2,Semifurnished,Apartment,13000000.0,Gurgaon,P71089894
Sector 51 Gurgaon,28.4287011,77.0666877,2900.0,4,4.0,,2,Semifurnished,Apartment,20050000.0,Gurgaon,W71089764
Sector 51 Gurgaon,28.4287011,77.0666877,2900.0,4,4.0,,2,Semifurnished,Apartment,23000000.0,Gurgaon,W71089730
Gwal Pahari,28.4326344,77.1480585,1350.0,3,3.0,,5,Semifurnished,Apartment,6500000.0,Gurgaon,C70991666
Gwal Pahari,28.4326344,77.1480585,1350.0,3,3.0,,5,Semifurnished,Apartment,6600000.0,Gurgaon,A70991538
Sushant Lok Phase 1,28.4545693,77.0826249,2800.0,4,4.0,,1,Semifurnished,Independent/Builder Floor,26500000.0,Gurgaon,H70987238
Sector 56 Gurgaon,28.4252244,77.0992377,2040.0,3,3.0,,2,Semifurnished,Apartment,17500000.0,Gurgaon,R70970016
Sector 56 Gurgaon,28.4252244,77.0992377,1350.0,3,3.0,,5,Semifurnished,Apartment,6900000.0,Gurgaon,Y70833416
Sector 103 Gurgaon,28.493087,76.9866453,1650.0,2,2.0,,1,Semifurnished,Apartment,11500000.0,Gurgaon,U69009816
Sector 59 Gurgaon,28.4030162,77.1066682,3025.0,3,3.0,,1,Semifurnished,Apartment,56000000.0,Gurgaon,S69998236
Sector 49 Gurgaon,28.4127374,77.0555164,1650.0,3,4.0,,6,Semifurnished,Independent/Builder Floor,30000000.0,Gurgaon,F70767806
Sector 76 Gurgaon,28.3910112,76.9900243,611.92857065972,2,2.0,,6,Semifurnished,Apartment,4950000.0,Gurgaon,I71476470
Sohna,28.3241636,77.0848644,610.0,2,2.0,,6,Semifurnished,Apartment,3600000.0,Gurgaon,J71307070
Sector 77 Gurgaon,28.3832337,76.982557,1702.0,4,4.0,,1,Semifurnished,Apartment,17000000.0,Gurgaon,V71211162
Sector 95 Gurgaon,28.4149443,76.9114892,1650.0,3,2.0,,5,Semifurnished,Independent/Builder Floor,10400000.0,Gurgaon,L71484126
Sector 37D Gurgaon,28.4480039,76.9697682,1650.0,3,3.0,,1,Semifurnished,Apartment,14000000.0,Gurgaon,B71428218
Sector 59 Gurgaon,28.4030162,77.1066682,2650.0,4,4.0,,5,Semifurnished,Apartment,53000000.0,Gurgaon,B71389500
Sector 53 Gurgaon,28.4487856,77.0988212,2229.0,4,4.0,,5,Semifurnished,Apartment,49138000.0,Gurgaon,M71389050
Sector 63 Gurgaon,28.3964476,77.086498,1200.0,3,3.0,,5,Semifurnished,Independent/Builder Floor,21000000.0,Gurgaon,U71229072
Sector 67 Gurgaon,28.3864052,77.0598046,1650.0,3,4.0,,1,Semifurnished,Apartment,31900000.0,Gurgaon,Q69592462
Sector 63A Gurgaon,28.4618719,77.05688,1800.0,3,3.0,,5,Semifurnished,Apartment,35000000.0,Gurgaon,D71189888
Sector 65 Gurgaon,28.4030162,77.0695893,2300.0,3,5.0,,2,Semifurnished,Apartment,60000000.0,Gurgaon,Y69343612
Sector 63A Gurgaon,28.4618719,77.05688,1100.0,3,3.0,,5,Semifurnished,Apartment,23500000.0,Gurgaon,R69478132
Sector 63 Gurgaon,28.3964476,77.086498,1200.0,3,4.0,,1,Semifurnished,Apartment,25000000.0,Gurgaon,M69479550
Sector 92 Gurgaon,28.4089049,76.9155232,1200.0,3,3.0,,5,Semifurnished,Apartment,13500000.0,Gurgaon,G69483328
Sector 63 Gurgaon,28.3964476,77.086498,1350.0,3,3.0,,5,Semifurnished,Apartment,25500000.0,Gurgaon,Y69523414
Sector 70 Gurgaon,28.3947261,77.0223138,1600.0,3,3.0,,5,Semifurnished,Apartment,16500000.0,Gurgaon,P69846316
Sector 65 Gurgaon,28.4030162,77.0695893,1650.0,4,4.0,,1,Semifurnished,Apartment,100000000.0,Gurgaon,H70855116
Sector 65 Gurgaon,28.4030162,77.0695893,1650.0,5,5.0,,1,Semifurnished,Apartment,220000000.0,Gurgaon,A70837436
Sushant Lok Phase 1,28.4545693,77.0826249,6500.0,5,6.0,,1,Semifurnished,Apartment,110000000.0,Gurgaon,Z62812174
Dlf Phase 3,28.4919048,77.0937804,11000.0,5,5.0,,6,Semifurnished,Apartment,230000000.0,Gurgaon,R70124100
Sector 28 Gurgaon,28.4794143,77.0833588,6500.0,5,7.0,,1,Semifurnished,Apartment,95000000.0,Gurgaon,U64257556
Sector 47 Gurgaon,28.4268461,77.0584252,2900.0,4,6.0,,6,Semifurnished,Apartment,67000000.0,Gurgaon,L44600259
Sector 47 Gurgaon,28.4268461,77.0584252,2000.0,3,5.0,,1,Semifurnished,Apartment,42000000.0,Gurgaon,V46871795
Dlf Phase 3,28.4919048,77.0937804,7000.0,5,7.0,,6,Semifurnished,Apartment,120000000.0,Gurgaon,R55969016
Sector 42 Gurgaon,28.4487856,77.0988212,4800.0,5,6.0,,6,Unknown,Apartment,95000000.0,Gurgaon,B35434979
Dlf Phase 3,28.4919048,77.0937804,5800.0,4,7.0,,6,Semifurnished,Apartment,110000000.0,Gurgaon,T34929891
Sector 50 Gurgaon,28.4268461,77.0584252,9000.0,5,8.0,,6,Semifurnished,Apartment,120000000.0,Gurgaon,V61250048
Sector 67 Gurgaon,28.3864052,77.0598046,2000.0,3,4.0,,1,Semifurnished,Apartment,32500000.0,Gurgaon,P63052476
Sector 50 Gurgaon,28.4268461,77.0584252,7500.0,5,6.0,,1,Semifurnished,Apartment,75000000.0,Gurgaon,L33493939
Sector 50 Gurgaon,28.4268461,77.0584252,3000.0,3,4.0,,6,Semifurnished,Apartment,45000000.0,Gurgaon,T70207342
Sector 28 Gurgaon,28.4794143,77.0833588,3500.0,4,4.0,,1,Semifurnished,Apartment,80000000.0,Gurgaon,S64558286
Sector 47 Gurgaon,28.4268461,77.0584252,4000.0,5,6.0,,6,Semifurnished,Apartment,70000000.0,Gurgaon,Z48287723
Sector 50 Gurgaon,28.4268461,77.0584252,9000.0,5,8.0,,6,Semifurnished,Apartment,85000000.0,Gurgaon,F36986201
Mg Road,28.4769607,77.0662688,2500.0,4,4.0,,6,Semifurnished,Apartment,65000000.0,Gurgaon,R68336274
Sector 28 Gurgaon,28.4794143,77.0833588,6000.0,5,6.0,,1,Semifurnished,Apartment,85000000.0,Gurgaon,P33420069
Sector 50 Gurgaon,28.4268461,77.0584252,6500.0,4,6.0,,6,Semifurnished,Apartment,75000000.0,Gurgaon,T39552955
Sector 47 Gurgaon,28.4268461,77.0584252,6000.0,5,7.0,,1,Semifurnished,Apartment,80000000.0,Gurgaon,G61307500
Sector 30 Gurgaon,28.4618719,77.05688,6500.0,5,6.0,,1,Semifurnished,Apartment,115000000.0,Gurgaon,J60662942
Sushant Lok Phase 1,28.4545693,77.0826249,5000.0,5,5.0,,6,Semifurnished,Apartment,105000000.0,Gurgaon,Q66223588
Sector 67 Gurgaon,28.3864052,77.0598046,1800.0,3,4.0,,6,Semifurnished,Apartment,32500000.0,Gurgaon,R57698644
Sector 65 Gurgaon,28.4030162,77.0695893,3000.0,3,4.0,,6,Semifurnished,Apartment,50000000.0,Gurgaon,E41551617
Sushant Lok Phase 1,28.4545693,77.0826249,2700.0,3,3.0,,2,Semifurnished,Apartment,70000000.0,Gurgaon,P33455073
Sector 67 Gurgaon,28.3864052,77.0598046,2100.0,3,5.0,,6,Semifurnished,Apartment,35000000.0,Gurgaon,A69651694
Sector 47 Gurgaon,28.4268461,77.0584252,2000.0,3,4.0,,6,Semifurnished,Apartment,42500000.0,Gurgaon,V69604600
Sector 110 Gurgaon,28.5069625,77.018321,1650.0,4,5.0,,1,Semifurnished,Apartment,36000000.0,Gurgaon,N71801120
Sector 102 Gurgaon,28.4754872,76.9711747,1650.0,2,2.0,,1,Semifurnished,Apartment,10500000.0,Gurgaon,H71800786
Sector 104 Gurgaon,28.4795324,76.9937197,683.83,2,2.0,,5,Semifurnished,Apartment,12250000.0,Gurgaon,V71800604
Sector 104 Gurgaon,28.4795324,76.9937197,683.83,2,2.0,,5,Semifurnished,Apartment,12200000.0,Gurgaon,C71800446
Sector 104 Gurgaon,28.4795324,76.9937197,683.83,2,2.0,,5,Semifurnished,Apartment,12100000.0,Gurgaon,N71800226
Sector 51 Gurgaon,28.4287011,77.0666877,2475.00000000024,3,2.0,,2,Unfurnished,Independent/Builder Floor,31625000.0,Gurgaon,T71793590
Sector 47 Gurgaon,28.4268461,77.0584252,2000.0,4,4.0,,1,Semifurnished,Apartment,29200000.0,Gurgaon,V71792118
Sector 66 Gurgaon,28.3974292,77.0538823,2500.0,3,5.0,,1,Semifurnished,Apartment,55000000.0,Gurgaon,J71791928
Sector 59 Gurgaon,28.4030162,77.1066682,2009.05,4,6.0,,1,Semifurnished,Apartment,77000000.0,Gurgaon,G71680146
Dlf Phase 1,28.4765171,77.090194,3500.0,4,4.0,,6,Semifurnished,Independent/Builder Floor,57500000.0,Gurgaon,Z69901506
Sector 49 Gurgaon,28.4127374,77.0555164,1200.0,3,2.0,,2,Semifurnished,Apartment,20000000.0,Gurgaon,E71252896
Sector 68 Gurgaon,28.388897,77.0459859,1000.0,3,2.0,,6,Semifurnished,Apartment,13500000.0,Gurgaon,G71194498
Sector 48 Gurgaon,28.4104903,77.0394627,2000.0,4,4.0,,1,Semifurnished,Apartment,28500000.0,Gurgaon,T71071996
Sector 65 Gurgaon,28.4030162,77.0695893,10000.0,5,8.0,,1,Semifurnished,Apartment,190770000.0,Gurgaon,M71022590
Sector 67 Gurgaon,28.3864052,77.0598046,2500.0,4,4.0,,1,Semifurnished,Apartment,55000000.0,Gurgaon,W71019332
Sector 67 Gurgaon,28.3864052,77.0598046,1500.0,3,4.0,,1,Semifurnished,Apartment,36000000.0,Gurgaon,X71019192
Sector 72 Gurgaon,28.3943815,77.032363,2500.0,4,5.0,,1,Semifurnished,Apartment,60000000.0,Gurgaon,E71018968
Nirvana Country,28.4150509,77.0642955,2000.0,3,4.0,,2,Semifurnished,Apartment,25000000.0,Gurgaon,U71018788
Sector 65 Gurgaon,28.4030162,77.0695893,2000.0,3,4.0,,1,Semifurnished,Apartment,53000000.0,Gurgaon,S71018556
Nirvana Country,28.4150509,77.0642955,1500.0,3,4.0,,1,Semifurnished,Apartment,25500000.0,Gurgaon,K70786198
Sector 48 Gurgaon,28.4104903,77.0394627,2000.0,4,4.0,,1,Semifurnished,Apartment,27500000.0,Gurgaon,S70785850
Sector 23 Gurgaon,28.510319,77.0530094,3615.0,4,4.0,,1,Semifurnished,Independent/Builder Floor,40000000.0,Gurgaon,H71636514
Sector 23 Gurgaon,28.510319,77.0530094,1470.0,3,3.0,,1,Semifurnished,Independent/Builder Floor,19500000.0,Gurgaon,K71636052
Palam Vihar,28.4983353,77.0203007,3600.0,4,4.0,,1,Semifurnished,Independent/Builder Floor,47500000.0,Gurgaon,M71635750
Palam Vihar,28.4983353,77.0203007,2592.0,4,4.0,,1,Semifurnished,Independent/Builder Floor,31000000.0,Gurgaon,J71635574
Palam Vihar,28.4983353,77.0203007,2376.0,4,4.0,,1,Semifurnished,Independent/Builder Floor,28500000.0,Gurgaon,J71635428
Palam Vihar,28.4983353,77.0203007,1800.0,3,3.0,,1,Semifurnished,Independent/Builder Floor,28000000.0,Gurgaon,B71635258
Palam Vihar,28.4983353,77.0203007,1728.0,3,3.0,,1,Semifurnished,Independent/Builder Floor,18000000.0,Gurgaon,U71635110
Palam Vihar,28.4983353,77.0203007,3614.0,4,4.0,,1,Semifurnished,Independent/Builder Floor,36500000.0,Gurgaon,P71608922
Palam Vihar,28.4983353,77.0203007,2592.0,4,4.0,,1,Semifurnished,Independent/Builder Floor,26000000.0,Gurgaon,T71608738
Palam Vihar,28.4983353,77.0203007,2275.0,4,4.0,,1,Semifurnished,Independent/Builder Floor,22000000.0,Gurgaon,N71608572
Sector 23 Gurgaon,28.510319,77.0530094,2160.0,4,4.0,,1,Semifurnished,Independent/Builder Floor,23000000.0,Gurgaon,N71608090
Sector 23 Gurgaon,28.510319,77.0530094,3614.0,4,4.0,,1,Semifurnished,Independent/Builder Floor,36000000.0,Gurgaon,D71607986
Sector 23 Gurgaon,28.510319,77.0530094,2462.0,4,4.0,,1,Semifurnished,Independent/Builder Floor,26000000.0,Gurgaon,G71607890
Sector 23 Gurgaon,28.510319,77.0530094,1944.0,3,3.0,,1,Semifurnished,Independent/Builder Floor,22500000.0,Gurgaon,W71607788
Sector 23 Gurgaon,28.510319,77.0530094,1468.0,3,3.0,,1,Semifurnished,Independent/Builder Floor,17500000.0,Gurgaon,G71607586
Sector 23A Gurgaon,28.5056942,77.0463022,1944.0,3,3.0,,1,Semifurnished,Independent/Builder Floor,19000000.0,Gurgaon,R71607340
Palam Vihar,28.4983353,77.0203007,3600.0,4,4.0,,1,Semifurnished,Independent/Builder Floor,35000000.0,Gurgaon,T71585316
Palam Vihar,28.4983353,77.0203007,3450.0,4,4.0,,1,Semifurnished,Independent/Builder Floor,32500000.0,Gurgaon,X71585144
Palam Vihar,28.4983353,77.0203007,2462.0,4,4.0,,1,Semifurnished,Independent/Builder Floor,25000000.0,Gurgaon,M71584782
Palam Vihar,28.4983353,77.0203007,2160.0,4,4.0,,1,Semifurnished,Independent/Builder Floor,19500000.0,Gurgaon,A71584664
Palam Vihar,28.4983353,77.0203007,1944.0,3,3.0,,1,Semifurnished,Independent/Builder Floor,17000000.0,Gurgaon,H71584474
Sector 23 Gurgaon,28.510319,77.0530094,2100.0,4,4.0,,1,Semifurnished,Independent/Builder Floor,20000000.0,Gurgaon,N71583394
Sector 23 Gurgaon,28.510319,77.0530094,2462.0,4,4.0,,1,Semifurnished,Independent/Builder Floor,24000000.0,Gurgaon,S71583096
Sector 85 Gurgaon,28.3985762,76.9547447,1650.0,2,2.0,,5,Semifurnished,Apartment,14000000.0,Gurgaon,M71549906
Sector 79 Gurgaon,28.4618719,77.05688,1086.40194611584,3,3.0,,1,Semifurnished,Apartment,16000000.0,Gurgaon,H71548588
Sector 79 Gurgaon,28.4618719,77.05688,753.474053582769,2,2.0,,1,Semifurnished,Apartment,13500000.0,Gurgaon,M71548120
Sector 79 Gurgaon,28.4618719,77.05688,1650.0,3,3.0,,1,Semifurnished,Apartment,19000000.0,Gurgaon,H71546860
Sector 79 Gurgaon,28.4618719,77.05688,1650.0,2,2.0,,1,Semifurnished,Apartment,14000000.0,Gurgaon,M71546072
Sector 106 Gurgaon,28.5060806,76.9967796,1400.0,2,2.0,,5,Semifurnished,Apartment,17500000.0,Gurgaon,H71384788
South City 2,28.4188806,77.0439211,3500.0,4,4.0,,1,Semifurnished,Independent/Builder Floor,40000000.0,Gurgaon,X71368122
Sector 102 Gurgaon,28.4754872,76.9711747,1650.0,2,2.0,,5,Semifurnished,Apartment,10500000.0,Gurgaon,Q71282856
Sector 70A Gurgaon,28.3846684,77.0220391,1650.0,3,3.0,,1,Semifurnished,Apartment,15800000.0,Gurgaon,O71022644
Sector 62 Gurgaon,28.407697,77.0823781,1650.0,3,3.0,,1,Semifurnished,Apartment,43000000.0,Gurgaon,S70979846
Sector 104 Gurgaon,28.4795324,76.9937197,1484.0,3,4.0,,1,Semifurnished,Apartment,11501000.0,Gurgaon,Q70900046
Sector 106 Gurgaon,28.5060806,76.9967796,2200.0,4,4.0,,1,Semifurnished,Apartment,40000000.0,Gurgaon,U70799218
Sector 109 Gurgaon,28.5109205,77.0065956,2170.0,4,4.0,,1,Unfurnished,Apartment,40000000.0,Gurgaon,I70789050
Sector 3 Gurgaon,28.4944483,77.0985008,1257.0,4,4.0,,1,Semifurnished,Apartment,24500000.0,Gurgaon,B70788944
Sector 3 Gurgaon,28.4944483,77.0985008,1444.0,2,2.0,,5,Semifurnished,Apartment,11500000.0,Gurgaon,X70476708
Malibu Town,28.4234344,77.0468649,1350.0,3,3.0,,1,Semifurnished,Independent/Builder Floor,18000000.0,Gurgaon,A68774038
Malibu Town,28.4234344,77.0468649,1650.0,3,3.0,,6,Semifurnished,Independent/Builder Floor,16900000.0,Gurgaon,M69895968
Sector 45 Gurgaon,28.4449004,77.0663545,1850.0,3,3.0,,1,Semifurnished,Independent/Builder Floor,27000000.0,Gurgaon,M68898380
Sector 57 Gurgaon,28.4232478,77.0804487,2400.0,4,4.0,,6,Semifurnished,Independent/Builder Floor,23000000.0,Gurgaon,C68800330
Sector 3 Gurgaon,28.4944483,77.0985008,2078.0,3,3.0,,5,Semifurnished,Apartment,17000000.0,Gurgaon,Q67916760
Sector 48 Gurgaon,28.4104903,77.0394627,1650.0,4,4.0,,6,Semifurnished,Independent/Builder Floor,27000000.0,Gurgaon,U71775886
Sector 46 Gurgaon,28.4268461,77.0584252,1199.0,3,3.0,,3,Semifurnished,Independent/Builder Floor,21000000.0,Gurgaon,E71734680
Sector 41 Gurgaon,28.4433686,77.0552345,900.0,2,2.0,,3,Semifurnished,Apartment,14500000.0,Gurgaon,U71734602
Sector 41 Gurgaon,28.4433686,77.0552345,2250.0,4,5.0,,3,Unfurnished,Apartment,45000000.0,Gurgaon,P71734580
Sector 41 Gurgaon,28.4433686,77.0552345,1650.0,3,3.0,,3,Semifurnished,Apartment,25455000.0,Gurgaon,E71734526
Sector 41 Gurgaon,28.4433686,77.0552345,1799.0,3,4.0,,3,Semifurnished,Apartment,32500000.0,Gurgaon,Z71734480
Sector 41 Gurgaon,28.4433686,77.0552345,1350.0,3,2.0,,3,Unfurnished,Apartment,22200000.0,Gurgaon,R71734448
Sector 41 Gurgaon,28.4433686,77.0552345,1299.0,3,2.0,,3,Semifurnished,Apartment,22400000.0,Gurgaon,T71734428
Sector 49 Gurgaon,28.4127374,77.0555164,1650.0,4,4.0,,2,Unknown,Apartment,42500000.0,Gurgaon,I71726502
Nirvana Country,28.4150509,77.0642955,1650.0,3,3.0,,2,Semifurnished,Apartment,18500000.0,Gurgaon,S64186398
Sector 49 Gurgaon,28.4127374,77.0555164,1650.0,2,2.0,,1,Semifurnished,Independent/Builder Floor,9000000.0,Gurgaon,X66662998
Sector 67A Gurgaon,28.4618719,77.05688,1600.0,4,3.0,,1,Semifurnished,Independent/Builder Floor,22500000.0,Gurgaon,B71693008
Sector 86 Gurgaon,28.3981205,76.9411257,501.0,2,2.0,,6,Semifurnished,Apartment,4900000.0,Gurgaon,C71658514
Sector 41 Gurgaon,28.4433686,77.0552345,1650.0,3,4.0,,3,Semifurnished,Apartment,28200000.0,Gurgaon,J71631420
Sector 41 Gurgaon,28.4433686,77.0552345,1399.0,3,3.0,,3,Semifurnished,Apartment,17600000.0,Gurgaon,H71602990
South City 1,28.4188433,77.0440293,1900.0,4,5.0,,6,Semifurnished,Independent/Builder Floor,28000000.0,Gurgaon,M71572966
Sector 31 Gurgaon,28.4540044,77.0497179,1850.0,3,5.0,,3,Semifurnished,Apartment,35000000.0,Gurgaon,E71572874
Sector 47 Gurgaon,28.4268461,77.0584252,1850.0,3,5.0,,3,Semifurnished,Apartment,44000000.0,Gurgaon,T71572856
Heritage City,28.4817226,77.0784621,2500.0,3,4.0,,3,Semifurnished,Apartment,32000000.0,Gurgaon,Z71572750
Sector 92 Gurgaon,28.4089049,76.9155232,1650.0,3,4.0,,5,Semifurnished,Independent/Builder Floor,14000000.0,Gurgaon,Y71551540
Sector 46 Gurgaon,28.4268461,77.0584252,1300.0,3,3.0,,3,Semifurnished,Independent/Builder Floor,18800000.0,Gurgaon,U71542282
Sector 41 Gurgaon,28.4433686,77.0552345,1700.0,3,3.0,,6,Semifurnished,Independent/Builder Floor,26000000.0,Gurgaon,U71526968
Sector 48 Gurgaon,28.4104903,77.0394627,2400.0,4,5.0,,3,Semifurnished,Apartment,33000000.0,Gurgaon,I70762832
Sector 41 Gurgaon,28.4433686,77.0552345,1700.0,3,5.0,,3,Semifurnished,Apartment,22500000.0,Gurgaon,V71041412
Sector 90 Gurgaon,28.4069974,76.9365562,1340.0,3,3.0,,1,Semifurnished,Apartment,14650000.0,Gurgaon,Q71502716
Sector 48 Gurgaon,28.4104903,77.0394627,1650.0,3,2.0,,6,Semifurnished,Independent/Builder Floor,17500000.0,Gurgaon,T55524658
Sector 56 Gurgaon,28.4252244,77.0992377,1650.0,2,2.0,,1,Semifurnished,Independent/Builder Floor,10500000.0,Gurgaon,O66662346
Sector 86 Gurgaon,28.3981205,76.9411257,500.0,2,2.0,,6,Semifurnished,Apartment,5000000.0,Gurgaon,J71473996
Sector 81 Gurgaon,28.3873647,76.9475835,2089.0,3,4.0,,1,Semifurnished,Apartment,24700000.0,Gurgaon,J67028052
Sector 90 Gurgaon,28.4069974,76.9365562,1450.0,3,3.0,,1,Semifurnished,Apartment,15100000.0,Gurgaon,E71463040
Sector 90 Gurgaon,28.4069974,76.9365562,1450.0,3,3.0,,1,Semifurnished,Apartment,14600000.0,Gurgaon,B71462804
Sector 90 Gurgaon,28.4069974,76.9365562,1450.0,3,3.0,,1,Semifurnished,Apartment,14200000.0,Gurgaon,Y71460174
Sector 102 Gurgaon,28.4754872,76.9711747,962.0,2,2.0,,6,Semifurnished,Apartment,15000000.0,Gurgaon,I71335426
Sector 102 Gurgaon,28.4754872,76.9711747,962.0,2,2.0,,6,Semifurnished,Apartment,14200000.0,Gurgaon,L71333864
Sector 85 Gurgaon,28.3985762,76.9547447,990.0,2,2.0,,5,Semifurnished,Apartment,12000000.0,Gurgaon,G71169822
Sector 85 Gurgaon,28.3985762,76.9547447,3900.0,4,6.0,,1,Semifurnished,Apartment,22000000.0,Gurgaon,M67564758
Sector 77 Gurgaon,28.3832337,76.982557,1650.0,2,2.0,,6,Unknown,Apartment,9500000.0,Gurgaon,Q60357162
Sector 83 Gurgaon,28.3963578,76.9654747,1240.04,3,4.0,,6,Unknown,Apartment,21000000.0,Gurgaon,E57280120
Sector 49 Gurgaon,28.4127374,77.0555164,1650.0,3,3.0,,2,Semifurnished,Independent/Builder Floor,14000000.0,Gurgaon,N66662258
Sector 48 Gurgaon,28.4104903,77.0394627,1650.0,4,4.0,,6,Semifurnished,Independent/Builder Floor,28500000.0,Gurgaon,Q69458832
Sector 83 Gurgaon,28.3963578,76.9654747,1020.0,2,2.0,,1,Semifurnished,Apartment,7500000.0,Gurgaon,Z68690432
Sector 106 Gurgaon,28.5060806,76.9967796,2750.0,4,4.0,,5,Semifurnished,Apartment,38500000.0,Gurgaon,J70911230
Sector 82A Gurgaon,28.3881583,76.96273,1192.0,3,4.0,,1,Semifurnished,Apartment,23500000.0,Gurgaon,I70873190
Sector 102 Gurgaon,28.4754872,76.9711747,1505.0,4,4.0,,5,Semifurnished,Apartment,25800000.0,Gurgaon,F70851762
Sector 86 Gurgaon,28.3981205,76.9411257,1450.0,3,4.0,,1,Semifurnished,Apartment,15600000.0,Gurgaon,L69657426
Dlf Phase 2,28.483901,77.0846097,2250.0,3,3.0,,6,Semifurnished,Independent/Builder Floor,27000000.0,Gurgaon,H70802372
Dlf Phase 2,28.483901,77.0846097,1600.0,3,3.0,,6,Semifurnished,Independent/Builder Floor,22800000.0,Gurgaon,H70802084
Sector 82A Gurgaon,28.3881583,76.96273,1340.0,4,4.0,,1,Semifurnished,Apartment,26500000.0,Gurgaon,R70753468
Sector 90 Gurgaon,28.4069974,76.9365562,1500.0,3,3.0,,1,Semifurnished,Apartment,14000000.0,Gurgaon,E70630610
Sector 53 Gurgaon,28.4487856,77.0988212,2700.0,3,4.0,,6,Semifurnished,Apartment,40000000.0,Gurgaon,L69345530
Dlf Phase 1,28.4765171,77.090194,1650.0,4,5.0,,6,Semifurnished,Independent/Builder Floor,45000000.0,Gurgaon,E70377736
Sector 70 Gurgaon,28.3947261,77.0223138,1161.0,3,5.0,,1,Semifurnished,Apartment,16200000.0,Gurgaon,C69936836
Sector 90 Gurgaon,28.4069974,76.9365562,1650.0,3,3.0,,1,Semifurnished,Apartment,14000000.0,Gurgaon,B69161912
Sector 70 Gurgaon,28.3947261,77.0223138,1650.0,2,2.0,,1,Semifurnished,Apartment,12300000.0,Gurgaon,O69936994
Sector 70 Gurgaon,28.3947261,77.0223138,1161.0,3,5.0,,1,Semifurnished,Apartment,16300000.0,Gurgaon,F69936886
Sector 70 Gurgaon,28.3947261,77.0223138,1161.0,3,5.0,,1,Semifurnished,Apartment,16350000.0,Gurgaon,Z69936736
Sector 70 Gurgaon,28.3947261,77.0223138,1161.0,3,3.0,,6,Semifurnished,Apartment,18400000.0,Gurgaon,F69873898
Sector 77 Gurgaon,28.3832337,76.982557,1650.0,3,2.0,,6,Semifurnished,Apartment,12500000.0,Gurgaon,J60716946
Sector 108 Gurgaon,28.5128994,76.9823615,1050.0,2,2.0,,1,Semifurnished,Apartment,9700000.0,Gurgaon,T69548882
Sector 82A Gurgaon,28.3881583,76.96273,1538.0,3,3.0,,2,Semifurnished,Apartment,18700000.0,Gurgaon,O68656188
Sector 91 Gurgaon,28.4007588,76.9210802,1650.0,3,4.0,,1,Semifurnished,Apartment,16000000.0,Gurgaon,O68841332
Sector 86 Gurgaon,28.3981205,76.9411257,501.0,2,2.0,,6,Semifurnished,Apartment,4150000.0,Gurgaon,J68669646
Sector 82A Gurgaon,28.3881583,76.96273,1306.0,4,4.0,,2,Semifurnished,Apartment,27000000.0,Gurgaon,X68655328
Sector 81 Gurgaon,28.3873647,76.9475835,1650.0,4,4.0,,2,Semifurnished,Apartment,34500000.0,Gurgaon,Z68652142
Sector 82A Gurgaon,28.3881583,76.96273,1000.0,3,3.0,,1,Semifurnished,Apartment,17500000.0,Gurgaon,X68626196
Sector 91 Gurgaon,28.4007588,76.9210802,1000.0,2,2.0,,1,Semifurnished,Apartment,8700000.0,Gurgaon,Y68626474
Sector 81 Gurgaon,28.3873647,76.9475835,1650.0,4,4.0,,2,Semifurnished,Apartment,37000000.0,Gurgaon,O68626762
Sector 91 Gurgaon,28.4007588,76.9210802,1300.0,3,3.0,,2,Semifurnished,Apartment,13000000.0,Gurgaon,W68626656
Sector 86 Gurgaon,28.3981205,76.9411257,501.0,2,2.0,,6,Semifurnished,Apartment,3900000.0,Gurgaon,C68669192
Sector 86 Gurgaon,28.3981205,76.9411257,515.0,2,2.0,,6,Semifurnished,Apartment,3750000.0,Gurgaon,S68633614
Sector 81 Gurgaon,28.3873647,76.9475835,1100.0,3,4.0,,1,Semifurnished,Apartment,23500000.0,Gurgaon,C68626058
Sector 104 Gurgaon,28.4795324,76.9937197,1650.0,3,4.0,,1,Semifurnished,Apartment,17300000.0,Gurgaon,P68670840
Sector 90 Gurgaon,28.4069974,76.9365562,1650.0,2,2.0,,1,Semifurnished,Apartment,6200000.0,Gurgaon,Z68647254
Dlf Phase 2,28.483901,77.0846097,2200.0,4,4.0,,1,Semifurnished,Independent/Builder Floor,41000000.0,Gurgaon,C71290090
Dlf Phase 3,28.4919048,77.0937804,3156.0,3,4.0,,3,Semifurnished,Apartment,42500000.0,Gurgaon,A69484894
Sector 56 Gurgaon,28.4252244,77.0992377,2350.0,3,3.0,,2,Semifurnished,Apartment,17000000.0,Gurgaon,Z70878552
Sector 56 Gurgaon,28.4252244,77.0992377,2000.0,4,3.0,,2,Semifurnished,Apartment,15100000.0,Gurgaon,S61149618
Dlf Phase 4,28.4919048,77.0937804,1500.0,3,3.0,,3,Semifurnished,Apartment,22500000.0,Gurgaon,T70792816
Sector 54 Gurgaon,28.433569,77.1055815,1534.0,4,4.0,,2,Semifurnished,Apartment,73333333.0,Gurgaon,L71734762
Sector 54 Gurgaon,28.433569,77.1055815,1650.0,4,6.0,,2,Semifurnished,Apartment,160000000.0,Gurgaon,B71707674
Dlf Phase 1,28.4765171,77.090194,4518.00000000045,4,5.0,,6,Semifurnished,Independent/Builder Floor,57500000.0,Gurgaon,R71695868
Dlf Phase 1,28.4765171,77.090194,4518.00000000045,4,4.0,,6,Semifurnished,Independent/Builder Floor,62500000.0,Gurgaon,P71695192
Sector 54 Gurgaon,28.433569,77.1055815,1650.0,4,4.0,,1,Unknown,Apartment,69500000.0,Gurgaon,S71687770
Sector 54 Gurgaon,28.433569,77.1055815,1534.0,4,4.0,,2,Semifurnished,Apartment,69999999.0,Gurgaon,B71687726
Sector 102 Gurgaon,28.4754872,76.9711747,1550.0,3,4.0,,1,Semifurnished,Apartment,22000000.0,Gurgaon,G71579046
Sector 102 Gurgaon,28.4754872,76.9711747,1000.0,2,2.0,,5,Semifurnished,Apartment,15500000.0,Gurgaon,I71578554
Sector 104 Gurgaon,28.4795324,76.9937197,884.58,3,2.0,,5,Semifurnished,Apartment,14500000.0,Gurgaon,Z71565710
Sector 102 Gurgaon,28.4754872,76.9711747,1300.0,3,3.0,,1,Semifurnished,Apartment,17500000.0,Gurgaon,P71565292
Sector 102 Gurgaon,28.4754872,76.9711747,4000.0,4,4.0,,5,Semifurnished,Apartment,45500000.0,Gurgaon,V71565214
Sector 103 Gurgaon,28.493087,76.9866453,1600.0,3,3.0,,1,Semifurnished,Apartment,16500000.0,Gurgaon,J71565126
Sector 95 Gurgaon,28.4149443,76.9114892,2860.0,3,3.0,,5,Unfurnished,Apartment,13000000.0,Gurgaon,R71505956
Sector 95 Gurgaon,28.4149443,76.9114892,1495.0,3,2.0,,5,Unfurnished,Apartment,11500000.0,Gurgaon,M71505834
Sector 95 Gurgaon,28.4149443,76.9114892,1495.0,3,2.0,,5,Unfurnished,Apartment,10600000.0,Gurgaon,D71505560
Sector 95 Gurgaon,28.4149443,76.9114892,1754.0,3,3.0,,5,Semifurnished,Independent/Builder Floor,11000000.0,Gurgaon,A71477906
Sector 54 Gurgaon,28.433569,77.1055815,1534.0,4,4.0,,3,Semifurnished,Apartment,64000000.0,Gurgaon,J71471174
Sector 54 Gurgaon,28.433569,77.1055815,1118.0,3,4.0,,3,Semifurnished,Apartment,50000000.0,Gurgaon,V71463734
Sector 54 Gurgaon,28.433569,77.1055815,1534.0,4,4.0,,3,Semifurnished,Apartment,65000000.0,Gurgaon,S71449254
Sector 54 Gurgaon,28.433569,77.1055815,1331.0,3,4.0,,3,Semifurnished,Apartment,58000000.0,Gurgaon,B71449172
Sohna,28.3241636,77.0848644,730.0,2,2.0,,1,Semifurnished,Apartment,7300000.0,Gurgaon,Y71214568
Sohna,28.3241636,77.0848644,517.96,2,2.0,,1,Semifurnished,Apartment,3650000.0,Gurgaon,J71214300
Sohna,28.3241636,77.0848644,600.52,2,2.0,,1,Unknown,Apartment,3800000.0,Gurgaon,K71214372
Sector-33 Sohna,28.3241636,77.0848644,1500.0,3,3.0,,5,Semifurnished,Apartment,15000005.0,Gurgaon,L71040560
Sector 68 Gurgaon,28.388897,77.0459859,800.0,2,2.0,,1,Semifurnished,Apartment,7600000.0,Gurgaon,A70826634
Sector 51 Gurgaon,28.4287011,77.0666877,5800.0,4,4.0,,3,Semifurnished,Apartment,47000000.0,Gurgaon,B71801040
Sector 65 Gurgaon,28.4030162,77.0695893,865.0,3,3.0,,1,Semifurnished,Apartment,20500000.0,Gurgaon,O71784248
Nirvana Country,28.4150509,77.0642955,1650.0,3,4.0,,2,Semifurnished,Apartment,19500000.0,Gurgaon,P71778648
Sector 28 Gurgaon,28.4794143,77.0833588,3050.0,4,5.0,,2,Semifurnished,Apartment,44500000.0,Gurgaon,Z71748774
Sector 52 Gurgaon,28.4368166,77.0795276,1650.0,3,3.0,,6,Semifurnished,Independent/Builder Floor,18500000.0,Gurgaon,S71743942
Sector 63A Gurgaon,28.4618719,77.05688,2300.0,3,3.0,,6,Semifurnished,Independent/Builder Floor,19000000.0,Gurgaon,P71737404
Sector 52 Gurgaon,28.4368166,77.0795276,1800.0,3,3.0,,6,Semifurnished,Independent/Builder Floor,17000000.0,Gurgaon,Z71734200
Sector 56 Gurgaon,28.4252244,77.0992377,1800.0,3,3.0,,2,Semifurnished,Apartment,14500000.0,Gurgaon,U71727382
Sector 67 Gurgaon,28.3864052,77.0598046,1650.0,4,3.0,,1,Semifurnished,Apartment,31600000.0,Gurgaon,Q71722322
Sector 67A Gurgaon,28.4618719,77.05688,1650.0,2,2.0,,1,Semifurnished,Apartment,13400000.0,Gurgaon,A71722006
Sector 57 Gurgaon,28.4232478,77.0804487,2367.00000000023,4,4.0,,6,Unknown,Independent/Builder Floor,23000000.0,Gurgaon,Z71719432
Sushant Lok Phase 3,28.464228,77.076724,1250.0,3,3.0,,6,Semifurnished,Independent/Builder Floor,16800000.0,Gurgaon,X71709788
Sector 57 Gurgaon,28.4232478,77.0804487,1250.0,3,3.0,,6,Semifurnished,Independent/Builder Floor,16800000.0,Gurgaon,P71709756
Sector 79 Gurgaon,28.4618719,77.05688,1534.0,3,3.0,,5,Unknown,Apartment,15000000.0,Gurgaon,X71705386
Sector 83 Gurgaon,28.3963578,76.9654747,1015.0,3,2.0,,5,Semifurnished,Apartment,12400000.0,Gurgaon,V71704736
Sector 57 Gurgaon,28.4232478,77.0804487,1450.0,3,3.0,,3,Semifurnished,Independent/Builder Floor,10500000.0,Gurgaon,L71636358
Sector 65 Gurgaon,28.4030162,77.0695893,1650.0,3,3.0,,5,Semifurnished,Apartment,25000000.0,Gurgaon,H71688620
Sector 65 Gurgaon,28.4030162,77.0695893,1650.0,3,3.0,,5,Semifurnished,Apartment,24500000.0,Gurgaon,W71688604
Sector 65 Gurgaon,28.4030162,77.0695893,1650.0,2,2.0,,5,Semifurnished,Apartment,16500000.0,Gurgaon,C71688568
Sector 65 Gurgaon,28.4030162,77.0695893,1650.0,2,2.0,,5,Semifurnished,Apartment,18700000.0,Gurgaon,J71688544
Sector 67 Gurgaon,28.3864052,77.0598046,1650.0,4,4.0,,1,Semifurnished,Apartment,34550000.0,Gurgaon,L71686664
Sector 67 Gurgaon,28.3864052,77.0598046,2400.0,4,4.0,,1,Semifurnished,Apartment,52000000.0,Gurgaon,C71659948
Sector 67 Gurgaon,28.3864052,77.0598046,2300.0,4,5.0,,1,Semifurnished,Apartment,46000000.0,Gurgaon,M71659506
Sector 63A Gurgaon,28.4618719,77.05688,1650.0,3,3.0,,5,Semifurnished,Independent/Builder Floor,20000000.0,Gurgaon,N71659416
Sector 67 Gurgaon,28.3864052,77.0598046,1810.0,3,3.0,,1,Semifurnished,Apartment,34000000.0,Gurgaon,J71659200
Sector 67 Gurgaon,28.3864052,77.0598046,2200.0,4,4.0,,1,Semifurnished,Apartment,47500000.0,Gurgaon,E71658992
Sector 67 Gurgaon,28.3864052,77.0598046,1100.0,2,2.0,,1,Semifurnished,Apartment,20500000.0,Gurgaon,F71658758
Sector 67 Gurgaon,28.3864052,77.0598046,2200.0,3,3.0,,1,Semifurnished,Apartment,39000000.0,Gurgaon,F71657460
Sector 67A Gurgaon,28.4618719,77.05688,900.0,2,2.0,,6,Semifurnished,Apartment,14000000.0,Gurgaon,G71654710
Sector 57 Gurgaon,28.4232478,77.0804487,1550.0,4,4.0,,6,Semifurnished,Independent/Builder Floor,22000000.0,Gurgaon,S71654658
Sector 62 Gurgaon,28.407697,77.0823781,1650.0,5,7.0,,1,Semifurnished,Apartment,110000000.0,Gurgaon,A71653128
Sector 104 Gurgaon,28.4795324,76.9937197,1800.0,3,4.0,,1,Semifurnished,Apartment,26000000.0,Gurgaon,V71653034
Sector 67A Gurgaon,28.4618719,77.05688,1600.0,3,3.0,,6,Semifurnished,Apartment,20000000.0,Gurgaon,M71652988
Sector 67A Gurgaon,28.4618719,77.05688,1017.0,3,3.0,,6,Semifurnished,Apartment,17500000.0,Gurgaon,Z71652476
Sector 76 Gurgaon,28.3910112,76.9900243,1650.0,3,3.0,,5,Semifurnished,Apartment,31144000.0,Gurgaon,X71647612
Sector 52 Gurgaon,28.4368166,77.0795276,2250.0,4,4.0,,6,Semifurnished,Independent/Builder Floor,30000000.0,Gurgaon,S71641848
Sector 52 Gurgaon,28.4368166,77.0795276,1450.0,4,4.0,,6,Semifurnished,Independent/Builder Floor,18500000.0,Gurgaon,K71640880
Sector 52 Gurgaon,28.4368166,77.0795276,1650.0,4,4.0,,6,Semifurnished,Independent/Builder Floor,18500000.0,Gurgaon,F71640740
Sector 57 Gurgaon,28.4232478,77.0804487,1500.0,3,3.0,,1,Semifurnished,Independent/Builder Floor,16200000.0,Gurgaon,M71635688
Sector 57 Gurgaon,28.4232478,77.0804487,2170.0,3,4.0,,2,Unknown,Apartment,29100000.0,Gurgaon,E71635010
Sector 57 Gurgaon,28.4232478,77.0804487,1150.0,2,3.0,,3,Semifurnished,Apartment,10500000.0,Gurgaon,Q71634858
Sector 56 Gurgaon,28.4252244,77.0992377,2150.0,4,4.0,,2,Semifurnished,Apartment,26100000.0,Gurgaon,P71634686
Sector 63 Gurgaon,28.3964476,77.086498,1878.0,3,3.0,,6,Semifurnished,Apartment,29000000.0,Gurgaon,N71615886
Sector 65 Gurgaon,28.4030162,77.0695893,1375.0,4,4.0,,2,Semifurnished,Apartment,31000000.0,Gurgaon,C71614702
Sector 65 Gurgaon,28.4030162,77.0695893,1250.0,3,3.0,,2,Semifurnished,Apartment,25000000.0,Gurgaon,V71614592
Sector 65 Gurgaon,28.4030162,77.0695893,2200.0,4,4.0,,5,Semifurnished,Independent/Builder Floor,45000000.0,Gurgaon,X71614326
Sector 65 Gurgaon,28.4030162,77.0695893,2200.0,4,5.0,,6,Semifurnished,Independent/Builder Floor,39000000.0,Gurgaon,D71614226
Sector 65 Gurgaon,28.4030162,77.0695893,3200.0,3,4.0,,2,Unknown,Apartment,80000000.0,Gurgaon,A71614152
Sector 62 Gurgaon,28.407697,77.0823781,1650.0,4,6.0,,1,Semifurnished,Apartment,104000000.0,Gurgaon,H71612272
Sector 62 Gurgaon,28.407697,77.0823781,1650.0,3,5.0,,1,Semifurnished,Apartment,80000000.0,Gurgaon,Z71611878
Sector 102 Gurgaon,28.4754872,76.9711747,1650.0,3,3.0,,6,Semifurnished,Apartment,21800000.0,Gurgaon,N70548602
Sector 62 Gurgaon,28.407697,77.0823781,1650.0,5,7.0,,1,Semifurnished,Apartment,75000000.0,Gurgaon,I71609068
Sector 62 Gurgaon,28.407697,77.0823781,1650.0,4,4.0,,1,Semifurnished,Apartment,70000000.0,Gurgaon,E71608884
Sector 62 Gurgaon,28.407697,77.0823781,1650.0,4,5.0,,1,Semifurnished,Apartment,57000000.0,Gurgaon,M71608610
Sector 62 Gurgaon,28.407697,77.0823781,1650.0,3,3.0,,1,Semifurnished,Apartment,51000000.0,Gurgaon,F71608498
Sector 65 Gurgaon,28.4030162,77.0695893,2450.0,4,4.0,,2,Semifurnished,Apartment,30500000.0,Gurgaon,P71607662
Sector 65 Gurgaon,28.4030162,77.0695893,1395.0,3,3.0,,2,Semifurnished,Apartment,21000000.0,Gurgaon,T71607560
Sector 65 Gurgaon,28.4030162,77.0695893,1950.0,4,3.0,,2,Semifurnished,Apartment,32000000.0,Gurgaon,K71607472
Sector 45 Gurgaon,28.4449004,77.0663545,1650.0,4,4.0,,3,Unfurnished,Apartment,19000000.0,Gurgaon,K71607190
Sector 61 Gurgaon,28.4110188,77.0963685,1627.45,4,4.0,,5,Semifurnished,Apartment,52500000.0,Gurgaon,W71603024
Sector 62 Gurgaon,28.407697,77.0823781,1020.0,2,2.0,,6,Semifurnished,Apartment,26000000.0,Gurgaon,Q71602452
Sector 62 Gurgaon,28.407697,77.0823781,1350.0,3,3.0,,6,Semifurnished,Apartment,42500000.0,Gurgaon,T71602096
Sector 84 Gurgaon,28.4035469,76.9677894,3000.0,4,4.0,,2,Semifurnished,Apartment,26100000.0,Gurgaon,J71585750
Sector 84 Gurgaon,28.4035469,76.9677894,3000.0,4,4.0,,2,Semifurnished,Apartment,24500000.0,Gurgaon,J71585576
Sector 84 Gurgaon,28.4035469,76.9677894,3000.0,4,4.0,,2,Semifurnished,Apartment,25000000.0,Gurgaon,Y71585406
Sector 84 Gurgaon,28.4035469,76.9677894,1600.0,3,3.0,,2,Semifurnished,Apartment,16700000.0,Gurgaon,F71585118
Sector 65 Gurgaon,28.4030162,77.0695893,1650.0,3,3.0,,1,Semifurnished,Apartment,26900000.0,Gurgaon,S71584750
Sector 65 Gurgaon,28.4030162,77.0695893,1650.0,3,3.0,,1,Semifurnished,Apartment,27000000.0,Gurgaon,R71584478
Sector 84 Gurgaon,28.4035469,76.9677894,1600.0,3,3.0,,2,Semifurnished,Apartment,17500000.0,Gurgaon,D71584310
Sector 84 Gurgaon,28.4035469,76.9677894,1600.0,3,3.0,,2,Semifurnished,Apartment,16200000.0,Gurgaon,N71583926
Sector 84 Gurgaon,28.4035469,76.9677894,1800.0,3,3.0,,2,Semifurnished,Apartment,18000000.0,Gurgaon,B71583618
Sector 84 Gurgaon,28.4035469,76.9677894,1600.0,3,3.0,,2,Semifurnished,Apartment,16000000.0,Gurgaon,V71582966
Sector 85 Gurgaon,28.3985762,76.9547447,1650.0,2,2.0,,5,Semifurnished,Apartment,13000000.0,Gurgaon,Y71582604
Sector 49 Gurgaon,28.4127374,77.0555164,2061.0,4,4.0,,2,Semifurnished,Apartment,24700000.0,Gurgaon,L71582418
Sector 57 Gurgaon,28.4232478,77.0804487,1836.00000000018,3,3.0,,6,Semifurnished,Independent/Builder Floor,16800000.0,Gurgaon,K71570036
Sushant Lok Phase 3,28.464228,77.076724,1490.0,3,3.0,,6,Semifurnished,Independent/Builder Floor,16500000.0,Gurgaon,V71569360
Sector 74 Gurgaon,28.4110081,77.0101209,1650.0,3,3.0,,6,Semifurnished,Apartment,24014000.0,Gurgaon,F71569222
Sector 74 Gurgaon,28.4110081,77.0101209,1650.0,2,2.0,,6,Semifurnished,Apartment,16320200.0,Gurgaon,O71569150
Sector 74 Gurgaon,28.4110081,77.0101209,1650.0,2,2.0,,6,Semifurnished,Apartment,16101010.0,Gurgaon,B71568706
Sector 67 Gurgaon,28.3864052,77.0598046,3000.0,4,7.0,,2,Unfurnished,Apartment,47000000.0,Gurgaon,D71568198
Nirvana Country,28.4150509,77.0642955,1650.0,3,2.0,,3,Unfurnished,Apartment,17500000.0,Gurgaon,Z71565034
Nirvana Country,28.4150509,77.0642955,1650.0,3,2.0,,3,Unfurnished,Apartment,17000000.0,Gurgaon,V71564874
Nirvana Country,28.4150509,77.0642955,1350.0,2,2.0,,3,Unfurnished,Apartment,15500000.0,Gurgaon,F71564590
Nirvana Country,28.4150509,77.0642955,1650.0,2,2.0,,3,Unfurnished,Apartment,15700000.0,Gurgaon,J71564186
Sector 62 Gurgaon,28.407697,77.0823781,1650.0,2,2.0,,1,Unknown,Apartment,27500000.0,Gurgaon,G71555694
Sector 112 Gurgaon,28.5203402,77.0188612,1650.0,4,6.0,,1,Semifurnished,Apartment,58500000.0,Gurgaon,Q71493654
Sector 112 Gurgaon,28.5203402,77.0188612,1650.0,5,5.0,,1,Semifurnished,Apartment,68000000.0,Gurgaon,V71493432
Sector 53 Gurgaon,28.4487856,77.0988212,2820.0,4,5.0,,2,Semifurnished,Apartment,65000000.0,Gurgaon,B71489344
Sector 92 Gurgaon,28.4089049,76.9155232,808.0,2,2.0,,5,Semifurnished,Independent/Builder Floor,8175000.0,Gurgaon,D71481756
Sector 26 Gurgaon,28.4779375,77.1032425,4500.0,4,4.0,,6,Unfurnished,Independent/Builder Floor,80000000.0,Gurgaon,P71457288
Sector 59 Gurgaon,28.4030162,77.1066682,1650.0,3,3.0,,5,Unknown,Apartment,41300000.0,Gurgaon,J71260206
Sector 59 Gurgaon,28.4030162,77.1066682,1650.0,3,3.0,,5,Semifurnished,Apartment,37700000.0,Gurgaon,C71269044
Sector 113 Gurgaon,28.5286649,77.0250282,1650.0,3,3.0,,5,Semifurnished,Apartment,23400000.0,Gurgaon,F70200522
Sector 65 Gurgaon,28.4030162,77.0695893,3500.0,3,3.0,,1,Unfurnished,Apartment,62500000.0,Gurgaon,E71426208
Sector 47 Gurgaon,28.4268461,77.0584252,1800.0,3,4.0,,3,Semifurnished,Apartment,20000000.0,Gurgaon,Y71418208
Sector 65 Gurgaon,28.4030162,77.0695893,9505.0,5,5.0,,1,Semifurnished,Apartment,172500000.0,Gurgaon,C71415740
Sector 106 Gurgaon,28.5060806,76.9967796,1650.0,3,3.0,,1,Semifurnished,Apartment,13500000.0,Gurgaon,W71410256
Sector 106 Gurgaon,28.5060806,76.9967796,1130.0,3,3.0,,1,Semifurnished,Apartment,14500000.0,Gurgaon,G71410010
Sector 106 Gurgaon,28.5060806,76.9967796,1650.0,2,2.0,,1,Semifurnished,Apartment,10700000.0,Gurgaon,T71402558
Sector 106 Gurgaon,28.5060806,76.9967796,1650.0,4,4.0,,1,Semifurnished,Apartment,17500000.0,Gurgaon,G71401966
Sector 81 Gurgaon,28.3873647,76.9475835,1650.0,3,4.0,,1,Semifurnished,Apartment,30000000.0,Gurgaon,Q71400600
Sector 110 A Gurgaon,28.5069625,77.018321,1650.0,3,3.0,,1,Semifurnished,Apartment,22500000.0,Gurgaon,I71391682
Sector 110 A Gurgaon,28.5069625,77.018321,1650.0,3,3.0,,1,Semifurnished,Apartment,16000000.0,Gurgaon,B71391480
Sector 51 Gurgaon,28.4287011,77.0666877,2500.0,4,4.0,,3,Semifurnished,Apartment,22500000.0,Gurgaon,U71375860
Sector 61 Gurgaon,28.4110188,77.0963685,880.0,2,2.0,,2,Semifurnished,Apartment,16000000.0,Gurgaon,X71364838
Sector 60 Gurgaon,28.3985617,77.0978276,921.0,2,2.0,,1,Unfurnished,Apartment,21500000.0,Gurgaon,N71364160
Sector 65 Gurgaon,28.4030162,77.0695893,631.0,2,2.0,,1,Semifurnished,Apartment,16500000.0,Gurgaon,C71363148
Sector 74 Gurgaon,28.4110081,77.0101209,1650.0,2,2.0,,6,Semifurnished,Apartment,15000000.0,Gurgaon,S71355598
Sector 74 Gurgaon,28.4110081,77.0101209,1650.0,2,2.0,,6,Semifurnished,Apartment,16500000.0,Gurgaon,C71355424
Sector 74 Gurgaon,28.4110081,77.0101209,1650.0,3,3.0,,6,Semifurnished,Apartment,24300000.0,Gurgaon,G71354962
South City 1,28.4188433,77.0440293,2200.0,4,4.0,,6,Semifurnished,Independent/Builder Floor,30000000.0,Gurgaon,K71351448
Sector 56 Gurgaon,28.4252244,77.0992377,1800.0,3,3.0,,3,Semifurnished,Apartment,16500000.0,Gurgaon,U71348536
Sector 74 Gurgaon,28.4110081,77.0101209,1650.0,2,2.0,,6,Semifurnished,Apartment,16400000.0,Gurgaon,J71347682
Sector 74 Gurgaon,28.4110081,77.0101209,1650.0,2,2.0,,6,Semifurnished,Apartment,16700000.0,Gurgaon,V71347608
Sector 74 Gurgaon,28.4110081,77.0101209,1650.0,2,2.0,,6,Semifurnished,Apartment,16700000.0,Gurgaon,R71347544
South City 2,28.4188806,77.0439211,1567.0,3,3.0,,6,Semifurnished,Independent/Builder Floor,19500000.0,Gurgaon,I71332966
Sector 99 Gurgaon,28.4645549,76.9628585,1650.0,3,4.0,,1,Semifurnished,Apartment,16200000.0,Gurgaon,A71332728
Sector 48 Gurgaon,28.4104903,77.0394627,1742.0,3,3.0,,6,Semifurnished,Independent/Builder Floor,18500000.0,Gurgaon,R71332686
Sector 65 Gurgaon,28.4030162,77.0695893,850.0,2,2.0,,5,Semifurnished,Apartment,17000000.0,Gurgaon,T71331460
Sector 111 Gurgaon,28.5222773,77.0336203,2215.0,3,2.0,,6,Unfurnished,Apartment,25800000.0,Gurgaon,Y71308140
Sector 111 Gurgaon,28.5222773,77.0336203,2100.0,3,3.0,,6,Unfurnished,Apartment,29900000.0,Gurgaon,E71307986
Sector 111 Gurgaon,28.5222773,77.0336203,1810.0,3,2.0,,6,Unfurnished,Apartment,29300000.0,Gurgaon,I71307930
Sector 66 Gurgaon,28.3974292,77.0538823,2150.0,4,5.0,,1,Semifurnished,Apartment,65000000.0,Gurgaon,C71302882
Malibu Town,28.4234344,77.0468649,1500.0,3,3.0,,3,Unfurnished,Independent/Builder Floor,15500000.0,Gurgaon,R71302652
South City 2,28.4188806,77.0439211,1650.0,3,4.0,,1,Unfurnished,Independent/Builder Floor,22000000.0,Gurgaon,S71297414
Sector 76 Gurgaon,28.3910112,76.9900243,1650.0,3,3.0,,5,Semifurnished,Apartment,17777777.0,Gurgaon,G71287108
Sector 76 Gurgaon,28.3910112,76.9900243,1650.0,3,3.0,,5,Semifurnished,Apartment,14800000.0,Gurgaon,V71287096
Sector 63A Gurgaon,28.4618719,77.05688,1020.0,3,3.0,,5,Semifurnished,Independent/Builder Floor,23500000.0,Gurgaon,F71286698
Sector 62 Gurgaon,28.407697,77.0823781,3105.0,4,4.0,,1,Semifurnished,Apartment,71000000.0,Gurgaon,B71286190
Sector 60 Gurgaon,28.3985617,77.0978276,1702.0,4,4.0,,1,Semifurnished,Apartment,44000000.0,Gurgaon,T71284506
Sector 62 Gurgaon,28.407697,77.0823781,890.0,2,2.0,,6,Semifurnished,Apartment,24000000.0,Gurgaon,N71283778
Sector 99A Gurgaon,28.4554059,76.9510278,1650.0,3,3.0,,6,Semifurnished,Apartment,9999999.0,Gurgaon,J71283456
Dlf Phase 2,28.483901,77.0846097,1800.0,3,3.0,,6,Semifurnished,Independent/Builder Floor,27500000.0,Gurgaon,M59816000
Dlf Phase 2,28.483901,77.0846097,1500.0,3,3.0,,6,Semifurnished,Independent/Builder Floor,22700000.0,Gurgaon,E59741558
Sector 59 Gurgaon,28.4030162,77.1066682,1632.11,3,3.0,,1,Semifurnished,Apartment,56000000.0,Gurgaon,J71281260
Sector 57 Gurgaon,28.4232478,77.0804487,1650.0,3,3.0,,6,Semifurnished,Independent/Builder Floor,23500000.0,Gurgaon,N71280554
Sector 57 Gurgaon,28.4232478,77.0804487,1650.0,3,3.0,,6,Semifurnished,Independent/Builder Floor,22500000.0,Gurgaon,F71280444
Sector 67A Gurgaon,28.4618719,77.05688,1650.0,2,2.0,,1,Semifurnished,Apartment,12700000.0,Gurgaon,M70864356
Dlf Phase 2,28.483901,77.0846097,999.0,4,3.0,,6,Semifurnished,Apartment,33300000.0,Gurgaon,Q71262160
Dlf Phase 2,28.483901,77.0846097,2700.0,3,4.0,,6,Semifurnished,Independent/Builder Floor,40000000.0,Gurgaon,A71251640
Dlf Phase 1,28.4765171,77.090194,2700.0,4,4.0,,6,Semifurnished,Independent/Builder Floor,37500000.0,Gurgaon,X71214270
Sector 59 Gurgaon,28.4030162,77.1066682,1650.0,3,4.0,,5,Semifurnished,Apartment,41000000.0,Gurgaon,B71210024
Sector 65 Gurgaon,28.4030162,77.0695893,1650.0,3,4.0,,2,Semifurnished,Apartment,55000000.0,Gurgaon,F71201768
Sector 65 Gurgaon,28.4030162,77.0695893,1650.0,4,4.0,,2,Semifurnished,Apartment,91800000.0,Gurgaon,N71201720
Sector 65 Gurgaon,28.4030162,77.0695893,1650.0,3,3.0,,2,Semifurnished,Apartment,57000000.0,Gurgaon,M71201652
Sector 99A Gurgaon,28.4554059,76.9510278,1650.0,3,5.0,,6,Semifurnished,Apartment,16000000.0,Gurgaon,R71182872
Sector 28 Gurgaon,28.4794143,77.0833588,2680.0,4,4.0,,2,Semifurnished,Apartment,36500000.0,Gurgaon,I71176522
Nirvana Country,28.4150509,77.0642955,1650.0,3,3.0,,3,Semifurnished,Apartment,18500000.0,Gurgaon,F71163914
Sector 113 Gurgaon,28.5286649,77.0250282,1650.0,2,2.0,,5,Unfurnished,Independent House/Villa,29000000.0,Gurgaon,C71170252
Nirvana Country,28.4150509,77.0642955,1650.0,2,2.0,,3,Semifurnished,Apartment,15000000.0,Gurgaon,B71164034
Sector 57 Gurgaon,28.4232478,77.0804487,1650.0,4,4.0,,6,Semifurnished,Independent/Builder Floor,23500000.0,Gurgaon,I71146942
Nirvana Country,28.4150509,77.0642955,1650.0,3,4.0,,3,Unknown,Apartment,33500000.0,Gurgaon,E71142810
Sector 57 Gurgaon,28.4232478,77.0804487,1850.0,3,3.0,,6,Semifurnished,Independent/Builder Floor,21000000.0,Gurgaon,X71133052
Sector 74 Gurgaon,28.4110081,77.0101209,1650.0,3,3.0,,6,Semifurnished,Apartment,23500000.0,Gurgaon,U71131862
Sector 74 Gurgaon,28.4110081,77.0101209,1650.0,2,3.0,,6,Semifurnished,Apartment,16380000.0,Gurgaon,P71131816
Sector 74 Gurgaon,28.4110081,77.0101209,1650.0,2,3.0,,6,Semifurnished,Apartment,16100000.0,Gurgaon,H71131766
Sector 65 Gurgaon,28.4030162,77.0695893,1650.0,3,4.0,,5,Semifurnished,Apartment,26500000.0,Gurgaon,L71131674
Sector 65 Gurgaon,28.4030162,77.0695893,1650.0,3,3.0,,5,Semifurnished,Apartment,26300000.0,Gurgaon,W71131618
Sector 65 Gurgaon,28.4030162,77.0695893,1650.0,2,2.0,,5,Semifurnished,Apartment,18400000.0,Gurgaon,M71131576
Sector 65 Gurgaon,28.4030162,77.0695893,1650.0,2,2.0,,5,Semifurnished,Apartment,16300000.0,Gurgaon,N71131532
Sector 37D Gurgaon,28.4480039,76.9697682,1400.0,3,3.0,,1,Semifurnished,Apartment,11800000.0,Gurgaon,A62501724
Sector 102 Gurgaon,28.4754872,76.9711747,1650.0,3,3.0,,6,Unfurnished,Apartment,15900000.0,Gurgaon,K71084452
Sector 66 Gurgaon,28.3974292,77.0538823,1895.0,3,3.0,,6,Unfurnished,Apartment,22800000.0,Gurgaon,E71084072
Sector 45 Gurgaon,28.4449004,77.0663545,2500.0,4,4.0,,3,Semifurnished,Apartment,19000000.0,Gurgaon,V71066792
Sector 99A Gurgaon,28.4554059,76.9510278,1600.0,3,4.0,,1,Semifurnished,Apartment,15600000.0,Gurgaon,E71063718
Sector 93 Gurgaon,28.4156048,76.931638,1100.0,3,3.0,,5,Semifurnished,Independent/Builder Floor,16000000.0,Gurgaon,M71058282
Sector 15 Gurgaon,28.3986425,76.8880109,1400.0,3,2.0,,3,Semifurnished,Apartment,17500000.0,Gurgaon,L71046208
Dlf Phase 1,28.4765171,77.090194,1800.00000000018,3,3.0,,3,Semifurnished,Independent/Builder Floor,16000000.0,Gurgaon,Y71034056
Sector 62 Gurgaon,28.407697,77.0823781,3039.0,4,4.0,,5,Unfurnished,Apartment,48600000.0,Gurgaon,S71027156
Sector 65 Gurgaon,28.4030162,77.0695893,1650.0,4,6.0,,1,Unfurnished,Apartment,80160000.0,Gurgaon,A71020274
Sector 113 Gurgaon,28.5286649,77.0250282,1665.0,3,3.0,,5,Unknown,Apartment,19147500.0,Gurgaon,M71019514
Sector 108 Gurgaon,28.5128994,76.9823615,1911.0,4,4.0,,5,Unknown,Apartment,29620500.0,Gurgaon,B71019110
Sector 59 Gurgaon,28.4030162,77.1066682,2295.0,3,3.0,,5,Unfurnished,Apartment,40100000.0,Gurgaon,N71018744
Sector 106 Gurgaon,28.5060806,76.9967796,1855.0,3,3.0,,5,Unknown,Apartment,25042500.0,Gurgaon,Q71018214
Sector 65 Gurgaon,28.4030162,77.0695893,1650.0,3,3.0,,5,Unfurnished,Apartment,24180000.0,Gurgaon,J71017968
Sector 65 Gurgaon,28.4030162,77.0695893,1650.0,2,2.0,,5,Unfurnished,Apartment,18720000.0,Gurgaon,D71017310
Sector 37D Gurgaon,28.4480039,76.9697682,1650.0,2,2.0,,1,Unknown,Apartment,11985000.0,Gurgaon,R71016992
Sector 65 Gurgaon,28.4030162,77.0695893,6050.0,4,4.0,,5,Unfurnished,Apartment,130700000.0,Gurgaon,P71016984
Sector 85 Gurgaon,28.3985762,76.9547447,1650.0,3,4.0,,5,Semifurnished,Apartment,16000000.0,Gurgaon,X71015484
Sector 103 Gurgaon,28.493087,76.9866453,1200.0,2,3.0,,1,Semifurnished,Apartment,8000000.0,Gurgaon,A69145818
Sector 67A Gurgaon,28.4618719,77.05688,1650.0,3,3.0,,6,Semifurnished,Apartment,18950000.0,Gurgaon,D70995900
Sector 67A Gurgaon,28.4618719,77.05688,1650.0,3,3.0,,1,Semifurnished,Apartment,18800000.0,Gurgaon,K70994778
Sector 67A Gurgaon,28.4618719,77.05688,1650.0,2,2.0,,1,Semifurnished,Apartment,15450000.0,Gurgaon,L70993664
Sector 67A Gurgaon,28.4618719,77.05688,1650.0,2,2.0,,1,Semifurnished,Apartment,13550000.0,Gurgaon,V70992358
Sector 67A Gurgaon,28.4618719,77.05688,1650.0,2,2.0,,1,Semifurnished,Apartment,13250000.0,Gurgaon,G70992150
Sushant Lok Phase 2,28.464228,77.076724,1650.0,3,3.0,,6,Semifurnished,Independent/Builder Floor,16400000.0,Gurgaon,Z70952182
Sector 28 Gurgaon,28.4794143,77.0833588,1600.0,3,3.0,,2,Semifurnished,Apartment,20000000.0,Gurgaon,O70939350
Sector 104 Gurgaon,28.4795324,76.9937197,1650.0,2,3.0,,1,Unknown,Apartment,16800000.0,Gurgaon,P70897534
Sector 41 Gurgaon,28.4433686,77.0552345,2000.0,3,4.0,,3,Semifurnished,Apartment,30000000.0,Gurgaon,Y70866328
Sector 45 Gurgaon,28.4449004,77.0663545,2024.0,3,4.0,,3,Unknown,Apartment,14000000.0,Gurgaon,H70865958
Sector 39 Gurgaon,28.4433686,77.0552345,1600.0,4,3.0,,3,Semifurnished,Apartment,14600000.0,Gurgaon,W70865862
Sector 39 Gurgaon,28.4433686,77.0552345,2650.0,5,5.0,,3,Unknown,Apartment,22500000.0,Gurgaon,T70865782
Sector 47 Gurgaon,28.4268461,77.0584252,2700.0,3,4.0,,3,Semifurnished,Apartment,29000000.0,Gurgaon,Y70865730
Sector 45 Gurgaon,28.4449004,77.0663545,1500.0,3,3.0,,3,Unfurnished,Apartment,14500000.0,Gurgaon,I70865646
Sector 45 Gurgaon,28.4449004,77.0663545,2100.0,4,3.0,,3,Semifurnished,Apartment,18600000.0,Gurgaon,B70865550
Sector 51 Gurgaon,28.4287011,77.0666877,2360.0,3,4.0,,3,Semifurnished,Apartment,20000000.0,Gurgaon,P70865328
Sector 54 Gurgaon,28.433569,77.1055815,1650.0,3,3.0,,1,Semifurnished,Apartment,54999999.0,Gurgaon,S70856516
Sector 85 Gurgaon,28.3985762,76.9547447,1800.0,4,5.0,,6,Semifurnished,Apartment,18800000.0,Gurgaon,G70828194
Dlf Phase 5,28.503445,77.0952048,1650.0,4,4.0,,5,Semifurnished,Independent/Builder Floor,69999999.0,Gurgaon,B70827560
Sector 53 Gurgaon,28.4487856,77.0988212,3020.0,4,5.0,,1,Semifurnished,Apartment,68000000.0,Gurgaon,B70469462
Sector 28 Gurgaon,28.4794143,77.0833588,2560.0,3,4.0,,2,Semifurnished,Apartment,30500000.0,Gurgaon,L70464420
Sushant Lok Phase 1,28.4545693,77.0826249,1650.0,4,4.0,,5,Semifurnished,Apartment,64900000.0,Gurgaon,Z70463106
Sector 111 Gurgaon,28.5222773,77.0336203,2500.0,4,5.0,,1,Semifurnished,Apartment,35000000.0,Gurgaon,A70193390
Dlf Phase 2,28.483901,77.0846097,2000.0,4,4.0,,2,Semifurnished,Apartment,36000000.0,Gurgaon,R69609038
Sector 28 Gurgaon,28.4794143,77.0833588,1010.0,2,2.0,,2,Semifurnished,Apartment,13800000.0,Gurgaon,H69505094
Chakkarpur,28.4715202,77.0913233,3500.0,4,5.0,,2,Semifurnished,Apartment,54000000.0,Gurgaon,N68957922
Suncity,28.507814,77.0713577,2620.0,4,4.0,,2,Semifurnished,Apartment,33000000.0,Gurgaon,H68944584
Chakkarpur,28.4715202,77.0913233,2900.0,4,4.0,,2,Semifurnished,Apartment,37000000.0,Gurgaon,Y66595068
Sector 112 Gurgaon,28.5203402,77.0188612,1650.0,4,6.0,,1,Semifurnished,Apartment,57500000.0,Gurgaon,R71802312
Sector 102 Gurgaon,28.4754872,76.9711747,1320.0,3,3.0,,5,Semifurnished,Apartment,20700000.0,Gurgaon,V71801580
Sector 108 Gurgaon,28.5128994,76.9823615,1512.05,3,5.0,,5,Semifurnished,Apartment,41000001.0,Gurgaon,Y71800758
Malibu Town,28.4234344,77.0468649,1616.0,3,2.0,,3,Semifurnished,Apartment,15700000.0,Gurgaon,V71797212
Sector 112 Gurgaon,28.5203402,77.0188612,1650.0,3,3.0,,1,Semifurnished,Apartment,38500000.0,Gurgaon,A71685626
Sector 109 Gurgaon,28.5109205,77.0065956,1650.0,3,3.0,,1,Semifurnished,Apartment,17500000.0,Gurgaon,C71685542
Sector 109 Gurgaon,28.5109205,77.0065956,1650.0,3,4.0,,6,Semifurnished,Apartment,26500000.0,Gurgaon,O71685356
Sector 112 Gurgaon,28.5203402,77.0188612,1650.0,3,3.0,,6,Semifurnished,Apartment,38500001.0,Gurgaon,J71685164
Sector 102 Gurgaon,28.4754872,76.9711747,824.2,2,2.0,,6,Semifurnished,Apartment,15000000.0,Gurgaon,H71685098
Sector 108 Gurgaon,28.5128994,76.9823615,1280.17,3,4.0,,6,Semifurnished,Apartment,36900001.0,Gurgaon,B71684602
Sector 102 Gurgaon,28.4754872,76.9711747,1650.0,3,3.0,,6,Semifurnished,Independent/Builder Floor,21000000.0,Gurgaon,H71684550
Sector 108 Gurgaon,28.5128994,76.9823615,1343.0,3,3.0,,6,Semifurnished,Apartment,28900000.0,Gurgaon,Z71682356
Sector 104 Gurgaon,28.4795324,76.9937197,1082.2,3,3.0,,5,Semifurnished,Apartment,17500001.0,Gurgaon,O71682034
Sushant Lok Phase 1,28.4545693,77.0826249,2250.0,4,5.0,,1,Semifurnished,Independent/Builder Floor,35000000.0,Gurgaon,X67075810
Sushant Lok Phase 1,28.4545693,77.0826249,3000.0,4,5.0,,1,Semifurnished,Independent/Builder Floor,55000000.0,Gurgaon,Z67019582
Sector 67 Gurgaon,28.3864052,77.0598046,2500.0,4,5.0,,1,Semifurnished,Independent/Builder Floor,32000000.0,Gurgaon,W68499948
Sector 67 Gurgaon,28.3864052,77.0598046,2200.0,4,4.0,,1,Semifurnished,Independent/Builder Floor,17500000.0,Gurgaon,H68496160
Sector 67 Gurgaon,28.3864052,77.0598046,1400.0,3,3.0,,1,Semifurnished,Independent/Builder Floor,18500000.0,Gurgaon,H68730640
Mayfield Garden,28.4227493,77.0705636,1700.0,3,3.0,,1,Semifurnished,Independent/Builder Floor,22500000.0,Gurgaon,T70308804
Sector 57 Gurgaon,28.4232478,77.0804487,1400.0,3,3.0,,1,Semifurnished,Independent/Builder Floor,17500000.0,Gurgaon,M70441154
Sector 73 Gurgaon,28.4088081,77.0161691,1400.0,3,3.0,,1,Semifurnished,Independent/Builder Floor,25000000.0,Gurgaon,F70509122
Sector 7 Gurgaon,28.4671681,77.018953,1450.0,4,4.0,,6,Semifurnished,Independent/Builder Floor,15500000.0,Gurgaon,I70518126
Sector 83 Gurgaon,28.3963578,76.9654747,1550.0,3,3.0,,1,Semifurnished,Apartment,12000000.0,Gurgaon,Q71670530
Sector 61 Gurgaon,28.4110188,77.0963685,1650.0,4,4.0,,2,Semifurnished,Apartment,36500000.0,Gurgaon,R71658564
Sector 68 Gurgaon,28.388897,77.0459859,1650.0,3,4.0,,6,Semifurnished,Apartment,18500000.0,Gurgaon,R71658398
C Block Sushant Lok Phase 1,28.4545693,77.0826249,1500.0,3,3.0,,1,Semifurnished,Independent/Builder Floor,24000000.0,Gurgaon,O71655164
Sector 83 Gurgaon,28.3963578,76.9654747,1050.0,2,2.0,,1,Semifurnished,Apartment,9200000.0,Gurgaon,B71652952
Sector 108 Gurgaon,28.5128994,76.9823615,1650.0,3,3.0,,1,Semifurnished,Apartment,3200000.0,Gurgaon,Y71652412
Sector 109 Gurgaon,28.5109205,77.0065956,1650.0,3,4.0,,1,Semifurnished,Apartment,37500000.0,Gurgaon,Q71652116
Sector-33 Sohna,28.3241636,77.0848644,1650.0,4,4.0,,6,Semifurnished,Apartment,27000000.0,Gurgaon,G71642106
Dlf Phase 5,28.503445,77.0952048,1500.0,3,3.0,,3,Semifurnished,Independent/Builder Floor,30500000.0,Gurgaon,T71638734
Malibu Town,28.4234344,77.0468649,2100.0,4,5.0,,6,Semifurnished,Independent/Builder Floor,37500000.0,Gurgaon,K71627050
Malibu Town,28.4234344,77.0468649,2100.0,4,5.0,,6,Semifurnished,Independent/Builder Floor,42500000.0,Gurgaon,B71626124
Sector 85 Gurgaon,28.3985762,76.9547447,1650.0,3,4.0,,6,Semifurnished,Apartment,12550000.0,Gurgaon,Q71581162
Sector 85 Gurgaon,28.3985762,76.9547447,1650.0,3,4.0,,1,Unknown,Apartment,9000000.0,Gurgaon,R71580906
Sector 108 Gurgaon,28.5128994,76.9823615,1280.17,3,4.0,,6,Semifurnished,Apartment,36900000.0,Gurgaon,F71572138
Sector 102 Gurgaon,28.4754872,76.9711747,1027.68,3,3.0,,6,Semifurnished,Apartment,20700000.0,Gurgaon,Z71571958
Sector 102 Gurgaon,28.4754872,76.9711747,1200.0,3,4.0,,1,Semifurnished,Apartment,22900000.0,Gurgaon,A71571918
Sector 108 Gurgaon,28.5128994,76.9823615,1111.44,3,3.0,,6,Semifurnished,Apartment,29000001.0,Gurgaon,C71568412
Sector 108 Gurgaon,28.5128994,76.9823615,848.2,2,2.0,,6,Semifurnished,Apartment,24100000.0,Gurgaon,V71568338
Sector 108 Gurgaon,28.5128994,76.9823615,1581.0,4,4.0,,5,Semifurnished,Apartment,45400000.0,Gurgaon,F71568228
Sector 83 Gurgaon,28.3963578,76.9654747,1050.0,2,2.0,,1,Semifurnished,Independent/Builder Floor,8500000.0,Gurgaon,N71567356
Sector 106 Gurgaon,28.5060806,76.9967796,1650.0,2,2.0,,5,Semifurnished,Apartment,18500000.0,Gurgaon,W71563892
Dlf Phase 5,28.503445,77.0952048,1550.0,3,3.0,,3,Semifurnished,Apartment,24500000.0,Gurgaon,V71542002
Dlf Phase 5,28.503445,77.0952048,1500.0,3,3.0,,3,Semifurnished,Independent/Builder Floor,21500000.0,Gurgaon,H71510632
South City 2,28.4188806,77.0439211,2350.0,4,4.0,,1,Semifurnished,Independent/Builder Floor,34000000.0,Gurgaon,U71509872
Sector 102 Gurgaon,28.4754872,76.9711747,734.8,2,2.0,,5,Semifurnished,Apartment,13600000.0,Gurgaon,S71489244
Sector 83 Gurgaon,28.3963578,76.9654747,1650.0,3,3.0,,1,Semifurnished,Apartment,14150000.0,Gurgaon,L71485304
Sector 106 Gurgaon,28.5060806,76.9967796,1650.0,3,3.0,,5,Semifurnished,Apartment,37975000.0,Gurgaon,G71463690
Sector 37D Gurgaon,28.4480039,76.9697682,1650.0,2,2.0,,1,Semifurnished,Apartment,10600000.0,Gurgaon,Q71463568
Sector 108 Gurgaon,28.5128994,76.9823615,721.19,2,3.0,,1,Semifurnished,Apartment,10400000.0,Gurgaon,Y71462498
Sector 109 Gurgaon,28.5109205,77.0065956,1650.0,4,5.0,,1,Semifurnished,Apartment,36000000.0,Gurgaon,R71460358
Sector 113 Gurgaon,28.5286649,77.0250282,1650.0,3,3.0,,5,Semifurnished,Apartment,29000000.0,Gurgaon,P71460066
Sector 108 Gurgaon,28.5128994,76.9823615,1581.0,4,4.0,,5,Semifurnished,Apartment,47900000.0,Gurgaon,F71459842
Sector 108 Gurgaon,28.5128994,76.9823615,1111.44,3,3.0,,5,Semifurnished,Apartment,29000000.0,Gurgaon,I71457868
Sector 85 Gurgaon,28.3985762,76.9547447,1650.0,3,4.0,,6,Semifurnished,Apartment,12400000.0,Gurgaon,Q71366270
Sector 85 Gurgaon,28.3985762,76.9547447,1650.0,4,5.0,,6,Semifurnished,Apartment,15550000.0,Gurgaon,W71366146
Sector 85 Gurgaon,28.3985762,76.9547447,1650.0,3,3.0,,1,Semifurnished,Apartment,8900000.0,Gurgaon,J71365238
Sector 108 Gurgaon,28.5128994,76.9823615,1650.0,3,3.0,,1,Semifurnished,Apartment,22500000.0,Gurgaon,F71356202
Sector 108 Gurgaon,28.5128994,76.9823615,1140.98,3,4.0,,1,Semifurnished,Apartment,19000000.0,Gurgaon,I71355540
Sector 108 Gurgaon,28.5128994,76.9823615,1280.17,3,4.0,,6,Unfurnished,Apartment,37500000.0,Gurgaon,A71355510
Sector 112 Gurgaon,28.5203402,77.0188612,1650.0,3,3.0,,1,Semifurnished,Apartment,38500000.0,Gurgaon,D71355288
Malibu Town,28.4234344,77.0468649,2100.0,4,4.0,,6,Semifurnished,Independent/Builder Floor,29500000.0,Gurgaon,S70355282
Sector 102 Gurgaon,28.4754872,76.9711747,1650.0,3,4.0,,1,Semifurnished,Apartment,19500000.0,Gurgaon,J71352052
Sector 85 Gurgaon,28.3985762,76.9547447,1650.0,3,3.0,,1,Semifurnished,Apartment,8800000.0,Gurgaon,K71350310
Sector 85 Gurgaon,28.3985762,76.9547447,1650.0,4,4.0,,1,Semifurnished,Apartment,9800000.0,Gurgaon,N71350004
Sector 85 Gurgaon,28.3985762,76.9547447,1650.0,3,3.0,,1,Semifurnished,Apartment,8050000.0,Gurgaon,A71347162
Sector 85 Gurgaon,28.3985762,76.9547447,1650.0,3,3.0,,1,Semifurnished,Apartment,8100000.0,Gurgaon,V71346832
Sector 108 Gurgaon,28.5128994,76.9823615,1111.44,3,3.0,,5,Semifurnished,Apartment,28900000.0,Gurgaon,Q71333544
Sector 85 Gurgaon,28.3985762,76.9547447,1650.0,4,4.0,,1,Semifurnished,Apartment,9700000.0,Gurgaon,I71295384
Sector 85 Gurgaon,28.3985762,76.9547447,1650.0,3,3.0,,1,Semifurnished,Apartment,8200000.0,Gurgaon,L71295118
Sector 85 Gurgaon,28.3985762,76.9547447,1650.0,3,3.0,,1,Semifurnished,Apartment,8250000.0,Gurgaon,R71294812
Sector 85 Gurgaon,28.3985762,76.9547447,1650.0,3,3.0,,1,Semifurnished,Apartment,9000000.0,Gurgaon,M71294594
Sushant Lok Phase 1,28.4545693,77.0826249,2200.0,4,4.0,,1,Semifurnished,Independent/Builder Floor,38500000.0,Gurgaon,H67852980
Sector 102 Gurgaon,28.4754872,76.9711747,1650.0,2,2.0,,5,Semifurnished,Apartment,13550000.0,Gurgaon,K71242420
Sector 102 Gurgaon,28.4754872,76.9711747,1128.09,3,3.0,,5,Semifurnished,Apartment,21500000.0,Gurgaon,X71242350
Sector 106 Gurgaon,28.5060806,76.9967796,1650.0,3,3.0,,5,Semifurnished,Apartment,25000000.0,Gurgaon,I71242186
Sector 102 Gurgaon,28.4754872,76.9711747,1650.0,3,4.0,,6,Semifurnished,Apartment,22000000.0,Gurgaon,F71240056
Sector 65 Gurgaon,28.4030162,77.0695893,1380.0,3,3.0,,6,Semifurnished,Independent/Builder Floor,21500000.0,Gurgaon,S71237584
Malibu Town,28.4234344,77.0468649,3200.0,4,4.0,,6,Semifurnished,Independent/Builder Floor,32500000.0,Gurgaon,K71234834
Sector 57 Gurgaon,28.4232478,77.0804487,1900.0,4,4.0,,6,Semifurnished,Independent/Builder Floor,19500000.0,Gurgaon,U71234644
Malibu Town,28.4234344,77.0468649,1700.0,3,3.0,,6,Semifurnished,Independent/Builder Floor,25000000.0,Gurgaon,D71234362
Sector 67 Gurgaon,28.3864052,77.0598046,1900.0,4,4.0,,6,Semifurnished,Independent/Builder Floor,18500000.0,Gurgaon,L71233284
Sector 48 Gurgaon,28.4104903,77.0394627,3200.0,4,4.0,,6,Semifurnished,Independent/Builder Floor,38500000.0,Gurgaon,B71232546
Sector 48 Gurgaon,28.4104903,77.0394627,2800.0,4,4.0,,6,Semifurnished,Independent/Builder Floor,26000000.0,Gurgaon,U71232178
Sector 57 Gurgaon,28.4232478,77.0804487,2400.0,4,4.0,,6,Semifurnished,Independent/Builder Floor,22000000.0,Gurgaon,R71230102
Sector 42 Gurgaon,28.4487856,77.0988212,6400.0,4,4.0,,2,Semifurnished,Apartment,280000000.0,Gurgaon,K70025350
Sector 56 Gurgaon,28.4252244,77.0992377,2400.0,4,4.0,,6,Semifurnished,Independent/Builder Floor,25500000.0,Gurgaon,C71221942
Sector 63A Gurgaon,28.4618719,77.05688,1800.0,4,4.0,,5,Semifurnished,Independent/Builder Floor,23000000.0,Gurgaon,U71213028
Sector 106 Gurgaon,28.5060806,76.9967796,1250.0,3,3.0,,5,Semifurnished,Apartment,25900000.0,Gurgaon,C71181458
Sector 102 Gurgaon,28.4754872,76.9711747,1650.0,3,3.0,,1,Semifurnished,Apartment,18600000.0,Gurgaon,B71175704
Sector 104 Gurgaon,28.4795324,76.9937197,861.97,3,2.0,,5,Semifurnished,Apartment,14700000.0,Gurgaon,C71170736
Sector 22 Gurgaon,28.4947315,77.0691703,2150.0,4,4.0,,6,Semifurnished,Independent/Builder Floor,24000000.0,Gurgaon,W71145132
Sector 107 Gurgaon,28.506941,76.9752137,1056.0,2,2.0,,1,Semifurnished,Apartment,12000000.0,Gurgaon,R71142176
Sector 106 Gurgaon,28.5060806,76.9967796,1130.0,3,4.0,,1,Semifurnished,Apartment,15000000.0,Gurgaon,D71142036
Sector 106 Gurgaon,28.5060806,76.9967796,845.0,2,2.0,,1,Semifurnished,Apartment,10500000.0,Gurgaon,D71141956
Sector 103 Gurgaon,28.493087,76.9866453,1650.0,3,3.0,,1,Semifurnished,Apartment,17200000.0,Gurgaon,S71141734
Sector 106 Gurgaon,28.5060806,76.9967796,845.0,2,2.0,,6,Semifurnished,Apartment,11000000.0,Gurgaon,E71137506
Sector 104 Gurgaon,28.4795324,76.9937197,861.97,3,2.0,,5,Semifurnished,Apartment,14700000.0,Gurgaon,A71127972
Sector 104 Gurgaon,28.4795324,76.9937197,683.83,2,2.0,,5,Semifurnished,Apartment,11500000.0,Gurgaon,Z71127828
Sector 113 Gurgaon,28.5286649,77.0250282,1650.0,3,4.0,,5,Semifurnished,Apartment,33900000.0,Gurgaon,Z71125274
Sector 113 Gurgaon,28.5286649,77.0250282,1650.0,3,2.0,,6,Semifurnished,Apartment,19800000.0,Gurgaon,M71125142
Sector 113 Gurgaon,28.5286649,77.0250282,1650.0,3,3.0,,6,Semifurnished,Apartment,26300000.0,Gurgaon,I71124990
Sector 106 Gurgaon,28.5060806,76.9967796,1650.0,3,3.0,,5,Semifurnished,Apartment,24900000.0,Gurgaon,K71124900
Sector 102 Gurgaon,28.4754872,76.9711747,1650.0,3,3.0,,6,Semifurnished,Apartment,21400000.0,Gurgaon,O71124620
Sector 102 Gurgaon,28.4754872,76.9711747,1650.0,2,2.0,,5,Semifurnished,Apartment,13600000.0,Gurgaon,M71124450
Sector 83 Gurgaon,28.3963578,76.9654747,1600.0,3,3.0,,1,Semifurnished,Apartment,11500000.0,Gurgaon,U70983878
Sector 67 Gurgaon,28.3864052,77.0598046,2400.0,4,4.0,,6,Semifurnished,Independent/Builder Floor,22500000.0,Gurgaon,Q71100666
Malibu Town,28.4234344,77.0468649,3200.0,4,4.0,,6,Semifurnished,Independent/Builder Floor,37500000.0,Gurgaon,V71099028
Sector 50 Gurgaon,28.4268461,77.0584252,1800.0,3,3.0,,6,Semifurnished,Independent/Builder Floor,24000000.0,Gurgaon,X71094620
Sector 85 Gurgaon,28.3985762,76.9547447,1650.0,3,3.0,,1,Semifurnished,Apartment,8100000.0,Gurgaon,Z71063664
Sector 85 Gurgaon,28.3985762,76.9547447,1650.0,4,5.0,,6,Semifurnished,Apartment,15200000.0,Gurgaon,U71062890
Sector 85 Gurgaon,28.3985762,76.9547447,1650.0,4,5.0,,6,Semifurnished,Apartment,15500000.0,Gurgaon,E71062692
Sector 85 Gurgaon,28.3985762,76.9547447,1650.0,4,5.0,,6,Semifurnished,Apartment,15000000.0,Gurgaon,J71062596
Sector 85 Gurgaon,28.3985762,76.9547447,1650.0,3,4.0,,6,Semifurnished,Apartment,12350000.0,Gurgaon,X71062158
Sector 85 Gurgaon,28.3985762,76.9547447,1650.0,3,4.0,,6,Semifurnished,Apartment,12700000.0,Gurgaon,R71059790
Sector 104 Gurgaon,28.4795324,76.9937197,1650.0,3,2.0,,5,Semifurnished,Apartment,15000000.0,Gurgaon,F71001402
Sector 108 Gurgaon,28.5128994,76.9823615,1650.0,3,3.0,,1,Semifurnished,Apartment,14700000.0,Gurgaon,E71001262
Sector 108 Gurgaon,28.5128994,76.9823615,1650.0,2,3.0,,1,Semifurnished,Apartment,10600000.0,Gurgaon,F71001218
Sector 104 Gurgaon,28.4795324,76.9937197,1650.0,2,2.0,,1,Semifurnished,Apartment,16200001.0,Gurgaon,O71000738
Sector 102 Gurgaon,28.4754872,76.9711747,1650.0,3,3.0,,1,Semifurnished,Apartment,16100000.0,Gurgaon,P71000634
Sector 102 Gurgaon,28.4754872,76.9711747,1650.0,4,4.0,,1,Semifurnished,Apartment,46000000.0,Gurgaon,L71000514
Sector 102 Gurgaon,28.4754872,76.9711747,1650.0,3,3.0,,1,Semifurnished,Apartment,18600000.0,Gurgaon,U71000446
Sector 108 Gurgaon,28.5128994,76.9823615,974.68,3,3.0,,2,Semifurnished,Apartment,14000000.0,Gurgaon,O70999254
Sector 106 Gurgaon,28.5060806,76.9967796,1400.0,2,2.0,,5,Semifurnished,Apartment,16800000.0,Gurgaon,W70995726
Sector 103 Gurgaon,28.493087,76.9866453,1650.0,2,2.0,,1,Semifurnished,Apartment,12000000.0,Gurgaon,O70994204
South City 1,28.4188433,77.0440293,1620.00000000016,3,4.0,,6,Semifurnished,Independent/Builder Floor,21500000.0,Gurgaon,V70993062
South City 1,28.4188433,77.0440293,1620.00000000016,3,4.0,,6,Semifurnished,Independent/Builder Floor,20000000.0,Gurgaon,Y70985890
Sector 48 Gurgaon,28.4104903,77.0394627,1650.0,4,4.0,,2,Semifurnished,Apartment,27000000.0,Gurgaon,Q70971914
Dlf Phase 5,28.503445,77.0952048,1601.0,4,4.0,,3,Semifurnished,Apartment,24900000.0,Gurgaon,C70889246
Sector 43 Gurgaon,28.4487856,77.0988212,2100.0,4,4.0,,2,Unfurnished,Apartment,32500000.0,Gurgaon,M70880526
Sector 43 Gurgaon,28.4487856,77.0988212,2500.0,4,4.0,,1,Semifurnished,Apartment,31000000.0,Gurgaon,S70880420
Sector 85 Gurgaon,28.3985762,76.9547447,1650.0,3,3.0,,1,Semifurnished,Apartment,8500000.0,Gurgaon,V70876648
Sector 85 Gurgaon,28.3985762,76.9547447,1650.0,3,3.0,,1,Semifurnished,Apartment,8000000.0,Gurgaon,V70876286
Sector 85 Gurgaon,28.3985762,76.9547447,1650.0,3,4.0,,6,Semifurnished,Apartment,12500000.0,Gurgaon,M70875816
Sector 85 Gurgaon,28.3985762,76.9547447,1650.0,3,4.0,,6,Semifurnished,Apartment,12200000.0,Gurgaon,N70875472
Sector 106 Gurgaon,28.5060806,76.9967796,1650.0,2,2.0,,5,Semifurnished,Apartment,16750000.0,Gurgaon,T70875162
Sector 106 Gurgaon,28.5060806,76.9967796,1650.0,3,3.0,,5,Semifurnished,Apartment,27000000.0,Gurgaon,W70875036
Sector 102 Gurgaon,28.4754872,76.9711747,1650.0,2,2.0,,6,Semifurnished,Apartment,13850000.0,Gurgaon,U70874950
Sector 113 Gurgaon,28.5286649,77.0250282,1650.0,3,3.0,,5,Semifurnished,Apartment,33800000.0,Gurgaon,D70874614
Sector 85 Gurgaon,28.3985762,76.9547447,1650.0,4,5.0,,6,Semifurnished,Apartment,14700000.0,Gurgaon,G70874432
Sector 85 Gurgaon,28.3985762,76.9547447,1650.0,3,4.0,,6,Semifurnished,Apartment,12100000.0,Gurgaon,W70873806
Sector 104 Gurgaon,28.4795324,76.9937197,1650.0,2,3.0,,1,Unknown,Apartment,17700000.0,Gurgaon,P70857238
Sector 102 Gurgaon,28.4754872,76.9711747,1650.0,3,3.0,,1,Semifurnished,Apartment,15600000.0,Gurgaon,E70857108
Sushant Lok Phase 2,28.464228,77.076724,4200.0,4,4.0,,6,Semifurnished,Independent/Builder Floor,43000000.0,Gurgaon,V70800098
Sector 102 Gurgaon,28.4754872,76.9711747,1650.0,4,5.0,,1,Semifurnished,Apartment,38000000.0,Gurgaon,P70738894
Sector 103 Gurgaon,28.493087,76.9866453,1650.0,4,6.0,,1,Semifurnished,Apartment,24500000.0,Gurgaon,Q70476578
Sector 102 Gurgaon,28.4754872,76.9711747,1650.0,3,3.0,,6,Semifurnished,Apartment,18500000.0,Gurgaon,Z70346118
Sector 102 Gurgaon,28.4754872,76.9711747,1650.0,3,3.0,,1,Unfurnished,Apartment,15500000.0,Gurgaon,S70219516
Sector 108 Gurgaon,28.5128994,76.9823615,1650.0,2,2.0,,1,Semifurnished,Apartment,6900000.0,Gurgaon,Y67111934
Sector 103 Gurgaon,28.493087,76.9866453,1650.0,4,5.0,,5,Semifurnished,Apartment,17000000.0,Gurgaon,T67157292
Sector 103 Gurgaon,28.493087,76.9866453,887.0,3,3.0,,5,Semifurnished,Apartment,11000000.0,Gurgaon,P67157094
Dlf Phase 5,28.503445,77.0952048,2050.0,4,4.0,,2,Semifurnished,Apartment,46000000.0,Gurgaon,B71799962
Sector 46 Gurgaon,28.4268461,77.0584252,2367.00000000023,3,4.0,,1,Semifurnished,Independent/Builder Floor,19000000.0,Gurgaon,C68925788
Sector 70 Gurgaon,28.3947261,77.0223138,1650.0,3,3.0,,6,Semifurnished,Apartment,13500000.0,Gurgaon,G71773924
Sector 70 Gurgaon,28.3947261,77.0223138,1650.0,3,3.0,,6,Semifurnished,Apartment,14950000.0,Gurgaon,Z71749276
Sector 83 Gurgaon,28.3963578,76.9654747,1244.0,3,4.0,,1,Semifurnished,Apartment,20000000.0,Gurgaon,M71746952
Sector 70 Gurgaon,28.3947261,77.0223138,1650.0,3,4.0,,6,Semifurnished,Apartment,15500000.0,Gurgaon,Z71746602
Sector 82 Gurgaon,28.3932827,76.9545277,1000.0,2,2.0,,2,Semifurnished,Independent/Builder Floor,6500000.0,Gurgaon,V71729514
Sector 62 Gurgaon,28.407697,77.0823781,1420.0,3,3.0,,1,Semifurnished,Apartment,29000000.0,Gurgaon,W71684468
Sector 85 Gurgaon,28.3985762,76.9547447,2400.0,4,4.0,,6,Semifurnished,Apartment,25000000.0,Gurgaon,U71675862
Sector 74 Gurgaon,28.4110081,77.0101209,1614.4,3,3.0,,1,Semifurnished,Apartment,30000000.0,Gurgaon,X71645550
Sector 79 Gurgaon,28.4618719,77.05688,1650.0,2,3.0,,5,Semifurnished,Apartment,17000000.0,Gurgaon,S71641208
Sector 76 Gurgaon,28.3910112,76.9900243,635.0,2,2.0,,6,Semifurnished,Apartment,5600000.0,Gurgaon,K71640340
Sector 83 Gurgaon,28.3963578,76.9654747,900.0,2,2.0,,1,Semifurnished,Apartment,8500000.0,Gurgaon,X71626902
Sector 83 Gurgaon,28.3963578,76.9654747,1500.0,3,3.0,,1,Semifurnished,Apartment,14500000.0,Gurgaon,C71626860
Sector 99 Gurgaon,28.4645549,76.9628585,1650.0,3,3.0,,6,Semifurnished,Apartment,19200000.0,Gurgaon,Z71621848
Sector 99 Gurgaon,28.4645549,76.9628585,1650.0,4,4.0,,6,Semifurnished,Apartment,22680000.0,Gurgaon,J71621682
Sector 104 Gurgaon,28.4795324,76.9937197,634.82,2,2.0,,5,Unfurnished,Apartment,3200000.0,Gurgaon,V71600138
Sector 83 Gurgaon,28.3963578,76.9654747,1000.0,2,2.0,,1,Semifurnished,Apartment,9500000.0,Gurgaon,I71598158
Sector 81 Gurgaon,28.3873647,76.9475835,2090.0,3,4.0,,1,Semifurnished,Apartment,27500000.0,Gurgaon,I71598108
Sector 83 Gurgaon,28.3963578,76.9654747,1240.0,3,3.0,,1,Semifurnished,Apartment,16500000.0,Gurgaon,V71597954
Malibu Town,28.4234344,77.0468649,1550.0,3,3.0,,3,Semifurnished,Independent/Builder Floor,15800000.0,Gurgaon,T71561812
Sector 47 Gurgaon,28.4268461,77.0584252,1650.0,2,2.0,,2,Unknown,Apartment,9300000.0,Gurgaon,N71554146
Sector 49 Gurgaon,28.4127374,77.0555164,2592.0,4,4.0,,6,Semifurnished,Independent/Builder Floor,32500000.0,Gurgaon,J71514676
Sector 49 Gurgaon,28.4127374,77.0555164,2592.0,4,4.0,,6,Semifurnished,Independent/Builder Floor,30500000.0,Gurgaon,Y71514434
Sushant Lok Phase 2,28.464228,77.076724,2160.0,4,4.0,,6,Unknown,Independent/Builder Floor,29000000.0,Gurgaon,T71513728
Sushant Lok Phase 2,28.464228,77.076724,3240.0,4,4.0,,6,Semifurnished,Independent/Builder Floor,39000000.0,Gurgaon,C71503624
Nirvana Country,28.4150509,77.0642955,2400.0,3,3.0,,2,Semifurnished,Apartment,35000000.0,Gurgaon,J71503496
Sector 56 Gurgaon,28.4252244,77.0992377,2592.0,4,4.0,,6,Semifurnished,Independent/Builder Floor,34500000.0,Gurgaon,S71502732
Sector 65 Gurgaon,28.4030162,77.0695893,3200.0,4,4.0,,6,Semifurnished,Independent/Builder Floor,40500000.0,Gurgaon,G71472958
Sector 89 Gurgaon,28.4184455,76.9457567,645.0,3,2.0,,5,Semifurnished,Apartment,4300000.0,Gurgaon,U71470538
Sector 79 Gurgaon,28.4618719,77.05688,1650.0,2,2.0,,5,Semifurnished,Apartment,17500000.0,Gurgaon,D71470474
Sector 79 Gurgaon,28.4618719,77.05688,1650.0,3,4.0,,6,Semifurnished,Apartment,18200000.0,Gurgaon,L71445250
Sector-33 Sohna,28.3241636,77.0848644,915.0,3,3.0,,6,Semifurnished,Apartment,15500000.0,Gurgaon,E71443570
Malibu Town,28.4234344,77.0468649,3200.0,3,3.0,,6,Semifurnished,Independent/Builder Floor,27000000.0,Gurgaon,Q71442568
Sector 72 Gurgaon,28.3943815,77.032363,3000.0,4,5.0,,6,Semifurnished,Apartment,57500000.0,Gurgaon,Z57351024
Sector 62 Gurgaon,28.407697,77.0823781,1200.0,2,2.0,,6,Semifurnished,Apartment,23500000.0,Gurgaon,A68995970
Sector 62 Gurgaon,28.407697,77.0823781,2200.0,3,3.0,,6,Semifurnished,Apartment,40000000.0,Gurgaon,V68943900
Sector 59 Gurgaon,28.4030162,77.1066682,2500.0,3,3.0,,1,Unfurnished,Apartment,55000000.0,Gurgaon,Y69000516
Dlf Phase 5,28.503445,77.0952048,1650.0,3,3.0,,2,Semifurnished,Apartment,22700000.0,Gurgaon,K71431898
Sector 62 Gurgaon,28.407697,77.0823781,1650.0,2,2.0,,6,Semifurnished,Apartment,23500000.0,Gurgaon,S71417898
Sector 62 Gurgaon,28.407697,77.0823781,1650.0,3,3.0,,6,Semifurnished,Apartment,41700000.0,Gurgaon,L71417796
South City 1,28.4188433,77.0440293,4158.00000000041,4,5.0,,6,Semifurnished,Independent/Builder Floor,49000000.0,Gurgaon,O71398934
Sector 63A Gurgaon,28.4618719,77.05688,2844.00000000028,3,3.0,,5,Semifurnished,Apartment,36200000.0,Gurgaon,V71354192
Sector 36A Gurgaon,28.4202285,76.9719998,1650.0,3,3.0,,5,Semifurnished,Apartment,33000000.0,Gurgaon,O71353338
Sector 42 Gurgaon,28.4487856,77.0988212,3490.0,3,4.0,,2,Semifurnished,Apartment,67000000.0,Gurgaon,S71353166
Sector 36A Gurgaon,28.4202285,76.9719998,1650.0,3,3.0,,5,Semifurnished,Apartment,26000000.0,Gurgaon,N71351308
Sector 36A Gurgaon,28.4202285,76.9719998,1650.0,2,2.0,,5,Semifurnished,Apartment,19800000.0,Gurgaon,U71351126
Sector 65 Gurgaon,28.4030162,77.0695893,2800.0,4,4.0,,6,Semifurnished,Independent/Builder Floor,45000000.0,Gurgaon,C71345498
Sector 49 Gurgaon,28.4127374,77.0555164,1750.0,4,3.0,,1,Semifurnished,Apartment,21000000.0,Gurgaon,Z71335272
Sohna,28.3241636,77.0848644,790.0,2,2.0,,1,Semifurnished,Apartment,8800000.0,Gurgaon,V71283716
Sohna,28.3241636,77.0848644,697.83,2,2.0,,6,Semifurnished,Apartment,7800000.0,Gurgaon,B71270002
Sector 72 Gurgaon,28.3943815,77.032363,1025.0,3,3.0,,1,Semifurnished,Apartment,17500000.0,Gurgaon,X71245526
Sector 3 Gurgaon,28.4944483,77.0985008,1650.0,2,2.0,,5,Semifurnished,Apartment,13500001.0,Gurgaon,X71237582
Sector 37D Gurgaon,28.4480039,76.9697682,1650.0,3,4.0,,5,Semifurnished,Independent/Builder Floor,16900000.0,Gurgaon,R69467742
Sector 37D Gurgaon,28.4480039,76.9697682,1650.0,3,3.0,,6,Semifurnished,Apartment,18200000.0,Gurgaon,H69510024
Sector 37D Gurgaon,28.4480039,76.9697682,1650.0,3,3.0,,6,Semifurnished,Apartment,16000000.0,Gurgaon,D69533892
Sector 37D Gurgaon,28.4480039,76.9697682,2000.0,4,5.0,,2,Semifurnished,Apartment,16500000.0,Gurgaon,S71052636
Sector 49 Gurgaon,28.4127374,77.0555164,2550.0,4,4.0,,6,Semifurnished,Independent/Builder Floor,29900000.0,Gurgaon,P71147236
Sector 3 Gurgaon,28.4944483,77.0985008,1650.0,2,2.0,,5,Semifurnished,Apartment,12500000.0,Gurgaon,B71146650
Sector 72 Gurgaon,28.3943815,77.032363,1750.0,3,4.0,,1,Semifurnished,Apartment,24000000.0,Gurgaon,G71137766
Sector 89 Gurgaon,28.4184455,76.9457567,645.0,2,2.0,,5,Semifurnished,Apartment,3900000.0,Gurgaon,O71126146
Dlf Phase 2,28.483901,77.0846097,4500.0,4,4.0,,1,Semifurnished,Independent/Builder Floor,55000000.0,Gurgaon,S71125952
Dlf Phase 2,28.483901,77.0846097,3618.0,4,4.0,,1,Semifurnished,Independent/Builder Floor,53000000.0,Gurgaon,G71125880
Sector 108 Gurgaon,28.5128994,76.9823615,1581.0,4,4.0,,5,Unfurnished,Apartment,40000000.0,Gurgaon,D71120334
Sector 33 Gurgaon,28.4384785,77.0251655,2075.0,3,3.0,,5,Unfurnished,Apartment,25937500.0,Gurgaon,E71066428
Nirvana Country,28.4150509,77.0642955,2700.0,4,4.0,,2,Semifurnished,Apartment,41000000.0,Gurgaon,F71053514
Sector 65 Gurgaon,28.4030162,77.0695893,1420.0,2,2.0,,5,Semifurnished,Apartment,19345500.0,Gurgaon,Q71052160
Sohna,28.3241636,77.0848644,697.83,2,2.0,,6,Semifurnished,Apartment,7550000.0,Gurgaon,N70996636
Sector 61 Gurgaon,28.4110188,77.0963685,2000.0,4,4.0,,2,Semifurnished,Apartment,35000000.0,Gurgaon,N70991824
Sector 58 Gurgaon,28.4160012,77.1085564,1600.0,3,4.0,,2,Semifurnished,Apartment,38000000.0,Gurgaon,Y70991466
Dlf Phase 5,28.503445,77.0952048,1650.0,3,3.0,,2,Semifurnished,Apartment,19000000.0,Gurgaon,P70960348
Sohna,28.3241636,77.0848644,834.96,2,2.0,,6,Semifurnished,Apartment,9900000.0,Gurgaon,K70900652
Sohna,28.3241636,77.0848644,994.16,3,3.0,,6,Semifurnished,Apartment,11500000.0,Gurgaon,S70900400
Mayfield Garden,28.4227493,77.0705636,1650.0,4,4.0,,2,Semifurnished,Independent/Builder Floor,15500000.0,Gurgaon,N70858938
Sector 66 Gurgaon,28.3974292,77.0538823,2200.0,4,5.0,,2,Semifurnished,Apartment,34000000.0,Gurgaon,O70853274
Mayfield Garden,28.4227493,77.0705636,1650.0,4,4.0,,1,Semifurnished,Independent/Builder Floor,26000000.0,Gurgaon,F70839310
Sector-33 Sohna,28.3241636,77.0848644,1650.0,2,2.0,,6,Semifurnished,Independent/Builder Floor,11000000.0,Gurgaon,X69534428
Sector 63 Gurgaon,28.3964476,77.086498,1650.0,3,3.0,,6,Semifurnished,Independent/Builder Floor,37500000.0,Gurgaon,B67186680
Sector 102 Gurgaon,28.4754872,76.9711747,915.0,2,2.0,,6,Semifurnished,Apartment,11000000.0,Gurgaon,A70818070
Sector 102 Gurgaon,28.4754872,76.9711747,1368.0,2,2.0,,6,Semifurnished,Apartment,15000000.0,Gurgaon,W70811482
Sector 51 Gurgaon,28.4287011,77.0666877,4518.00000000045,4,5.0,,6,Semifurnished,Independent/Builder Floor,41000000.0,Gurgaon,D70801820
Sector 63 Gurgaon,28.3964476,77.086498,1519.0,4,4.0,,5,Semifurnished,Apartment,40000000.0,Gurgaon,C70798208
Sector 63 Gurgaon,28.3964476,77.086498,1476.0,4,4.0,,5,Semifurnished,Apartment,38100000.0,Gurgaon,K70797950
Sector 63 Gurgaon,28.3964476,77.086498,1361.0,4,4.0,,5,Semifurnished,Apartment,36000000.0,Gurgaon,E70797272
Sector 72 Gurgaon,28.3943815,77.032363,1650.0,4,5.0,,2,Semifurnished,Apartment,40000000.0,Gurgaon,J70784224
Sector 50 Gurgaon,28.4268461,77.0584252,1650.0,4,4.0,,6,Semifurnished,Independent/Builder Floor,29400000.0,Gurgaon,V70709836
Sector 37D Gurgaon,28.4480039,76.9697682,1650.0,4,4.0,,6,Semifurnished,Apartment,21910000.0,Gurgaon,E70632192
Malibu Town,28.4234344,77.0468649,4545.0,4,4.0,,6,Semifurnished,Independent/Builder Floor,45000000.0,Gurgaon,K69947586
Dlf Phase 4,28.4919048,77.0937804,1550.0,3,3.0,,3,Semifurnished,Apartment,26000000.0,Gurgaon,W66458368
Malibu Town,28.4234344,77.0468649,1910.0,3,3.0,,1,Semifurnished,Independent/Builder Floor,24000000.0,Gurgaon,H69680832
Sector 62 Gurgaon,28.407697,77.0823781,1650.0,3,3.0,,6,Semifurnished,Apartment,42500000.0,Gurgaon,E69532770
Dlf Phase 1,28.4765171,77.090194,1800.0,4,5.0,,6,Semifurnished,Independent/Builder Floor,40000000.0,Gurgaon,U69531916
Dlf Phase 1,28.4765171,77.090194,2800.0,4,5.0,,6,Semifurnished,Independent/Builder Floor,65000000.0,Gurgaon,Z69531622
Sector 23 Gurgaon,28.510319,77.0530094,3078.0,4,4.0,,6,Semifurnished,Independent/Builder Floor,23900000.0,Gurgaon,C67677218
Sector 31 Gurgaon,28.4540044,77.0497179,1650.0,3,2.0,,1,Semifurnished,Apartment,14700000.0,Gurgaon,Q71710420
Sector 47 Gurgaon,28.4268461,77.0584252,1650.0,3,5.0,,1,Unknown,Apartment,43500000.0,Gurgaon,W70550914
Sector 47 Gurgaon,28.4268461,77.0584252,1650.0,4,6.0,,1,Semifurnished,Apartment,66500000.0,Gurgaon,W70551088
Sector 30 Gurgaon,28.4618719,77.05688,1650.0,3,6.0,,2,Semifurnished,Apartment,36000000.0,Gurgaon,E70552574
Sector 31 Gurgaon,28.4540044,77.0497179,1650.0,4,6.0,,2,Semifurnished,Apartment,52500000.0,Gurgaon,P70551788
Sector 31 Gurgaon,28.4540044,77.0497179,1650.0,3,5.0,,2,Semifurnished,Apartment,36000000.0,Gurgaon,M70551580
Sector 41 Gurgaon,28.4433686,77.0552345,1650.0,3,3.0,,2,Semifurnished,Apartment,25500000.0,Gurgaon,Q70552332
Sector 67 Gurgaon,28.3864052,77.0598046,520.0,2,2.0,,1,Semifurnished,Apartment,5800000.0,Gurgaon,W71404158
Sector 67 Gurgaon,28.3864052,77.0598046,520.0,2,2.0,,1,Semifurnished,Apartment,5500000.0,Gurgaon,D71159402
Sector 67 Gurgaon,28.3864052,77.0598046,1000.0,3,3.0,,1,Semifurnished,Independent/Builder Floor,7000000.0,Gurgaon,Z71131458
Sector 47 Gurgaon,28.4268461,77.0584252,1650.0,6,7.0,,1,Semifurnished,Apartment,85000000.0,Gurgaon,A71138416
Sector 47 Gurgaon,28.4268461,77.0584252,1650.0,3,5.0,,1,Semifurnished,Apartment,43300000.0,Gurgaon,E71138360
Sector 31 Gurgaon,28.4540044,77.0497179,1650.0,4,5.0,,2,Semifurnished,Apartment,53500000.0,Gurgaon,S71138048
Malibu Town,28.4234344,77.0468649,2000.0,4,4.0,,6,Semifurnished,Independent/Builder Floor,26000000.0,Gurgaon,M71790012
Sector 84 Gurgaon,28.4035469,76.9677894,1650.0,2,2.0,,1,Semifurnished,Apartment,10000000.0,Gurgaon,B71789452
Sector 84 Gurgaon,28.4035469,76.9677894,1650.0,3,3.0,,1,Semifurnished,Apartment,13000000.0,Gurgaon,B71789398
Sector 84 Gurgaon,28.4035469,76.9677894,550.0,2,2.0,,1,Semifurnished,Apartment,4000000.0,Gurgaon,C70312772
Sector 66 Gurgaon,28.3974292,77.0538823,1650.0,4,5.0,,6,Unfurnished,Apartment,69000000.0,Gurgaon,W66232514
Sector 65 Gurgaon,28.4030162,77.0695893,1395.0,3,3.0,,1,Semifurnished,Apartment,23000000.0,Gurgaon,Y71754432
Sector 48 Gurgaon,28.4104903,77.0394627,1650.0,3,3.0,,2,Semifurnished,Apartment,25500000.0,Gurgaon,Q71731530
Malibu Town,28.4234344,77.0468649,2000.0,3,3.0,,6,Semifurnished,Independent/Builder Floor,26000000.0,Gurgaon,P71727894
Sector 65 Gurgaon,28.4030162,77.0695893,1650.0,3,3.0,,5,Semifurnished,Apartment,29000000.0,Gurgaon,N71674710
Sector 65 Gurgaon,28.4030162,77.0695893,1650.0,3,3.0,,5,Semifurnished,Apartment,25500000.0,Gurgaon,O71674506
Sector 65 Gurgaon,28.4030162,77.0695893,1650.0,2,2.0,,5,Semifurnished,Apartment,20000000.0,Gurgaon,O71674264
Sector 65 Gurgaon,28.4030162,77.0695893,1650.0,2,2.0,,5,Semifurnished,Apartment,17600000.0,Gurgaon,P71674090
Sector 62 Gurgaon,28.407697,77.0823781,1650.0,3,3.0,,6,Semifurnished,Apartment,42000000.0,Gurgaon,A71672488
Sector 62 Gurgaon,28.407697,77.0823781,1650.0,2,2.0,,6,Semifurnished,Apartment,24200000.0,Gurgaon,W71672324
Sector 84 Gurgaon,28.4035469,76.9677894,1650.0,3,3.0,,1,Semifurnished,Apartment,14500000.0,Gurgaon,X71631906
Sector 84 Gurgaon,28.4035469,76.9677894,1650.0,3,3.0,,1,Semifurnished,Apartment,13500000.0,Gurgaon,H71631896
Sector 65 Gurgaon,28.4030162,77.0695893,3150.00000000031,4,3.0,,1,Semifurnished,Independent/Builder Floor,25000000.0,Gurgaon,N71610896
Sector 106 Gurgaon,28.5060806,76.9967796,1173.0,3,4.0,,1,Semifurnished,Apartment,19500000.0,Gurgaon,Y71587176
Sector 41 Gurgaon,28.4433686,77.0552345,1900.0,3,3.0,,3,Semifurnished,Apartment,22100000.0,Gurgaon,C71572842
Sector 99 Gurgaon,28.4645549,76.9628585,795.13,2,2.0,,1,Semifurnished,Apartment,10000000.0,Gurgaon,V71570060
Sector 103 Gurgaon,28.493087,76.9866453,1650.0,3,3.0,,2,Semifurnished,Apartment,16300000.0,Gurgaon,G71569290
Sector 102 Gurgaon,28.4754872,76.9711747,1255.73,3,4.0,,1,Semifurnished,Apartment,19750000.0,Gurgaon,I71569106
Sector 102 Gurgaon,28.4754872,76.9711747,1022.58,3,3.0,,1,Semifurnished,Apartment,16400000.0,Gurgaon,Z71568970
Sector 65 Gurgaon,28.4030162,77.0695893,1750.0,4,3.0,,1,Semifurnished,Independent/Builder Floor,23500000.0,Gurgaon,A71532342
Sector 113 Gurgaon,28.5286649,77.0250282,2691.0,3,3.0,,5,Semifurnished,Apartment,33900000.0,Gurgaon,Q71477572
Sector 106 Gurgaon,28.5060806,76.9967796,1855.0,3,4.0,,5,Semifurnished,Apartment,26900000.0,Gurgaon,N71477432
Sector 106 Gurgaon,28.5060806,76.9967796,1855.0,3,3.0,,5,Semifurnished,Apartment,26250000.0,Gurgaon,G71477318
Sector 109 Gurgaon,28.5109205,77.0065956,1650.0,3,4.0,,2,Semifurnished,Apartment,23000000.0,Gurgaon,U71477162
Sector 104 Gurgaon,28.4795324,76.9937197,1082.2,3,3.0,,5,Semifurnished,Apartment,16950000.0,Gurgaon,F71477000
Sector 113 Gurgaon,28.5286649,77.0250282,1650.0,4,6.0,,1,Semifurnished,Apartment,62500000.0,Gurgaon,X71476930
Sector 106 Gurgaon,28.5060806,76.9967796,845.0,2,2.0,,1,Semifurnished,Apartment,10900000.0,Gurgaon,B71476506
Sector 103 Gurgaon,28.493087,76.9866453,1650.0,3,3.0,,1,Semifurnished,Apartment,16600000.0,Gurgaon,M71476298
Sector 102 Gurgaon,28.4754872,76.9711747,1255.73,3,4.0,,1,Semifurnished,Apartment,19500000.0,Gurgaon,A71476130
Sector 102 Gurgaon,28.4754872,76.9711747,1022.58,3,3.0,,1,Semifurnished,Apartment,16700000.0,Gurgaon,X71476056
Sector 102 Gurgaon,28.4754872,76.9711747,1650.0,3,4.0,,1,Semifurnished,Apartment,22600000.0,Gurgaon,B71475966
Sector 104 Gurgaon,28.4795324,76.9937197,1650.0,3,4.0,,1,Semifurnished,Apartment,19950000.0,Gurgaon,W71475846
Sector 76 Gurgaon,28.3910112,76.9900243,635.0,2,2.0,,6,Semifurnished,Apartment,5500000.0,Gurgaon,Q71398364
Sector 37C Gurgaon,28.4489095,76.9880502,516.67,2,2.0,,1,Semifurnished,Apartment,3800000.0,Gurgaon,R71327270
Sector 67A Gurgaon,28.4618719,77.05688,600.0,2,2.0,,6,Semifurnished,Apartment,6000000.0,Gurgaon,X71387258
Sector 66 Gurgaon,28.3974292,77.0538823,1650.0,4,5.0,,1,Semifurnished,Apartment,33400000.0,Gurgaon,Z71372468
Sector 104 Gurgaon,28.4795324,76.9937197,861.97,3,2.0,,5,Unknown,Apartment,14500000.0,Gurgaon,A71371236
Sector 104 Gurgaon,28.4795324,76.9937197,1082.2,3,3.0,,5,Semifurnished,Apartment,17500000.0,Gurgaon,V71350660
Sector 104 Gurgaon,28.4795324,76.9937197,861.97,3,2.0,,5,Semifurnished,Apartment,15100000.0,Gurgaon,S71350570
Sector 102 Gurgaon,28.4754872,76.9711747,1650.0,5,6.0,,6,Semifurnished,Apartment,52500000.0,Gurgaon,C71350468
Sector 104 Gurgaon,28.4795324,76.9937197,1650.0,2,2.0,,1,Semifurnished,Apartment,15800000.0,Gurgaon,K71349772
Sector 103 Gurgaon,28.493087,76.9866453,1650.0,4,6.0,,1,Semifurnished,Apartment,24000000.0,Gurgaon,Y71349266
Dlf Phase 2,28.483901,77.0846097,1550.0,3,4.0,,6,Semifurnished,Independent/Builder Floor,26000000.0,Gurgaon,T71320992
Sector 106 Gurgaon,28.5060806,76.9967796,1855.0,3,3.0,,5,Semifurnished,Apartment,26900000.0,Gurgaon,K71302244
Sector 106 Gurgaon,28.5060806,76.9967796,1855.0,3,3.0,,5,Semifurnished,Apartment,26200000.0,Gurgaon,T71302154
Sector 104 Gurgaon,28.4795324,76.9937197,1082.2,3,3.0,,5,Semifurnished,Apartment,16900000.0,Gurgaon,U71301948
Sector 109 Gurgaon,28.5109205,77.0065956,1650.0,4,4.0,,1,Semifurnished,Apartment,17100000.0,Gurgaon,V71283322
Sector 103 Gurgaon,28.493087,76.9866453,1650.0,3,3.0,,1,Semifurnished,Apartment,16650000.0,Gurgaon,Z71282758
Sector 63A Gurgaon,28.4618719,77.05688,1650.0,3,3.0,,5,Unknown,Apartment,34500000.0,Gurgaon,D71282536
Sector 102 Gurgaon,28.4754872,76.9711747,1022.58,3,3.0,,1,Semifurnished,Apartment,16650000.0,Gurgaon,Q71282402
Sector 102 Gurgaon,28.4754872,76.9711747,1650.0,3,4.0,,6,Semifurnished,Apartment,22500000.0,Gurgaon,M71282302
Sector 104 Gurgaon,28.4795324,76.9937197,1650.0,3,4.0,,1,Semifurnished,Apartment,20200000.0,Gurgaon,K71282230
Sector 67 Gurgaon,28.3864052,77.0598046,1650.0,3,3.0,,1,Semifurnished,Apartment,31000000.0,Gurgaon,E71279440
Sector 65 Gurgaon,28.4030162,77.0695893,1650.0,4,3.0,,1,Semifurnished,Apartment,23500000.0,Gurgaon,R71233764
Sector 89 Gurgaon,28.4184455,76.9457567,572.86,2,2.0,,5,Semifurnished,Apartment,3800000.0,Gurgaon,Z71160628
Sector 104 Gurgaon,28.4795324,76.9937197,861.97,3,2.0,,5,Semifurnished,Apartment,14550000.0,Gurgaon,L71144432
Sector 108 Gurgaon,28.5128994,76.9823615,1140.98,3,4.0,,1,Semifurnished,Apartment,19500000.0,Gurgaon,L71144346
Sector 104 Gurgaon,28.4795324,76.9937197,1650.0,3,4.0,,2,Semifurnished,Apartment,20000000.0,Gurgaon,K71144186
Sushant Lok Phase 1,28.4545693,77.0826249,2700.0,4,4.0,,6,Semifurnished,Independent/Builder Floor,28500000.0,Gurgaon,B71139710
Dlf Phase 2,28.483901,77.0846097,1650.0,4,4.0,,1,Semifurnished,Independent/Builder Floor,34500000.0,Gurgaon,D71132998
Sector 48 Gurgaon,28.4104903,77.0394627,1680.0,3,4.0,,2,Semifurnished,Apartment,23000000.0,Gurgaon,U71132378
Sector 67A Gurgaon,28.4618719,77.05688,591.0,2,2.0,,1,Semifurnished,Apartment,6100000.0,Gurgaon,L71129950
Sector 102 Gurgaon,28.4754872,76.9711747,1255.73,3,4.0,,1,Semifurnished,Apartment,19100000.0,Gurgaon,R71081300
Sector 65 Gurgaon,28.4030162,77.0695893,2200.0,4,4.0,,1,Semifurnished,Apartment,31000000.0,Gurgaon,L71008356
Sector 50 Gurgaon,28.4268461,77.0584252,2520.0,4,4.0,,6,Semifurnished,Independent/Builder Floor,27400000.0,Gurgaon,V70980868
Sector 109 Gurgaon,28.5109205,77.0065956,1650.0,4,4.0,,2,Semifurnished,Apartment,17200000.0,Gurgaon,T70646546
Sector 65 Gurgaon,28.4030162,77.0695893,1650.0,4,4.0,,6,Semifurnished,Apartment,31200000.0,Gurgaon,J69140622
Sector 109 Gurgaon,28.5109205,77.0065956,1650.0,3,3.0,,1,Semifurnished,Apartment,15500000.0,Gurgaon,L68659752
Sector 103 Gurgaon,28.493087,76.9866453,1650.0,4,6.0,,1,Semifurnished,Apartment,24500000.0,Gurgaon,G68660470
Sector 103 Gurgaon,28.493087,76.9866453,1650.0,3,3.0,,1,Semifurnished,Apartment,15500000.0,Gurgaon,O68660422
Sector 113 Gurgaon,28.5286649,77.0250282,2570.0,3,4.0,,1,Semifurnished,Apartment,31500000.0,Gurgaon,Z69315750
Palam Vihar,28.4983353,77.0203007,1950.0,4,4.0,,1,Semifurnished,Independent/Builder Floor,25200000.0,Gurgaon,V69222274
Sector 76 Gurgaon,28.3910112,76.9900243,7211.82308429221,2,2.0,,1,Semifurnished,Apartment,4800000.0,Gurgaon,P69238360
Sector 33 Gurgaon,28.4384785,77.0251655,850.0,2,2.0,,1,Semifurnished,Apartment,11000000.0,Gurgaon,I71062534
Sector 89 Gurgaon,28.4184455,76.9457567,375.88,1,2.0,,5,Semifurnished,Apartment,2500000.0,Gurgaon,B64719132
Dlf Phase 1,28.4765171,77.090194,2250.0,3,3.0,,1,Semifurnished,Independent/Builder Floor,23500000.0,Gurgaon,J70963548
Sector 33 Gurgaon,28.4384785,77.0251655,1570.0,3,3.0,,1,Semifurnished,Apartment,14000000.0,Gurgaon,R70834996
Sector-5 Sohna,28.3241636,77.0848644,457.0,2,2.0,,6,Semifurnished,Apartment,2320000.0,Gurgaon,R64545082
Sector 37D Gurgaon,28.4480039,76.9697682,1650.0,2,2.0,,5,Semifurnished,Independent/Builder Floor,8500000.0,Gurgaon,P66322194
Sector 57 Gurgaon,28.4232478,77.0804487,2400.0,4,4.0,,1,Semifurnished,Independent/Builder Floor,28000000.0,Gurgaon,L67762298
Sector 55 Gurgaon,28.4274166,77.1097538,1200.0,3,3.0,,1,Semifurnished,Independent/Builder Floor,16400000.0,Gurgaon,R69675486
Sector 57 Gurgaon,28.4232478,77.0804487,1700.0,4,3.0,,1,Semifurnished,Independent/Builder Floor,22200000.0,Gurgaon,V69674622
Sushant Lok Phase 2,28.464228,77.076724,3200.0,4,4.0,,1,Semifurnished,Independent/Builder Floor,38500000.0,Gurgaon,W68606336
Sector 57 Gurgaon,28.4232478,77.0804487,1700.0,3,3.0,,1,Semifurnished,Independent/Builder Floor,20500000.0,Gurgaon,H69673254
Sector 56 Gurgaon,28.4252244,77.0992377,1600.0,3,3.0,,1,Semifurnished,Independent/Builder Floor,25000000.0,Gurgaon,E69673346
Sushant Lok Phase 2,28.464228,77.076724,1200.0,3,3.0,,1,Semifurnished,Independent/Builder Floor,16400000.0,Gurgaon,I69570668
Sector 57 Gurgaon,28.4232478,77.0804487,1200.0,3,3.0,,1,Semifurnished,Independent/Builder Floor,16700000.0,Gurgaon,D69628982
Sector 57 Gurgaon,28.4232478,77.0804487,1250.0,3,3.0,,1,Semifurnished,Independent/Builder Floor,16700000.0,Gurgaon,G67284470
Sector 56 Gurgaon,28.4252244,77.0992377,1900.0,3,3.0,,1,Semifurnished,Independent/Builder Floor,26500000.0,Gurgaon,S69558460
Sector 57 Gurgaon,28.4232478,77.0804487,2100.0,4,4.0,,1,Semifurnished,Independent/Builder Floor,27500000.0,Gurgaon,P66076676
Sushant Lok Phase 3,28.464228,77.076724,2000.0,3,3.0,,1,Semifurnished,Independent/Builder Floor,21900000.0,Gurgaon,U69569768
Sushant Lok Phase 3,28.464228,77.076724,1550.0,3,3.0,,1,Semifurnished,Independent/Builder Floor,19900000.0,Gurgaon,C69570138
Sushant Lok Phase 2,28.464228,77.076724,1450.0,3,3.0,,1,Semifurnished,Independent/Builder Floor,19500000.0,Gurgaon,Q69570976
Sushant Lok Phase 2,28.464228,77.076724,2000.0,4,4.0,,1,Semifurnished,Independent/Builder Floor,28500000.0,Gurgaon,I69571994
Sector 57 Gurgaon,28.4232478,77.0804487,2000.0,4,4.0,,1,Semifurnished,Independent/Builder Floor,26500000.0,Gurgaon,A69550372
Sushant Lok Phase 2,28.464228,77.076724,2000.0,4,4.0,,1,Semifurnished,Independent/Builder Floor,22500000.0,Gurgaon,S68362376
Sector 63A Gurgaon,28.4618719,77.05688,2200.0,4,4.0,,1,Semifurnished,Independent/Builder Floor,37900000.0,Gurgaon,A68586782
Dlf Phase 5,28.503445,77.0952048,1950.0,3,4.0,,1,Semifurnished,Independent/Builder Floor,34000000.0,Gurgaon,G68418906
Sector 48 Gurgaon,28.4104903,77.0394627,3200.0,5,6.0,,1,Semifurnished,Independent/Builder Floor,35000000.0,Gurgaon,B68329292
Sector-33 Sohna,28.3241636,77.0848644,1650.0,4,4.0,,6,Semifurnished,Apartment,22000000.0,Gurgaon,O70448780
Sector-33 Sohna,28.3241636,77.0848644,1650.0,3,3.0,,6,Semifurnished,Apartment,14700999.0,Gurgaon,O70426884
Sector-33 Sohna,28.3241636,77.0848644,1650.0,3,3.0,,6,Semifurnished,Apartment,15000000.0,Gurgaon,M70391236
Sector-33 Sohna,28.3241636,77.0848644,800.0,3,2.0,,1,Unknown,Independent/Builder Floor,10650000.0,Gurgaon,O69309366
Sector-33 Sohna,28.3241636,77.0848644,800.0,3,2.0,,1,Semifurnished,Independent/Builder Floor,10700000.0,Gurgaon,R69309220
Sector-33 Sohna,28.3241636,77.0848644,1000.0,3,3.0,,1,Semifurnished,Apartment,15500000.0,Gurgaon,M69033318
Sohna,28.3241636,77.0848644,1330.0,3,3.0,,1,Semifurnished,Apartment,10500000.0,Gurgaon,P69365040
Sector-33 Sohna,28.3241636,77.0848644,1400.0,4,4.0,,6,Semifurnished,Apartment,24000000.0,Gurgaon,L69365176
Sohna,28.3241636,77.0848644,1300.0,3,3.0,,1,Semifurnished,Apartment,10800000.0,Gurgaon,S69365164
Sector-33 Sohna,28.3241636,77.0848644,2600.0,4,4.0,,6,Semifurnished,Apartment,28000000.0,Gurgaon,H68193958
Sector-33 Sohna,28.3241636,77.0848644,1300.0,3,3.0,,6,Semifurnished,Apartment,15500000.0,Gurgaon,Q69600700
Sector-33 Sohna,28.3241636,77.0848644,1800.0,4,4.0,,6,Semifurnished,Apartment,23000000.0,Gurgaon,E69609918
Sohna,28.3241636,77.0848644,1400.0,3,4.0,,6,Semifurnished,Apartment,11000000.0,Gurgaon,I67342368
Sohna,28.3241636,77.0848644,1570.0,4,4.0,,6,Semifurnished,Independent/Builder Floor,31500000.0,Gurgaon,O67322708
Sohna,28.3241636,77.0848644,1115.0,3,3.0,,6,Semifurnished,Apartment,15000000.0,Gurgaon,E67514734
Sector-33 Sohna,28.3241636,77.0848644,800.0,2,2.0,,6,Semifurnished,Independent/Builder Floor,10000000.0,Gurgaon,A68940232
Sector-33 Sohna,28.3241636,77.0848644,1789.0,3,3.0,,6,Semifurnished,Apartment,14200000.0,Gurgaon,B68956618
Sohna,28.3241636,77.0848644,645.0,3,2.0,,6,Semifurnished,Independent/Builder Floor,7500000.0,Gurgaon,J69031074
Sector-33 Sohna,28.3241636,77.0848644,800.0,2,2.0,,6,Semifurnished,Independent/Builder Floor,9500000.0,Gurgaon,Q69008658
Sector-33 Sohna,28.3241636,77.0848644,1550.0,3,4.0,,5,Semifurnished,Apartment,32000000.0,Gurgaon,R68253426
Sector-33 Sohna,28.3241636,77.0848644,1700.0,4,5.0,,6,Semifurnished,Independent/Builder Floor,31000000.0,Gurgaon,A68135870
Sector 22 Gurgaon,28.4947315,77.0691703,1650.0,5,4.0,,1,Semifurnished,Apartment,110000000.0,Gurgaon,N70881528
Sector-2 Sohna,28.3241636,77.0848644,1062.0,3,3.0,,1,Semifurnished,Apartment,14000000.0,Gurgaon,D71654560
Sector-33 Sohna,28.3241636,77.0848644,609.96,2,2.0,,1,Semifurnished,Apartment,4350000.0,Gurgaon,A71653352
Sector 72 Gurgaon,28.3943815,77.032363,1650.0,3,3.0,,1,Semifurnished,Apartment,35500000.0,Gurgaon,Y70857896
Sector 67 Gurgaon,28.3864052,77.0598046,1850.0,3,4.0,,1,Semifurnished,Apartment,31800000.0,Gurgaon,F69408934
Sector 60 Gurgaon,28.3985617,77.0978276,2200.0,3,3.0,,1,Semifurnished,Apartment,28200000.0,Gurgaon,E69439924
Sector 60 Gurgaon,28.3985617,77.0978276,2200.0,3,3.0,,1,Semifurnished,Apartment,30500000.0,Gurgaon,O69439788
Sector 72 Gurgaon,28.3943815,77.032363,2000.0,3,4.0,,1,Semifurnished,Apartment,32100000.0,Gurgaon,S69421026
Dlf Phase 3,28.4919048,77.0937804,3800.0,4,4.0,,6,Unfurnished,Independent/Builder Floor,52500000.0,Gurgaon,B71698612
Sector 102 Gurgaon,28.4754872,76.9711747,1255.73,3,4.0,,6,Semifurnished,Apartment,18400000.0,Gurgaon,H70885236
Sector 102 Gurgaon,28.4754872,76.9711747,1650.0,3,3.0,,6,Semifurnished,Apartment,18500000.0,Gurgaon,U71246800
Sector 102 Gurgaon,28.4754872,76.9711747,1650.0,2,2.0,,6,Semifurnished,Apartment,15200000.0,Gurgaon,K71246620
Sector 102 Gurgaon,28.4754872,76.9711747,1650.0,2,2.0,,5,Semifurnished,Apartment,10500000.0,Gurgaon,B71246552
Sector 104 Gurgaon,28.4795324,76.9937197,683.83,2,2.0,,5,Semifurnished,Apartment,11000000.0,Gurgaon,F71241994
Sector 103 Gurgaon,28.493087,76.9866453,1650.0,3,3.0,,1,Semifurnished,Apartment,16500000.0,Gurgaon,Y71241872
Sector 102 Gurgaon,28.4754872,76.9711747,1022.58,3,3.0,,1,Semifurnished,Apartment,16600000.0,Gurgaon,T71241718
Sector 106 Gurgaon,28.5060806,76.9967796,845.0,2,2.0,,1,Semifurnished,Apartment,10900000.0,Gurgaon,X71241120
Sector 102 Gurgaon,28.4754872,76.9711747,1650.0,4,5.0,,1,Semifurnished,Apartment,32000000.0,Gurgaon,X71241002
Sector 104 Gurgaon,28.4795324,76.9937197,1650.0,4,4.0,,1,Semifurnished,Apartment,29000000.0,Gurgaon,W71240696
Sector 104 Gurgaon,28.4795324,76.9937197,1650.0,3,4.0,,1,Semifurnished,Apartment,20000000.0,Gurgaon,K71240572
Sector 57 Gurgaon,28.4232478,77.0804487,1942.0,3,3.0,,6,Semifurnished,Independent/Builder Floor,23000000.0,Gurgaon,N70980086
Sector 59 Gurgaon,28.4030162,77.1066682,2095.0,3,3.0,,5,Unknown,Apartment,40000000.0,Gurgaon,D70972356
Sector 65 Gurgaon,28.4030162,77.0695893,2500.0,3,4.0,,1,Semifurnished,Apartment,50000000.0,Gurgaon,X70971188
Sector 57 Gurgaon,28.4232478,77.0804487,1200.0,3,3.0,,5,Semifurnished,Independent/Builder Floor,18000000.0,Gurgaon,M70934160
Sector 57 Gurgaon,28.4232478,77.0804487,2523.0,4,4.0,,6,Semifurnished,Independent/Builder Floor,29000000.0,Gurgaon,S70897766
Sector 102 Gurgaon,28.4754872,76.9711747,1650.0,4,5.0,,6,Semifurnished,Apartment,31500000.0,Gurgaon,V70886606
Sector 102 Gurgaon,28.4754872,76.9711747,1650.0,4,4.0,,6,Semifurnished,Apartment,43500000.0,Gurgaon,G70886364
Sector 102 Gurgaon,28.4754872,76.9711747,1650.0,3,3.0,,6,Semifurnished,Apartment,17000000.0,Gurgaon,A70885786
Sector 102 Gurgaon,28.4754872,76.9711747,1650.0,3,4.0,,6,Semifurnished,Apartment,20000000.0,Gurgaon,W70885398
Sector 104 Gurgaon,28.4795324,76.9937197,1650.0,4,4.0,,6,Semifurnished,Apartment,27500000.0,Gurgaon,H70885060
Sector 104 Gurgaon,28.4795324,76.9937197,1650.0,3,4.0,,6,Semifurnished,Apartment,17900000.0,Gurgaon,D70884900
Sector 106 Gurgaon,28.5060806,76.9967796,1173.0,3,4.0,,6,Semifurnished,Apartment,13000000.0,Gurgaon,G70884810
Sector 106 Gurgaon,28.5060806,76.9967796,1130.0,3,4.0,,6,Semifurnished,Apartment,13400000.0,Gurgaon,B70884648
Sector 109 Gurgaon,28.5109205,77.0065956,1650.0,3,3.0,,6,Semifurnished,Apartment,11000000.0,Gurgaon,G70847984
Sector 109 Gurgaon,28.5109205,77.0065956,1650.0,3,4.0,,6,Semifurnished,Apartment,13500000.0,Gurgaon,J70847936
Sector 111 Gurgaon,28.5222773,77.0336203,1650.0,4,5.0,,6,Semifurnished,Apartment,36500000.0,Gurgaon,Y70847878
Sector 63A Gurgaon,28.4618719,77.05688,1611.00000000016,3,4.0,,5,Semifurnished,Independent/Builder Floor,18000000.0,Gurgaon,Z69714710
Sector 63A Gurgaon,28.4618719,77.05688,1650.0,3,4.0,,5,Semifurnished,Independent/Builder Floor,20000000.0,Gurgaon,L69674876
Sector 63A Gurgaon,28.4618719,77.05688,1575.00000000015,3,4.0,,6,Semifurnished,Independent/Builder Floor,17900000.0,Gurgaon,O69674470
Sector 63A Gurgaon,28.4618719,77.05688,1602.00000000016,3,3.0,,6,Semifurnished,Independent/Builder Floor,18900000.0,Gurgaon,G69673796
Palam Vihar,28.4983353,77.0203007,2430.00000000024,3,3.0,,1,Semifurnished,Independent/Builder Floor,23900000.0,Gurgaon,Y58584830
Sector 66 Gurgaon,28.3974292,77.0538823,1650.0,2,2.0,,1,Unknown,Apartment,17500000.0,Gurgaon,C71540908
Sector 66 Gurgaon,28.3974292,77.0538823,1450.0,3,4.0,,1,Semifurnished,Apartment,25500000.0,Gurgaon,G70128986
Sector 66 Gurgaon,28.3974292,77.0538823,1145.0,2,3.0,,1,Semifurnished,Apartment,18500000.0,Gurgaon,B70128692
Sector 66 Gurgaon,28.3974292,77.0538823,1000.0,2,2.0,,2,Semifurnished,Apartment,16000000.0,Gurgaon,I68357902
Sector 58 Gurgaon,28.4160012,77.1085564,2400.0,4,5.0,,1,Semifurnished,Apartment,53500000.0,Gurgaon,C45740909
Sector 58 Gurgaon,28.4160012,77.1085564,1625.0,3,4.0,,1,Semifurnished,Apartment,37500000.0,Gurgaon,X46659787
Sector 67 Gurgaon,28.3864052,77.0598046,2800.0,4,4.0,,1,Semifurnished,Apartment,45000000.0,Gurgaon,K46185177
Sector 54 Gurgaon,28.433569,77.1055815,1650.0,4,5.0,,1,Semifurnished,Apartment,64500000.0,Gurgaon,H69624248
Sector 54 Gurgaon,28.433569,77.1055815,1650.0,3,4.0,,1,Semifurnished,Apartment,62000000.0,Gurgaon,T69622508
Sector 54 Gurgaon,28.433569,77.1055815,1650.0,3,4.0,,1,Semifurnished,Apartment,61000000.0,Gurgaon,Z69622030
Sector 53 Gurgaon,28.4487856,77.0988212,1650.0,3,4.0,,5,Semifurnished,Apartment,59700000.0,Gurgaon,Q69621448
Sector 53 Gurgaon,28.4487856,77.0988212,1650.0,4,5.0,,5,Semifurnished,Apartment,79000000.0,Gurgaon,I69621798
Sector 53 Gurgaon,28.4487856,77.0988212,1650.0,3,4.0,,5,Semifurnished,Apartment,59500000.0,Gurgaon,M69621294
Gwal Pahari,28.4326344,77.1480585,1650.0,3,3.0,,5,Semifurnished,Independent/Builder Floor,13500000.0,Gurgaon,J69553628
Gwal Pahari,28.4326344,77.1480585,1650.0,3,3.0,,6,Semifurnished,Independent/Builder Floor,13800000.0,Gurgaon,I69548896
Sector 66 Gurgaon,28.3974292,77.0538823,1200.0,2,3.0,,1,Semifurnished,Apartment,19000000.0,Gurgaon,O71762462
Sector 66 Gurgaon,28.3974292,77.0538823,792.0,4,4.0,,1,Semifurnished,Apartment,29500000.0,Gurgaon,Q71762190
Sector 66 Gurgaon,28.3974292,77.0538823,3000.0,4,5.0,,1,Semifurnished,Apartment,75000000.0,Gurgaon,U71761466
Sector 65 Gurgaon,28.4030162,77.0695893,1650.0,2,2.0,,6,Semifurnished,Apartment,17500000.0,Gurgaon,F71761042
Sector 65 Gurgaon,28.4030162,77.0695893,2500.0,4,4.0,,6,Semifurnished,Independent/Builder Floor,45000000.0,Gurgaon,E71748970
Sector 59 Gurgaon,28.4030162,77.1066682,1650.0,4,5.0,,5,Semifurnished,Apartment,59400000.0,Gurgaon,H69430718
Sector 59 Gurgaon,28.4030162,77.1066682,1650.0,3,4.0,,5,Semifurnished,Apartment,38700000.0,Gurgaon,K69430570
Sector 58 Gurgaon,28.4160012,77.1085564,1650.0,3,4.0,,1,Semifurnished,Apartment,38100000.0,Gurgaon,M69429474
Sector 58 Gurgaon,28.4160012,77.1085564,1650.0,4,4.0,,1,Semifurnished,Apartment,40000000.0,Gurgaon,M69429180
Sector 58 Gurgaon,28.4160012,77.1085564,1650.0,3,4.0,,1,Semifurnished,Apartment,38000000.0,Gurgaon,Z69428968
Sector 59 Gurgaon,28.4030162,77.1066682,1650.0,3,4.0,,6,Semifurnished,Apartment,52237500.0,Gurgaon,R69423586
Sector 59 Gurgaon,28.4030162,77.1066682,1650.0,3,4.0,,6,Semifurnished,Apartment,51500000.0,Gurgaon,G69423530
Sector 59 Gurgaon,28.4030162,77.1066682,1650.0,3,4.0,,6,Semifurnished,Apartment,51800000.0,Gurgaon,U69423506
Sector 62 Gurgaon,28.407697,77.0823781,1650.0,3,4.0,,6,Semifurnished,Apartment,33700000.0,Gurgaon,Q69423392
Sector 62 Gurgaon,28.407697,77.0823781,1650.0,3,3.0,,6,Semifurnished,Apartment,33600000.0,Gurgaon,C69421686
Sector 61 Gurgaon,28.4110188,77.0963685,1650.0,3,4.0,,5,Semifurnished,Apartment,43100000.0,Gurgaon,H69412432
Sector 61 Gurgaon,28.4110188,77.0963685,1650.0,4,5.0,,5,Semifurnished,Apartment,52800000.0,Gurgaon,C69412160
Sector 61 Gurgaon,28.4110188,77.0963685,1650.0,3,4.0,,5,Semifurnished,Apartment,43200000.0,Gurgaon,I69411978
Sector 59 Gurgaon,28.4030162,77.1066682,1650.0,4,5.0,,5,Semifurnished,Apartment,57000000.0,Gurgaon,X69394444
Sector 59 Gurgaon,28.4030162,77.1066682,1650.0,3,4.0,,5,Semifurnished,Apartment,38900000.0,Gurgaon,A69394250
Sector 59 Gurgaon,28.4030162,77.1066682,1650.0,3,4.0,,5,Semifurnished,Apartment,36000000.0,Gurgaon,L69394128
Sector 59 Gurgaon,28.4030162,77.1066682,1650.0,3,4.0,,5,Semifurnished,Apartment,35000000.0,Gurgaon,K69393024
Sector 54 Gurgaon,28.433569,77.1055815,1650.0,4,4.0,,2,Semifurnished,Apartment,72500000.0,Gurgaon,K71728018
Sector 54 Gurgaon,28.433569,77.1055815,1650.0,4,4.0,,3,Semifurnished,Apartment,115000000.0,Gurgaon,D71726816
Sector 76 Gurgaon,28.3910112,76.9900243,1650.0,3,4.0,,5,Semifurnished,Apartment,36800000.0,Gurgaon,N71726760
Dlf Phase 5,28.503445,77.0952048,1650.0,4,4.0,,2,Semifurnished,Apartment,85000000.0,Gurgaon,H71726492
Sector 76 Gurgaon,28.3910112,76.9900243,1650.0,3,4.0,,5,Semifurnished,Apartment,36500000.0,Gurgaon,X71726438
Sector 76 Gurgaon,28.3910112,76.9900243,1650.0,3,4.0,,5,Semifurnished,Apartment,34800000.0,Gurgaon,H71726132
Dlf Phase 2,28.483901,77.0846097,2700.00000000027,4,5.0,,6,Semifurnished,Independent/Builder Floor,34000000.0,Gurgaon,R67655706
Dlf Phase 2,28.483901,77.0846097,3200.0,4,5.0,,1,Semifurnished,Independent/Builder Floor,65000000.0,Gurgaon,E65347274
Suncity,28.507814,77.0713577,1650.0,4,5.0,,1,Semifurnished,Independent/Builder Floor,52500000.0,Gurgaon,P70293106
Dlf Phase 1,28.4765171,77.090194,3250.0,4,5.0,,1,Semifurnished,Independent/Builder Floor,57500000.0,Gurgaon,H70597948
Dlf Phase 2,28.483901,77.0846097,1800.0,4,5.0,,6,Semifurnished,Independent/Builder Floor,37500000.0,Gurgaon,O66703606
Dlf Phase 1,28.4765171,77.090194,1650.0,4,4.0,,6,Semifurnished,Independent/Builder Floor,30000000.0,Gurgaon,G70612110
Sector 83 Gurgaon,28.3963578,76.9654747,1650.0,3,3.0,,1,Semifurnished,Apartment,13000000.0,Gurgaon,U71715506
Sector 82 Gurgaon,28.3932827,76.9545277,1650.0,3,3.0,,1,Semifurnished,Apartment,14200000.0,Gurgaon,O71715304
Sector 82 Gurgaon,28.3932827,76.9545277,1650.0,3,3.0,,1,Semifurnished,Apartment,13500000.0,Gurgaon,I71714924
Sector 68 Gurgaon,28.388897,77.0459859,1650.0,3,3.0,,5,Semifurnished,Apartment,14500000.0,Gurgaon,Y71691640
Sector 68 Gurgaon,28.388897,77.0459859,1650.0,3,2.0,,5,Semifurnished,Apartment,12500000.0,Gurgaon,Q71691420
Sector 68 Gurgaon,28.388897,77.0459859,1650.0,2,2.0,,6,Semifurnished,Apartment,9500000.0,Gurgaon,B71691242
Sector 63A Gurgaon,28.4618719,77.05688,1470.0,3,3.0,,5,Semifurnished,Apartment,21499000.0,Gurgaon,A71685836
Sector 79 Gurgaon,28.4618719,77.05688,863.91,3,3.0,,1,Semifurnished,Apartment,13500000.0,Gurgaon,H71680676
Sector 47 Gurgaon,28.4268461,77.0584252,2000.0,3,5.0,,6,Semifurnished,Apartment,43500000.0,Gurgaon,M71677838
Sector 85 Gurgaon,28.3985762,76.9547447,1829.0,3,3.0,,5,Semifurnished,Apartment,22000000.0,Gurgaon,L71677790
Sector 67 Gurgaon,28.3864052,77.0598046,2000.0,3,3.0,,1,Semifurnished,Apartment,35000000.0,Gurgaon,Q71676062
Chakkarpur,28.4715202,77.0913233,2200.0,3,4.0,,2,Semifurnished,Apartment,43500000.0,Gurgaon,P71675830
Sector 67 Gurgaon,28.3864052,77.0598046,1303.0,4,4.0,,1,Semifurnished,Apartment,28800000.0,Gurgaon,X71655816
Sector 74 Gurgaon,28.4110081,77.0101209,1200.0,2,2.0,,6,Semifurnished,Apartment,15500000.0,Gurgaon,N71655334
Sector 84 Gurgaon,28.4035469,76.9677894,1980.0,3,3.0,,6,Semifurnished,Apartment,15000000.0,Gurgaon,Q71647320
Sector 85 Gurgaon,28.3985762,76.9547447,1340.0,3,3.0,,1,Semifurnished,Apartment,10000000.0,Gurgaon,Q71642040
Sector 85 Gurgaon,28.3985762,76.9547447,1316.0,3,4.0,,1,Semifurnished,Apartment,8800000.0,Gurgaon,B71641392
Sector 99 Gurgaon,28.4645549,76.9628585,1940.0,4,4.0,,1,Semifurnished,Apartment,20613300.0,Gurgaon,H71626442
Sector 77 Gurgaon,28.3832337,76.982557,1073.0,2,2.0,,1,Semifurnished,Apartment,9200000.0,Gurgaon,L71625160
Dlf Phase 1,28.4765171,77.090194,2250.0,4,4.0,,3,Semifurnished,Apartment,26500000.0,Gurgaon,A70387378
Sector 66 Gurgaon,28.3974292,77.0538823,1650.0,4,5.0,,1,Semifurnished,Apartment,32000000.0,Gurgaon,U71614688
Sector 67 Gurgaon,28.3864052,77.0598046,1650.0,4,4.0,,1,Semifurnished,Apartment,49000000.0,Gurgaon,L71614512
Sector 67 Gurgaon,28.3864052,77.0598046,3200.0,4,4.0,,1,Semifurnished,Apartment,50000000.0,Gurgaon,P71614410
Sector-33 Sohna,28.3241636,77.0848644,1650.0,3,3.0,,6,Semifurnished,Apartment,18500000.0,Gurgaon,B71602856
Sector 83 Gurgaon,28.3963578,76.9654747,1100.0,2,2.0,,1,Semifurnished,Apartment,9200000.0,Gurgaon,N71600838
Sector 60 Gurgaon,28.3985617,77.0978276,1650.0,2,2.0,,1,Semifurnished,Apartment,21000000.0,Gurgaon,M71598746
Sector 66 Gurgaon,28.3974292,77.0538823,1650.0,2,2.0,,1,Semifurnished,Apartment,19000000.0,Gurgaon,J71598356
Sector 66 Gurgaon,28.3974292,77.0538823,1650.0,2,2.0,,1,Semifurnished,Apartment,18000000.0,Gurgaon,D71598240
Sector 93 Gurgaon,28.4156048,76.931638,1650.0,3,4.0,,1,Semifurnished,Apartment,9700000.0,Gurgaon,T71594928
Sector 61 Gurgaon,28.4110188,77.0963685,1150.0,2,2.0,,5,Semifurnished,Independent/Builder Floor,15870000.0,Gurgaon,H71588806
Sector 36 Sohna,28.4160012,77.1085564,1081.0,3,2.0,,6,Semifurnished,Independent/Builder Floor,8000000.0,Gurgaon,B71582204
Sector 62 Gurgaon,28.407697,77.0823781,1145.0,2,2.0,,6,Semifurnished,Apartment,24700000.0,Gurgaon,K71579128
Sector 62 Gurgaon,28.407697,77.0823781,1100.0,2,2.0,,6,Semifurnished,Apartment,24000000.0,Gurgaon,D71578526
Sector 62 Gurgaon,28.407697,77.0823781,1130.0,2,2.0,,6,Semifurnished,Apartment,25000000.0,Gurgaon,J71578270
Sector 84 Gurgaon,28.4035469,76.9677894,2000.0,3,3.0,,1,Unfurnished,Apartment,18600000.0,Gurgaon,Y71577596
Sector 62 Gurgaon,28.407697,77.0823781,1150.0,2,2.0,,6,Semifurnished,Apartment,24000000.0,Gurgaon,M71577456
Sector 82 Gurgaon,28.3932827,76.9545277,1650.0,2,2.0,,1,Semifurnished,Independent/Builder Floor,6200000.0,Gurgaon,N71570588
Dlf Phase 4,28.4919048,77.0937804,1100.0,3,3.0,,3,Semifurnished,Apartment,18000000.0,Gurgaon,Z71561004
Nirvana Country,28.4150509,77.0642955,1400.0,2,2.0,,3,Semifurnished,Apartment,23000000.0,Gurgaon,K71560702
Nirvana Country,28.4150509,77.0642955,2000.0,3,3.0,,2,Semifurnished,Apartment,32500000.0,Gurgaon,D71560558
South City 1,28.4188433,77.0440293,1650.0,3,3.0,,1,Semifurnished,Independent/Builder Floor,16000000.0,Gurgaon,T69329590
Sector 113 Gurgaon,28.5286649,77.0250282,2200.0,4,4.0,,5,Semifurnished,Apartment,31000000.0,Gurgaon,F71553194
Sector 113 Gurgaon,28.5286649,77.0250282,1800.0,3,3.0,,5,Semifurnished,Apartment,24000000.0,Gurgaon,Z71553014
Sector 113 Gurgaon,28.5286649,77.0250282,2055.0,4,4.0,,5,Semifurnished,Apartment,27000000.0,Gurgaon,M71551792
Sector 113 Gurgaon,28.5286649,77.0250282,1300.0,3,3.0,,5,Semifurnished,Apartment,19900000.0,Gurgaon,P71551642
Sector 113 Gurgaon,28.5286649,77.0250282,1000.0,2,2.0,,5,Semifurnished,Apartment,15700000.0,Gurgaon,U71551520
Sector 69 Gurgaon,28.3960701,77.0372311,1500.0,4,4.0,,6,Semifurnished,Apartment,22800000.0,Gurgaon,E71548430
Sector 74 Gurgaon,28.4110081,77.0101209,1650.0,3,3.0,,6,Semifurnished,Apartment,23851000.0,Gurgaon,M71544774
Sector 74 Gurgaon,28.4110081,77.0101209,1650.0,2,2.0,,6,Semifurnished,Apartment,16500000.0,Gurgaon,D71544580
Sector 92 Gurgaon,28.4089049,76.9155232,2000.0,4,4.0,,6,Semifurnished,Apartment,22500000.0,Gurgaon,B71543224
Sector 69 Gurgaon,28.3960701,77.0372311,1650.0,4,5.0,,1,Semifurnished,Apartment,25950000.0,Gurgaon,F71521986
Sector 69 Gurgaon,28.3960701,77.0372311,1650.0,4,5.0,,1,Semifurnished,Apartment,25800000.0,Gurgaon,H71521758
Sector 69 Gurgaon,28.3960701,77.0372311,1650.0,4,5.0,,1,Semifurnished,Apartment,26000000.0,Gurgaon,X71521642
Sector-33 Sohna,28.3241636,77.0848644,1411.0,3,3.0,,5,Unknown,Apartment,18100000.0,Gurgaon,I71519254
Sector-33 Sohna,28.3241636,77.0848644,1411.0,3,3.0,,5,Semifurnished,Apartment,18050000.0,Gurgaon,I71519024
Dlf Phase 2,28.483901,77.0846097,2025.0,4,5.0,,6,Semifurnished,Independent/Builder Floor,42500000.0,Gurgaon,V71518668
Sector 54 Gurgaon,28.433569,77.1055815,1650.0,4,4.0,,2,Semifurnished,Apartment,74000000.0,Gurgaon,U71508896
Sector 70 Gurgaon,28.3947261,77.0223138,950.0,3,3.0,,2,Unfurnished,Apartment,14000000.0,Gurgaon,A71508066
Sector-33 Sohna,28.3241636,77.0848644,1411.0,3,3.0,,5,Semifurnished,Apartment,18100000.0,Gurgaon,R71505648
Sector 82 Gurgaon,28.3932827,76.9545277,1450.0,3,3.0,,1,Semifurnished,Independent/Builder Floor,14500000.0,Gurgaon,P71504138
Sector 90 Gurgaon,28.4069974,76.9365562,1503.0,3,3.0,,1,Semifurnished,Apartment,14000000.0,Gurgaon,G71495850
Sector 83 Gurgaon,28.3963578,76.9654747,1700.0,3,3.0,,1,Semifurnished,Apartment,15000000.0,Gurgaon,R71484492
Sector 37D Gurgaon,28.4480039,76.9697682,1700.0,3,4.0,,5,Semifurnished,Apartment,11000000.0,Gurgaon,Z71484004
Sector 92 Gurgaon,28.4089049,76.9155232,1700.0,3,3.0,,1,Semifurnished,Apartment,17900000.0,Gurgaon,B71483984
Sector 83 Gurgaon,28.3963578,76.9654747,1100.0,2,2.0,,1,Unfurnished,Apartment,9400000.0,Gurgaon,W71483888
Sector 37C Gurgaon,28.4489095,76.9880502,1416.33,3,3.0,,1,Semifurnished,Apartment,11200000.0,Gurgaon,Y71482348
Sector 83 Gurgaon,28.3963578,76.9654747,1200.0,2,2.0,,1,Semifurnished,Apartment,9900000.0,Gurgaon,H71474296
Sector 102 Gurgaon,28.4754872,76.9711747,1650.0,3,4.0,,1,Semifurnished,Apartment,18500000.0,Gurgaon,H71473578
Sector 59 Gurgaon,28.4030162,77.1066682,1650.0,3,3.0,,5,Semifurnished,Apartment,47229000.0,Gurgaon,V71470636
Sector 59 Gurgaon,28.4030162,77.1066682,1650.0,4,4.0,,5,Semifurnished,Apartment,66000000.0,Gurgaon,S71470420
Sector 79 Gurgaon,28.4618719,77.05688,1650.0,3,3.0,,6,Semifurnished,Apartment,17300000.0,Gurgaon,X69382730
Sector 79 Gurgaon,28.4618719,77.05688,1650.0,3,3.0,,6,Semifurnished,Apartment,17500000.0,Gurgaon,W69382820
Sector 79 Gurgaon,28.4618719,77.05688,1650.0,3,4.0,,6,Semifurnished,Apartment,19500000.0,Gurgaon,I69382876
Sector 54 Gurgaon,28.433569,77.1055815,1800.0,3,4.0,,2,Semifurnished,Apartment,58000000.0,Gurgaon,H71458408
Sector-33 Sohna,28.3241636,77.0848644,1411.0,3,4.0,,5,Unknown,Apartment,18750000.0,Gurgaon,X71456594
Sector-33 Sohna,28.3241636,77.0848644,1411.0,3,4.0,,5,Semifurnished,Apartment,18550000.0,Gurgaon,S71453746
Sector 76 Gurgaon,28.3910112,76.9900243,1650.0,3,3.0,,5,Semifurnished,Apartment,34656600.0,Gurgaon,O71452680
Sector 76 Gurgaon,28.3910112,76.9900243,1650.0,3,3.0,,5,Semifurnished,Apartment,27022000.0,Gurgaon,V71452408
Sector 59 Gurgaon,28.4030162,77.1066682,1650.0,3,3.0,,5,Semifurnished,Apartment,46969500.0,Gurgaon,Z71436552
Sector 59 Gurgaon,28.4030162,77.1066682,1650.0,3,3.0,,5,Semifurnished,Apartment,40162500.0,Gurgaon,E71436428
Sector 59 Gurgaon,28.4030162,77.1066682,1650.0,3,3.0,,5,Semifurnished,Apartment,36662500.0,Gurgaon,K71436350
Sector 68 Gurgaon,28.388897,77.0459859,1060.0,2,2.0,,1,Semifurnished,Apartment,10500000.0,Gurgaon,F71431616
Sector 61 Gurgaon,28.4110188,77.0963685,1650.0,2,2.0,,5,Semifurnished,Apartment,14375000.0,Gurgaon,Q71430226
Sector 76 Gurgaon,28.3910112,76.9900243,1650.0,3,2.0,,5,Semifurnished,Apartment,13984200.0,Gurgaon,G71429698
Sector 76 Gurgaon,28.3910112,76.9900243,1650.0,3,3.0,,5,Semifurnished,Apartment,17054400.0,Gurgaon,X71429574
Sector 69 Gurgaon,28.3960701,77.0372311,1650.0,4,5.0,,1,Semifurnished,Apartment,25500000.0,Gurgaon,Y71426232
Sector 65 Gurgaon,28.4030162,77.0695893,1650.0,3,3.0,,5,Semifurnished,Apartment,25675000.0,Gurgaon,E71423100
Sector 65 Gurgaon,28.4030162,77.0695893,1650.0,2,2.0,,5,Semifurnished,Apartment,15762500.0,Gurgaon,Y71423010
Sector 62 Gurgaon,28.407697,77.0823781,1650.0,2,2.0,,6,Semifurnished,Apartment,24500000.0,Gurgaon,U71422932
Sector 62 Gurgaon,28.407697,77.0823781,1650.0,3,3.0,,6,Semifurnished,Apartment,42000000.0,Gurgaon,A71422800
Sector 70 Gurgaon,28.3947261,77.0223138,1161.0,3,5.0,,6,Semifurnished,Apartment,17500000.0,Gurgaon,V71417840
Sector 61 Gurgaon,28.4110188,77.0963685,1627.45,4,4.0,,6,Semifurnished,Apartment,52500000.0,Gurgaon,F71414000
Sector 54 Gurgaon,28.433569,77.1055815,5380.0,5,5.0,,2,Semifurnished,Apartment,137500000.0,Gurgaon,X71413566
Sector-33 Sohna,28.3241636,77.0848644,1000.0,2,2.0,,5,Semifurnished,Apartment,11300000.0,Gurgaon,X71411540
Sector 27 Gurgaon,28.4646566,77.0839505,1836.00000000018,3,3.0,,6,Semifurnished,Independent/Builder Floor,22500000.0,Gurgaon,W71402098
Sector-33 Sohna,28.3241636,77.0848644,1000.0,2,2.0,,5,Semifurnished,Apartment,10800000.0,Gurgaon,O71399096
Sector-33 Sohna,28.3241636,77.0848644,1000.0,2,2.0,,5,Semifurnished,Apartment,11300000.0,Gurgaon,T71398034
Sector 37D Gurgaon,28.4480039,76.9697682,1500.0,3,3.0,,6,Semifurnished,Apartment,11700000.0,Gurgaon,H71395320
Sector-33 Sohna,28.3241636,77.0848644,969.0,2,2.0,,5,Semifurnished,Apartment,11200000.0,Gurgaon,B71393728
Sector-33 Sohna,28.3241636,77.0848644,1000.0,2,2.0,,5,Unknown,Apartment,12700000.0,Gurgaon,V71392176
Sector 79 Gurgaon,28.4618719,77.05688,1500.0,3,3.0,,6,Semifurnished,Apartment,12000000.0,Gurgaon,F71387972
Sector 82 Gurgaon,28.3932827,76.9545277,1650.0,5,6.0,,1,Semifurnished,Apartment,42000000.0,Gurgaon,M71387934
Sector 59 Gurgaon,28.4030162,77.1066682,1432.0,3,3.0,,5,Semifurnished,Apartment,45000000.0,Gurgaon,R69591054
Sector 59 Gurgaon,28.4030162,77.1066682,1855.0,4,4.0,,5,Unknown,Apartment,57711605.0,Gurgaon,Z69592346
Sector 59 Gurgaon,28.4030162,77.1066682,1159.0,3,3.0,,5,Semifurnished,Apartment,40000000.0,Gurgaon,I69592584
Sector 59 Gurgaon,28.4030162,77.1066682,1650.0,3,3.0,,5,Semifurnished,Apartment,36200000.0,Gurgaon,H69665784
Dlf Phase 1,28.4765171,77.090194,2700.0,4,5.0,,6,Semifurnished,Independent/Builder Floor,50000000.0,Gurgaon,R71373518
Sector 57 Gurgaon,28.4232478,77.0804487,1200.0,2,2.0,,3,Semifurnished,Apartment,17000000.0,Gurgaon,W71370770
Sector 65 Gurgaon,28.4030162,77.0695893,3117.0,3,3.0,,1,Semifurnished,Apartment,62500000.0,Gurgaon,Y71370216
Sector-33 Sohna,28.3241636,77.0848644,1000.0,2,2.0,,5,Semifurnished,Apartment,11000000.0,Gurgaon,M71358738
Sector-33 Sohna,28.3241636,77.0848644,950.0,2,2.0,,5,Semifurnished,Apartment,11500000.0,Gurgaon,R71358414
Sector-33 Sohna,28.3241636,77.0848644,1100.0,2,2.0,,5,Semifurnished,Apartment,12800000.0,Gurgaon,W71358360
Dlf Phase 1,28.4765171,77.090194,4500.00000000045,4,5.0,,6,Semifurnished,Independent/Builder Floor,250000000.0,Gurgaon,N71355592
Sector 54 Gurgaon,28.433569,77.1055815,1600.0,3,4.0,,3,Semifurnished,Apartment,52500000.0,Gurgaon,Q71350376
Sector-33 Sohna,28.3241636,77.0848644,1385.0,2,2.0,,5,Semifurnished,Apartment,11800000.0,Gurgaon,D71349586
Sector-33 Sohna,28.3241636,77.0848644,2370.0,4,4.0,,5,Unknown,Independent/Builder Floor,34000000.0,Gurgaon,B71342796
Sector 69 Gurgaon,28.3960701,77.0372311,1650.0,3,3.0,,1,Semifurnished,Apartment,17600000.0,Gurgaon,U71341326
Sector 69 Gurgaon,28.3960701,77.0372311,1650.0,3,3.0,,1,Semifurnished,Apartment,17500000.0,Gurgaon,E71341304
Sector 70 Gurgaon,28.3947261,77.0223138,1161.0,3,5.0,,6,Semifurnished,Apartment,17200000.0,Gurgaon,I71341246
Sector 69 Gurgaon,28.3960701,77.0372311,1650.0,4,6.0,,6,Semifurnished,Apartment,33500000.0,Gurgaon,L71341204
Sector 57 Gurgaon,28.4232478,77.0804487,1650.0,4,4.0,,6,Semifurnished,Independent/Builder Floor,26500000.0,Gurgaon,M71332522
Sector 54 Gurgaon,28.433569,77.1055815,2500.0,4,6.0,,1,Semifurnished,Apartment,70000000.0,Gurgaon,I71331108
Sector 66 Gurgaon,28.3974292,77.0538823,3200.0,4,5.0,,1,Semifurnished,Apartment,47000000.0,Gurgaon,L69644554
Sector 70 Gurgaon,28.3947261,77.0223138,1650.0,4,5.0,,1,Semifurnished,Apartment,19500000.0,Gurgaon,D71229824
Sohna,28.3241636,77.0848644,1000.0,3,3.0,,5,Semifurnished,Independent/Builder Floor,11000000.0,Gurgaon,B71321020
Sector 92 Gurgaon,28.4089049,76.9155232,1650.0,3,4.0,,1,Unfurnished,Apartment,17500000.0,Gurgaon,T71314370
Sector 70 Gurgaon,28.3947261,77.0223138,1650.0,3,3.0,,5,Semifurnished,Apartment,13000000.0,Gurgaon,K71314160
Sector 69 Gurgaon,28.3960701,77.0372311,1650.0,3,3.0,,1,Semifurnished,Apartment,15900000.0,Gurgaon,Z71229620
Sector 113 Gurgaon,28.5286649,77.0250282,1100.0,3,3.0,,5,Semifurnished,Apartment,17800000.0,Gurgaon,X71297744
Sector 113 Gurgaon,28.5286649,77.0250282,1500.0,3,3.0,,5,Semifurnished,Apartment,21500000.0,Gurgaon,B71297530
Sector 83 Gurgaon,28.3963578,76.9654747,1280.0,3,3.0,,2,Semifurnished,Apartment,13000000.0,Gurgaon,R71285988
Sector 83 Gurgaon,28.3963578,76.9654747,1214.0,3,3.0,,2,Semifurnished,Apartment,15500000.0,Gurgaon,N71285760
Sector 58 Gurgaon,28.4160012,77.1085564,1900.0,3,4.0,,3,Semifurnished,Apartment,40000000.0,Gurgaon,F71285690
Sector 43 Gurgaon,28.4487856,77.0988212,3150.0,4,4.0,,2,Semifurnished,Apartment,28000000.0,Gurgaon,P71285574
Sector 37C Gurgaon,28.4489095,76.9880502,1250.0,3,3.0,,6,Semifurnished,Apartment,13100000.0,Gurgaon,B69852494
Sector 63A Gurgaon,28.4618719,77.05688,1150.0,3,3.0,,5,Semifurnished,Independent/Builder Floor,20400000.0,Gurgaon,R69828634
Sector 89 Gurgaon,28.4184455,76.9457567,810.0,2,2.0,,6,Semifurnished,Independent/Builder Floor,9200000.0,Gurgaon,P70048102
Dlf Phase 2,28.483901,77.0846097,3618.00000000036,4,4.0,,6,Semifurnished,Independent/Builder Floor,45000000.0,Gurgaon,G71282984
Sector 70A Gurgaon,28.3846684,77.0220391,1650.0,3,3.0,,1,Semifurnished,Apartment,17800000.0,Gurgaon,A71251986
Sector 85 Gurgaon,28.3985762,76.9547447,1500.0,3,4.0,,1,Semifurnished,Apartment,14000000.0,Gurgaon,W71276334
Sector 65 Gurgaon,28.4030162,77.0695893,1650.0,4,4.0,,2,Semifurnished,Apartment,31000000.0,Gurgaon,O71273904
Sector 53 Gurgaon,28.4487856,77.0988212,1650.0,4,4.0,,3,Semifurnished,Apartment,65000000.0,Gurgaon,Y71273408
Sector 68 Gurgaon,28.388897,77.0459859,1650.0,2,2.0,,1,Semifurnished,Apartment,9000000.0,Gurgaon,I71230048
Sector 58 Gurgaon,28.4160012,77.1085564,1650.0,4,5.0,,1,Semifurnished,Apartment,54500000.0,Gurgaon,S64566530
Sector 66 Gurgaon,28.3974292,77.0538823,1300.0,2,2.0,,2,Semifurnished,Apartment,18000000.0,Gurgaon,I71268818
Sector 81 Gurgaon,28.3873647,76.9475835,1050.0,2,2.0,,1,Semifurnished,Apartment,7100000.0,Gurgaon,L71268588
Sector 62 Gurgaon,28.407697,77.0823781,2000.0,3,3.0,,6,Semifurnished,Apartment,43000000.0,Gurgaon,C71268414
Sector 83 Gurgaon,28.3963578,76.9654747,1500.0,3,3.0,,1,Semifurnished,Apartment,18500000.0,Gurgaon,U71262766
Sector 68 Gurgaon,28.388897,77.0459859,910.0,2,2.0,,5,Semifurnished,Apartment,11638000.0,Gurgaon,Q71258316
Sector 82 Gurgaon,28.3932827,76.9545277,1530.0,3,4.0,,1,Semifurnished,Apartment,12600000.0,Gurgaon,I71233710
Sector 37D Gurgaon,28.4480039,76.9697682,1150.0,3,3.0,,5,Semifurnished,Apartment,7600000.0,Gurgaon,Y71233490
Sector 76 Gurgaon,28.3910112,76.9900243,1650.0,3,3.0,,5,Semifurnished,Apartment,18300000.0,Gurgaon,Q71231730
Sector 69 Gurgaon,28.3960701,77.0372311,1034.31,3,3.0,,5,Semifurnished,Apartment,16500000.0,Gurgaon,P71230944
Sector 68 Gurgaon,28.388897,77.0459859,1650.0,2,2.0,,5,Semifurnished,Apartment,6500000.0,Gurgaon,E71230138
Sector 70A Gurgaon,28.3846684,77.0220391,1650.0,3,3.0,,1,Semifurnished,Independent/Builder Floor,10000000.0,Gurgaon,N71229100
Sector 113 Gurgaon,28.5286649,77.0250282,2249.0,4,4.0,,5,Semifurnished,Apartment,24000000.0,Gurgaon,K71217888
Sector 113 Gurgaon,28.5286649,77.0250282,2000.0,4,4.0,,5,Semifurnished,Apartment,27000000.0,Gurgaon,S71217520
Sector 90 Gurgaon,28.4069974,76.9365562,1500.0,3,4.0,,1,Semifurnished,Apartment,9700000.0,Gurgaon,N70878872
Sector 65 Gurgaon,28.4030162,77.0695893,4495.0,4,4.0,,1,Semifurnished,Apartment,123500000.0,Gurgaon,Y71216230
Sector 70 Gurgaon,28.3947261,77.0223138,788.0,2,2.0,,6,Semifurnished,Apartment,11800000.0,Gurgaon,N71210588
Greenwood City,28.4449095,77.0611408,2160.00000000021,3,4.0,,6,Semifurnished,Independent/Builder Floor,29000000.0,Gurgaon,L71202346
Greenwood City,28.4449095,77.0611408,2160.00000000021,3,4.0,,6,Semifurnished,Independent/Builder Floor,27500000.0,Gurgaon,W71200488
Sector 76 Gurgaon,28.3910112,76.9900243,1650.0,3,3.0,,5,Unfurnished,Apartment,27480795.0,Gurgaon,D71200290
Sector 62 Gurgaon,28.407697,77.0823781,1650.0,3,3.0,,6,Semifurnished,Apartment,41500000.0,Gurgaon,I71197114
Dlf Phase 2,28.483901,77.0846097,1400.0,3,3.0,,2,Semifurnished,Apartment,19900000.0,Gurgaon,E71196056
Sector 109 Gurgaon,28.5109205,77.0065956,1650.0,3,4.0,,2,Semifurnished,Apartment,20100000.0,Gurgaon,I71195670
Sector 37D Gurgaon,28.4480039,76.9697682,1500.0,3,3.0,,6,Semifurnished,Apartment,11500000.0,Gurgaon,O71188060
Sector 70 Gurgaon,28.3947261,77.0223138,788.0,2,2.0,,6,Semifurnished,Apartment,12000000.0,Gurgaon,U71169590
Sector 69 Gurgaon,28.3960701,77.0372311,1650.0,4,5.0,,2,Semifurnished,Apartment,25800000.0,Gurgaon,A71169352
Sector 69 Gurgaon,28.3960701,77.0372311,1650.0,4,5.0,,2,Semifurnished,Apartment,26000000.0,Gurgaon,K71169188
Sector-33 Sohna,28.3241636,77.0848644,2400.0,4,4.0,,5,Semifurnished,Independent/Builder Floor,33000000.0,Gurgaon,M71168264
Sector 92 Gurgaon,28.4089049,76.9155232,952.0,2,2.0,,5,Semifurnished,Apartment,8907250.0,Gurgaon,W71163148
Sector 92 Gurgaon,28.4089049,76.9155232,1145.0,3,2.0,,5,Semifurnished,Apartment,10333750.0,Gurgaon,H71162870
Sector-33 Sohna,28.3241636,77.0848644,1200.0,3,3.0,,5,Semifurnished,Apartment,18500000.0,Gurgaon,G71156282
Sector-33 Sohna,28.3241636,77.0848644,1411.0,3,3.0,,5,Semifurnished,Apartment,18650000.0,Gurgaon,V71156142
Sector-33 Sohna,28.3241636,77.0848644,1310.0,3,3.0,,5,Semifurnished,Apartment,18700000.0,Gurgaon,B71156066
Sector 70 Gurgaon,28.3947261,77.0223138,1650.0,5,6.0,,1,Semifurnished,Apartment,36000000.0,Gurgaon,T71133496
Sector 69 Gurgaon,28.3960701,77.0372311,1650.0,4,6.0,,6,Semifurnished,Apartment,34000000.0,Gurgaon,R71133174
Sector 67 Gurgaon,28.3864052,77.0598046,1900.0,3,3.0,,6,Semifurnished,Apartment,34000000.0,Gurgaon,O71129938
Sector 76 Gurgaon,28.3910112,76.9900243,2500.0,3,3.0,,5,Semifurnished,Apartment,33750000.0,Gurgaon,H71123138
Sector 65 Gurgaon,28.4030162,77.0695893,1300.0,2,2.0,,6,Semifurnished,Apartment,24256000.0,Gurgaon,X71108260
Sector 76 Gurgaon,28.3910112,76.9900243,1650.0,3,3.0,,5,Semifurnished,Independent/Builder Floor,16500000.0,Gurgaon,E69875212
Sector 59 Gurgaon,28.4030162,77.1066682,1650.0,3,4.0,,6,Semifurnished,Apartment,47000000.0,Gurgaon,K69976502
Sector 59 Gurgaon,28.4030162,77.1066682,1650.0,3,4.0,,6,Semifurnished,Apartment,47500000.0,Gurgaon,K69976592
Sector 59 Gurgaon,28.4030162,77.1066682,1650.0,3,4.0,,6,Semifurnished,Apartment,48500000.0,Gurgaon,V69976678
Sector 99A Gurgaon,28.4554059,76.9510278,850.0,2,2.0,,6,Semifurnished,Apartment,12800000.0,Gurgaon,K71089140
Sushant Lok Phase 1,28.4545693,77.0826249,2700.00000000027,4,4.0,,1,Semifurnished,Independent/Builder Floor,28000000.0,Gurgaon,Y71083756
Mg Road,28.4769607,77.0662688,2660.0,4,4.0,,5,Semifurnished,Apartment,73100000.0,Gurgaon,T71082898
Mg Road,28.4769607,77.0662688,1591.0,3,4.0,,5,Semifurnished,Apartment,62100000.0,Gurgaon,H71082780
Sector 63A Gurgaon,28.4618719,77.05688,1970.0,3,2.0,,6,Semifurnished,Apartment,20500000.0,Gurgaon,T71082666
Sector 67 Gurgaon,28.3864052,77.0598046,2400.0,3,4.0,,1,Semifurnished,Apartment,35000000.0,Gurgaon,N69311428
Dlf Phase 5,28.503445,77.0952048,2400.0,4,4.0,,2,Semifurnished,Apartment,55000000.0,Gurgaon,D71063672
Sector 65 Gurgaon,28.4030162,77.0695893,1231.0,3,4.0,,1,Semifurnished,Apartment,49900000.0,Gurgaon,F71061928
Sector 65 Gurgaon,28.4030162,77.0695893,3745.0,4,5.0,,1,Semifurnished,Apartment,78900000.0,Gurgaon,A71061696
Sector 62 Gurgaon,28.407697,77.0823781,2103.0,3,4.0,,6,Semifurnished,Apartment,41000000.0,Gurgaon,G71060992
Sector 107 Gurgaon,28.506941,76.9752137,1650.0,4,5.0,,1,Semifurnished,Apartment,22500000.0,Gurgaon,E71060844
Sector 68 Gurgaon,28.388897,77.0459859,1650.0,3,3.0,,6,Semifurnished,Apartment,16500000.0,Gurgaon,F71060688
Sector 107 Gurgaon,28.506941,76.9752137,1650.0,3,3.0,,1,Semifurnished,Apartment,14000000.0,Gurgaon,I71057938
Sector 37D Gurgaon,28.4480039,76.9697682,1500.0,3,3.0,,6,Semifurnished,Apartment,11500000.0,Gurgaon,O71056174
Sector 54 Gurgaon,28.433569,77.1055815,12000.0,8,8.0,,2,Semifurnished,Apartment,155000000.0,Gurgaon,G71038146
Sector 68 Gurgaon,28.388897,77.0459859,1650.0,3,3.0,,6,Semifurnished,Apartment,15800000.0,Gurgaon,T71038036
Sector 113 Gurgaon,28.5286649,77.0250282,1585.0,3,4.0,,6,Semifurnished,Apartment,31900000.0,Gurgaon,B71035962
Gwal Pahari,28.4326344,77.1480585,5800.0,4,5.0,,1,Semifurnished,Apartment,52500000.0,Gurgaon,B71035232
Sector 61 Gurgaon,28.4110188,77.0963685,2850.0,4,5.0,,2,Unfurnished,Apartment,35000000.0,Gurgaon,L71035078
Sector 30 Gurgaon,28.4618719,77.05688,4290.0,4,5.0,,3,Semifurnished,Apartment,70000000.0,Gurgaon,I71034886
Sector 30 Gurgaon,28.4618719,77.05688,2850.0,4,5.0,,3,Semifurnished,Apartment,41000000.0,Gurgaon,N71034824
Sector 30 Gurgaon,28.4618719,77.05688,2350.0,3,4.0,,3,Unfurnished,Apartment,32000000.0,Gurgaon,Y71034790
Sector 54 Gurgaon,28.433569,77.1055815,4585.0,5,7.0,,2,Semifurnished,Apartment,115000000.0,Gurgaon,K71034480
Dlf Phase 3,28.4919048,77.0937804,3250.0,3,4.0,,3,Semifurnished,Apartment,44000000.0,Gurgaon,G71034286
Dlf Phase 3,28.4919048,77.0937804,2670.0,3,4.0,,3,Semifurnished,Apartment,37500000.0,Gurgaon,D71034232
Sector 63A Gurgaon,28.4618719,77.05688,1245.0,3,3.0,,5,Semifurnished,Independent/Builder Floor,21000000.0,Gurgaon,Y71031902
Sector 61 Gurgaon,28.4110188,77.0963685,950.0,2,3.0,,5,Semifurnished,Apartment,18000000.0,Gurgaon,W71031614
Sector 107 Gurgaon,28.506941,76.9752137,1366.0,2,2.0,,1,Semifurnished,Apartment,8500000.0,Gurgaon,J71030216
Sector 67A Gurgaon,28.4618719,77.05688,2100.0,4,4.0,,6,Semifurnished,Independent/Builder Floor,19500000.0,Gurgaon,C71029870
Sector 89 Gurgaon,28.4184455,76.9457567,1423.0,3,3.0,,5,Semifurnished,Independent/Builder Floor,12000000.0,Gurgaon,Y71029124
Sector 83 Gurgaon,28.3963578,76.9654747,1100.0,3,3.0,,6,Semifurnished,Apartment,7600000.0,Gurgaon,D71026714
Dlf Phase 1,28.4765171,77.090194,2250.0,4,4.0,,3,Semifurnished,Apartment,25000000.0,Gurgaon,X71023810
Sector 54 Gurgaon,28.433569,77.1055815,2700.0,3,4.0,,1,Semifurnished,Apartment,95000000.0,Gurgaon,M71023746
Sector 54 Gurgaon,28.433569,77.1055815,3100.0,4,4.0,,1,Semifurnished,Apartment,110000000.0,Gurgaon,R71023724
Sector 54 Gurgaon,28.433569,77.1055815,3500.0,4,6.0,,1,Semifurnished,Apartment,132500000.0,Gurgaon,T71023710
Sector 53 Gurgaon,28.4487856,77.0988212,2450.0,3,5.0,,2,Semifurnished,Apartment,51000000.0,Gurgaon,S71023628
Sector 53 Gurgaon,28.4487856,77.0988212,3110.0,4,5.0,,2,Semifurnished,Apartment,65000000.0,Gurgaon,L71023612
Sector 53 Gurgaon,28.4487856,77.0988212,3925.0,5,6.0,,2,Semifurnished,Apartment,80000000.0,Gurgaon,K71023582
Sector 63 Gurgaon,28.3964476,77.086498,1650.0,3,3.0,,6,Semifurnished,Apartment,24300000.0,Gurgaon,J71023514
Sector 53 Gurgaon,28.4487856,77.0988212,2895.0,3,4.0,,2,Semifurnished,Apartment,50000000.0,Gurgaon,J71023486
Sector 53 Gurgaon,28.4487856,77.0988212,3390.0,4,6.0,,2,Semifurnished,Apartment,70000000.0,Gurgaon,Y71023470
Sector 53 Gurgaon,28.4487856,77.0988212,4850.0,5,6.0,,2,Semifurnished,Apartment,100000000.0,Gurgaon,S71023430
Dlf Phase 2,28.483901,77.0846097,3000.0,4,5.0,,3,Semifurnished,Apartment,51000000.0,Gurgaon,T71023352
Heritage City,28.4817226,77.0784621,3900.0,4,5.0,,3,Semifurnished,Apartment,60000000.0,Gurgaon,F71023276
Heritage City,28.4817226,77.0784621,3250.0,4,4.0,,3,Semifurnished,Apartment,48000000.0,Gurgaon,O71023252
Heritage City,28.4817226,77.0784621,2550.0,4,4.0,,3,Semifurnished,Apartment,37500000.0,Gurgaon,O71023230
Sector 113 Gurgaon,28.5286649,77.0250282,800.0,2,2.0,,6,Semifurnished,Apartment,15000000.0,Gurgaon,Z71023180
Heritage City,28.4817226,77.0784621,1960.0,3,4.0,,3,Semifurnished,Apartment,31000000.0,Gurgaon,G71023174
Heritage City,28.4817226,77.0784621,1650.0,3,3.0,,3,Semifurnished,Apartment,24000000.0,Gurgaon,M71023122
Heritage City,28.4817226,77.0784621,1250.0,2,3.0,,3,Semifurnished,Apartment,21000000.0,Gurgaon,D71023088
Sector 113 Gurgaon,28.5286649,77.0250282,1400.0,3,3.0,,5,Semifurnished,Apartment,20000000.0,Gurgaon,J71022970
Sector 113 Gurgaon,28.5286649,77.0250282,1000.0,2,2.0,,5,Semifurnished,Apartment,15000000.0,Gurgaon,U71022618
Sector 113 Gurgaon,28.5286649,77.0250282,1000.0,2,2.0,,5,Semifurnished,Apartment,14000000.0,Gurgaon,F71021964
Sector 61 Gurgaon,28.4110188,77.0963685,1549.0,3,3.0,,5,Semifurnished,Apartment,22500000.0,Gurgaon,S71021248
Sector 113 Gurgaon,28.5286649,77.0250282,1700.0,3,3.0,,5,Semifurnished,Apartment,22000000.0,Gurgaon,J71021058
Sector 68 Gurgaon,28.388897,77.0459859,1650.0,2,2.0,,6,Semifurnished,Apartment,12500000.0,Gurgaon,Y71019776
Sector 68 Gurgaon,28.388897,77.0459859,1650.0,3,3.0,,6,Semifurnished,Apartment,16000000.0,Gurgaon,T71019406
Sector 81 Gurgaon,28.3873647,76.9475835,1650.0,4,4.0,,1,Semifurnished,Apartment,36500000.0,Gurgaon,K71011528
Sector 59 Gurgaon,28.4030162,77.1066682,3025.0,3,4.0,,1,Semifurnished,Apartment,58500000.0,Gurgaon,X71010524
Sector 79 Gurgaon,28.4618719,77.05688,1200.0,3,3.0,,5,Semifurnished,Independent/Builder Floor,14500000.0,Gurgaon,S71007754
Sector 58 Gurgaon,28.4160012,77.1085564,1650.0,4,5.0,,1,Semifurnished,Apartment,55000000.0,Gurgaon,X70995896
Sector 58 Gurgaon,28.4160012,77.1085564,1650.0,3,4.0,,1,Semifurnished,Apartment,38000000.0,Gurgaon,Z70995388
Sector 60 Gurgaon,28.3985617,77.0978276,1650.0,4,5.0,,1,Semifurnished,Apartment,45000000.0,Gurgaon,V70994274
Sector 60 Gurgaon,28.3985617,77.0978276,1650.0,3,4.0,,1,Semifurnished,Apartment,34500000.0,Gurgaon,J70993958
Sector 60 Gurgaon,28.3985617,77.0978276,1650.0,2,2.0,,1,Semifurnished,Apartment,21500000.0,Gurgaon,O70991106
Sector 60 Gurgaon,28.3985617,77.0978276,2060.0,3,4.0,,1,Semifurnished,Apartment,31000000.0,Gurgaon,Y70990634
Sector 65 Gurgaon,28.4030162,77.0695893,1212.0,3,4.0,,1,Semifurnished,Apartment,47500000.0,Gurgaon,U70990488
Sector 65 Gurgaon,28.4030162,77.0695893,1650.0,3,3.0,,1,Semifurnished,Apartment,88500000.0,Gurgaon,I70989720
Sector 65 Gurgaon,28.4030162,77.0695893,1650.0,3,3.0,,1,Semifurnished,Apartment,59000000.0,Gurgaon,P70989438
Sector 66 Gurgaon,28.3974292,77.0538823,1650.0,4,4.0,,1,Semifurnished,Apartment,65000000.0,Gurgaon,R70988672
Sector 66 Gurgaon,28.3974292,77.0538823,1650.0,3,3.0,,1,Semifurnished,Apartment,32500000.0,Gurgaon,P70988292
Sector 85 Gurgaon,28.3985762,76.9547447,1650.0,4,4.0,,1,Semifurnished,Apartment,25000000.0,Gurgaon,T70987692
Sector 62 Gurgaon,28.407697,77.0823781,1650.0,2,2.0,,6,Semifurnished,Apartment,24500000.0,Gurgaon,N70986574
Sector 62 Gurgaon,28.407697,77.0823781,1650.0,3,3.0,,6,Semifurnished,Apartment,43000000.0,Gurgaon,L70986046
Sector 57 Gurgaon,28.4232478,77.0804487,1650.0,3,3.0,,6,Semifurnished,Independent/Builder Floor,25000000.0,Gurgaon,C70973970
Sector 57 Gurgaon,28.4232478,77.0804487,1650.0,4,4.0,,6,Semifurnished,Independent/Builder Floor,24500000.0,Gurgaon,V70973684
Sector 67 Gurgaon,28.3864052,77.0598046,1650.0,4,4.0,,1,Semifurnished,Apartment,52000000.0,Gurgaon,N70969390
Sector 67 Gurgaon,28.3864052,77.0598046,1650.0,3,3.0,,1,Semifurnished,Apartment,31000000.0,Gurgaon,M70969196
Sector 31 Gurgaon,28.4540044,77.0497179,2400.0,4,6.0,,2,Semifurnished,Apartment,50000000.0,Gurgaon,B70968982
Sector 67 Gurgaon,28.3864052,77.0598046,1650.0,3,4.0,,1,Semifurnished,Apartment,35000000.0,Gurgaon,T70968966
Sector-33 Sohna,28.3241636,77.0848644,995.0,2,2.0,,5,Semifurnished,Apartment,11000000.0,Gurgaon,L70954102
Sector 81 Gurgaon,28.3873647,76.9475835,1650.0,4,4.0,,1,Semifurnished,Apartment,33000000.0,Gurgaon,R70952432
Sector-33 Sohna,28.3241636,77.0848644,2400.0,4,4.0,,5,Semifurnished,Independent/Builder Floor,36000000.0,Gurgaon,O70942572
Sector 83 Gurgaon,28.3963578,76.9654747,986.9,3,3.0,,1,Semifurnished,Apartment,12500000.0,Gurgaon,Q70938390
Sector 63 Gurgaon,28.3964476,77.086498,2200.0,3,4.0,,5,Semifurnished,Apartment,28000000.0,Gurgaon,G70930714
Sector 63 Gurgaon,28.3964476,77.086498,4770.00000000047,5,6.0,,6,Semifurnished,Independent/Builder Floor,52000000.0,Gurgaon,W70914266
Sector 63A Gurgaon,28.4618719,77.05688,1100.0,3,3.0,,5,Semifurnished,Independent/Builder Floor,18500000.0,Gurgaon,T70911062
Sushant Lok Phase 1,28.4545693,77.0826249,1650.0,4,4.0,,1,Semifurnished,Independent/Builder Floor,27500000.0,Gurgaon,T69311016
Sector 72 Gurgaon,28.3943815,77.032363,1650.0,3,4.0,,1,Semifurnished,Apartment,37800000.0,Gurgaon,K69766172
Sector 72 Gurgaon,28.3943815,77.032363,1650.0,3,4.0,,1,Semifurnished,Apartment,35000000.0,Gurgaon,D69766400
Sector 61 Gurgaon,28.4110188,77.0963685,1650.0,2,2.0,,5,Semifurnished,Apartment,14030000.0,Gurgaon,X70892228
Sector 61 Gurgaon,28.4110188,77.0963685,1650.0,3,3.0,,5,Semifurnished,Apartment,19886000.0,Gurgaon,X70892128
Sector 65 Gurgaon,28.4030162,77.0695893,1650.0,2,2.0,,5,Semifurnished,Apartment,15132000.0,Gurgaon,O70892062
Sector 37D Gurgaon,28.4480039,76.9697682,1100.0,2,2.0,,1,Semifurnished,Apartment,8200000.0,Gurgaon,B70881712
Sector 62 Gurgaon,28.407697,77.0823781,1650.0,2,2.0,,6,Semifurnished,Apartment,24000000.0,Gurgaon,H69537854
Sector 42 Gurgaon,28.4487856,77.0988212,5500.0,4,4.0,,2,Unfurnished,Apartment,320000000.0,Gurgaon,L70878396
Dlf Phase 5,28.503445,77.0952048,2610.0,4,5.0,,2,Semifurnished,Apartment,52500000.0,Gurgaon,V70875532
Dlf Phase 5,28.503445,77.0952048,4000.0,4,6.0,,2,Semifurnished,Apartment,82500000.0,Gurgaon,T70875132
Sector 92 Gurgaon,28.4089049,76.9155232,1700.0,3,3.0,,1,Semifurnished,Apartment,18000000.0,Gurgaon,P70874944
Sector 54 Gurgaon,28.433569,77.1055815,4200.0,4,5.0,,2,Semifurnished,Apartment,102500000.0,Gurgaon,J70874900
Sector 54 Gurgaon,28.433569,77.1055815,3000.0,4,5.0,,2,Semifurnished,Apartment,70000000.0,Gurgaon,F70874758
Sector 54 Gurgaon,28.433569,77.1055815,3500.0,4,5.0,,2,Semifurnished,Apartment,90000000.0,Gurgaon,P70874636
Sector 67 Gurgaon,28.3864052,77.0598046,2600.0,4,5.0,,1,Semifurnished,Apartment,45000000.0,Gurgaon,W70871984
Sector-33 Sohna,28.3241636,77.0848644,1450.0,3,3.0,,5,Semifurnished,Apartment,18750000.0,Gurgaon,V70868974
Sector 99 Gurgaon,28.4645549,76.9628585,795.13,2,2.0,,5,Semifurnished,Apartment,11600000.0,Gurgaon,S70864608
Sector 63A Gurgaon,28.4618719,77.05688,1440.00000000014,3,3.0,,6,Semifurnished,Independent/Builder Floor,20000000.0,Gurgaon,D70854574
Sector 63 Gurgaon,28.3964476,77.086498,3420.00000000034,4,5.0,,6,Semifurnished,Independent/Builder Floor,38000000.0,Gurgaon,I70854362
Sector 68 Gurgaon,28.388897,77.0459859,1650.0,2,1.0,,5,Semifurnished,Apartment,6950000.0,Gurgaon,Q70853510
Sector 59 Gurgaon,28.4030162,77.1066682,1650.0,3,4.0,,1,Semifurnished,Apartment,45300000.0,Gurgaon,L69725354
Sector 59 Gurgaon,28.4030162,77.1066682,1650.0,3,4.0,,1,Semifurnished,Apartment,49500000.0,Gurgaon,H69725370
Sector 59 Gurgaon,28.4030162,77.1066682,1650.0,3,4.0,,5,Semifurnished,Apartment,44500000.0,Gurgaon,A69725392
Sector 59 Gurgaon,28.4030162,77.1066682,1650.0,3,4.0,,5,Semifurnished,Apartment,42300000.0,Gurgaon,C69725412
Sector 83 Gurgaon,28.3963578,76.9654747,1050.0,2,2.0,,6,Semifurnished,Apartment,9000000.0,Gurgaon,I70845660
Sector 65 Gurgaon,28.4030162,77.0695893,1650.0,3,4.0,,6,Semifurnished,Apartment,41000000.0,Gurgaon,C69664024
Gwal Pahari,28.4326344,77.1480585,1650.0,3,3.0,,6,Semifurnished,Independent/Builder Floor,14350000.0,Gurgaon,A69692670
Sector 54 Gurgaon,28.433569,77.1055815,1650.0,4,5.0,,1,Semifurnished,Apartment,62000000.0,Gurgaon,J69693756
Sector 85 Gurgaon,28.3985762,76.9547447,1650.0,4,5.0,,6,Semifurnished,Apartment,21500000.0,Gurgaon,P70837032
Mg Road,28.4769607,77.0662688,2600.0,3,4.0,,6,Semifurnished,Apartment,55000000.0,Gurgaon,R70835324
Chakkarpur,28.4715202,77.0913233,3850.0,4,5.0,,3,Semifurnished,Apartment,55000000.0,Gurgaon,N70834854
Dlf Phase 2,28.483901,77.0846097,3850.0,4,5.0,,2,Semifurnished,Apartment,92500000.0,Gurgaon,Z70834340
Dlf Phase 2,28.483901,77.0846097,1750.0,4,4.0,,3,Semifurnished,Apartment,26000000.0,Gurgaon,H70833998
Dlf Phase 2,28.483901,77.0846097,1750.0,4,4.0,,3,Semifurnished,Apartment,24500000.0,Gurgaon,U70833874
Dlf Phase 2,28.483901,77.0846097,2250.0,4,5.0,,3,Semifurnished,Apartment,35000000.0,Gurgaon,U70833752
Sector 54 Gurgaon,28.433569,77.1055815,2750.0,4,5.0,,2,Semifurnished,Apartment,70000000.0,Gurgaon,K70833598
Dlf Phase 5,28.503445,77.0952048,2810.0,4,5.0,,3,Semifurnished,Apartment,52500000.0,Gurgaon,D70833404
Dlf Phase 5,28.503445,77.0952048,2610.0,4,5.0,,3,Semifurnished,Apartment,48000000.0,Gurgaon,B70833324
Dlf Phase 4,28.4919048,77.0937804,2050.0,3,4.0,,3,Semifurnished,Apartment,37000000.0,Gurgaon,H70833140
Sector 102 Gurgaon,28.4754872,76.9711747,1350.0,3,3.0,,6,Semifurnished,Apartment,22000000.0,Gurgaon,V70810048
Sector 83 Gurgaon,28.3963578,76.9654747,1400.0,3,3.0,,1,Semifurnished,Apartment,19000000.0,Gurgaon,A70807792
Sector 53 Gurgaon,28.4487856,77.0988212,1650.0,3,4.0,,5,Unfurnished,Apartment,60100000.0,Gurgaon,T70798878
Sector 49 Gurgaon,28.4127374,77.0555164,2183.0,4,4.0,,2,Semifurnished,Apartment,28000000.0,Gurgaon,P70789182
Sector 85 Gurgaon,28.3985762,76.9547447,1316.0,3,4.0,,1,Semifurnished,Apartment,8500000.0,Gurgaon,B70786838
Sector 85 Gurgaon,28.3985762,76.9547447,892.0,2,2.0,,1,Semifurnished,Apartment,6500000.0,Gurgaon,Y70785852
Sector 65 Gurgaon,28.4030162,77.0695893,1650.0,3,3.0,,5,Semifurnished,Apartment,25500000.0,Gurgaon,M70784268
Sector 42 Gurgaon,28.4487856,77.0988212,1650.0,4,4.0,,2,Semifurnished,Apartment,295000000.0,Gurgaon,I70784228
Sector 41 Gurgaon,28.4433686,77.0552345,1812.0,3,3.0,,2,Semifurnished,Apartment,22500000.0,Gurgaon,R69460282
Sector 42 Gurgaon,28.4487856,77.0988212,1650.0,4,4.0,,2,Semifurnished,Apartment,265000000.0,Gurgaon,X70782908
Sector 65 Gurgaon,28.4030162,77.0695893,1650.0,3,3.0,,5,Semifurnished,Apartment,22850000.0,Gurgaon,E70782790
Sector 65 Gurgaon,28.4030162,77.0695893,1650.0,2,2.0,,5,Semifurnished,Apartment,15762500.0,Gurgaon,V70782716
Sector 102 Gurgaon,28.4754872,76.9711747,1220.0,3,3.0,,5,Semifurnished,Apartment,19000000.0,Gurgaon,H70756490
Sector 31 Gurgaon,28.4540044,77.0497179,1650.0,4,6.0,,2,Unknown,Apartment,48000000.0,Gurgaon,B70442724
Sector 31 Gurgaon,28.4540044,77.0497179,1650.0,3,3.0,,2,Semifurnished,Apartment,37500000.0,Gurgaon,T70442522
Nirvana Country,28.4150509,77.0642955,1650.0,3,4.0,,2,Semifurnished,Apartment,18800000.0,Gurgaon,S70366590
Nirvana Country,28.4150509,77.0642955,1300.0,3,4.0,,2,Semifurnished,Apartment,18500000.0,Gurgaon,D70362076
Dlf Phase 1,28.4765171,77.090194,2430.00000000024,4,3.0,,6,Semifurnished,Independent/Builder Floor,36500000.0,Gurgaon,S66757626
Dlf Phase 3,28.4919048,77.0937804,1650.0,4,5.0,,2,Unfurnished,Apartment,120000000.0,Gurgaon,R67556168
Sector 49 Gurgaon,28.4127374,77.0555164,1859.0,3,3.0,,2,Unknown,Apartment,20000000.0,Gurgaon,Z70270156
Dlf Phase 1,28.4765171,77.090194,1650.0,4,5.0,,6,Semifurnished,Independent/Builder Floor,47500000.0,Gurgaon,F68794774
Sector 49 Gurgaon,28.4127374,77.0555164,1675.0,3,4.0,,1,Semifurnished,Apartment,22500000.0,Gurgaon,O70263742
Sector 102 Gurgaon,28.4754872,76.9711747,3200.0,4,4.0,,1,Semifurnished,Apartment,44500000.0,Gurgaon,N70217576
Sector 111 Gurgaon,28.5222773,77.0336203,1650.0,4,5.0,,1,Semifurnished,Apartment,38000000.0,Gurgaon,O70024936
Sector 86 Gurgaon,28.3981205,76.9411257,1300.0,3,2.0,,1,Semifurnished,Apartment,7000000.0,Gurgaon,N69984512
Sector 54 Gurgaon,28.433569,77.1055815,1650.0,3,5.0,,1,Semifurnished,Apartment,87500000.0,Gurgaon,F69918458
Sushant Lok Phase 2,28.464228,77.076724,4500.0,5,5.0,,6,Semifurnished,Independent/Builder Floor,42500000.0,Gurgaon,Y69906404
Sushant Lok Phase 2,28.464228,77.076724,1650.0,4,4.0,,1,Semifurnished,Independent/Builder Floor,36200000.0,Gurgaon,Q69311562
Sector 66 Gurgaon,28.3974292,77.0538823,1650.0,2,2.0,,2,Unfurnished,Apartment,17000000.0,Gurgaon,N69806570
Sector 67 Gurgaon,28.3864052,77.0598046,1400.0,3,3.0,,1,Semifurnished,Apartment,29000000.0,Gurgaon,B69803496
Sector 43 Gurgaon,28.4487856,77.0988212,4500.0,4,6.0,,6,Semifurnished,Independent/Builder Floor,52000000.0,Gurgaon,I69678248
Sector 43 Gurgaon,28.4487856,77.0988212,1960.0,3,3.0,,6,Semifurnished,Independent/Builder Floor,23500000.0,Gurgaon,L69680312
Sector 47 Gurgaon,28.4268461,77.0584252,1650.0,3,5.0,,2,Semifurnished,Apartment,45000000.0,Gurgaon,B69684448
C Block Sushant Lok Phase 1,28.4545693,77.0826249,1650.0,3,3.0,,1,Semifurnished,Independent/Builder Floor,19000000.0,Gurgaon,V69382418
Mg Road,28.4769607,77.0662688,1591.0,3,4.0,,5,Semifurnished,Apartment,59900000.0,Gurgaon,L67803080
Sector 37C Gurgaon,28.4489095,76.9880502,516.0,2,2.0,,1,Semifurnished,Apartment,3700000.0,Gurgaon,L64551602
Sector 93 Gurgaon,28.4156048,76.931638,539.38,2,2.0,,5,Semifurnished,Apartment,4000000.0,Gurgaon,T64653912
Sector 81 Gurgaon,28.3873647,76.9475835,630.0,2,2.0,,5,Semifurnished,Apartment,2862000.0,Gurgaon,O69785254
Sector 90 Gurgaon,28.4069974,76.9365562,613.15,2,2.0,,5,Semifurnished,Apartment,3200000.0,Gurgaon,N70650786
Sec 90,28.4069974,76.9365562,623.0,2,2.0,,5,Semifurnished,Apartment,3250000.0,Gurgaon,U70629840
Sector 37D Gurgaon,28.4480039,76.9697682,1668.0,3,3.0,,5,Unfurnished,Independent/Builder Floor,10969140.0,Gurgaon,F64726162
Sector 37D Gurgaon,28.4480039,76.9697682,735.0,2,2.0,,5,Unfurnished,Independent/Builder Floor,7310100.0,Gurgaon,W64726656
Sector 104 Gurgaon,28.4795324,76.9937197,515.0,2,2.0,,5,Semifurnished,Apartment,2250970.0,Gurgaon,V64715410
Sector 88A Gurgaon,28.4337898,76.9539433,542.0,2,2.0,,5,Semifurnished,Apartment,4130000.0,Gurgaon,Q64721080
Sohna,28.3241636,77.0848644,481.01,2,2.0,,6,Semifurnished,Apartment,2500000.0,Gurgaon,B64545360
Sector 76 Gurgaon,28.3910112,76.9900243,6684.39124678428,2,2.0,,5,Semifurnished,Apartment,4500000.0,Gurgaon,Z69278898
Sector 37C Gurgaon,28.4489095,76.9880502,516.0,2,2.0,,1,Semifurnished,Apartment,3100000.0,Gurgaon,V64550800
Sector 76 Gurgaon,28.3910112,76.9900243,635.0,2,2.0,,5,Semifurnished,Apartment,4450000.0,Gurgaon,A64638024
Sector 81 Gurgaon,28.3873647,76.9475835,581.0,2,2.0,,5,Semifurnished,Apartment,2380000.0,Gurgaon,Y64639680
Sector 81 Gurgaon,28.3873647,76.9475835,994.0,3,2.0,,5,Unfurnished,Independent/Builder Floor,8199716.0,Gurgaon,Y64561130
Sector 92 Gurgaon,28.4089049,76.9155232,1277.0,3,2.0,,5,Unfurnished,Independent/Builder Floor,10098500.0,Gurgaon,Z64568162
Sector 92 Gurgaon,28.4089049,76.9155232,837.0,2,2.0,,5,Unfurnished,Independent/Builder Floor,6214249.0,Gurgaon,W64568594
Sector 108 Gurgaon,28.5128994,76.9823615,488.35,2,2.0,,5,Semifurnished,Apartment,2700000.0,Gurgaon,V64542732
Sector 108 Gurgaon,28.5128994,76.9823615,512.0,2,2.0,,1,Semifurnished,Apartment,3800000.0,Gurgaon,M64533948
Sector 99 Gurgaon,28.4645549,76.9628585,955.0,2,2.0,,1,Semifurnished,Apartment,12283635.0,Gurgaon,I69031290
Sector 99 Gurgaon,28.4645549,76.9628585,1985.0,4,5.0,,1,Unfurnished,Apartment,25512165.0,Gurgaon,E69029326
Sector 37D Gurgaon,28.4480039,76.9697682,1650.0,3,3.0,,5,Semifurnished,Independent/Builder Floor,10500000.0,Gurgaon,X66311906
Sector 104 Gurgaon,28.4795324,76.9937197,642.35,2,2.0,,5,Semifurnished,Apartment,2797784.0,Gurgaon,N67529644
Sector 92 Gurgaon,28.4089049,76.9155232,1650.0,2,2.0,,5,Semifurnished,Independent/Builder Floor,7975000.0,Gurgaon,O66927508
Sector 37D Gurgaon,28.4480039,76.9697682,1535.0,3,3.0,,5,Semifurnished,Independent/Builder Floor,12000000.0,Gurgaon,Y66311112
Sector 37D Gurgaon,28.4480039,76.9697682,1650.0,3,3.0,,5,Semifurnished,Independent/Builder Floor,12900000.0,Gurgaon,Z66311714
Sector 89 Gurgaon,28.4184455,76.9457567,581.0,2,2.0,,5,Semifurnished,Apartment,4200000.0,Gurgaon,N66905870
Sector 89 Gurgaon,28.4184455,76.9457567,590.16,2,2.0,,5,Semifurnished,Apartment,4300000.0,Gurgaon,I66905918
Sector 108 Gurgaon,28.5128994,76.9823615,645.78,3,2.0,,5,Semifurnished,Apartment,3628676.0,Gurgaon,K64654870
Sector 81 Gurgaon,28.3873647,76.9475835,566.61,2,2.0,,5,Semifurnished,Apartment,2316000.0,Gurgaon,L69976312
Sector 81 Gurgaon,28.3873647,76.9475835,645.48,3,2.0,,5,Semifurnished,Apartment,2289000.0,Gurgaon,V69976088
Sector 61 Gurgaon,28.4110188,77.0963685,1600.0,3,4.0,,5,Semifurnished,Apartment,21600000.0,Gurgaon,L71780508
Sector 79 Gurgaon,28.4618719,77.05688,1565.0,3,4.0,,5,Semifurnished,Apartment,17800000.0,Gurgaon,K71714570
Sector 22 Gurgaon,28.4947315,77.0691703,2305.0,3,5.0,,5,Semifurnished,Apartment,39800000.0,Gurgaon,L71711024
Sector 67A Gurgaon,28.4618719,77.05688,1725.0,4,4.0,,6,Semifurnished,Apartment,19500000.0,Gurgaon,P71700084
Sector 81 Gurgaon,28.3873647,76.9475835,1650.0,3,4.0,,1,Semifurnished,Apartment,26000000.0,Gurgaon,L71656506
Sector 82A Gurgaon,28.3881583,76.96273,1538.0,3,3.0,,2,Semifurnished,Apartment,23500000.0,Gurgaon,R71656150
Sector 90 Gurgaon,28.4069974,76.9365562,1000.0,2,2.0,,1,Semifurnished,Apartment,7500000.0,Gurgaon,Q71656006
Sector 90 Gurgaon,28.4069974,76.9365562,1875.0,3,3.0,,1,Semifurnished,Apartment,10300000.0,Gurgaon,R71655738
Sector 90 Gurgaon,28.4069974,76.9365562,1650.0,2,2.0,,1,Semifurnished,Apartment,7300000.0,Gurgaon,H71655476
Sector 52 Gurgaon,28.4368166,77.0795276,1650.0,4,4.0,,1,Semifurnished,Independent/Builder Floor,23000000.0,Gurgaon,R71616070
Sector 70 Gurgaon,28.3947261,77.0223138,1161.0,3,5.0,,6,Semifurnished,Apartment,17200000.0,Gurgaon,S69894700
C Block Sushant Lok Phase 1,28.4545693,77.0826249,2000.0,4,4.0,,6,Semifurnished,Independent/Builder Floor,42500000.0,Gurgaon,Z71600242
Sector 56 Gurgaon,28.4252244,77.0992377,1650.0,2,2.0,,3,Semifurnished,Apartment,9500000.0,Gurgaon,U71596518
Sector 72 Gurgaon,28.3943815,77.032363,1650.0,4,4.0,,2,Semifurnished,Apartment,52500000.0,Gurgaon,N71533322
Sector 70 Gurgaon,28.3947261,77.0223138,1650.0,3,4.0,,6,Semifurnished,Apartment,17000000.0,Gurgaon,G71531290
Sector 65 Gurgaon,28.4030162,77.0695893,1650.0,3,3.0,,5,Semifurnished,Apartment,25600000.0,Gurgaon,J71507630
Sector 63A Gurgaon,28.4618719,77.05688,1550.0,3,3.0,,6,Semifurnished,Independent/Builder Floor,18500000.0,Gurgaon,T70196358
Sushant Lok,28.4706634,77.0798127,3500.0,4,4.0,,6,Semifurnished,Independent/Builder Floor,38500000.0,Gurgaon,L70085228
Sushant Lok,28.4706634,77.0798127,2700.0,4,4.0,,6,Semifurnished,Independent/Builder Floor,30000000.0,Gurgaon,E69958436
Sushant Lok,28.4706634,77.0798127,3100.0,4,4.0,,6,Semifurnished,Independent/Builder Floor,29500000.0,Gurgaon,Z69978096
Sector 70A Gurgaon,28.3846684,77.0220391,1976.0,3,3.0,,6,Semifurnished,Apartment,18000000.0,Gurgaon,N69980932
Sushant Lok,28.4706634,77.0798127,2750.0,4,4.0,,1,Semifurnished,Independent/Builder Floor,28500000.0,Gurgaon,W69973126
Sushant Lok,28.4706634,77.0798127,1650.0,3,3.0,,1,Semifurnished,Independent/Builder Floor,18500000.0,Gurgaon,W69977724
Sector 57 Gurgaon,28.4232478,77.0804487,1875.0,3,4.0,,2,Semifurnished,Apartment,22500000.0,Gurgaon,H69981056
Sector 86 Gurgaon,28.3981205,76.9411257,1480.0,2,2.0,,1,Semifurnished,Apartment,15100000.0,Gurgaon,J71410114
Sector 46 Gurgaon,28.4268461,77.0584252,1250.0,3,3.0,,6,Semifurnished,Independent/Builder Floor,17950000.0,Gurgaon,R71397108
Sector 67 Gurgaon,28.3864052,77.0598046,2500.0,5,5.0,,6,Semifurnished,Independent/Builder Floor,38000000.0,Gurgaon,L71384874
Sector 40 Gurgaon,28.449216,77.0566378,2000.0,3,3.0,,6,Semifurnished,Independent/Builder Floor,27500000.0,Gurgaon,J71384374
Sector 50 Gurgaon,28.4268461,77.0584252,1650.0,2,2.0,,3,Unknown,Apartment,10500000.0,Gurgaon,M71368784
Sector 31 Gurgaon,28.4540044,77.0497179,1600.0,3,3.0,,5,Semifurnished,Independent/Builder Floor,21500000.0,Gurgaon,Q71350424
Sector 46 Gurgaon,28.4268461,77.0584252,1300.0,3,3.0,,6,Semifurnished,Independent/Builder Floor,18000000.0,Gurgaon,W71337078
Sushant Lok,28.4706634,77.0798127,1650.0,4,4.0,,1,Semifurnished,Independent/Builder Floor,50000000.0,Gurgaon,W71333824
Sushant Lok Phase 1,28.4545693,77.0826249,2700.00000000027,4,4.0,,6,Semifurnished,Independent/Builder Floor,28500000.0,Gurgaon,E71271010
Sector 85 Gurgaon,28.3985762,76.9547447,1650.0,3,3.0,,5,Semifurnished,Apartment,18000000.0,Gurgaon,R71269350
Sector 52 Gurgaon,28.4368166,77.0795276,1650.0,4,4.0,,1,Semifurnished,Independent/Builder Floor,22000000.0,Gurgaon,E71262096
Sector 52 Gurgaon,28.4368166,77.0795276,1650.0,2,2.0,,3,Semifurnished,Independent/Builder Floor,8000000.0,Gurgaon,S71260692
Sector 52 Gurgaon,28.4368166,77.0795276,1650.0,3,3.0,,2,Semifurnished,Independent/Builder Floor,13000000.0,Gurgaon,H71258992
Sector 52 Gurgaon,28.4368166,77.0795276,1500.0,4,4.0,,3,Semifurnished,Independent/Builder Floor,14100000.0,Gurgaon,B71258296
Sector 85 Gurgaon,28.3985762,76.9547447,1406.0,2,2.0,,5,Semifurnished,Apartment,14000000.0,Gurgaon,F71253996
Sector 109 Gurgaon,28.5109205,77.0065956,1650.0,4,4.0,,1,Semifurnished,Apartment,23000000.0,Gurgaon,L71196700
Sector 70 Gurgaon,28.3947261,77.0223138,3950.0,5,5.0,,2,Semifurnished,Apartment,40500000.0,Gurgaon,T71185836
Sector 104 Gurgaon,28.4795324,76.9937197,1650.0,4,4.0,,2,Semifurnished,Apartment,29000007.0,Gurgaon,T71162782
Sector 63A Gurgaon,28.4618719,77.05688,4950.00000000049,5,5.0,,6,Semifurnished,Independent/Builder Floor,55000000.0,Gurgaon,F71158138
Sector 63A Gurgaon,28.4618719,77.05688,1620.00000000016,3,3.0,,6,Semifurnished,Independent/Builder Floor,17000000.0,Gurgaon,P71158042
Sector 63A Gurgaon,28.4618719,77.05688,2115.00000000021,3,3.0,,6,Semifurnished,Independent/Builder Floor,24800000.0,Gurgaon,G71157950
Sector 63A Gurgaon,28.4618719,77.05688,1620.00000000016,3,3.0,,5,Semifurnished,Independent/Builder Floor,21000000.0,Gurgaon,F71139028
Sector 63A Gurgaon,28.4618719,77.05688,2115.00000000021,3,3.0,,6,Semifurnished,Independent/Builder Floor,23000000.0,Gurgaon,S71138924
Sector 63A Gurgaon,28.4618719,77.05688,1620.00000000016,3,3.0,,6,Semifurnished,Independent/Builder Floor,21000000.0,Gurgaon,X71138772
Sector 86 Gurgaon,28.3981205,76.9411257,1650.0,3,4.0,,1,Semifurnished,Apartment,16500000.0,Gurgaon,S71123266
Ardee City,28.4410412,77.0792079,1650.0,4,4.0,,3,Semifurnished,Apartment,14000000.0,Gurgaon,T71097442
Sector 62 Gurgaon,28.407697,77.0823781,1296.94,3,3.0,,6,Semifurnished,Apartment,42000000.0,Gurgaon,J71091326
Sector 60 Gurgaon,28.3985617,77.0978276,1650.0,5,6.0,,2,Unknown,Apartment,76000000.0,Gurgaon,I71084754
Sector 60 Gurgaon,28.3985617,77.0978276,1650.0,4,5.0,,2,Semifurnished,Apartment,45000000.0,Gurgaon,T71084434
Sector 60 Gurgaon,28.3985617,77.0978276,1289.0,3,4.0,,2,Semifurnished,Apartment,32000000.0,Gurgaon,W71084164
Sector 51 Gurgaon,28.4287011,77.0666877,1650.0,3,3.0,,3,Semifurnished,Independent/Builder Floor,14500000.0,Gurgaon,O71005760
Sector 52 Gurgaon,28.4368166,77.0795276,1500.0,4,4.0,,3,Semifurnished,Independent/Builder Floor,16500000.0,Gurgaon,C71005624
Sector 31 Gurgaon,28.4540044,77.0497179,1800.0,3,3.0,,6,Semifurnished,Independent/Builder Floor,26000000.0,Gurgaon,X70986332
Sector 85 Gurgaon,28.3985762,76.9547447,1650.0,4,5.0,,6,Semifurnished,Apartment,21000000.0,Gurgaon,I70972112
Sector 40 Gurgaon,28.449216,77.0566378,1800.0,3,3.0,,6,Semifurnished,Independent/Builder Floor,23500000.0,Gurgaon,L70967524
Sector 52 Gurgaon,28.4368166,77.0795276,1500.0,4,4.0,,3,Semifurnished,Independent/Builder Floor,16000000.0,Gurgaon,X70931662
Sector 47 Gurgaon,28.4268461,77.0584252,1650.0,3,3.0,,3,Semifurnished,Independent/Builder Floor,14500000.0,Gurgaon,S69805186
Sector 66 Gurgaon,28.3974292,77.0538823,1950.0,3,3.0,,2,Semifurnished,Apartment,36000000.0,Gurgaon,T70899772
Sector 67 Gurgaon,28.3864052,77.0598046,2400.0,4,4.0,,6,Semifurnished,Independent/Builder Floor,20000000.0,Gurgaon,Z70843702
Sector 63A Gurgaon,28.4618719,77.05688,1600.0,3,3.0,,6,Semifurnished,Independent/Builder Floor,19600000.0,Gurgaon,K71680186
Sector 67 Gurgaon,28.3864052,77.0598046,1650.0,3,4.0,,1,Semifurnished,Apartment,34500000.0,Gurgaon,Z71474628
Sector 67 Gurgaon,28.3864052,77.0598046,1650.0,3,3.0,,1,Semifurnished,Apartment,34000000.0,Gurgaon,R71473840
Sector 51 Gurgaon,28.4287011,77.0666877,2300.0,4,4.0,,6,Unfurnished,Independent/Builder Floor,32000000.0,Gurgaon,V71472712
Sector 51 Gurgaon,28.4287011,77.0666877,1300.0,3,3.0,,6,Semifurnished,Independent/Builder Floor,16500000.0,Gurgaon,A71472416
Sector 67 Gurgaon,28.3864052,77.0598046,3762.00000000037,4,4.0,,6,Semifurnished,Independent/Builder Floor,22500000.0,Gurgaon,Z71391508
Sector 57 Gurgaon,28.4232478,77.0804487,1800.00000000018,3,3.0,,6,Semifurnished,Independent/Builder Floor,16500000.0,Gurgaon,M71391334
Sector 31 Gurgaon,28.4540044,77.0497179,2230.0,4,4.0,,6,Semifurnished,Independent/Builder Floor,23500000.0,Gurgaon,E71391104
Sector 10A Gurgaon,28.4445813,77.0060231,1700.0,3,4.0,,6,Semifurnished,Independent/Builder Floor,15500000.0,Gurgaon,M69710000
Sector 30 Gurgaon,28.4618719,77.05688,2300.0,4,4.0,,6,Semifurnished,Independent/Builder Floor,23500000.0,Gurgaon,F71023424
Sector 57 Gurgaon,28.4232478,77.0804487,1800.00000000018,3,3.0,,6,Semifurnished,Independent/Builder Floor,15500000.0,Gurgaon,O71023212
Sector 31 Gurgaon,28.4540044,77.0497179,1850.0,3,3.0,,6,Semifurnished,Independent/Builder Floor,22500000.0,Gurgaon,X71022146
Sector 57 Gurgaon,28.4232478,77.0804487,1850.0,3,3.0,,6,Semifurnished,Independent/Builder Floor,17000000.0,Gurgaon,W71019540
Sector 57 Gurgaon,28.4232478,77.0804487,2367.00000000023,3,3.0,,6,Unknown,Independent/Builder Floor,16700000.0,Gurgaon,J70935178
Sector 48 Gurgaon,28.4104903,77.0394627,3200.0,3,3.0,,5,Unknown,Apartment,92800000.0,Gurgaon,T70933516
Sector 57 Gurgaon,28.4232478,77.0804487,2367.00000000023,3,3.0,,6,Semifurnished,Independent/Builder Floor,16500000.0,Gurgaon,O70805676
Sector 37D Gurgaon,28.4480039,76.9697682,3600.0,4,4.0,,5,Unknown,Apartment,50000000.0,Gurgaon,P71745390
Sector 37D Gurgaon,28.4480039,76.9697682,1650.0,4,4.0,,6,Semifurnished,Apartment,21000000.0,Gurgaon,Y71744994
Sector 66 Gurgaon,28.3974292,77.0538823,3800.0,4,4.0,,1,Semifurnished,Apartment,59000000.0,Gurgaon,E70011496
Dlf Phase 1,28.4765171,77.090194,2200.0,3,3.0,,1,Semifurnished,Independent/Builder Floor,40500000.0,Gurgaon,T71471908
Dlf Phase 2,28.483901,77.0846097,2700.00000000027,3,3.0,,2,Unknown,Independent/Builder Floor,24000000.0,Gurgaon,A71172060
Sector 63 Gurgaon,28.3964476,77.086498,3308.0,4,4.0,,6,Semifurnished,Independent/Builder Floor,46000000.0,Gurgaon,V70882352
Sector 63 Gurgaon,28.3964476,77.086498,3794.85,5,5.0,,6,Semifurnished,Apartment,52500000.0,Gurgaon,A70866514
Sector 63 Gurgaon,28.3964476,77.086498,3794.85,4,4.0,,6,Semifurnished,Apartment,57200000.0,Gurgaon,I70859838
Sector 63 Gurgaon,28.3964476,77.086498,2778.98,4,4.0,,6,Semifurnished,Apartment,41000000.0,Gurgaon,C70836996
Sector 63 Gurgaon,28.3964476,77.086498,2778.98,4,4.0,,6,Semifurnished,Apartment,39000000.0,Gurgaon,O70836124
Sector 63 Gurgaon,28.3964476,77.086498,2778.68,4,4.0,,6,Semifurnished,Apartment,41500000.0,Gurgaon,T70832058
Sector 110 Gurgaon,28.5069625,77.018321,1650.0,5,5.0,,1,Semifurnished,Apartment,42500000.0,Gurgaon,V70874996
Sector 110 Gurgaon,28.5069625,77.018321,1650.0,5,6.0,,1,Semifurnished,Apartment,41500000.0,Gurgaon,X70874864
Sector 110 Gurgaon,28.5069625,77.018321,1650.0,4,5.0,,1,Semifurnished,Apartment,36500000.0,Gurgaon,I70874388
Sector 110 Gurgaon,28.5069625,77.018321,1650.0,4,5.0,,1,Semifurnished,Apartment,35800000.0,Gurgaon,V70874198
Sector 112 Gurgaon,28.5203402,77.0188612,1650.0,3,4.0,,1,Semifurnished,Apartment,37500000.0,Gurgaon,G70301620
Sector 106 Gurgaon,28.5060806,76.9967796,1650.0,4,4.0,,5,Semifurnished,Apartment,540000000.0,Gurgaon,B70299570
Sector 104 Gurgaon,28.4795324,76.9937197,6500.0,4,4.0,,2,Semifurnished,Apartment,45000001.0,Gurgaon,J70283824
Sector 102 Gurgaon,28.4754872,76.9711747,1650.0,4,4.0,,1,Semifurnished,Apartment,25000000.0,Gurgaon,R69125904
Sector 106 Gurgaon,28.5060806,76.9967796,1855.0,3,3.0,,5,Unknown,Apartment,25200000.0,Gurgaon,X69130256
Sector 103 Gurgaon,28.493087,76.9866453,1650.0,2,2.0,,2,Semifurnished,Apartment,11000000.0,Gurgaon,Y69966460
Sector 103 Gurgaon,28.493087,76.9866453,1650.0,2,2.0,,2,Semifurnished,Apartment,10500000.0,Gurgaon,H69961326
Sector 70 Gurgaon,28.3947261,77.0223138,1099.0,2,2.0,,1,Semifurnished,Apartment,11200000.0,Gurgaon,T71644566
Sector 70 Gurgaon,28.3947261,77.0223138,1420.0,3,5.0,,1,Semifurnished,Apartment,16500000.0,Gurgaon,E71644422
Sector 37D Gurgaon,28.4480039,76.9697682,1520.0,3,3.0,,1,Semifurnished,Apartment,14200000.0,Gurgaon,J71242364
Sector 106 Gurgaon,28.5060806,76.9967796,940.0,2,2.0,,6,Semifurnished,Apartment,8700000.0,Gurgaon,X69767456
Sector 106 Gurgaon,28.5060806,76.9967796,1034.0,3,3.0,,1,Semifurnished,Apartment,11800000.0,Gurgaon,Z71106604
Sector 108 Gurgaon,28.5128994,76.9823615,734.43,2,3.0,,1,Semifurnished,Apartment,9500000.0,Gurgaon,L70997582
Sector 37D Gurgaon,28.4480039,76.9697682,1420.0,3,3.0,,1,Semifurnished,Apartment,12000000.0,Gurgaon,X70996220
Sector 104 Gurgaon,28.4795324,76.9937197,1820.0,3,4.0,,1,Semifurnished,Apartment,18000000.0,Gurgaon,D70994618
Sector 106 Gurgaon,28.5060806,76.9967796,845.0,2,2.0,,1,Semifurnished,Apartment,9950000.0,Gurgaon,M69727842
Sector 3 Gurgaon,28.4944483,77.0985008,2120.0,4,4.0,,5,Unfurnished,Apartment,23500000.0,Gurgaon,C68776664
Sector 79 Gurgaon,28.4618719,77.05688,1100.0,3,3.0,,1,Semifurnished,Apartment,17127500.0,Gurgaon,D71662218
Sector 79 Gurgaon,28.4618719,77.05688,1200.0,3,4.0,,1,Semifurnished,Apartment,21000000.0,Gurgaon,F71661750
Sector 83 Gurgaon,28.3963578,76.9654747,1095.3,3,3.0,,1,Semifurnished,Apartment,16500000.0,Gurgaon,A71661144
Sector 79 Gurgaon,28.4618719,77.05688,1687.99,4,5.0,,1,Semifurnished,Apartment,27500000.0,Gurgaon,Z71659118
Sector 79 Gurgaon,28.4618719,77.05688,867.24,3,3.0,,6,Semifurnished,Apartment,15300000.0,Gurgaon,Q71659020
Sector 79 Gurgaon,28.4618719,77.05688,1071.33,3,4.0,,6,Semifurnished,Apartment,17500000.0,Gurgaon,R71658914
Sector 79 Gurgaon,28.4618719,77.05688,863.91,3,3.0,,6,Semifurnished,Apartment,14200000.0,Gurgaon,C71658770
Sector 79 Gurgaon,28.4618719,77.05688,863.91,3,3.0,,6,Semifurnished,Apartment,13800000.0,Gurgaon,P71658566
Sector 79 Gurgaon,28.4618719,77.05688,863.91,3,3.0,,6,Semifurnished,Apartment,14000000.0,Gurgaon,C71642972
Sector 79 Gurgaon,28.4618719,77.05688,1400.0,3,3.0,,6,Semifurnished,Apartment,17127500.0,Gurgaon,F71586064
Sector 83 Gurgaon,28.3963578,76.9654747,1500.0,3,3.0,,1,Semifurnished,Apartment,14000000.0,Gurgaon,U71402684
Sector 65 Gurgaon,28.4030162,77.0695893,1200.0,3,3.0,,5,Semifurnished,Apartment,26000000.0,Gurgaon,A71365792
Sector 85 Gurgaon,28.3985762,76.9547447,1650.0,4,5.0,,6,Semifurnished,Apartment,23500000.0,Gurgaon,Q71364700
Sector 82A Gurgaon,28.3881583,76.96273,2400.0,4,5.0,,6,Semifurnished,Apartment,33500000.0,Gurgaon,K71182480
Sector 85 Gurgaon,28.3985762,76.9547447,1350.0,2,2.0,,1,Semifurnished,Apartment,12500000.0,Gurgaon,M71150624
Sector 83 Gurgaon,28.3963578,76.9654747,1000.0,3,3.0,,6,Semifurnished,Apartment,11700000.0,Gurgaon,C71148548
Sector 83 Gurgaon,28.3963578,76.9654747,1450.0,3,3.0,,6,Semifurnished,Apartment,14500000.0,Gurgaon,Z71148270
Sector 83 Gurgaon,28.3963578,76.9654747,1450.0,3,3.0,,5,Semifurnished,Apartment,15000000.0,Gurgaon,O71146466
Sector 83 Gurgaon,28.3963578,76.9654747,1000.0,3,3.0,,5,Semifurnished,Apartment,11900000.0,Gurgaon,H71143358
Sector 79 Gurgaon,28.4618719,77.05688,1687.99,4,5.0,,1,Semifurnished,Apartment,27500000.0,Gurgaon,O70968322
Sector 85 Gurgaon,28.3985762,76.9547447,2400.0,4,4.0,,1,Semifurnished,Apartment,23500000.0,Gurgaon,K71803490
Sector 54 Gurgaon,28.433569,77.1055815,2750.0,4,4.0,,1,Semifurnished,Apartment,49500000.0,Gurgaon,R71737302
Sector 54 Gurgaon,28.433569,77.1055815,5350.0,5,5.0,,1,Semifurnished,Apartment,140000000.0,Gurgaon,W71609414
Sector 54 Gurgaon,28.433569,77.1055815,4599.0,4,4.0,,1,Semifurnished,Apartment,132500000.0,Gurgaon,R71609210
Sector 85 Gurgaon,28.3985762,76.9547447,2400.0,4,4.0,,1,Semifurnished,Apartment,24800000.0,Gurgaon,S71598306
Dlf Phase 5,28.503445,77.0952048,2550.0,4,4.0,,1,Semifurnished,Apartment,49900000.0,Gurgaon,W71568870
Sector 77 Gurgaon,28.3832337,76.982557,1000.0,2,2.0,,1,Semifurnished,Apartment,8500000.0,Gurgaon,W69654942
Sector 54 Gurgaon,28.433569,77.1055815,2000.0,3,4.0,,1,Semifurnished,Independent/Builder Floor,35000000.0,Gurgaon,V71139092
Dlf Phase 5,28.503445,77.0952048,2590.0,4,4.0,,1,Semifurnished,Apartment,50000000.0,Gurgaon,R71135806
Sector 77 Gurgaon,28.3832337,76.982557,1590.0,3,3.0,,6,Semifurnished,Apartment,20000000.0,Gurgaon,R69655440
Sector 77 Gurgaon,28.3832337,76.982557,1177.0,3,4.0,,1,Semifurnished,Apartment,12500000.0,Gurgaon,R69655476
Sector 79 Gurgaon,28.4618719,77.05688,1200.0,2,2.0,,1,Semifurnished,Apartment,10700000.0,Gurgaon,J70824026
Sector 84 Gurgaon,28.4035469,76.9677894,2400.0,4,4.0,,1,Semifurnished,Independent/Builder Floor,21000000.0,Gurgaon,W70549662
Sector 49 Gurgaon,28.4127374,77.0555164,1650.0,5,5.0,,2,Semifurnished,Apartment,45200000.0,Gurgaon,K69732128
Sector 106 Gurgaon,28.5060806,76.9967796,1650.0,4,4.0,,5,Semifurnished,Apartment,45500000.0,Gurgaon,K70299122
Sector 106 Gurgaon,28.5060806,76.9967796,1650.0,3,4.0,,5,Semifurnished,Apartment,43500000.0,Gurgaon,S70298860
Sector 106 Gurgaon,28.5060806,76.9967796,1650.0,3,4.0,,5,Semifurnished,Apartment,37500000.0,Gurgaon,K70298652
Sector 67 Gurgaon,28.3864052,77.0598046,1920.0,3,3.0,,2,Semifurnished,Apartment,34500000.0,Gurgaon,N49088275
Sector 67 Gurgaon,28.3864052,77.0598046,2395.0,4,5.0,,2,Semifurnished,Apartment,45000000.0,Gurgaon,D53266442
Sector 67 Gurgaon,28.3864052,77.0598046,2800.0,4,3.0,,2,Semifurnished,Apartment,48500000.0,Gurgaon,X41794795
Sector 66 Gurgaon,28.3974292,77.0538823,1250.0,2,3.0,,1,Semifurnished,Apartment,18500000.0,Gurgaon,K44460521
Sector 66 Gurgaon,28.3974292,77.0538823,1090.0,2,3.0,,2,Semifurnished,Apartment,18000000.0,Gurgaon,U48294673
Sector 66 Gurgaon,28.3974292,77.0538823,1650.0,3,4.0,,2,Semifurnished,Apartment,26000000.0,Gurgaon,I44147683
Sector 66 Gurgaon,28.3974292,77.0538823,950.0,2,3.0,,1,Semifurnished,Apartment,16000000.0,Gurgaon,C47296895
Sector 66 Gurgaon,28.3974292,77.0538823,2600.0,4,4.0,,2,Semifurnished,Apartment,41500000.0,Gurgaon,B55623114
Sector 66 Gurgaon,28.3974292,77.0538823,1600.0,3,4.0,,2,Semifurnished,Apartment,26200000.0,Gurgaon,D48294473
Sector 66 Gurgaon,28.3974292,77.0538823,1590.0,3,4.0,,1,Semifurnished,Apartment,26000000.0,Gurgaon,L47640965
Sector 66 Gurgaon,28.3974292,77.0538823,2900.0,4,6.0,,2,Semifurnished,Apartment,46000000.0,Gurgaon,J62699108
Sector 67A Gurgaon,28.4618719,77.05688,1500.0,3,3.0,,6,Semifurnished,Apartment,19000000.0,Gurgaon,N47080143
Sector 67A Gurgaon,28.4618719,77.05688,1440.0,3,4.0,,1,Semifurnished,Apartment,19500000.0,Gurgaon,T62798216
Sector 39 Gurgaon,28.4433686,77.0552345,300.0,1,1.0,,2,Unknown,Apartment,3500000.0,Gurgaon,I44119375
Sector 60 Gurgaon,28.3985617,77.0978276,2100.0,4,5.0,,1,Semifurnished,Apartment,42000000.0,Gurgaon,O53178282
Sector 60 Gurgaon,28.3985617,77.0978276,1600.0,3,3.0,,6,Semifurnished,Apartment,31500000.0,Gurgaon,R36809393
Sector 60 Gurgaon,28.3985617,77.0978276,1289.0,3,4.0,,1,Semifurnished,Apartment,32000000.0,Gurgaon,N43527747
Sector 66 Gurgaon,28.3974292,77.0538823,1150.0,2,2.0,,2,Semifurnished,Apartment,18600000.0,Gurgaon,G62473582
Sector 66 Gurgaon,28.3974292,77.0538823,1250.0,2,3.0,,1,Unfurnished,Apartment,18700000.0,Gurgaon,K46349559
Sector 66 Gurgaon,28.3974292,77.0538823,1450.0,3,3.0,,2,Semifurnished,Apartment,26500000.0,Gurgaon,Z62474864
Sector 66 Gurgaon,28.3974292,77.0538823,1600.0,3,4.0,,1,Semifurnished,Apartment,26200000.0,Gurgaon,C43528639
Sector 66 Gurgaon,28.3974292,77.0538823,1650.0,4,4.0,,2,Semifurnished,Apartment,29000000.0,Gurgaon,R62475036
Sector 66 Gurgaon,28.3974292,77.0538823,1650.0,4,4.0,,1,Semifurnished,Apartment,29000000.0,Gurgaon,D47640273
Sector 66 Gurgaon,28.3974292,77.0538823,2490.0,4,4.0,,1,Semifurnished,Apartment,41500000.0,Gurgaon,V55619964
Sector 66 Gurgaon,28.3974292,77.0538823,1450.0,3,4.0,,1,Semifurnished,Apartment,26000000.0,Gurgaon,E43156679
Sector 66 Gurgaon,28.3974292,77.0538823,1251.0,2,3.0,,1,Unfurnished,Apartment,18500000.0,Gurgaon,Y43156359
Sector 53 Gurgaon,28.4487856,77.0988212,1650.0,3,3.0,,5,Semifurnished,Apartment,48279000.0,Gurgaon,S71798430
Sector 76 Gurgaon,28.3910112,76.9900243,1672.0,3,3.0,,5,Semifurnished,Independent/Builder Floor,18392000.0,Gurgaon,V71798186
Sector 86 Gurgaon,28.3981205,76.9411257,1650.0,2,2.0,,1,Semifurnished,Apartment,14800000.0,Gurgaon,Q71772984
Sector 92 Gurgaon,28.4089049,76.9155232,1650.0,3,4.0,,1,Semifurnished,Apartment,18500000.0,Gurgaon,R71772744
Sector 93 Gurgaon,28.4156048,76.931638,1650.0,3,3.0,,5,Semifurnished,Independent/Builder Floor,14935000.0,Gurgaon,F71765254
Sector 92 Gurgaon,28.4089049,76.9155232,1668.0,2,2.0,,5,Semifurnished,Apartment,8431500.0,Gurgaon,K71747666
Sector 53 Gurgaon,28.4487856,77.0988212,2229.0,4,4.0,,5,Semifurnished,Apartment,44580000.0,Gurgaon,C71747210
Sector 76 Gurgaon,28.3910112,76.9900243,1650.0,4,4.0,,5,Semifurnished,Apartment,66810000.0,Gurgaon,P71745412
Sector 65 Gurgaon,28.4030162,77.0695893,1650.0,4,4.0,,5,Semifurnished,Independent/Builder Floor,42500000.0,Gurgaon,H71744236
Sector 63A Gurgaon,28.4618719,77.05688,2300.0,4,4.0,,5,Semifurnished,Independent/Builder Floor,32500000.0,Gurgaon,N71743918
Dlf Phase 1,28.4765171,77.090194,2430.00000000024,4,4.0,,6,Unfurnished,Independent/Builder Floor,35000000.0,Gurgaon,Q71742744
Sector 76 Gurgaon,28.3910112,76.9900243,1650.0,4,4.0,,5,Semifurnished,Apartment,49680000.0,Gurgaon,E71741050
Sector 76 Gurgaon,28.3910112,76.9900243,1650.0,3,3.0,,5,Semifurnished,Apartment,39649500.0,Gurgaon,O71739950
Sector 50 Gurgaon,28.4268461,77.0584252,3240.00000000032,4,4.0,,6,Semifurnished,Independent/Builder Floor,31000000.0,Gurgaon,V66053078
Sector 52 Gurgaon,28.4368166,77.0795276,3195.00000000031,4,4.0,,6,Unfurnished,Independent/Builder Floor,19000000.0,Gurgaon,O62046718
South City 1,28.4188433,77.0440293,2475.00000000024,4,4.0,,6,Unfurnished,Independent/Builder Floor,30000000.0,Gurgaon,D61475598
Sector 113 Gurgaon,28.5286649,77.0250282,1200.0,2,2.0,,6,Semifurnished,Apartment,19100000.0,Gurgaon,D71664306
Sector 104 Gurgaon,28.4795324,76.9937197,1650.0,5,5.0,,1,Semifurnished,Apartment,24000000.0,Gurgaon,V71563338
Sector 104 Gurgaon,28.4795324,76.9937197,4200.0,5,5.0,,1,Semifurnished,Apartment,23500000.0,Gurgaon,K71416350
Sector 104 Gurgaon,28.4795324,76.9937197,1400.0,3,2.0,,1,Semifurnished,Apartment,9200000.0,Gurgaon,V71291862
Sector 104 Gurgaon,28.4795324,76.9937197,1647.0,3,3.0,,1,Semifurnished,Apartment,11500000.0,Gurgaon,S71291638
Sector 104 Gurgaon,28.4795324,76.9937197,1800.0,3,4.0,,1,Semifurnished,Apartment,11500000.0,Gurgaon,K71133712
Sector 104 Gurgaon,28.4795324,76.9937197,1800.0,3,3.0,,1,Semifurnished,Apartment,10500000.0,Gurgaon,W70869642
Sector 104 Gurgaon,28.4795324,76.9937197,1250.0,2,2.0,,1,Semifurnished,Apartment,7600000.0,Gurgaon,A70870822
Sector 104 Gurgaon,28.4795324,76.9937197,1400.0,2,2.0,,1,Semifurnished,Apartment,8400000.0,Gurgaon,R71133450
Sector 104 Gurgaon,28.4795324,76.9937197,1269.0,2,2.0,,1,Semifurnished,Apartment,7400000.0,Gurgaon,A71133310
Sector 104 Gurgaon,28.4795324,76.9937197,2400.0,4,5.0,,1,Semifurnished,Apartment,15500000.0,Gurgaon,D71133142
Sector 104 Gurgaon,28.4795324,76.9937197,1800.0,3,4.0,,1,Semifurnished,Apartment,10600000.0,Gurgaon,F71100066
Sector 104 Gurgaon,28.4795324,76.9937197,1600.0,3,3.0,,1,Semifurnished,Apartment,10800000.0,Gurgaon,J70869784
Sector 70A Gurgaon,28.3846684,77.0220391,900.0,2,2.0,,6,Unfurnished,Apartment,13500000.0,Gurgaon,J71791832
Sector 69 Gurgaon,28.3960701,77.0372311,1034.31,3,3.0,,6,Semifurnished,Apartment,17000000.0,Gurgaon,V71787160
Sector 69 Gurgaon,28.3960701,77.0372311,1034.31,3,3.0,,6,Semifurnished,Apartment,16500000.0,Gurgaon,J71787118
Sector 70A Gurgaon,28.3846684,77.0220391,1400.0,3,3.0,,6,Semifurnished,Apartment,17500000.0,Gurgaon,T71787074
Sector 70A Gurgaon,28.3846684,77.0220391,1500.0,3,3.0,,6,Semifurnished,Apartment,18000000.0,Gurgaon,T71787048
Sector 80 Gurgaon,28.3702173,76.9611159,1650.0,3,3.0,,2,Semifurnished,Apartment,11800000.0,Gurgaon,B70717458
Sector 70A Gurgaon,28.3846684,77.0220391,1650.0,2,2.0,,1,Semifurnished,Apartment,4600000.0,Gurgaon,F71696984
Dlf Phase 5,28.503445,77.0952048,1365.0,3,3.0,,3,Semifurnished,Independent/Builder Floor,25500000.0,Gurgaon,B71681030
Dlf Phase 5,28.503445,77.0952048,1130.0,3,3.0,,3,Semifurnished,Apartment,21800000.0,Gurgaon,W71680220
Dlf Phase 5,28.503445,77.0952048,1240.0,3,3.0,,3,Semifurnished,Apartment,22500000.0,Gurgaon,E71678778
Sector 76 Gurgaon,28.3910112,76.9900243,582.327804268968,2,2.0,,6,Semifurnished,Apartment,5000999.0,Gurgaon,P71595546
Sector 76 Gurgaon,28.3910112,76.9900243,582.327804268968,2,2.0,,6,Semifurnished,Apartment,5000000.0,Gurgaon,N71595462
Sector 84 Gurgaon,28.4035469,76.9677894,1500.0,4,3.0,,5,Semifurnished,Independent/Builder Floor,20000000.0,Gurgaon,Y71586716
Sector 70 Gurgaon,28.3947261,77.0223138,1161.0,3,5.0,,6,Semifurnished,Apartment,16300000.0,Gurgaon,O71584512
Sector 70 Gurgaon,28.3947261,77.0223138,1650.0,2,2.0,,6,Semifurnished,Apartment,11600000.0,Gurgaon,R71584106
Sector 76 Gurgaon,28.3910112,76.9900243,611.92857065972,2,2.0,,5,Semifurnished,Apartment,5150000.0,Gurgaon,K71584088
Sector 67A Gurgaon,28.4618719,77.05688,598.0,2,2.0,,6,Semifurnished,Apartment,6000000.0,Gurgaon,F71513186
Sector 70 Gurgaon,28.3947261,77.0223138,1161.0,3,5.0,,6,Semifurnished,Apartment,10300000.0,Gurgaon,U71506456
Sector 70 Gurgaon,28.3947261,77.0223138,788.0,2,2.0,,6,Semifurnished,Apartment,12000000.0,Gurgaon,N71506388
Sector 70 Gurgaon,28.3947261,77.0223138,1650.0,2,2.0,,6,Semifurnished,Apartment,12500000.0,Gurgaon,L71506258
Sector 76 Gurgaon,28.3910112,76.9900243,626.459855978816,2,2.0,,6,Semifurnished,Apartment,5300000.0,Gurgaon,D71398766
Sector 76 Gurgaon,28.3910112,76.9900243,611.92857065972,2,2.0,,6,Semifurnished,Apartment,5700000.0,Gurgaon,W71398544
Sector 70 Gurgaon,28.3947261,77.0223138,1650.0,2,2.0,,6,Semifurnished,Apartment,12500000.0,Gurgaon,A71397580
Sector 83 Gurgaon,28.3963578,76.9654747,861.0,3,3.0,,5,Semifurnished,Apartment,10300000.0,Gurgaon,E71337906
Sector 69 Gurgaon,28.3960701,77.0372311,1326.0,3,2.0,,1,Semifurnished,Apartment,10500000.0,Gurgaon,O71326726
Sector 89 Gurgaon,28.4184455,76.9457567,1423.0,3,3.0,,5,Semifurnished,Independent/Builder Floor,13000000.0,Gurgaon,C71294306
Dayanand Colony,28.4728756,77.0220042,900.0,2,2.0,,6,Semifurnished,Apartment,3500000.0,Gurgaon,J71279194
Sector-33 Sohna,28.3241636,77.0848644,834.0,2,2.0,,6,Semifurnished,Apartment,11500000.0,Gurgaon,Z71242274
Sector 112 Gurgaon,28.5203402,77.0188612,1650.0,3,5.0,,2,Semifurnished,Apartment,48000007.0,Gurgaon,F71170776
Sector 112 Gurgaon,28.5203402,77.0188612,1650.0,3,3.0,,2,Semifurnished,Apartment,37500000.0,Gurgaon,H71170644
Sector 112 Gurgaon,28.5203402,77.0188612,1650.0,2,2.0,,2,Semifurnished,Apartment,30000007.0,Gurgaon,J71170520
Sector 102 Gurgaon,28.4754872,76.9711747,1650.0,3,3.0,,1,Semifurnished,Apartment,19200007.0,Gurgaon,T71161896
Sector 102 Gurgaon,28.4754872,76.9711747,518.0,2,2.0,,2,Semifurnished,Apartment,5200000.0,Gurgaon,K71050082
Dlf Phase 5,28.503445,77.0952048,1420.0,3,3.0,,3,Semifurnished,Independent/Builder Floor,24200000.0,Gurgaon,I70977854
Dlf Phase 5,28.503445,77.0952048,1550.0,3,3.0,,3,Semifurnished,Independent/Builder Floor,24500000.0,Gurgaon,L70902168
Sector 80 Gurgaon,28.3702173,76.9611159,1650.0,3,4.0,,2,Semifurnished,Apartment,14200000.0,Gurgaon,V70826804
Sector 77 Gurgaon,28.3832337,76.982557,1650.0,3,3.0,,1,Semifurnished,Apartment,12000000.0,Gurgaon,D71123528
Sector 99A Gurgaon,28.4554059,76.9510278,1550.0,3,3.0,,6,Semifurnished,Apartment,15500000.0,Gurgaon,P71787618
Sector 49 Gurgaon,28.4127374,77.0555164,2600.0,4,5.0,,5,Semifurnished,Independent/Builder Floor,35000000.0,Gurgaon,Z71787474
Sector 83 Gurgaon,28.3963578,76.9654747,929.0,2,3.0,,1,Semifurnished,Independent/Builder Floor,6800000.0,Gurgaon,J70614196
Sector 83 Gurgaon,28.3963578,76.9654747,940.0,2,3.0,,6,Semifurnished,Independent/Builder Floor,7550000.0,Gurgaon,A70469280
Sector 49 Gurgaon,28.4127374,77.0555164,2160.00000000021,3,2.0,,2,Semifurnished,Independent/Builder Floor,14000000.0,Gurgaon,L71749482
Sector 45 Gurgaon,28.4449004,77.0663545,1650.0,3,4.0,,6,Semifurnished,Independent/Builder Floor,22100000.0,Gurgaon,B71747042
Gwal Pahari,28.4326344,77.1480585,1650.0,4,5.0,,6,Unknown,Apartment,105000000.0,Gurgaon,H71727110
Sector 49 Gurgaon,28.4127374,77.0555164,1650.0,3,4.0,,2,Semifurnished,Apartment,25000000.0,Gurgaon,G71694540
Sector 57 Gurgaon,28.4232478,77.0804487,3078.0000000003,4,4.0,,6,Semifurnished,Independent/Builder Floor,28500000.0,Gurgaon,X71645984
Sector 76 Gurgaon,28.3910112,76.9900243,2705.0,3,3.0,,5,Semifurnished,Apartment,35165000.0,Gurgaon,C71641538
Sector 85 Gurgaon,28.3985762,76.9547447,1650.0,3,4.0,,3,Semifurnished,Apartment,21000000.0,Gurgaon,T71619578
Sector 62 Gurgaon,28.407697,77.0823781,1650.0,2,2.0,,6,Semifurnished,Apartment,27000000.0,Gurgaon,V66904374
Dlf Phase 1,28.4765171,77.090194,200.0,3,3.0,,2,Semifurnished,Independent/Builder Floor,16000000.0,Gurgaon,P71582802
Sector 62 Gurgaon,28.407697,77.0823781,1650.0,2,2.0,,6,Unknown,Apartment,28500000.0,Gurgaon,A71573876
Sector 76 Gurgaon,28.3910112,76.9900243,2060.0,3,3.0,,5,Semifurnished,Apartment,38474700.0,Gurgaon,N71554050
Sector 106 Gurgaon,28.5060806,76.9967796,2750.0,4,4.0,,5,Semifurnished,Apartment,41000000.0,Gurgaon,W71510170
Sushant Lok Phase 2,28.464228,77.076724,1650.0,4,5.0,,6,Semifurnished,Independent/Builder Floor,41000000.0,Gurgaon,S69164816
Dlf Phase 4,28.4919048,77.0937804,1650.0,4,5.0,,6,Semifurnished,Independent/Builder Floor,29500000.0,Gurgaon,F69061514
Mg Road,28.4769607,77.0662688,1650.0,3,4.0,,2,Semifurnished,Apartment,42500000.0,Gurgaon,J52850570
Sector 50 Gurgaon,28.4268461,77.0584252,1650.0,5,7.0,,2,Semifurnished,Apartment,90000000.0,Gurgaon,S70311056
Sector 76 Gurgaon,28.3910112,76.9900243,1936.0,3,3.0,,5,Semifurnished,Apartment,40107000.0,Gurgaon,R71466038
South City 1,28.4188433,77.0440293,2500.0,4,4.0,,6,Semifurnished,Independent/Builder Floor,33000000.0,Gurgaon,N70110278
Gwal Pahari,28.4326344,77.1480585,1030.0,2,3.0,,5,Semifurnished,Apartment,11500000.0,Gurgaon,K70086346
Sushant Lok Phase 2,28.464228,77.076724,2400.0,4,4.0,,6,Semifurnished,Independent/Builder Floor,23500000.0,Gurgaon,Q70090706
Gwal Pahari,28.4326344,77.1480585,1430.0,3,3.0,,6,Semifurnished,Apartment,14000000.0,Gurgaon,A70110708
Sector 52 Gurgaon,28.4368166,77.0795276,1600.0,3,3.0,,6,Semifurnished,Independent/Builder Floor,21500000.0,Gurgaon,X70154608
Sushant Lok Phase 1,28.4545693,77.0826249,1500.0,3,3.0,,6,Semifurnished,Independent/Builder Floor,24500000.0,Gurgaon,Q70155290
Sushant Lok Phase 1,28.4545693,77.0826249,2900.0,4,4.0,,6,Semifurnished,Independent/Builder Floor,44000000.0,Gurgaon,Z70287636
Sector 70 Gurgaon,28.3947261,77.0223138,1950.0,3,3.0,,6,Semifurnished,Apartment,15200000.0,Gurgaon,S70214014
C Block Sushant Lok Phase 1,28.4545693,77.0826249,1500.0,3,3.0,,6,Semifurnished,Independent/Builder Floor,21500000.0,Gurgaon,P70325948
Sector 71 Gurgaon,28.3950557,77.0314336,1650.0,3,4.0,,2,Semifurnished,Apartment,12500000.0,Gurgaon,Y71402906
Dlf Phase 1,28.4765171,77.090194,2000.0,4,4.0,,2,Unfurnished,Apartment,26500000.0,Gurgaon,B70088842
Dlf Phase 2,28.483901,77.0846097,1600.0,3,4.0,,6,Semifurnished,Independent/Builder Floor,25000000.0,Gurgaon,V70069558
Sector 70 Gurgaon,28.3947261,77.0223138,1350.0,2,3.0,,6,Semifurnished,Apartment,11200000.0,Gurgaon,W70213684
Sector 27 Gurgaon,28.4646566,77.0839505,1350.0,3,3.0,,6,Semifurnished,Independent/Builder Floor,22500000.0,Gurgaon,V70173782
Sector 27 Gurgaon,28.4646566,77.0839505,1500.0,3,3.0,,6,Semifurnished,Independent/Builder Floor,23500000.0,Gurgaon,T70093920
Sector 26 Gurgaon,28.4779375,77.1032425,1250.0,3,3.0,,1,Semifurnished,Independent/Builder Floor,15600000.0,Gurgaon,Z70174174
Sector 67A Gurgaon,28.4618719,77.05688,1650.0,3,3.0,,6,Semifurnished,Apartment,19500000.0,Gurgaon,P71378518
Gwal Pahari,28.4326344,77.1480585,1650.0,4,4.0,,1,Semifurnished,Apartment,74900000.0,Gurgaon,T71366640
Dlf Phase 3,28.4919048,77.0937804,1650.0,4,5.0,,6,Semifurnished,Independent/Builder Floor,37500000.0,Gurgaon,L66289668
Sector 76 Gurgaon,28.3910112,76.9900243,1672.0,3,3.0,,5,Semifurnished,Independent/Builder Floor,18100000.0,Gurgaon,T71332556
Sector 76 Gurgaon,28.3910112,76.9900243,1372.0,3,2.0,,5,Semifurnished,Independent/Builder Floor,15300000.0,Gurgaon,C71332378
Dlf Phase 1,28.4765171,77.090194,1650.0,4,4.0,,3,Semifurnished,Apartment,23500000.0,Gurgaon,K65720770
Dlf Phase 3,28.4919048,77.0937804,1650.0,4,5.0,,6,Semifurnished,Independent/Builder Floor,45100000.0,Gurgaon,H66153820
Sector 43 Gurgaon,28.4487856,77.0988212,1650.0,4,4.0,,2,Semifurnished,Apartment,21000000.0,Gurgaon,F67312976
Dlf Phase 3,28.4919048,77.0937804,1650.0,4,5.0,,6,Semifurnished,Independent/Builder Floor,42100000.0,Gurgaon,Y66153742
Ardee City,28.4410412,77.0792079,2035.0,3,3.0,,3,Semifurnished,Apartment,22000000.0,Gurgaon,N71309360
Dlf Phase 1,28.4765171,77.090194,200.0,3,3.0,,1,Semifurnished,Independent/Builder Floor,17300000.0,Gurgaon,V71254456
Sector 65 Gurgaon,28.4030162,77.0695893,2700.0,4,4.0,,1,Semifurnished,Independent/Builder Floor,46000000.0,Gurgaon,R69057620
Sector 76 Gurgaon,28.3910112,76.9900243,1650.0,3,3.0,,5,Semifurnished,Apartment,14258700.0,Gurgaon,C71087322
Ardee City,28.4410412,77.0792079,2035.0,3,4.0,,3,Semifurnished,Apartment,22000000.0,Gurgaon,C71081214
Chakkarpur,28.4715202,77.0913233,1110.0,2,2.0,,3,Semifurnished,Apartment,13500000.0,Gurgaon,Q71072130
Nirvana Country,28.4150509,77.0642955,1650.0,4,4.0,,6,Semifurnished,Independent/Builder Floor,41000000.0,Gurgaon,L71066100
Ardee City,28.4410412,77.0792079,2035.0,3,4.0,,2,Semifurnished,Apartment,19000000.0,Gurgaon,U71060134
Dlf Phase 5,28.503445,77.0952048,2810.0,4,4.0,,3,Semifurnished,Apartment,58500000.0,Gurgaon,Z70990678
Dlf Phase 4,28.4919048,77.0937804,1153.0,2,2.0,,3,Semifurnished,Apartment,13500000.0,Gurgaon,Z70990516
Dlf Phase 1,28.4765171,77.090194,1270.0,2,2.0,,3,Semifurnished,Apartment,15800000.0,Gurgaon,X70975792
Dlf Phase 1,28.4765171,77.090194,1105.0,2,2.0,,3,Semifurnished,Apartment,13500000.0,Gurgaon,S70967352
Sector 76 Gurgaon,28.3910112,76.9900243,2937.0,3,3.0,,5,Unfurnished,Apartment,39649500.0,Gurgaon,G70884502
Sector 76 Gurgaon,28.3910112,76.9900243,2290.0,3,3.0,,5,Unfurnished,Apartment,30900000.0,Gurgaon,F70884398
Sector 56 Gurgaon,28.4252244,77.0992377,2200.0,4,4.0,,2,Semifurnished,Apartment,16200000.0,Gurgaon,L70875574
Dlf Phase 3,28.4919048,77.0937804,4509.00000000045,4,4.0,,6,Semifurnished,Independent/Builder Floor,35000000.0,Gurgaon,L70874850
Sector 67A Gurgaon,28.4618719,77.05688,1740.0,3,3.0,,1,Semifurnished,Apartment,18500000.0,Gurgaon,I70804548
Sector 63 Gurgaon,28.3964476,77.086498,1650.0,4,4.0,,5,Semifurnished,Independent/Builder Floor,44000000.0,Gurgaon,I64842822
Sector 63 Gurgaon,28.3964476,77.086498,1650.0,4,4.0,,6,Semifurnished,Independent/Builder Floor,50000000.0,Gurgaon,A64842502
Sector 66 Gurgaon,28.3974292,77.0538823,1650.0,4,5.0,,6,Semifurnished,Apartment,37500000.0,Gurgaon,R45614243
Sector 65 Gurgaon,28.4030162,77.0695893,1650.0,4,5.0,,6,Semifurnished,Apartment,75000000.0,Gurgaon,E44967637
Dlf Phase 5,28.503445,77.0952048,2810.0,4,4.0,,3,Unfurnished,Apartment,58000000.0,Gurgaon,J70784766
Dlf Phase 5,28.503445,77.0952048,2610.0,4,4.0,,3,Semifurnished,Apartment,50000000.0,Gurgaon,X70784548
Dlf Phase 1,28.4765171,77.090194,1600.0,4,4.0,,2,Semifurnished,Apartment,23000000.0,Gurgaon,X70784502
Dlf Phase 2,28.483901,77.0846097,4509.00000000045,4,4.0,,6,Semifurnished,Independent/Builder Floor,35500000.0,Gurgaon,O70784358
Sector 85 Gurgaon,28.3985762,76.9547447,1650.0,2,2.0,,3,Unknown,Apartment,13500000.0,Gurgaon,B70766138
Sector 108 Gurgaon,28.5128994,76.9823615,1473.0,2,2.0,,3,Unknown,Apartment,8000000.0,Gurgaon,B70766032
Sector 85 Gurgaon,28.3985762,76.9547447,1650.0,2,2.0,,3,Unknown,Apartment,12700000.0,Gurgaon,V70765614
Sector 83 Gurgaon,28.3963578,76.9654747,1650.0,2,2.0,,3,Unknown,Apartment,10000000.0,Gurgaon,S70444538
Sector 53 Gurgaon,28.4487856,77.0988212,1650.0,3,3.0,,3,Semifurnished,Apartment,47500000.0,Gurgaon,D70337744
Sector 82 Gurgaon,28.3932827,76.9545277,1650.0,3,3.0,,3,Unfurnished,Apartment,10000000.0,Gurgaon,S70210226
Sector 83 Gurgaon,28.3963578,76.9654747,1650.0,3,3.0,,3,Unknown,Apartment,12500000.0,Gurgaon,S70196860
Sector 82 Gurgaon,28.3932827,76.9545277,1650.0,3,3.0,,3,Semifurnished,Apartment,13000000.0,Gurgaon,N70152526
Sector 82 Gurgaon,28.3932827,76.9545277,1650.0,3,4.0,,3,Unknown,Apartment,13800000.0,Gurgaon,D70152156
Sector 46 Gurgaon,28.4268461,77.0584252,2700.0,4,4.0,,6,Semifurnished,Independent/Builder Floor,20000000.0,Gurgaon,L69804394
C Block Sushant Lok Phase 1,28.4545693,77.0826249,2250.00000000022,2,2.0,,2,Semifurnished,Independent/Builder Floor,11000000.0,Gurgaon,N71727588
Sector 52 Gurgaon,28.4368166,77.0795276,1650.0,3,3.0,,2,Semifurnished,Apartment,16000000.0,Gurgaon,S71725874
Sector 52 Gurgaon,28.4368166,77.0795276,2700.00000000027,4,4.0,,2,Semifurnished,Apartment,12500000.0,Gurgaon,T69909306
C Block Sushant Lok Phase 1,28.4545693,77.0826249,2520.00000000025,4,4.0,,6,Semifurnished,Independent/Builder Floor,24000000.0,Gurgaon,Y71528690
Sector 52 Gurgaon,28.4368166,77.0795276,1650.0,2,2.0,,2,Semifurnished,Apartment,12000000.0,Gurgaon,A69075702
Sector 52 Gurgaon,28.4368166,77.0795276,1650.0,2,2.0,,2,Semifurnished,Apartment,12400000.0,Gurgaon,I71520980
Sector 99A Gurgaon,28.4554059,76.9510278,424.8,2,2.0,,1,Semifurnished,Apartment,3800000.0,Gurgaon,O70127976
Sector 99A Gurgaon,28.4554059,76.9510278,424.8,2,2.0,,1,Semifurnished,Apartment,3700000.0,Gurgaon,P70128020
Sector 52 Gurgaon,28.4368166,77.0795276,1650.0,3,3.0,,2,Semifurnished,Apartment,14800000.0,Gurgaon,K70497206
Sector 52 Gurgaon,28.4368166,77.0795276,1650.0,3,3.0,,2,Semifurnished,Apartment,15100000.0,Gurgaon,D70619720
Sector 52 Gurgaon,28.4368166,77.0795276,1650.0,1,1.0,,2,Semifurnished,Apartment,7200000.0,Gurgaon,K70798340
Sector 52 Gurgaon,28.4368166,77.0795276,1650.0,1,1.0,,2,Semifurnished,Apartment,6200000.0,Gurgaon,H71515782
Gwal Pahari,28.4326344,77.1480585,1650.0,4,6.0,,6,Unknown,Apartment,59500000.0,Gurgaon,V71566744
Sector 56 Gurgaon,28.4252244,77.0992377,2000.0,3,4.0,,3,Semifurnished,Apartment,21000000.0,Gurgaon,I71457336
Sector 37D Gurgaon,28.4480039,76.9697682,1900.0,4,3.0,,1,Semifurnished,Apartment,21500000.0,Gurgaon,W70193862
Sector 66 Gurgaon,28.3974292,77.0538823,1650.0,4,5.0,,1,Semifurnished,Apartment,45000000.0,Gurgaon,Y70661716
Sector 54 Gurgaon,28.433569,77.1055815,3034.0,4,6.0,,2,Unknown,Apartment,67500000.0,Gurgaon,Z70364526
Dlf Phase 5,28.503445,77.0952048,1650.0,4,4.0,,1,Semifurnished,Apartment,45000000.0,Gurgaon,N70324190
Sector 54 Gurgaon,28.433569,77.1055815,1900.0,3,3.0,,3,Semifurnished,Apartment,90000000.0,Gurgaon,D70095684
Sector 37D Gurgaon,28.4480039,76.9697682,1200.0,3,3.0,,1,Semifurnished,Apartment,18500000.0,Gurgaon,Z69868062
Sector 37D Gurgaon,28.4480039,76.9697682,1800.0,4,3.0,,1,Semifurnished,Apartment,18000000.0,Gurgaon,Z69857946
Sector 46 Gurgaon,28.4268461,77.0584252,2367.0,3,3.0,,6,Semifurnished,Independent/Builder Floor,19000000.0,Gurgaon,D69804872
Sector 79 Gurgaon,28.4618719,77.05688,1650.0,3,4.0,,1,Semifurnished,Apartment,17200000.0,Gurgaon,Z69731456
Sector-33 Sohna,28.3241636,77.0848644,1200.0,3,3.0,,6,Semifurnished,Apartment,17000000.0,Gurgaon,S68203828
Sector-33 Sohna,28.3241636,77.0848644,700.0,3,2.0,,1,Semifurnished,Independent/Builder Floor,10800000.0,Gurgaon,H69369448
Sector-33 Sohna,28.3241636,77.0848644,700.0,3,2.0,,1,Semifurnished,Independent/Builder Floor,10650000.0,Gurgaon,T69367852
Sector-33 Sohna,28.3241636,77.0848644,700.0,3,2.0,,1,Semifurnished,Independent/Builder Floor,10750000.0,Gurgaon,W69367804
Sector-33 Sohna,28.3241636,77.0848644,1800.0,4,4.0,,6,Semifurnished,Apartment,27000000.0,Gurgaon,R65778340
Sector-33 Sohna,28.3241636,77.0848644,2129.0,3,3.0,,5,Unfurnished,Independent/Builder Floor,32700000.0,Gurgaon,P64825190
Sohna,28.3241636,77.0848644,1384.0,3,3.0,,2,Semifurnished,Apartment,10200000.0,Gurgaon,J69467216
Sohna,28.3241636,77.0848644,1384.0,3,3.0,,2,Unknown,Apartment,10500000.0,Gurgaon,L69467112
Sohna,28.3241636,77.0848644,1384.0,3,3.0,,2,Semifurnished,Apartment,10600000.0,Gurgaon,M69477110
Sohna,28.3241636,77.0848644,1000.0,2,2.0,,2,Semifurnished,Apartment,9000000.0,Gurgaon,C69463366
Sohna,28.3241636,77.0848644,1300.0,3,3.0,,1,Semifurnished,Apartment,10700000.0,Gurgaon,Y69365208
Sector 108 Gurgaon,28.5128994,76.9823615,1650.0,3,4.0,,6,Semifurnished,Apartment,33500000.0,Gurgaon,Z67172840
Sector 50 Gurgaon,28.4268461,77.0584252,4850.0,4,5.0,,2,Semifurnished,Apartment,75000000.0,Gurgaon,X71801372
Sector 106 Gurgaon,28.5060806,76.9967796,2720.0,4,4.0,,5,Semifurnished,Apartment,42500000.0,Gurgaon,I71799416
Sector 106 Gurgaon,28.5060806,76.9967796,1366.0,2,2.0,,5,Semifurnished,Apartment,18500000.0,Gurgaon,Z71799316
Sector 108 Gurgaon,28.5128994,76.9823615,1900.0,4,4.0,,5,Semifurnished,Apartment,55500000.0,Gurgaon,H71798776
Sector 108 Gurgaon,28.5128994,76.9823615,1596.0,4,4.0,,5,Semifurnished,Apartment,46500000.0,Gurgaon,T71798660
Sector 106 Gurgaon,28.5060806,76.9967796,1855.0,3,3.0,,5,Semifurnished,Apartment,25500000.0,Gurgaon,C71798478
Sector 106 Gurgaon,28.5060806,76.9967796,1855.0,3,3.0,,5,Semifurnished,Apartment,26000000.0,Gurgaon,W71798380
Sector 54 Gurgaon,28.433569,77.1055815,3034.0,4,6.0,,6,Semifurnished,Apartment,67500000.0,Gurgaon,H71790106
Sector 92 Gurgaon,28.4089049,76.9155232,1650.0,3,4.0,,1,Semifurnished,Apartment,21000000.0,Gurgaon,V71783762
Dlf Phase 5,28.503445,77.0952048,1650.0,4,4.0,,6,Semifurnished,Apartment,21000000.0,Gurgaon,O71783384
Dlf Phase 5,28.503445,77.0952048,1650.0,3,3.0,,6,Semifurnished,Apartment,24000000.0,Gurgaon,W71781604
Sector 36A Gurgaon,28.4202285,76.9719998,1650.0,2,2.0,,5,Semifurnished,Apartment,29000000.0,Gurgaon,X71780496
Sector 79 Gurgaon,28.4618719,77.05688,1305.0,4,5.0,,1,Semifurnished,Apartment,26000000.0,Gurgaon,P71774488
South City 1,28.4188433,77.0440293,2200.0,3,3.0,,6,Semifurnished,Independent/Builder Floor,32500000.0,Gurgaon,D69545866
Sector 79 Gurgaon,28.4618719,77.05688,1650.0,3,3.0,,1,Semifurnished,Apartment,17800000.0,Gurgaon,F71773616
Sector 79 Gurgaon,28.4618719,77.05688,1650.0,3,4.0,,1,Semifurnished,Apartment,18900000.0,Gurgaon,J71773600
Sector 89 A Gurgaon,28.4184455,76.9457567,1650.0,3,3.0,,5,Semifurnished,Apartment,18765000.0,Gurgaon,T71766922
Sector 106 Gurgaon,28.5060806,76.9967796,2002.0,3,3.0,,5,Semifurnished,Apartment,28000000.0,Gurgaon,K71746394
Sector 85 Gurgaon,28.3985762,76.9547447,1685.0,3,4.0,,6,Semifurnished,Apartment,21000000.0,Gurgaon,V71740338
Sector 72 Gurgaon,28.3943815,77.032363,2500.0,4,4.0,,6,Semifurnished,Apartment,52500000.0,Gurgaon,H71738128
Sohna,28.3241636,77.0848644,500.0,2,2.0,,1,Semifurnished,Apartment,4000000.0,Gurgaon,Y65094238
Sector 79 Gurgaon,28.4618719,77.05688,1193.0,2,2.0,,5,Semifurnished,Apartment,12000000.0,Gurgaon,H71726684
Sector 37D Gurgaon,28.4480039,76.9697682,1275.0,2,2.0,,6,Semifurnished,Apartment,10000000.0,Gurgaon,T71719934
Sector 79 Gurgaon,28.4618719,77.05688,1235.0,3,3.0,,5,Semifurnished,Apartment,12000000.0,Gurgaon,X71714346
Sector 92 Gurgaon,28.4089049,76.9155232,1190.0,3,2.0,,5,Semifurnished,Apartment,9520000.0,Gurgaon,N71713770
Sector 81 Gurgaon,28.3873647,76.9475835,1235.0,3,3.0,,5,Semifurnished,Apartment,10000000.0,Gurgaon,G71713644
Sector 79 Gurgaon,28.4618719,77.05688,1235.0,3,3.0,,5,Semifurnished,Apartment,12500000.0,Gurgaon,G71712780
Sector 93 Gurgaon,28.4156048,76.931638,1254.0,3,3.0,,5,Semifurnished,Apartment,15000000.0,Gurgaon,E71712610
Sector 72 Gurgaon,28.3943815,77.032363,1650.0,4,5.0,,1,Semifurnished,Apartment,39000000.0,Gurgaon,Q71696630
Sector 63A Gurgaon,28.4618719,77.05688,1650.0,4,4.0,,5,Semifurnished,Independent/Builder Floor,42000000.0,Gurgaon,A66538450
Sector 77 Gurgaon,28.3832337,76.982557,1650.0,3,3.0,,1,Semifurnished,Apartment,22000000.0,Gurgaon,T71665704
Sector 36A Gurgaon,28.4202285,76.9719998,2247.0,4,4.0,,5,Semifurnished,Apartment,59000000.0,Gurgaon,I71663450
Sector 54 Gurgaon,28.433569,77.1055815,3000.0,3,3.0,,6,Semifurnished,Independent/Builder Floor,38000000.0,Gurgaon,Y71662652
South City 1,28.4188433,77.0440293,1800.0,3,3.0,,6,Semifurnished,Independent/Builder Floor,26000000.0,Gurgaon,R71661850
Sector 76 Gurgaon,28.3910112,76.9900243,1650.0,3,4.0,,5,Semifurnished,Apartment,32000000.0,Gurgaon,P71660614
Sector 57 Gurgaon,28.4232478,77.0804487,1650.0,3,3.0,,6,Semifurnished,Independent/Builder Floor,16500000.0,Gurgaon,D71660536
Suncity,28.507814,77.0713577,1650.0,4,4.0,,6,Semifurnished,Independent/Builder Floor,65000000.0,Gurgaon,Z71660088
Sector 46 Gurgaon,28.4268461,77.0584252,1650.0,3,3.0,,6,Semifurnished,Independent/Builder Floor,21500000.0,Gurgaon,Y71659080
Dlf Phase 4,28.4919048,77.0937804,1650.0,4,4.0,,6,Semifurnished,Independent/Builder Floor,32500000.0,Gurgaon,O71658726
Dlf Phase 3,28.4919048,77.0937804,1650.0,4,4.0,,6,Semifurnished,Independent/Builder Floor,40000000.0,Gurgaon,D71657686
Sector 57 Gurgaon,28.4232478,77.0804487,1650.0,4,4.0,,6,Semifurnished,Independent/Builder Floor,30000000.0,Gurgaon,R71657456
Dlf Phase 2,28.483901,77.0846097,1650.0,4,4.0,,6,Unknown,Independent/Builder Floor,42500000.0,Gurgaon,A71656968
Sushant Lok Phase 2,28.464228,77.076724,1650.0,3,4.0,,6,Semifurnished,Independent/Builder Floor,18000000.0,Gurgaon,X71655824
Nirvana Country,28.4150509,77.0642955,1650.0,4,4.0,,6,Semifurnished,Independent/Builder Floor,42000000.0,Gurgaon,X71655488
Sushant Lok Phase 2,28.464228,77.076724,1650.0,3,3.0,,6,Semifurnished,Independent/Builder Floor,21500000.0,Gurgaon,E71653236
Sector 47 Gurgaon,28.4268461,77.0584252,1650.0,3,3.0,,6,Semifurnished,Independent/Builder Floor,19000000.0,Gurgaon,U71652846
Sector 47 Gurgaon,28.4268461,77.0584252,1650.0,3,4.0,,6,Semifurnished,Independent/Builder Floor,19000000.0,Gurgaon,I71652360
Sector 28 Gurgaon,28.4794143,77.0833588,1650.0,4,4.0,,6,Semifurnished,Independent/Builder Floor,32500000.0,Gurgaon,S71652094
Sector 27 Gurgaon,28.4646566,77.0839505,1650.0,3,4.0,,6,Semifurnished,Independent/Builder Floor,26500000.0,Gurgaon,X71651912
Sector 46 Gurgaon,28.4268461,77.0584252,1650.0,4,4.0,,1,Semifurnished,Independent/Builder Floor,23500000.0,Gurgaon,U71651748
Dlf Phase 2,28.483901,77.0846097,1650.0,4,4.0,,1,Semifurnished,Apartment,24500000.0,Gurgaon,F71637270
Sector 22 Gurgaon,28.4947315,77.0691703,1650.0,4,4.0,,1,Semifurnished,Apartment,51600000.0,Gurgaon,Q71613732
Sector 22 Gurgaon,28.4947315,77.0691703,1650.0,3,4.0,,1,Semifurnished,Apartment,36100000.0,Gurgaon,D71613274
Sector 22 Gurgaon,28.4947315,77.0691703,3090.0,3,3.0,,2,Semifurnished,Apartment,43000000.0,Gurgaon,O71613020
Dlf Phase 3,28.4919048,77.0937804,1650.0,4,4.0,,2,Semifurnished,Apartment,87200000.0,Gurgaon,Z71612498
Dlf Phase 3,28.4919048,77.0937804,1650.0,3,3.0,,2,Semifurnished,Apartment,31800000.0,Gurgaon,O71611670
C Block Sushant Lok Phase 1,28.4545693,77.0826249,1650.0,4,4.0,,6,Semifurnished,Independent/Builder Floor,33500000.0,Gurgaon,C71609194
Sector 57 Gurgaon,28.4232478,77.0804487,1650.0,3,3.0,,6,Semifurnished,Independent/Builder Floor,23500000.0,Gurgaon,L71608708
Dlf Phase 1,28.4765171,77.090194,1650.0,3,4.0,,6,Semifurnished,Independent/Builder Floor,26000000.0,Gurgaon,S71608602
Sector 63A Gurgaon,28.4618719,77.05688,1305.0,3,3.0,,5,Semifurnished,Apartment,20600000.0,Gurgaon,H71600824
Dlf Phase 3,28.4919048,77.0937804,1650.0,4,4.0,,1,Semifurnished,Apartment,140420000.0,Gurgaon,Z71599806
Dlf Phase 3,28.4919048,77.0937804,1650.0,4,4.0,,1,Semifurnished,Apartment,139999999.0,Gurgaon,Y71598824
Dlf Phase 3,28.4919048,77.0937804,1650.0,4,4.0,,1,Semifurnished,Apartment,136700000.0,Gurgaon,C71598574
Dlf Phase 3,28.4919048,77.0937804,6800.0,4,4.0,,1,Semifurnished,Apartment,136000000.0,Gurgaon,L71598348
Sector 70A Gurgaon,28.3846684,77.0220391,1650.0,3,4.0,,1,Semifurnished,Apartment,28500000.0,Gurgaon,S71567544
Sector 86 Gurgaon,28.3981205,76.9411257,1650.0,2,2.0,,1,Semifurnished,Apartment,15300000.0,Gurgaon,L71562568
Sector 65 Gurgaon,28.4030162,77.0695893,1650.0,3,3.0,,1,Unfurnished,Independent/Builder Floor,22500000.0,Gurgaon,D71550288
Sector 113 Gurgaon,28.5286649,77.0250282,1800.0,3,3.0,,6,Semifurnished,Apartment,27500000.0,Gurgaon,F71536048
Sector 49 Gurgaon,28.4127374,77.0555164,1600.0,3,4.0,,2,Semifurnished,Apartment,27000000.0,Gurgaon,Q71535062
South City 1,28.4188433,77.0440293,2700.0,4,5.0,,6,Semifurnished,Independent/Builder Floor,37500000.0,Gurgaon,B71502784
Dlf Phase 4,28.4919048,77.0937804,1650.0,3,3.0,,3,Unfurnished,Apartment,20500000.0,Gurgaon,W71491376
Sector 72 Gurgaon,28.3943815,77.032363,2800.0,4,4.0,,6,Semifurnished,Apartment,52500000.0,Gurgaon,Z71488576
Sector 59 Gurgaon,28.4030162,77.1066682,1274.0,3,3.0,,5,Semifurnished,Apartment,42500000.0,Gurgaon,B71480718
Sector 62 Gurgaon,28.407697,77.0823781,1650.0,3,3.0,,6,Semifurnished,Apartment,42000000.0,Gurgaon,D71456462
Sector 104 Gurgaon,28.4795324,76.9937197,1082.2,3,3.0,,5,Semifurnished,Apartment,14900000.0,Gurgaon,W71447934
Sector 93 Gurgaon,28.4156048,76.931638,1009.0,3,3.0,,5,Semifurnished,Apartment,11900000.0,Gurgaon,S71447244
Sector 50 Gurgaon,28.4268461,77.0584252,3200.0,3,4.0,,2,Semifurnished,Apartment,49000000.0,Gurgaon,H71444126
Sector 50 Gurgaon,28.4268461,77.0584252,4000.0,4,5.0,,2,Semifurnished,Apartment,66000000.0,Gurgaon,E71443650
Sector 57 Gurgaon,28.4232478,77.0804487,1250.0,3,2.0,,2,Semifurnished,Independent/Builder Floor,12500000.0,Gurgaon,C71442840
Sector 74 Gurgaon,28.4110081,77.0101209,1000.0,2,2.0,,1,Semifurnished,Apartment,17500000.0,Gurgaon,A71442134
Sector 93 Gurgaon,28.4156048,76.931638,1009.0,3,3.0,,5,Semifurnished,Apartment,12500000.0,Gurgaon,H71431736
Sector 89 A Gurgaon,28.4184455,76.9457567,1650.0,3,4.0,,5,Semifurnished,Apartment,18600000.0,Gurgaon,U71431668
Sector 37D Gurgaon,28.4480039,76.9697682,1564.0,3,3.0,,6,Semifurnished,Apartment,15800000.0,Gurgaon,X71431540
Sector 61 Gurgaon,28.4110188,77.0963685,1249.65,3,4.0,,5,Semifurnished,Apartment,43000000.0,Gurgaon,R71431300
Sector 59 Gurgaon,28.4030162,77.1066682,2150.0,3,4.0,,5,Semifurnished,Apartment,45000000.0,Gurgaon,Z71427826
Sohna,28.3241636,77.0848644,600.0,2,2.0,,1,Semifurnished,Apartment,3900000.0,Gurgaon,K71402250
Sector 36 Sohna,28.4160012,77.1085564,1081.0,3,3.0,,1,Semifurnished,Independent/Builder Floor,7400000.0,Gurgaon,M71402120
Sohna,28.3241636,77.0848644,1153.0,2,2.0,,1,Semifurnished,Independent/Builder Floor,7700000.0,Gurgaon,C71401998
Sohna,28.3241636,77.0848644,1650.0,3,4.0,,1,Semifurnished,Apartment,15100000.0,Gurgaon,Q71401926
Sector-33 Sohna,28.3241636,77.0848644,1093.0,2,2.0,,1,Semifurnished,Independent/Builder Floor,10500000.0,Gurgaon,W71401740
Sohna,28.3241636,77.0848644,730.0,2,2.0,,5,Semifurnished,Apartment,9100000.0,Gurgaon,X71400838
Sohna,28.3241636,77.0848644,834.96,2,2.0,,1,Semifurnished,Apartment,9900000.0,Gurgaon,B71400618
Sohna,28.3241636,77.0848644,697.83,2,2.0,,1,Semifurnished,Apartment,8500000.0,Gurgaon,O71400546
Sohna,28.3241636,77.0848644,730.0,2,2.0,,1,Unknown,Apartment,8700000.0,Gurgaon,L71400438
Sector 62 Gurgaon,28.407697,77.0823781,1600.0,3,3.0,,6,Semifurnished,Apartment,42000000.0,Gurgaon,J71399072
Sector 89 Gurgaon,28.4184455,76.9457567,1205.0,3,4.0,,5,Semifurnished,Apartment,10200000.0,Gurgaon,Z71385520
Sector 76 Gurgaon,28.3910112,76.9900243,1204.0,3,3.0,,5,Semifurnished,Apartment,16700000.0,Gurgaon,I71385372
Sector 53 Gurgaon,28.4487856,77.0988212,1650.0,3,5.0,,2,Semifurnished,Apartment,54900000.0,Gurgaon,P71356330
Sector 53 Gurgaon,28.4487856,77.0988212,1650.0,3,5.0,,2,Semifurnished,Apartment,55000000.0,Gurgaon,L71356074
Sector 62 Gurgaon,28.407697,77.0823781,2000.0,3,3.0,,6,Semifurnished,Apartment,42000000.0,Gurgaon,Q71345662
Dlf Phase 1,28.4765171,77.090194,1650.0,3,3.0,,6,Semifurnished,Independent/Builder Floor,25500000.0,Gurgaon,I71336536
Sector 111 Gurgaon,28.5222773,77.0336203,1650.0,4,5.0,,1,Semifurnished,Apartment,37000000.0,Gurgaon,D71299684
Sector 108 Gurgaon,28.5128994,76.9823615,1280.17,3,4.0,,1,Unknown,Apartment,34000000.0,Gurgaon,I71297974
Sector 48 Gurgaon,28.4104903,77.0394627,1250.0,3,3.0,,2,Semifurnished,Apartment,21000000.0,Gurgaon,U71296492
Sector 85 Gurgaon,28.3985762,76.9547447,2599.0,4,4.0,,5,Semifurnished,Apartment,27500000.0,Gurgaon,R71267204
Sector 109 Gurgaon,28.5109205,77.0065956,1497.9,3,4.0,,5,Semifurnished,Apartment,19000000.0,Gurgaon,Y57681786
Sector 22 Gurgaon,28.4947315,77.0691703,3000.0,4,5.0,,6,Semifurnished,Apartment,59000000.0,Gurgaon,V71259066
Sector 60 Gurgaon,28.3985617,77.0978276,1650.0,3,3.0,,2,Semifurnished,Apartment,36000000.0,Gurgaon,H68539484
Sector 83 Gurgaon,28.3963578,76.9654747,1301.0,3,3.0,,1,Semifurnished,Apartment,12000000.0,Gurgaon,R71232468
Dlf Phase 1,28.4765171,77.090194,1600.0,3,3.0,,6,Semifurnished,Independent/Builder Floor,21500000.0,Gurgaon,T68452968
Mayfield Garden,28.4227493,77.0705636,2200.0,4,4.0,,6,Semifurnished,Independent/Builder Floor,29000000.0,Gurgaon,C68450230
"Block N, Mayfield Garden",28.4263326,77.0619263,2500.0,4,4.0,,6,Unfurnished,Independent/Builder Floor,24000000.0,Gurgaon,A68449074
South City 2,28.4188806,77.0439211,3000.0,4,4.0,,6,Semifurnished,Independent/Builder Floor,33000000.0,Gurgaon,R68448450
Sector 48 Gurgaon,28.4104903,77.0394627,1600.0,3,3.0,,6,Semifurnished,Independent/Builder Floor,14500000.0,Gurgaon,F68447078
Sector 62 Gurgaon,28.407697,77.0823781,1650.0,2,2.0,,6,Semifurnished,Apartment,25000000.0,Gurgaon,D71143466
Sector 83 Gurgaon,28.3963578,76.9654747,1650.0,3,3.0,,1,Semifurnished,Apartment,18500000.0,Gurgaon,U71143452
Sector 63A Gurgaon,28.4618719,77.05688,1331.0,3,3.0,,5,Semifurnished,Independent/Builder Floor,24500000.0,Gurgaon,I71130386
Sector 83 Gurgaon,28.3963578,76.9654747,1240.04,3,3.0,,1,Semifurnished,Apartment,17800000.0,Gurgaon,F71125828
Sector 81 Gurgaon,28.3873647,76.9475835,4200.0,4,6.0,,6,Semifurnished,Apartment,97500000.0,Gurgaon,N71120278
Sector 83 Gurgaon,28.3963578,76.9654747,1240.04,3,3.0,,1,Semifurnished,Apartment,17800000.0,Gurgaon,R71119654
Sector 85 Gurgaon,28.3985762,76.9547447,1370.0,3,3.0,,5,Semifurnished,Apartment,16900000.0,Gurgaon,H71114244
Sector 110 Gurgaon,28.5069625,77.018321,1650.0,5,5.0,,1,Semifurnished,Apartment,45000000.0,Gurgaon,M71097554
Sector 81 Gurgaon,28.3873647,76.9475835,1156.0,3,4.0,,1,Semifurnished,Apartment,26500000.0,Gurgaon,R71052192
Sector 84 Gurgaon,28.4035469,76.9677894,1207.0,2,2.0,,1,Semifurnished,Apartment,10700000.0,Gurgaon,V71046426
Sector 86 Gurgaon,28.3981205,76.9411257,1750.0,3,3.0,,1,Semifurnished,Apartment,16500000.0,Gurgaon,X71040026
Sector 86 Gurgaon,28.3981205,76.9411257,1200.0,2,2.0,,1,Semifurnished,Apartment,6900000.0,Gurgaon,P71031734
Sector 79 Gurgaon,28.4618719,77.05688,1650.0,3,3.0,,6,Semifurnished,Apartment,17425000.0,Gurgaon,S71007282
Sector 102 Gurgaon,28.4754872,76.9711747,589.49,2,2.0,,5,Semifurnished,Apartment,9900000.0,Gurgaon,V43800905
Sector 65 Gurgaon,28.4030162,77.0695893,1650.0,3,4.0,,5,Semifurnished,Apartment,26500000.0,Gurgaon,W70975104
Sector 65 Gurgaon,28.4030162,77.0695893,1650.0,2,4.0,,5,Semifurnished,Apartment,16100000.0,Gurgaon,M70974932
Greenwood City,28.4449095,77.0611408,1650.0,4,5.0,,1,Semifurnished,Independent/Builder Floor,37500000.0,Gurgaon,I70860270
Greenwood City,28.4449095,77.0611408,1650.0,4,4.0,,1,Semifurnished,Independent/Builder Floor,34900000.0,Gurgaon,F70860196
Greenwood City,28.4449095,77.0611408,1650.0,3,3.0,,1,Semifurnished,Independent/Builder Floor,20900000.0,Gurgaon,O70860034
Greenwood City,28.4449095,77.0611408,1650.0,3,3.0,,1,Semifurnished,Independent/Builder Floor,19900000.0,Gurgaon,N70859934
Dlf Phase 4,28.4919048,77.0937804,1650.0,4,5.0,,1,Semifurnished,Independent/Builder Floor,57500000.0,Gurgaon,X70856416
Dlf Phase 4,28.4919048,77.0937804,1650.0,4,4.0,,1,Semifurnished,Independent/Builder Floor,54900000.0,Gurgaon,R70856340
Dlf Phase 1,28.4765171,77.090194,1650.0,4,5.0,,1,Semifurnished,Independent/Builder Floor,47900000.0,Gurgaon,Z70855464
Sector 81 Gurgaon,28.3873647,76.9475835,1650.0,4,4.0,,1,Semifurnished,Apartment,35000000.0,Gurgaon,Y70801410
Sector 62 Gurgaon,28.407697,77.0823781,1650.0,3,3.0,,6,Semifurnished,Apartment,41500000.0,Gurgaon,G70728804
Sector 59 Gurgaon,28.4030162,77.1066682,1650.0,4,5.0,,5,Semifurnished,Apartment,67000000.0,Gurgaon,P70727474
Sector 66 Gurgaon,28.3974292,77.0538823,1650.0,3,3.0,,1,Semifurnished,Apartment,34000000.0,Gurgaon,W70607612
Sector 66 Gurgaon,28.3974292,77.0538823,1650.0,4,5.0,,2,Semifurnished,Apartment,30000000.0,Gurgaon,U70510604
Sector 65 Gurgaon,28.4030162,77.0695893,1650.0,2,2.0,,5,Semifurnished,Apartment,15500000.0,Gurgaon,M70461510
Sector 57 Gurgaon,28.4232478,77.0804487,1500.0,3,3.0,,1,Semifurnished,Independent/Builder Floor,15000000.0,Gurgaon,Q66168498
Sector 48 Gurgaon,28.4104903,77.0394627,2100.0,4,4.0,,2,Semifurnished,Apartment,27000000.0,Gurgaon,U70010094
Sector 104 Gurgaon,28.4795324,76.9937197,2150.0,4,4.0,,1,Semifurnished,Apartment,25500000.0,Gurgaon,O69883296
Sector 113 Gurgaon,28.5286649,77.0250282,2217.0,3,3.0,,1,Semifurnished,Apartment,23200000.0,Gurgaon,Q69897792
Sector 113 Gurgaon,28.5286649,77.0250282,2000.0,3,3.0,,1,Semifurnished,Apartment,23000000.0,Gurgaon,T69897486
Sector 113 Gurgaon,28.5286649,77.0250282,1650.0,3,4.0,,1,Semifurnished,Apartment,27000000.0,Gurgaon,B69810550
Sector 48 Gurgaon,28.4104903,77.0394627,1650.0,3,3.0,,3,Semifurnished,Apartment,26500000.0,Gurgaon,F69763308
Sector 72 Gurgaon,28.3943815,77.032363,2150.0,4,4.0,,1,Semifurnished,Apartment,39000000.0,Gurgaon,E69736070
Sector 70A Gurgaon,28.3846684,77.0220391,1350.0,3,3.0,,1,Semifurnished,Apartment,25000000.0,Gurgaon,Y69535966
South City 2,28.4188806,77.0439211,4400.0,4,4.0,,6,Semifurnished,Independent/Builder Floor,37500000.0,Gurgaon,F68290710
Malibu Town,28.4234344,77.0468649,4900.0,4,4.0,,6,Unfurnished,Independent/Builder Floor,39500000.0,Gurgaon,W68292850
Dlf Phase 4,28.4919048,77.0937804,3100.0,4,4.0,,6,Semifurnished,Independent/Builder Floor,41500000.0,Gurgaon,L68293046
South City 2,28.4188806,77.0439211,2100.0,4,4.0,,6,Semifurnished,Independent/Builder Floor,21000000.0,Gurgaon,Z68363836
Sector 48 Gurgaon,28.4104903,77.0394627,2600.0,4,4.0,,6,Semifurnished,Independent/Builder Floor,23000000.0,Gurgaon,V68364438
Sushant Lok Phase 2,28.464228,77.076724,3600.0,4,4.0,,6,Semifurnished,Independent/Builder Floor,26500000.0,Gurgaon,Q68378958
South City 2,28.4188806,77.0439211,3000.0,4,4.0,,6,Semifurnished,Independent/Builder Floor,41000000.0,Gurgaon,R68381628
Cyber City,28.4980703,77.0892567,4500.0,4,4.0,,6,Semifurnished,Independent/Builder Floor,57500000.0,Gurgaon,E68399076
Dlf Phase 2,28.483901,77.0846097,2900.0,4,4.0,,6,Semifurnished,Independent/Builder Floor,35000000.0,Gurgaon,E68399324
Malibu Town,28.4234344,77.0468649,4600.0,4,4.0,,6,Semifurnished,Independent/Builder Floor,39000000.0,Gurgaon,J68420276
Sector 45 Gurgaon,28.4449004,77.0663545,3000.0,4,4.0,,6,Semifurnished,Independent/Builder Floor,37500000.0,Gurgaon,H68420896
Sector 67A Gurgaon,28.4618719,77.05688,2300.0,4,4.0,,6,Semifurnished,Independent/Builder Floor,18500000.0,Gurgaon,A68421262
South City 2,28.4188806,77.0439211,2800.0,4,4.0,,6,Semifurnished,Independent/Builder Floor,35000000.0,Gurgaon,U68422504
Sector 62 Gurgaon,28.407697,77.0823781,1850.0,3,4.0,,6,Semifurnished,Apartment,42000000.0,Gurgaon,Q69102206
Sector 62 Gurgaon,28.407697,77.0823781,2000.0,3,3.0,,1,Semifurnished,Apartment,45500000.0,Gurgaon,M71801374
Sector 106 Gurgaon,28.5060806,76.9967796,2250.0,4,4.0,,5,Semifurnished,Apartment,42500000.0,Gurgaon,M71799616
Sector 106 Gurgaon,28.5060806,76.9967796,1550.0,3,3.0,,5,Semifurnished,Apartment,26000000.0,Gurgaon,L71799242
Sector 57 Gurgaon,28.4232478,77.0804487,1650.0,3,4.0,,2,Semifurnished,Apartment,26500000.0,Gurgaon,S71795816
Sector 70 Gurgaon,28.3947261,77.0223138,1161.0,3,4.0,,1,Unfurnished,Apartment,16800000.0,Gurgaon,I71792632
Sector 106 Gurgaon,28.5060806,76.9967796,1425.0,3,3.0,,5,Semifurnished,Apartment,22500000.0,Gurgaon,S71785834
Sector 106 Gurgaon,28.5060806,76.9967796,1200.0,2,2.0,,5,Semifurnished,Apartment,18000000.0,Gurgaon,D71785650
Sector 48 Gurgaon,28.4104903,77.0394627,2000.0,4,4.0,,2,Semifurnished,Apartment,30000000.0,Gurgaon,C71783708
Sector 62 Gurgaon,28.407697,77.0823781,2000.0,3,3.0,,1,Semifurnished,Apartment,45500000.0,Gurgaon,C71782740
Sector 66 Gurgaon,28.3974292,77.0538823,3200.0,4,4.0,,2,Semifurnished,Apartment,63500000.0,Gurgaon,W71782500
Sector 66 Gurgaon,28.3974292,77.0538823,3200.0,4,4.0,,2,Semifurnished,Apartment,63000000.0,Gurgaon,B71782386
Dlf Phase 2,28.483901,77.0846097,2250.00000000022,3,4.0,,6,Semifurnished,Independent/Builder Floor,35000000.0,Gurgaon,H71774960
Sector 62 Gurgaon,28.407697,77.0823781,2000.0,3,3.0,,1,Semifurnished,Apartment,45000000.0,Gurgaon,E71758370
Sushant Lok Phase 1,28.4545693,77.0826249,2100.0,4,4.0,,6,Semifurnished,Independent/Builder Floor,32000000.0,Gurgaon,G71726454
Sector 69 Gurgaon,28.3960701,77.0372311,1900.0,4,5.0,,6,Semifurnished,Apartment,26000000.0,Gurgaon,M71722026
Sector 70 Gurgaon,28.3947261,77.0223138,1950.0,4,5.0,,2,Semifurnished,Apartment,22500000.0,Gurgaon,A71721912
Sector 71 Gurgaon,28.3950557,77.0314336,1790.0,4,4.0,,2,Semifurnished,Apartment,15000000.0,Gurgaon,M71704118
Sector 71 Gurgaon,28.3950557,77.0314336,1500.0,3,4.0,,2,Semifurnished,Apartment,13000000.0,Gurgaon,L71703224
Sector 71 Gurgaon,28.3950557,77.0314336,1450.0,3,4.0,,2,Semifurnished,Apartment,13000000.0,Gurgaon,S71701698
Sector 71 Gurgaon,28.3950557,77.0314336,1450.0,3,4.0,,2,Semifurnished,Apartment,12500000.0,Gurgaon,X71701406
Sector 71 Gurgaon,28.3950557,77.0314336,900.0,2,2.0,,2,Semifurnished,Apartment,8500000.0,Gurgaon,L71700860
Sector 92 Gurgaon,28.4089049,76.9155232,2000.0,4,4.0,,1,Semifurnished,Apartment,21100000.0,Gurgaon,C71696912
Sector 48 Gurgaon,28.4104903,77.0394627,2000.0,4,4.0,,3,Semifurnished,Apartment,29000000.0,Gurgaon,A71691368
Sector 50 Gurgaon,28.4268461,77.0584252,800.0,2,2.0,,2,Semifurnished,Apartment,14500000.0,Gurgaon,A71684500
Nirvana Country,28.4150509,77.0642955,1150.0,2,2.0,,2,Semifurnished,Apartment,16000000.0,Gurgaon,H71678752
Sector 66 Gurgaon,28.3974292,77.0538823,3400.0,4,5.0,,2,Semifurnished,Apartment,70000000.0,Gurgaon,U71676146
Sector 66 Gurgaon,28.3974292,77.0538823,3200.0,4,4.0,,2,Semifurnished,Apartment,63500000.0,Gurgaon,O71675450
Sector 66 Gurgaon,28.3974292,77.0538823,1800.0,3,3.0,,2,Semifurnished,Apartment,33500000.0,Gurgaon,N71673664
Sector 65 Gurgaon,28.4030162,77.0695893,1150.0,3,3.0,,1,Semifurnished,Apartment,20000000.0,Gurgaon,O71665948
Sector 66 Gurgaon,28.3974292,77.0538823,3200.0,4,4.0,,2,Semifurnished,Apartment,63000000.0,Gurgaon,B71665760
Sector 65 Gurgaon,28.4030162,77.0695893,900.0,2,2.0,,1,Semifurnished,Apartment,16000000.0,Gurgaon,R71665424
Sector 22 Gurgaon,28.4947315,77.0691703,1802.0,3,4.0,,6,Semifurnished,Apartment,40324500.0,Gurgaon,V71665364
Sector 59 Gurgaon,28.4030162,77.1066682,3025.0,3,4.0,,1,Semifurnished,Apartment,60000000.0,Gurgaon,B71665230
Sector 58 Gurgaon,28.4160012,77.1085564,1600.0,3,3.0,,1,Semifurnished,Apartment,45000000.0,Gurgaon,I71665214
Sector 22 Gurgaon,28.4947315,77.0691703,1210.0,3,3.0,,6,Semifurnished,Apartment,30500000.0,Gurgaon,B71665022
Sector 22 Gurgaon,28.4947315,77.0691703,1668.0,3,4.0,,6,Semifurnished,Apartment,41500000.0,Gurgaon,N71664820
Sector 48 Gurgaon,28.4104903,77.0394627,2000.0,4,4.0,,3,Semifurnished,Apartment,29500000.0,Gurgaon,L71652340
Sector 65 Gurgaon,28.4030162,77.0695893,1650.0,3,3.0,,5,Semifurnished,Apartment,25000000.0,Gurgaon,I71622866
Sector 70 Gurgaon,28.3947261,77.0223138,1161.0,3,5.0,,6,Semifurnished,Apartment,17500000.0,Gurgaon,M71602594
Dlf Phase 3,28.4919048,77.0937804,3400.0,4,4.0,,2,Semifurnished,Apartment,57500000.0,Gurgaon,B71601888
Dlf Phase 5,28.503445,77.0952048,2300.0,4,4.0,,3,Semifurnished,Apartment,51000000.0,Gurgaon,D71571876
Dlf Phase 4,28.4919048,77.0937804,1944.0,3,4.0,,6,Semifurnished,Independent/Builder Floor,28500000.0,Gurgaon,J71567038
Sector 37D Gurgaon,28.4480039,76.9697682,750.0,2,2.0,,5,Semifurnished,Independent/Builder Floor,9200000.0,Gurgaon,Y71565180
Nirvana Country,28.4150509,77.0642955,1400.0,3,3.0,,2,Semifurnished,Independent/Builder Floor,16000000.0,Gurgaon,S71556002
Dlf Phase 1,28.4765171,77.090194,2160.0,4,4.0,,6,Semifurnished,Independent/Builder Floor,37500000.0,Gurgaon,L71551714
Sector 37D Gurgaon,28.4480039,76.9697682,1232.0,2,2.0,,1,Semifurnished,Apartment,10500000.0,Gurgaon,G71499104
Sector-33 Sohna,28.3241636,77.0848644,1385.0,2,2.0,,6,Semifurnished,Apartment,12000000.0,Gurgaon,I71482082
Sector 37D Gurgaon,28.4480039,76.9697682,1200.0,3,2.0,,6,Semifurnished,Apartment,16000000.0,Gurgaon,K71478570
Sector 90 Gurgaon,28.4069974,76.9365562,1650.0,3,4.0,,1,Semifurnished,Apartment,12500000.0,Gurgaon,V71478386
Sector 61 Gurgaon,28.4110188,77.0963685,1600.0,3,4.0,,2,Semifurnished,Apartment,27000000.0,Gurgaon,D71463598
Gwal Pahari,28.4326344,77.1480585,1650.0,4,6.0,,6,Semifurnished,Apartment,87000000.0,Gurgaon,K71461946
Gwal Pahari,28.4326344,77.1480585,1650.0,4,4.0,,6,Semifurnished,Apartment,69000000.0,Gurgaon,M71461834
Gwal Pahari,28.4326344,77.1480585,1650.0,4,4.0,,6,Semifurnished,Apartment,77000000.0,Gurgaon,H71461746
Sector 41 Gurgaon,28.4433686,77.0552345,1900.0,3,4.0,,2,Semifurnished,Apartment,22500000.0,Gurgaon,K71457640
Dlf Phase 3,28.4919048,77.0937804,1650.0,4,4.0,,2,Semifurnished,Apartment,47500000.0,Gurgaon,S71416632
Sector 70 Gurgaon,28.3947261,77.0223138,1650.0,2,2.0,,6,Semifurnished,Apartment,11700000.0,Gurgaon,O71414016
Nirvana Country,28.4150509,77.0642955,3800.0,4,5.0,,3,Semifurnished,Apartment,52000000.0,Gurgaon,K71398574
Nirvana Country,28.4150509,77.0642955,2200.0,3,3.0,,3,Unfurnished,Apartment,33000000.0,Gurgaon,C71396910
Sector 48 Gurgaon,28.4104903,77.0394627,2000.0,4,4.0,,2,Semifurnished,Apartment,29000000.0,Gurgaon,V71391934
Dlf Phase 1,28.4765171,77.090194,1700.0,4,4.0,,6,Semifurnished,Independent/Builder Floor,37000000.0,Gurgaon,W71345674
Sector 102 Gurgaon,28.4754872,76.9711747,1650.0,3,3.0,,6,Semifurnished,Apartment,20000000.0,Gurgaon,H54209938
South City 2,28.4188806,77.0439211,2200.0,4,4.0,,6,Semifurnished,Independent/Builder Floor,35000000.0,Gurgaon,I71295462
Sector 56 Gurgaon,28.4252244,77.0992377,1700.0,4,4.0,,6,Semifurnished,Independent/Builder Floor,29000000.0,Gurgaon,J71285072
Sector 62 Gurgaon,28.407697,77.0823781,2100.0,3,3.0,,6,Semifurnished,Apartment,42500000.0,Gurgaon,A71284856
Sector 62 Gurgaon,28.407697,77.0823781,1100.0,2,2.0,,1,Semifurnished,Apartment,26500000.0,Gurgaon,C71280620
Sector 61 Gurgaon,28.4110188,77.0963685,1650.0,3,3.0,,1,Semifurnished,Apartment,21500000.0,Gurgaon,W71257718
Sector 62 Gurgaon,28.407697,77.0823781,1000.0,2,2.0,,1,Semifurnished,Apartment,26000000.0,Gurgaon,G71210896
Sector 92 Gurgaon,28.4089049,76.9155232,1950.0,4,3.0,,1,Semifurnished,Apartment,20500000.0,Gurgaon,F71190394
Nirvana Country,28.4150509,77.0642955,1500.0,3,3.0,,2,Semifurnished,Apartment,25000000.0,Gurgaon,P71149110
Nirvana Country,28.4150509,77.0642955,1500.0,3,3.0,,2,Semifurnished,Apartment,25500000.0,Gurgaon,D71149056
Sector 62 Gurgaon,28.407697,77.0823781,2000.0,3,3.0,,1,Semifurnished,Apartment,43500000.0,Gurgaon,C71046114
Palam Vihar,28.4983353,77.0203007,2475.00000000024,3,4.0,,1,Semifurnished,Independent/Builder Floor,16000000.0,Gurgaon,L71013264
Sector 22 Gurgaon,28.4947315,77.0691703,1836.00000000018,3,4.0,,1,Semifurnished,Independent/Builder Floor,14900000.0,Gurgaon,D71013102
Sector 22 Gurgaon,28.4947315,77.0691703,2367.00000000023,3,4.0,,1,Semifurnished,Independent/Builder Floor,19500000.0,Gurgaon,L71012988
Nirvana Country,28.4150509,77.0642955,2500.0,4,4.0,,2,Unfurnished,Apartment,45500000.0,Gurgaon,O70959066
Nirvana Country,28.4150509,77.0642955,2500.0,4,4.0,,2,Unfurnished,Apartment,45000000.0,Gurgaon,I70958984
Sector 37D Gurgaon,28.4480039,76.9697682,1028.0,3,3.0,,1,Semifurnished,Apartment,7300000.0,Gurgaon,S70930380
Sector 62 Gurgaon,28.407697,77.0823781,2000.0,3,3.0,,1,Semifurnished,Apartment,43500000.0,Gurgaon,C70901802
Sector 69 Gurgaon,28.3960701,77.0372311,1040.0,3,3.0,,6,Semifurnished,Apartment,21000000.0,Gurgaon,T70701796
Sector 70 Gurgaon,28.3947261,77.0223138,3600.0,5,7.0,,2,Semifurnished,Apartment,34000000.0,Gurgaon,X70478778
Sector 69 Gurgaon,28.3960701,77.0372311,1650.0,3,3.0,,6,Semifurnished,Apartment,22500000.0,Gurgaon,A70477214
Sector 70 Gurgaon,28.3947261,77.0223138,1650.0,5,6.0,,2,Semifurnished,Apartment,34000000.0,Gurgaon,V67669622
Sector 70 Gurgaon,28.3947261,77.0223138,3550.0,5,7.0,,2,Semifurnished,Apartment,35000000.0,Gurgaon,A68470276
Sector 102 Gurgaon,28.4754872,76.9711747,1315.0,4,4.0,,6,Semifurnished,Apartment,25000000.0,Gurgaon,W60274076
Sector 49 Gurgaon,28.4127374,77.0555164,2100.0,4,3.0,,1,Semifurnished,Apartment,21000000.0,Gurgaon,I63608918
Sector 49 Gurgaon,28.4127374,77.0555164,1770.0,3,3.0,,1,Semifurnished,Apartment,18000000.0,Gurgaon,C65750086
Sector 49 Gurgaon,28.4127374,77.0555164,1107.0,2,2.0,,1,Semifurnished,Apartment,12500000.0,Gurgaon,S67513324
Dlf Phase 4,28.4919048,77.0937804,1600.0,3,4.0,,6,Semifurnished,Independent/Builder Floor,35000000.0,Gurgaon,W71339530
Sector 37D Gurgaon,28.4480039,76.9697682,1650.0,3,3.0,,6,Semifurnished,Apartment,10500000.0,Gurgaon,A70801400
Sector 67A Gurgaon,28.4618719,77.05688,743.0,2,2.0,,6,Semifurnished,Apartment,14700000.0,Gurgaon,H71803180
Sector 67A Gurgaon,28.4618719,77.05688,860.0,2,2.0,,6,Semifurnished,Apartment,15700000.0,Gurgaon,K71802940
Dlf Phase 1,28.4765171,77.090194,2844.00000000028,4,4.0,,6,Semifurnished,Independent/Builder Floor,40000000.0,Gurgaon,A71780344
Sector 53 Gurgaon,28.4487856,77.0988212,2500.0,3,4.0,,2,Semifurnished,Apartment,43500000.0,Gurgaon,P66476374
Sector 48 Gurgaon,28.4104903,77.0394627,1650.0,4,5.0,,3,Semifurnished,Apartment,42000000.0,Gurgaon,E71682886
Sector 49 Gurgaon,28.4127374,77.0555164,1650.0,4,5.0,,3,Semifurnished,Apartment,34000000.0,Gurgaon,C71682540
Sector 54 Gurgaon,28.433569,77.1055815,2000.0,3,3.0,,1,Semifurnished,Apartment,56000000.0,Gurgaon,S71624530
Sector 53 Gurgaon,28.4487856,77.0988212,2200.0,3,4.0,,2,Semifurnished,Apartment,48000000.0,Gurgaon,W71568114
Sector 53 Gurgaon,28.4487856,77.0988212,2500.0,3,4.0,,2,Semifurnished,Apartment,42500000.0,Gurgaon,F71549454
Sector 53 Gurgaon,28.4487856,77.0988212,2200.0,3,4.0,,2,Semifurnished,Apartment,39500000.0,Gurgaon,N71549268
Sector 71 Gurgaon,28.3950557,77.0314336,1802.0,3,3.0,,2,Semifurnished,Apartment,12700000.0,Gurgaon,N71539276
Sector 71 Gurgaon,28.3950557,77.0314336,1620.0,3,3.0,,2,Semifurnished,Apartment,11600000.0,Gurgaon,J71539174
Sector 53 Gurgaon,28.4487856,77.0988212,2200.0,3,4.0,,1,Semifurnished,Apartment,40000001.0,Gurgaon,T71520322
South City 1,28.4188433,77.0440293,1643.0,3,3.0,,1,Semifurnished,Apartment,20200000.0,Gurgaon,Z71408546
Sector 72 Gurgaon,28.3943815,77.032363,1975.0,3,4.0,,1,Unknown,Apartment,16400000.0,Gurgaon,N71408144
Sector 42 Gurgaon,28.4487856,77.0988212,6280.0,4,7.0,,6,Semifurnished,Apartment,440000000.0,Gurgaon,D69000562
Sector 67 Gurgaon,28.3864052,77.0598046,1650.0,3,4.0,,2,Semifurnished,Apartment,25500000.0,Gurgaon,C71338610
Sector 48 Gurgaon,28.4104903,77.0394627,1650.0,4,4.0,,3,Semifurnished,Apartment,28000000.0,Gurgaon,I71338206
Sector 48 Gurgaon,28.4104903,77.0394627,1650.0,3,4.0,,3,Semifurnished,Apartment,23500000.0,Gurgaon,G71338076
Sector 48 Gurgaon,28.4104903,77.0394627,1650.0,3,3.0,,3,Semifurnished,Apartment,20500000.0,Gurgaon,L71337898
Sector 48 Gurgaon,28.4104903,77.0394627,1650.0,3,3.0,,2,Semifurnished,Apartment,28500000.0,Gurgaon,S71337500
Sector 48 Gurgaon,28.4104903,77.0394627,1650.0,3,3.0,,2,Semifurnished,Apartment,26500000.0,Gurgaon,C71336532
Sector 47 Gurgaon,28.4268461,77.0584252,1650.0,4,6.0,,1,Semifurnished,Apartment,54000000.0,Gurgaon,K71328316
Sector 42 Gurgaon,28.4487856,77.0988212,5000.0,4,4.0,,1,Semifurnished,Apartment,350000000.0,Gurgaon,H71268392
Sector 48 Gurgaon,28.4104903,77.0394627,1650.0,4,4.0,,3,Semifurnished,Apartment,29500000.0,Gurgaon,I71256394
Sector 48 Gurgaon,28.4104903,77.0394627,1650.0,3,3.0,,3,Semifurnished,Apartment,26800000.0,Gurgaon,E71256192
Sector 48 Gurgaon,28.4104903,77.0394627,1650.0,4,4.0,,3,Semifurnished,Apartment,28000000.0,Gurgaon,N71255776
Sector 48 Gurgaon,28.4104903,77.0394627,1650.0,3,3.0,,3,Semifurnished,Apartment,25000000.0,Gurgaon,J71255404
Sector 48 Gurgaon,28.4104903,77.0394627,1650.0,3,3.0,,3,Semifurnished,Apartment,20500000.0,Gurgaon,Y71255042
Sector 49 Gurgaon,28.4127374,77.0555164,1650.0,4,5.0,,3,Semifurnished,Apartment,25500000.0,Gurgaon,S71254768
Sector 49 Gurgaon,28.4127374,77.0555164,1650.0,3,4.0,,3,Semifurnished,Apartment,19500000.0,Gurgaon,O71254660
Sector 49 Gurgaon,28.4127374,77.0555164,1650.0,4,5.0,,3,Semifurnished,Apartment,28500000.0,Gurgaon,G71254482
Sector 49 Gurgaon,28.4127374,77.0555164,1650.0,3,4.0,,3,Semifurnished,Apartment,21500000.0,Gurgaon,V71236686
Sector 48 Gurgaon,28.4104903,77.0394627,1650.0,3,3.0,,3,Semifurnished,Apartment,17000000.0,Gurgaon,C71236040
Sector 48 Gurgaon,28.4104903,77.0394627,1650.0,3,4.0,,3,Semifurnished,Apartment,19000000.0,Gurgaon,I71235906
Sector 48 Gurgaon,28.4104903,77.0394627,1650.0,3,3.0,,3,Semifurnished,Apartment,17500000.0,Gurgaon,U71235668
Sector 68 Gurgaon,28.388897,77.0459859,1650.0,3,3.0,,1,Semifurnished,Apartment,17500000.0,Gurgaon,L71213932
Sector 68 Gurgaon,28.388897,77.0459859,1650.0,3,3.0,,1,Semifurnished,Apartment,16000000.0,Gurgaon,W71213788
Sector 68 Gurgaon,28.388897,77.0459859,1650.0,2,2.0,,1,Semifurnished,Apartment,12000000.0,Gurgaon,N71213640
Sector 68 Gurgaon,28.388897,77.0459859,1650.0,2,2.0,,1,Semifurnished,Apartment,13500000.0,Gurgaon,M71213410
Sector 68 Gurgaon,28.388897,77.0459859,1650.0,2,2.0,,6,Semifurnished,Apartment,11000000.0,Gurgaon,Z71213284
Sector 46 Gurgaon,28.4268461,77.0584252,2200.0,3,4.0,,1,Semifurnished,Independent/Builder Floor,20000000.0,Gurgaon,E70971742
Sector-33 Sohna,28.3241636,77.0848644,2400.0,4,5.0,,5,Unknown,Independent/Builder Floor,36000000.0,Gurgaon,I70855272
Sector 49 Gurgaon,28.4127374,77.0555164,1650.0,5,4.0,,3,Semifurnished,Apartment,41500000.0,Gurgaon,X70830722
C Block Sushant Lok Phase 1,28.4545693,77.0826249,1935.00000000019,3,3.0,,1,Semifurnished,Independent/Builder Floor,22000000.0,Gurgaon,W70816964
Sector 71 Gurgaon,28.3950557,77.0314336,645.0,3,2.0,,1,Unknown,Apartment,7800000.0,Gurgaon,X71780538
Sector 48 Gurgaon,28.4104903,77.0394627,2350.0,4,5.0,,2,Semifurnished,Apartment,29500000.0,Gurgaon,L71610462
Heritage City,28.4817226,77.0784621,1330.0,2,2.0,,2,Semifurnished,Apartment,18000000.0,Gurgaon,X68261458
Sector 28 Gurgaon,28.4794143,77.0833588,1645.0,3,4.0,,2,Semifurnished,Apartment,21000000.0,Gurgaon,S68192420
Sushant Lok Phase 1,28.4545693,77.0826249,2150.0,3,4.0,,5,Semifurnished,Apartment,45000000.0,Gurgaon,Z68275848
Sector 28 Gurgaon,28.4794143,77.0833588,5800.0,5,6.0,,2,Semifurnished,Apartment,55000000.0,Gurgaon,I68228898
Dlf Phase 4,28.4919048,77.0937804,1800.0,3,4.0,,2,Semifurnished,Apartment,23000000.0,Gurgaon,A69901048
Mg Road,28.4769607,77.0662688,4200.0,4,5.0,,6,Semifurnished,Apartment,101000000.0,Gurgaon,A70044482
Heritage City,28.4817226,77.0784621,3850.0,4,5.0,,2,Semifurnished,Apartment,52500000.0,Gurgaon,M70045368
Sector 28 Gurgaon,28.4794143,77.0833588,3200.0,4,5.0,,2,Semifurnished,Apartment,35000000.0,Gurgaon,A70064648
Sector 28 Gurgaon,28.4794143,77.0833588,2734.0,3,4.0,,2,Unfurnished,Apartment,31000000.0,Gurgaon,D70064846
Sector 70 Gurgaon,28.3947261,77.0223138,989.0,3,3.0,,1,Unknown,Apartment,12000000.0,Gurgaon,R71108374
Sushant Lok Phase 1,28.4545693,77.0826249,3300.0,4,5.0,,5,Semifurnished,Apartment,65000000.0,Gurgaon,H70949674
Sushant Lok Phase 1,28.4545693,77.0826249,2150.0,3,4.0,,5,Semifurnished,Apartment,48000000.0,Gurgaon,Y70949550
Sector 28 Gurgaon,28.4794143,77.0833588,1650.0,4,6.0,,2,Semifurnished,Apartment,70000000.0,Gurgaon,T70929158
Sector 67A Gurgaon,28.4618719,77.05688,1650.0,4,4.0,,5,Semifurnished,Independent/Builder Floor,27500000.0,Gurgaon,H70851764
Sector 67A Gurgaon,28.4618719,77.05688,1650.0,4,4.0,,6,Semifurnished,Independent/Builder Floor,20500000.0,Gurgaon,D70837462
Sector 70 Gurgaon,28.3947261,77.0223138,1161.0,3,5.0,,1,Semifurnished,Apartment,17300000.0,Gurgaon,T65166380
Sector 57 Gurgaon,28.4232478,77.0804487,3510.00000000035,4,4.0,,2,Semifurnished,Independent/Builder Floor,14000000.0,Gurgaon,P71618738
Sector 56 Gurgaon,28.4252244,77.0992377,1620.00000000016,3,3.0,,6,Semifurnished,Independent/Builder Floor,13500000.0,Gurgaon,W71156886
Sector 67 Gurgaon,28.3864052,77.0598046,1700.0,4,3.0,,6,Semifurnished,Independent/Builder Floor,15500000.0,Gurgaon,F66087062
Greenwood City,28.4449095,77.0611408,1451.0,3,3.0,,6,Semifurnished,Independent/Builder Floor,24000000.0,Gurgaon,A68766342
Malibu Town,28.4234344,77.0468649,2400.0,4,4.0,,6,Semifurnished,Independent/Builder Floor,35000000.0,Gurgaon,P66533846
Malibu Town,28.4234344,77.0468649,2400.0,4,4.0,,6,Semifurnished,Independent/Builder Floor,31000000.0,Gurgaon,J66533820
South City 2,28.4188806,77.0439211,3350.0,4,4.0,,6,Semifurnished,Independent/Builder Floor,40000000.0,Gurgaon,R65545198
Sector 57 Gurgaon,28.4232478,77.0804487,1400.0,3,3.0,,6,Semifurnished,Independent/Builder Floor,15000000.0,Gurgaon,I65489004
Sector 47 Gurgaon,28.4268461,77.0584252,2500.0,4,4.0,,6,Semifurnished,Independent/Builder Floor,34000000.0,Gurgaon,T67689648
Dlf Phase 4,28.4919048,77.0937804,1650.0,3,3.0,,3,Semifurnished,Apartment,28000000.0,Gurgaon,S71741062
Sector 67 Gurgaon,28.3864052,77.0598046,1650.0,3,5.0,,1,Semifurnished,Apartment,36500000.0,Gurgaon,I65828770
Dlf Phase 5,28.503445,77.0952048,1650.0,4,4.0,,2,Semifurnished,Apartment,88500000.0,Gurgaon,P65559984
Sector 54 Gurgaon,28.433569,77.1055815,1650.0,3,5.0,,1,Semifurnished,Apartment,89000000.0,Gurgaon,C65565178
Sector 58 Gurgaon,28.4160012,77.1085564,1650.0,3,4.0,,2,Semifurnished,Apartment,37900000.0,Gurgaon,U65347648
Sector 54 Gurgaon,28.433569,77.1055815,1650.0,5,7.0,,1,Semifurnished,Apartment,139000000.0,Gurgaon,S65347608
Dlf Phase 2,28.483901,77.0846097,1650.0,3,4.0,,3,Semifurnished,Apartment,48100000.0,Gurgaon,B65346866
Sector 31 Gurgaon,28.4540044,77.0497179,1650.0,4,6.0,,2,Semifurnished,Apartment,44500000.0,Gurgaon,M65346768
Dlf Phase 2,28.483901,77.0846097,2500.0,4,4.0,,1,Semifurnished,Independent/Builder Floor,26000000.0,Gurgaon,C71802464
Dlf Phase 2,28.483901,77.0846097,1600.0,3,2.0,,2,Semifurnished,Independent/Builder Floor,16500000.0,Gurgaon,G71740944
Sector 57 Gurgaon,28.4232478,77.0804487,2200.0,3,3.0,,6,Semifurnished,Independent/Builder Floor,22000000.0,Gurgaon,N71737546
Sector 57 Gurgaon,28.4232478,77.0804487,1650.0,3,4.0,,1,Semifurnished,Apartment,26000000.0,Gurgaon,P71717070
Sector 57 Gurgaon,28.4232478,77.0804487,3000.0,4,4.0,,6,Semifurnished,Independent/Builder Floor,30000000.0,Gurgaon,F71415672
Sector 57 Gurgaon,28.4232478,77.0804487,3078.0,4,4.0,,6,Semifurnished,Independent/Builder Floor,28500000.0,Gurgaon,B71414820
Sector 59 Gurgaon,28.4030162,77.1066682,2500.0,4,5.0,,1,Semifurnished,Apartment,47500000.0,Gurgaon,U70933706
Sector 91 Gurgaon,28.4007588,76.9210802,1650.0,4,4.0,,1,Semifurnished,Apartment,17500000.0,Gurgaon,U42579919
Sector 86 Gurgaon,28.3981205,76.9411257,1650.0,4,4.0,,1,Semifurnished,Independent/Builder Floor,26000000.0,Gurgaon,G44834421
Sector 90 Gurgaon,28.4069974,76.9365562,1200.0,2,3.0,,2,Unknown,Apartment,12000000.0,Gurgaon,N53604856
Sector 92 Gurgaon,28.4089049,76.9155232,1050.0,2,2.0,,5,Semifurnished,Independent/Builder Floor,8170000.0,Gurgaon,S71791764
Sector 55 Gurgaon,28.4274166,77.1097538,2200.0,4,4.0,,6,Semifurnished,Independent/Builder Floor,27000000.0,Gurgaon,F71791176
Sector 113 Gurgaon,28.5286649,77.0250282,1650.0,3,3.0,,5,Semifurnished,Apartment,29400000.0,Gurgaon,L71787484
Sector 106 Gurgaon,28.5060806,76.9967796,1359.0,3,3.0,,5,Semifurnished,Independent/Builder Floor,16200000.0,Gurgaon,M71787312
Sector 37C Gurgaon,28.4489095,76.9880502,1440.0,3,3.0,,6,Semifurnished,Apartment,12950000.0,Gurgaon,N71780376
Sohna,28.3241636,77.0848644,730.0,2,2.0,,1,Unknown,Apartment,9000000.0,Gurgaon,V71768578
Dlf Phase 1,28.4765171,77.090194,3240.00000000032,4,4.0,,6,Semifurnished,Independent/Builder Floor,39500000.0,Gurgaon,W71749770
Sector 79 Gurgaon,28.4618719,77.05688,1902.0,3,3.0,,5,Semifurnished,Apartment,16485000.0,Gurgaon,S71747158
Sector 113 Gurgaon,28.5286649,77.0250282,2050.0,3,3.0,,5,Semifurnished,Apartment,25625000.0,Gurgaon,B71746148
Sector 79 Gurgaon,28.4618719,77.05688,1200.0,2,2.0,,5,Semifurnished,Apartment,11300000.0,Gurgaon,G71745362
Sector 106 Gurgaon,28.5060806,76.9967796,4100.0,4,4.0,,5,Semifurnished,Apartment,65000000.0,Gurgaon,R71733484
Sector 113 Gurgaon,28.5286649,77.0250282,2597.0,4,4.0,,5,Semifurnished,Apartment,33631150.0,Gurgaon,I71728798
Sohna,28.3241636,77.0848644,629.0,2,2.0,,1,Semifurnished,Apartment,3700000.0,Gurgaon,K71725768
Sector 102 Gurgaon,28.4754872,76.9711747,1650.0,2,2.0,,6,Semifurnished,Apartment,10500000.0,Gurgaon,L71724012
Sector 81 Gurgaon,28.3873647,76.9475835,1650.0,3,3.0,,5,Semifurnished,Apartment,9771800.0,Gurgaon,Z71675518
Sector 111 Gurgaon,28.5222773,77.0336203,1605.0,3,3.0,,5,Semifurnished,Apartment,20300000.0,Gurgaon,A71674466
Sector 93 Gurgaon,28.4156048,76.931638,1650.0,3,3.0,,5,Semifurnished,Apartment,14076000.0,Gurgaon,A71673484
Sector 54 Gurgaon,28.433569,77.1055815,1650.0,5,6.0,,1,Semifurnished,Apartment,135000000.0,Gurgaon,B71639510
Sohna,28.3241636,77.0848644,483.0,2,2.0,,1,Semifurnished,Apartment,2650000.0,Gurgaon,B71607356
Sohna,28.3241636,77.0848644,730.0,2,2.0,,1,Semifurnished,Apartment,8250000.0,Gurgaon,F71597840
Sector 107 Gurgaon,28.506941,76.9752137,489.0,2,2.0,,1,Semifurnished,Apartment,3175000.0,Gurgaon,D71579796
Sector 107 Gurgaon,28.506941,76.9752137,552.0,2,2.0,,1,Unfurnished,Apartment,4500000.0,Gurgaon,Y71579792
Sector 107 Gurgaon,28.506941,76.9752137,336.0,1,1.0,,1,Semifurnished,Apartment,2125000.0,Gurgaon,X71579082
Sector 107 Gurgaon,28.506941,76.9752137,306.0,1,1.0,,1,Semifurnished,Apartment,2025000.0,Gurgaon,Y71578994
Sector 107 Gurgaon,28.506941,76.9752137,306.0,1,1.0,,1,Semifurnished,Apartment,2200000.0,Gurgaon,Q71578778
Sector 107 Gurgaon,28.506941,76.9752137,546.0,2,2.0,,1,Semifurnished,Apartment,3900000.0,Gurgaon,F71578710
Sector 107 Gurgaon,28.506941,76.9752137,489.0,2,2.0,,1,Semifurnished,Apartment,3050000.0,Gurgaon,D71578510
Sector 107 Gurgaon,28.506941,76.9752137,546.0,2,2.0,,1,Semifurnished,Apartment,4000000.0,Gurgaon,O71578400
Sector 107 Gurgaon,28.506941,76.9752137,489.0,2,2.0,,1,Semifurnished,Apartment,3150000.0,Gurgaon,Y71578284
Sector-33 Sohna,28.3241636,77.0848644,722.0,2,2.0,,6,Semifurnished,Independent/Builder Floor,12000000.0,Gurgaon,J71577696
Dlf Phase 5,28.503445,77.0952048,1650.0,4,4.0,,2,Semifurnished,Apartment,83500000.0,Gurgaon,P71576928
Sector-33 Sohna,28.3241636,77.0848644,1000.0,3,3.0,,5,Semifurnished,Apartment,17100000.0,Gurgaon,V71568694
Sohna,28.3241636,77.0848644,1120.0,3,4.0,,5,Semifurnished,Apartment,14900000.0,Gurgaon,E71568426
Sohna,28.3241636,77.0848644,394.0,1,1.0,,6,Semifurnished,Apartment,2200000.0,Gurgaon,I71568304
Sohna,28.3241636,77.0848644,597.53,2,2.0,,1,Semifurnished,Apartment,3850000.0,Gurgaon,B71567814
Sector 67A Gurgaon,28.4618719,77.05688,591.0,2,2.0,,6,Unfurnished,Apartment,7000000.0,Gurgaon,E71554556
Sector 102 Gurgaon,28.4754872,76.9711747,1022.58,3,3.0,,1,Semifurnished,Apartment,16700000.0,Gurgaon,O71508680
Sohna,28.3241636,77.0848644,394.0,1,1.0,,1,Semifurnished,Apartment,1980000.0,Gurgaon,O71504544
Sector-33 Sohna,28.3241636,77.0848644,1317.0,4,4.0,,6,Semifurnished,Apartment,29500000.0,Gurgaon,Z71504284
Sector 70A Gurgaon,28.3846684,77.0220391,1650.0,3,3.0,,1,Semifurnished,Apartment,20000000.0,Gurgaon,R71496990
Gwal Pahari,28.4326344,77.1480585,1650.0,4,6.0,,2,Semifurnished,Apartment,52500000.0,Gurgaon,Y71496434
Sohna,28.3241636,77.0848644,730.0,2,2.0,,5,Semifurnished,Apartment,8000000.0,Gurgaon,N71495482
Sohna,28.3241636,77.0848644,730.0,2,2.0,,5,Semifurnished,Apartment,8200000.0,Gurgaon,D71495448
Sohna,28.3241636,77.0848644,730.0,2,2.0,,1,Semifurnished,Apartment,8400000.0,Gurgaon,B71495394
Sohna,28.3241636,77.0848644,996.0,3,3.0,,5,Semifurnished,Apartment,14500000.0,Gurgaon,D71494904
Sohna,28.3241636,77.0848644,990.0,3,3.0,,6,Semifurnished,Independent/Builder Floor,11500000.0,Gurgaon,X71494858
Sohna,28.3241636,77.0848644,770.0,3,2.0,,6,Semifurnished,Independent/Builder Floor,8600000.0,Gurgaon,H71494796
Sohna,28.3241636,77.0848644,700.0,3,2.0,,6,Semifurnished,Independent/Builder Floor,7400000.0,Gurgaon,M71494758
Sohna,28.3241636,77.0848644,740.0,2,2.0,,6,Semifurnished,Independent/Builder Floor,7900000.0,Gurgaon,L71494712
Sohna,28.3241636,77.0848644,550.0,2,2.0,,6,Semifurnished,Independent/Builder Floor,5500000.0,Gurgaon,X71494658
Sector-33 Sohna,28.3241636,77.0848644,915.0,3,3.0,,6,Semifurnished,Apartment,15500000.0,Gurgaon,D71481032
Sector-33 Sohna,28.3241636,77.0848644,915.0,3,3.0,,6,Semifurnished,Apartment,17000000.0,Gurgaon,Z71480982
Sohna,28.3241636,77.0848644,790.0,2,2.0,,1,Semifurnished,Apartment,9500000.0,Gurgaon,M71480600
Sohna,28.3241636,77.0848644,730.0,2,2.0,,1,Semifurnished,Apartment,8700000.0,Gurgaon,R71480492
Sohna,28.3241636,77.0848644,1650.0,2,2.0,,1,Semifurnished,Apartment,3150000.0,Gurgaon,U71461334
Sohna,28.3241636,77.0848644,1650.0,2,2.0,,1,Semifurnished,Apartment,3250000.0,Gurgaon,N71461270
Gwal Pahari,28.4326344,77.1480585,1200.0,3,3.0,,5,Semifurnished,Apartment,15000000.0,Gurgaon,G71445298
Gwal Pahari,28.4326344,77.1480585,800.0,2,2.0,,5,Semifurnished,Apartment,11800000.0,Gurgaon,I71443628
Sector 53 Gurgaon,28.4487856,77.0988212,1050.0,2,2.0,,1,Semifurnished,Apartment,17000000.0,Gurgaon,S71442932
Sohna,28.3241636,77.0848644,790.0,2,2.0,,1,Semifurnished,Apartment,10200000.0,Gurgaon,O71437718
Sohna,28.3241636,77.0848644,790.0,2,2.0,,1,Semifurnished,Apartment,9100000.0,Gurgaon,C71412454
Sector 37C Gurgaon,28.4489095,76.9880502,1650.0,3,3.0,,5,Semifurnished,Apartment,12200000.0,Gurgaon,W71409356
Sector 37C Gurgaon,28.4489095,76.9880502,1650.0,3,3.0,,5,Semifurnished,Apartment,10900000.0,Gurgaon,F71409270
Sector 49 Gurgaon,28.4127374,77.0555164,4500.0,5,5.0,,6,Semifurnished,Independent/Builder Floor,60000000.0,Gurgaon,L71407028
Gwal Pahari,28.4326344,77.1480585,3800.0,4,4.0,,6,Semifurnished,Apartment,65000000.0,Gurgaon,M71383902
Gwal Pahari,28.4326344,77.1480585,1650.0,4,6.0,,6,Semifurnished,Apartment,82500000.0,Gurgaon,A71381050
Sohna,28.3241636,77.0848644,730.0,2,2.0,,5,Semifurnished,Apartment,9000000.0,Gurgaon,P71368310
Sohna,28.3241636,77.0848644,730.0,2,2.0,,5,Semifurnished,Apartment,9200000.0,Gurgaon,C71368210
Sohna,28.3241636,77.0848644,1120.0,3,4.0,,6,Semifurnished,Apartment,14900000.0,Gurgaon,L71331162
Sohna,28.3241636,77.0848644,1120.0,3,4.0,,6,Semifurnished,Apartment,15000000.0,Gurgaon,B71331050
Sohna,28.3241636,77.0848644,1120.0,3,4.0,,6,Semifurnished,Apartment,15100000.0,Gurgaon,M71330852
Sohna,28.3241636,77.0848644,750.0,2,2.0,,6,Semifurnished,Independent/Builder Floor,7700000.0,Gurgaon,G71280302
Sohna,28.3241636,77.0848644,697.83,2,2.0,,6,Semifurnished,Apartment,7600000.0,Gurgaon,S71280072
Sohna,28.3241636,77.0848644,585.41,2,2.0,,1,Semifurnished,Apartment,2750000.0,Gurgaon,Q71280048
Sohna,28.3241636,77.0848644,469.0,1,1.0,,1,Semifurnished,Apartment,2000000.0,Gurgaon,X71230044
Sohna,28.3241636,77.0848644,469.0,1,1.0,,6,Semifurnished,Apartment,2050000.0,Gurgaon,D71229968
Sohna,28.3241636,77.0848644,597.53,2,2.0,,1,Semifurnished,Apartment,3750000.0,Gurgaon,Z71229886
Sohna,28.3241636,77.0848644,597.53,2,2.0,,1,Semifurnished,Apartment,3850000.0,Gurgaon,M71229754
Sohna,28.3241636,77.0848644,834.96,2,2.0,,6,Semifurnished,Apartment,9500000.0,Gurgaon,P71229618
Sector 56 Gurgaon,28.4252244,77.0992377,1650.0,3,2.0,,3,Semifurnished,Apartment,15000000.0,Gurgaon,V71169598
Sohna,28.3241636,77.0848644,790.0,2,2.0,,1,Unfurnished,Apartment,11000000.0,Gurgaon,Q71129084
Sohna,28.3241636,77.0848644,730.0,2,2.0,,1,Semifurnished,Apartment,8300000.0,Gurgaon,K71128944
Sector 46 Gurgaon,28.4268461,77.0584252,2502.00000000025,3,3.0,,3,Semifurnished,Independent/Builder Floor,29000000.0,Gurgaon,G71121122
Sector 46 Gurgaon,28.4268461,77.0584252,2502.00000000025,3,3.0,,2,Semifurnished,Independent/Builder Floor,26000000.0,Gurgaon,T71120980
Sohna,28.3241636,77.0848644,994.16,3,3.0,,6,Semifurnished,Apartment,11200000.0,Gurgaon,P71115180
Sector 46 Gurgaon,28.4268461,77.0584252,2502.00000000025,3,3.0,,3,Semifurnished,Independent/Builder Floor,26000000.0,Gurgaon,M71113418
Sohna,28.3241636,77.0848644,700.0,3,2.0,,6,Semifurnished,Independent/Builder Floor,7500000.0,Gurgaon,W71110506
Sohna,28.3241636,77.0848644,900.0,3,3.0,,5,Semifurnished,Independent/Builder Floor,10800000.0,Gurgaon,T71110412
Sohna,28.3241636,77.0848644,500.0,2,2.0,,6,Semifurnished,Independent/Builder Floor,5400000.0,Gurgaon,T71110338
Sohna,28.3241636,77.0848644,730.0,2,2.0,,1,Semifurnished,Apartment,8400000.0,Gurgaon,U71108582
Sohna,28.3241636,77.0848644,597.53,2,2.0,,1,Semifurnished,Apartment,4000000.0,Gurgaon,L71105876
Sector-33 Sohna,28.3241636,77.0848644,800.0,3,2.0,,1,Semifurnished,Independent/Builder Floor,11800000.0,Gurgaon,Q71102582
Sohna,28.3241636,77.0848644,730.0,2,2.0,,5,Semifurnished,Apartment,8000000.0,Gurgaon,I71102308
Sohna,28.3241636,77.0848644,700.0,3,2.0,,6,Semifurnished,Independent/Builder Floor,7350000.0,Gurgaon,C71102208
C Block Sushant Lok Phase 1,28.4545693,77.0826249,4185.00000000041,4,5.0,,2,Unfurnished,Independent/Builder Floor,49500000.0,Gurgaon,Z71084226
Sector 63 Gurgaon,28.3964476,77.086498,2250.0,4,4.0,,6,Semifurnished,Independent/Builder Floor,35000000.0,Gurgaon,L71082800
Sector 95 Gurgaon,28.4149443,76.9114892,2450.0,4,3.0,,1,Semifurnished,Apartment,15000000.0,Gurgaon,N71071938
Sector 56 Gurgaon,28.4252244,77.0992377,1065.0,2,2.0,,2,Semifurnished,Apartment,9500000.0,Gurgaon,T71046898
Sector 107 Gurgaon,28.506941,76.9752137,489.0,2,2.0,,1,Semifurnished,Apartment,2950000.0,Gurgaon,C70980422
Sector 107 Gurgaon,28.506941,76.9752137,645.0,3,2.0,,1,Unknown,Apartment,5000000.0,Gurgaon,V70980260
Sector 104 Gurgaon,28.4795324,76.9937197,2350.0,3,4.0,,1,Semifurnished,Apartment,30000000.0,Gurgaon,C70975548
Sector 104 Gurgaon,28.4795324,76.9937197,1650.0,2,2.0,,1,Semifurnished,Apartment,16000000.0,Gurgaon,J70966418
Sector 54 Gurgaon,28.433569,77.1055815,1850.0,3,3.0,,2,Semifurnished,Apartment,15500000.0,Gurgaon,F68450320
Sector 54 Gurgaon,28.433569,77.1055815,1950.0,3,3.0,,1,Semifurnished,Apartment,25000000.0,Gurgaon,I60546088
Sector 56 Gurgaon,28.4252244,77.0992377,2000.0,4,3.0,,2,Semifurnished,Apartment,15000000.0,Gurgaon,I70308654
Sector 107 Gurgaon,28.506941,76.9752137,927.0,2,2.0,,1,Semifurnished,Apartment,11500000.0,Gurgaon,L70943728
Sector 107 Gurgaon,28.506941,76.9752137,1056.0,2,2.0,,1,Semifurnished,Apartment,10500000.0,Gurgaon,M70907618
Sector 67 Gurgaon,28.3864052,77.0598046,520.0,2,2.0,,1,Semifurnished,Apartment,5300000.0,Gurgaon,L70818262
Sector 92 Gurgaon,28.4089049,76.9155232,641.0,3,3.0,,1,Semifurnished,Apartment,4600000.0,Gurgaon,C70798568
Sector 92 Gurgaon,28.4089049,76.9155232,641.0,3,3.0,,1,Semifurnished,Apartment,4200000.0,Gurgaon,X70798362
Sector 82A Gurgaon,28.3881583,76.96273,3240.00000000032,3,3.0,,1,Semifurnished,Independent/Builder Floor,15000000.0,Gurgaon,B71662582
Sector 82A Gurgaon,28.3881583,76.96273,3240.00000000032,3,2.0,,1,Semifurnished,Independent/Builder Floor,11000000.0,Gurgaon,A71661972
Sector 82 Gurgaon,28.3932827,76.9545277,2000.0,4,4.0,,1,Semifurnished,Apartment,19000000.0,Gurgaon,T71661650
Sector 102 Gurgaon,28.4754872,76.9711747,1650.0,3,3.0,,2,Unfurnished,Apartment,17200000.0,Gurgaon,R71077756
Sector 109 Gurgaon,28.5109205,77.0065956,1650.0,4,4.0,,2,Unfurnished,Apartment,16900000.0,Gurgaon,L71073118
Sector 110 Gurgaon,28.5069625,77.018321,1650.0,4,4.0,,2,Unfurnished,Apartment,45000000.0,Gurgaon,I71072796
Sector 113 Gurgaon,28.5286649,77.0250282,1650.0,3,3.0,,2,Unfurnished,Apartment,26500000.0,Gurgaon,F71072696
Sector 106 Gurgaon,28.5060806,76.9967796,1650.0,3,3.0,,5,Unfurnished,Apartment,24900000.0,Gurgaon,P71072278
Sector 104 Gurgaon,28.4795324,76.9937197,1650.0,3,3.0,,5,Unfurnished,Apartment,17500000.0,Gurgaon,W71070906
Sector 104 Gurgaon,28.4795324,76.9937197,1650.0,3,4.0,,2,Unfurnished,Apartment,26000000.0,Gurgaon,R71069852
Sector 109 Gurgaon,28.5109205,77.0065956,1650.0,3,3.0,,2,Unfurnished,Apartment,17800000.0,Gurgaon,N71066650
Sector 102 Gurgaon,28.4754872,76.9711747,1650.0,3,3.0,,1,Unfurnished,Apartment,20200000.0,Gurgaon,H71064034
Palam Vihar,28.4983353,77.0203007,2000.0,4,4.0,,1,Semifurnished,Independent/Builder Floor,25000000.0,Gurgaon,I64900152
Palam Vihar,28.4983353,77.0203007,2000.0,4,4.0,,1,Semifurnished,Independent/Builder Floor,20000000.0,Gurgaon,U64900058
Palam Vihar,28.4983353,77.0203007,3000.0,4,4.0,,1,Semifurnished,Independent/Builder Floor,32500000.0,Gurgaon,Y64059600
Palam Vihar,28.4983353,77.0203007,3000.0,4,4.0,,1,Semifurnished,Independent/Builder Floor,33000000.0,Gurgaon,G62202646
Palam Vihar,28.4983353,77.0203007,2800.0,4,4.0,,6,Semifurnished,Independent/Builder Floor,27500000.0,Gurgaon,G66380142
Sector 54 Gurgaon,28.433569,77.1055815,1650.0,4,4.0,,6,Semifurnished,Independent/Builder Floor,59700000.0,Gurgaon,F71756144
Dlf Phase 2,28.483901,77.0846097,1650.0,3,3.0,,6,Semifurnished,Independent/Builder Floor,27000000.0,Gurgaon,A71451798
Dlf Phase 4,28.4919048,77.0937804,1650.0,4,4.0,,6,Semifurnished,Independent/Builder Floor,37600000.0,Gurgaon,A71387218
Dlf Phase 2,28.483901,77.0846097,1650.0,3,3.0,,6,Semifurnished,Independent/Builder Floor,26200000.0,Gurgaon,P71308722
Dlf Phase 4,28.4919048,77.0937804,1650.0,4,4.0,,6,Semifurnished,Independent/Builder Floor,40000000.0,Gurgaon,I71265540
Dlf Phase 2,28.483901,77.0846097,3618.00000000036,4,4.0,,6,Semifurnished,Independent/Builder Floor,42400000.0,Gurgaon,E71007086
Sector 90 Gurgaon,28.4069974,76.9365562,1470.0,3,3.0,,2,Semifurnished,Apartment,15000000.0,Gurgaon,T71757414
Sector 90 Gurgaon,28.4069974,76.9365562,1650.0,3,3.0,,2,Semifurnished,Apartment,15300000.0,Gurgaon,J71757324
Sector 69 Gurgaon,28.3960701,77.0372311,1650.0,4,4.0,,1,Semifurnished,Apartment,22000000.0,Gurgaon,S71719286
Sector-33 Sohna,28.3241636,77.0848644,1600.0,3,3.0,,6,Unfurnished,Apartment,19000000.0,Gurgaon,A71701224
Sector 79 Gurgaon,28.4618719,77.05688,1650.0,2,2.0,,1,Semifurnished,Apartment,14000000.0,Gurgaon,P71521142
Sector 48 Gurgaon,28.4104903,77.0394627,1650.0,1,1.0,,2,Semifurnished,Apartment,21000000.0,Gurgaon,U70146594
Sector 81 Gurgaon,28.3873647,76.9475835,1650.0,3,4.0,,6,Unfurnished,Apartment,27000000.0,Gurgaon,B71480046
Sector 66 Gurgaon,28.3974292,77.0538823,1200.0,3,3.0,,6,Semifurnished,Independent/Builder Floor,32000000.0,Gurgaon,V71464150
Sector 86 Gurgaon,28.3981205,76.9411257,1500.0,3,3.0,,1,Unfurnished,Apartment,20000000.0,Gurgaon,O71461970
Sector 90 Gurgaon,28.4069974,76.9365562,1700.0,4,4.0,,1,Unfurnished,Apartment,22000000.0,Gurgaon,K71460264
Sector 48 Gurgaon,28.4104903,77.0394627,3040.0,4,6.0,,1,Unfurnished,Apartment,105000000.0,Gurgaon,Y71456138
Ramgarh,28.3940897,77.0658684,1277.0,3,3.0,,2,Semifurnished,Independent/Builder Floor,9900000.0,Gurgaon,H70143190
Sector 82 Gurgaon,28.3932827,76.9545277,1650.0,3,4.0,,1,Semifurnished,Apartment,12500000.0,Gurgaon,W71440886
Nirvana Country,28.4150509,77.0642955,2200.0,4,4.0,,6,Semifurnished,Independent/Builder Floor,37000000.0,Gurgaon,R71440556
Sector 90 Gurgaon,28.4069974,76.9365562,1650.0,4,4.0,,1,Semifurnished,Apartment,17500000.0,Gurgaon,Y71440548
Sector 90 Gurgaon,28.4069974,76.9365562,1650.0,3,3.0,,1,Semifurnished,Apartment,15000000.0,Gurgaon,G71397434
Sector 86 Gurgaon,28.3981205,76.9411257,1450.0,3,3.0,,1,Semifurnished,Apartment,17200000.0,Gurgaon,Y71397298
Sector 57 Gurgaon,28.4232478,77.0804487,3078.0000000003,4,4.0,,6,Semifurnished,Independent/Builder Floor,23000000.0,Gurgaon,Z71335620
Sector 63A Gurgaon,28.4618719,77.05688,1200.0,3,3.0,,5,Semifurnished,Independent/Builder Floor,20000000.0,Gurgaon,Y70096136
Sector 65 Gurgaon,28.4030162,77.0695893,1382.0,3,3.0,,1,Semifurnished,Independent/Builder Floor,21500000.0,Gurgaon,K70131932
Sector 61 Gurgaon,28.4110188,77.0963685,1396.0,3,3.0,,5,Semifurnished,Independent/Builder Floor,20000000.0,Gurgaon,I68491584
Sector 63 Gurgaon,28.3964476,77.086498,1480.0,3,3.0,,6,Semifurnished,Independent/Builder Floor,24000000.0,Gurgaon,D67189604
Dlf Phase 1,28.4765171,77.090194,1650.0,4,4.0,,3,Semifurnished,Apartment,23000000.0,Gurgaon,Z66171462
Sector 26 Gurgaon,28.4779375,77.1032425,4500.00000000045,4,4.0,,6,Semifurnished,Independent/Builder Floor,70000000.0,Gurgaon,E71658916
Dlf Phase 4,28.4919048,77.0937804,3240.00000000032,4,4.0,,6,Semifurnished,Independent/Builder Floor,41000000.0,Gurgaon,D71547764
"Block N, Mayfield Garden",28.4263326,77.0619263,2610.00000000026,4,4.0,,6,Semifurnished,Independent/Builder Floor,31000000.0,Gurgaon,G71488498
Sector 50 Gurgaon,28.4268461,77.0584252,2430.00000000024,3,3.0,,6,Semifurnished,Independent/Builder Floor,28000000.0,Gurgaon,H71488390
Dlf Phase 1,28.4765171,77.090194,4500.00000000045,5,5.0,,6,Semifurnished,Independent/Builder Floor,70000000.0,Gurgaon,T71475970
Sohna,28.3241636,77.0848644,745.0,2,2.0,,1,Semifurnished,Apartment,3500000.0,Gurgaon,K71475508
Dlf Phase 5,28.503445,77.0952048,1376.0,3,3.0,,2,Semifurnished,Apartment,21500000.0,Gurgaon,J70375226
Dlf Phase 2,28.483901,77.0846097,1762.0,4,4.0,,2,Semifurnished,Apartment,24000000.0,Gurgaon,W71471430
Dlf Phase 2,28.483901,77.0846097,3600.00000000036,4,4.0,,6,Semifurnished,Independent/Builder Floor,42000000.0,Gurgaon,Q71437914
Sector 54 Gurgaon,28.433569,77.1055815,1118.0,3,4.0,,2,Semifurnished,Apartment,49000000.0,Gurgaon,M71368202
Sohna,28.3241636,77.0848644,737.0,2,2.0,,6,Unknown,Apartment,2900000.0,Gurgaon,H71339852
Dlf Phase 1,28.4765171,77.090194,4500.00000000045,3,5.0,,6,Semifurnished,Independent/Builder Floor,53000000.0,Gurgaon,M71334970
Sector 48 Gurgaon,28.4104903,77.0394627,2700.00000000027,4,4.0,,5,Semifurnished,Independent/Builder Floor,28000000.0,Gurgaon,Y71292670
Malibu Town,28.4234344,77.0468649,1800.00000000018,3,3.0,,6,Semifurnished,Independent/Builder Floor,22000000.0,Gurgaon,O71272084
Dlf Phase 1,28.4765171,77.090194,4500.00000000045,4,4.0,,6,Semifurnished,Independent/Builder Floor,70000000.0,Gurgaon,W71251476
Sushant Lok Phase 1,28.4545693,77.0826249,2700.00000000027,4,5.0,,6,Semifurnished,Independent/Builder Floor,32500000.0,Gurgaon,C71251440
Sector 52 Gurgaon,28.4368166,77.0795276,2160.00000000021,3,3.0,,6,Semifurnished,Independent/Builder Floor,19000000.0,Gurgaon,A71250628
Sector 48 Gurgaon,28.4104903,77.0394627,4536.00000000045,4,5.0,,6,Semifurnished,Independent/Builder Floor,42000000.0,Gurgaon,T71235442
Sushant Lok Phase 1,28.4545693,77.0826249,4500.00000000045,4,4.0,,6,Semifurnished,Independent/Builder Floor,55000000.0,Gurgaon,A71214258
Sector 65 Gurgaon,28.4030162,77.0695893,3300.0,3,3.0,,1,Semifurnished,Apartment,55000000.0,Gurgaon,C71146892
Sohna,28.3241636,77.0848644,346.0,1,1.0,,1,Unfurnished,Apartment,2500000.0,Gurgaon,H71141076
Sector 93 Gurgaon,28.4156048,76.931638,539.0,2,2.0,,1,Semifurnished,Apartment,4100000.0,Gurgaon,S71135096
Dlf Phase 1,28.4765171,77.090194,2700.00000000027,3,3.0,,6,Semifurnished,Independent/Builder Floor,37500000.0,Gurgaon,G64429038
South City 1,28.4188433,77.0440293,5500.0,4,5.0,,5,Semifurnished,Independent/Builder Floor,45000000.0,Gurgaon,Y60707956
Sohna,28.3241636,77.0848644,743.0,2,2.0,,1,Semifurnished,Apartment,3000000.0,Gurgaon,B71078534
Sohna,28.3241636,77.0848644,395.0,1,1.0,,1,Semifurnished,Apartment,2100000.0,Gurgaon,S71059280
Sushant Lok Phase 1,28.4545693,77.0826249,2799.00000000028,4,5.0,,6,Semifurnished,Independent/Builder Floor,33000000.0,Gurgaon,R71049012
Dlf Phase 1,28.4765171,77.090194,5850.00000000058,5,5.0,,6,Semifurnished,Independent/Builder Floor,55000000.0,Gurgaon,Q71048908
Dlf Phase 1,28.4765171,77.090194,1935.00000000019,3,3.0,,6,Semifurnished,Independent/Builder Floor,28000000.0,Gurgaon,G71015256
Dlf Phase 1,28.4765171,77.090194,2430.00000000024,4,4.0,,6,Semifurnished,Independent/Builder Floor,34000000.0,Gurgaon,L71008988
Dlf Phase 1,28.4765171,77.090194,2430.00000000024,4,5.0,,6,Semifurnished,Independent/Builder Floor,34000000.0,Gurgaon,I71008562
Dlf Phase 4,28.4919048,77.0937804,2475.00000000024,3,3.0,,6,Semifurnished,Independent/Builder Floor,37500000.0,Gurgaon,G71005134
Sector 42 Gurgaon,28.4487856,77.0988212,1836.00000000018,3,3.0,,6,Semifurnished,Independent/Builder Floor,18000000.0,Gurgaon,S71002032
Sushant Lok Phase 2,28.464228,77.076724,2160.00000000021,3,3.0,,6,Semifurnished,Independent/Builder Floor,20000000.0,Gurgaon,S70968824
Nirvana Country,28.4150509,77.0642955,2700.00000000027,3,3.0,,6,Semifurnished,Independent/Builder Floor,45000000.0,Gurgaon,M70964792
Sohna,28.3241636,77.0848644,354.0,1,1.0,,1,Semifurnished,Apartment,2150000.0,Gurgaon,S70915072
Sohna,28.3241636,77.0848644,700.0,2,2.0,,6,Semifurnished,Apartment,4500000.0,Gurgaon,S70913484
Sector 86 Gurgaon,28.3981205,76.9411257,2364.0,4,4.0,,1,Semifurnished,Apartment,19000000.0,Gurgaon,E70910174
Nirvana Country,28.4150509,77.0642955,3240.00000000032,4,4.0,,6,Semifurnished,Independent/Builder Floor,47500000.0,Gurgaon,Y70895976
Dlf Phase 1,28.4765171,77.090194,4500.00000000045,4,4.0,,6,Semifurnished,Independent/Builder Floor,60000000.0,Gurgaon,M70894048
Sector 67A Gurgaon,28.4618719,77.05688,2700.00000000027,4,4.0,,6,Semifurnished,Apartment,25000000.0,Gurgaon,V70875440
C Block Sushant Lok Phase 1,28.4545693,77.0826249,1935.00000000019,3,3.0,,6,Semifurnished,Independent/Builder Floor,25000000.0,Gurgaon,Z70871076
Dlf Phase 2,28.483901,77.0846097,2700.00000000027,4,4.0,,6,Semifurnished,Independent/Builder Floor,40000000.0,Gurgaon,H70857244
Sector 61 Gurgaon,28.4110188,77.0963685,1630.0,3,3.0,,5,Semifurnished,Apartment,30000000.0,Gurgaon,J70852806
Dlf Phase 5,28.503445,77.0952048,3970.0,4,4.0,,2,Semifurnished,Apartment,84000000.0,Gurgaon,P70851262
Dlf Phase 1,28.4765171,77.090194,1900.0,3,3.0,,6,Semifurnished,Independent/Builder Floor,25000000.0,Gurgaon,U70849704
Sector 65 Gurgaon,28.4030162,77.0695893,13345.0,5,5.0,,1,Semifurnished,Apartment,150000000.0,Gurgaon,G70849266
Sector 60 Gurgaon,28.3985617,77.0978276,1372.0,2,2.0,,1,Semifurnished,Apartment,22500000.0,Gurgaon,J70848594
Sohna,28.3241636,77.0848644,700.0,2,2.0,,1,Semifurnished,Apartment,3000000.0,Gurgaon,K70836240
Sohna,28.3241636,77.0848644,690.0,2,2.0,,1,Semifurnished,Apartment,3000000.0,Gurgaon,M70835690
Sector 65 Gurgaon,28.4030162,77.0695893,13340.0,5,5.0,,1,Semifurnished,Apartment,150000000.0,Gurgaon,M70835606
Dlf Phase 1,28.4765171,77.090194,4500.00000000045,4,4.0,,6,Semifurnished,Independent/Builder Floor,70000000.0,Gurgaon,W70828444
Dlf Phase 1,28.4765171,77.090194,1935.00000000019,3,3.0,,6,Semifurnished,Independent/Builder Floor,25000000.0,Gurgaon,X70812304
Dlf Phase 5,28.503445,77.0952048,4000.0,4,4.0,,2,Semifurnished,Apartment,70000000.0,Gurgaon,J70805620
Dlf Phase 1,28.4765171,77.090194,4500.0,5,5.0,,6,Semifurnished,Independent/Builder Floor,80000000.0,Gurgaon,D70802216
Dlf Phase 1,28.4765171,77.090194,4000.0,4,4.0,,6,Semifurnished,Independent/Builder Floor,70000000.0,Gurgaon,J70800390
Dlf Phase 1,28.4765171,77.090194,3500.0,4,4.0,,6,Semifurnished,Independent/Builder Floor,60000000.0,Gurgaon,A70798536
Sohna,28.3241636,77.0848644,1650.0,2,2.0,,1,Semifurnished,Apartment,3000000.0,Gurgaon,G70662222
Dlf Phase 4,28.4919048,77.0937804,1777.0,3,3.0,,2,Semifurnished,Apartment,24500000.0,Gurgaon,F70269440
Sector 52 Gurgaon,28.4368166,77.0795276,3195.00000000031,4,4.0,,6,Semifurnished,Independent/Builder Floor,26000000.0,Gurgaon,N70182122
Sector 59 Gurgaon,28.4030162,77.1066682,3600.0,4,4.0,,1,Semifurnished,Apartment,72000000.0,Gurgaon,P70082036
C Block Sushant Lok Phase 1,28.4545693,77.0826249,2700.00000000027,4,4.0,,6,Semifurnished,Independent/Builder Floor,34000000.0,Gurgaon,P69147012
Nirvana Country,28.4150509,77.0642955,2100.0,3,4.0,,2,Semifurnished,Apartment,28100000.0,Gurgaon,U70767944
Sector 54 Gurgaon,28.433569,77.1055815,1331.0,3,4.0,,3,Semifurnished,Apartment,64000000.0,Gurgaon,K71776892
Sector 61 Gurgaon,28.4110188,77.0963685,1200.0,3,3.0,,5,Semifurnished,Apartment,21000000.0,Gurgaon,Z66432640
Sector 104 Gurgaon,28.4795324,76.9937197,1082.2,3,3.0,,5,Semifurnished,Apartment,16800000.0,Gurgaon,P70737650
Sector 57 Gurgaon,28.4232478,77.0804487,1800.0,3,4.0,,2,Semifurnished,Apartment,23500000.0,Gurgaon,X69884472
Nirvana Country,28.4150509,77.0642955,1500.0,3,3.0,,2,Semifurnished,Apartment,19000000.0,Gurgaon,R70104422
Sector 104 Gurgaon,28.4795324,76.9937197,683.83,2,2.0,,5,Semifurnished,Apartment,10800000.0,Gurgaon,M70735824
Nirvana Country,28.4150509,77.0642955,1600.0,3,4.0,,2,Semifurnished,Apartment,19000000.0,Gurgaon,X70105152
Sector 104 Gurgaon,28.4795324,76.9937197,861.97,3,2.0,,5,Semifurnished,Apartment,13500000.0,Gurgaon,O70736484
Sector 104 Gurgaon,28.4795324,76.9937197,884.58,3,2.0,,5,Semifurnished,Apartment,14000000.0,Gurgaon,G70737270
Sector 61 Gurgaon,28.4110188,77.0963685,1249.65,3,4.0,,5,Semifurnished,Apartment,41000000.0,Gurgaon,E70750004
Sector 61 Gurgaon,28.4110188,77.0963685,1249.0,3,4.0,,5,Semifurnished,Apartment,41200000.0,Gurgaon,G70750394
Sector 61 Gurgaon,28.4110188,77.0963685,1627.0,4,4.0,,5,Semifurnished,Apartment,52000000.0,Gurgaon,S70750518
Sector 37D Gurgaon,28.4480039,76.9697682,1650.0,3,2.0,,6,Semifurnished,Apartment,10500000.0,Gurgaon,B71723630
Nirvana Country,28.4150509,77.0642955,2700.0,4,5.0,,2,Semifurnished,Apartment,54000000.0,Gurgaon,V71588544
Sector 72 Gurgaon,28.3943815,77.032363,1650.0,3,3.0,,1,Semifurnished,Apartment,38000000.0,Gurgaon,Y71554262
Sector 37D Gurgaon,28.4480039,76.9697682,1650.0,3,3.0,,6,Semifurnished,Apartment,10000000.0,Gurgaon,D71454984
Sector 61 Gurgaon,28.4110188,77.0963685,1600.0,3,3.0,,5,Semifurnished,Apartment,22000000.0,Gurgaon,T67558398
Sector 95 Gurgaon,28.4149443,76.9114892,549.16,2,2.0,,1,Semifurnished,Apartment,3275000.0,Gurgaon,J71338380
Sector 95 Gurgaon,28.4149443,76.9114892,560.0,2,2.0,,1,Semifurnished,Apartment,2378000.0,Gurgaon,E71338254
Sector 67 Gurgaon,28.3864052,77.0598046,1600.0,3,3.0,,1,Semifurnished,Apartment,35000000.0,Gurgaon,V71297800
Sector 53 Gurgaon,28.4487856,77.0988212,1650.0,4,5.0,,3,Semifurnished,Apartment,42500000.0,Gurgaon,W67513518
Sector 85 Gurgaon,28.3985762,76.9547447,1650.0,4,5.0,,1,Semifurnished,Apartment,23500000.0,Gurgaon,M71157942
Nirvana Country,28.4150509,77.0642955,1600.0,3,3.0,,1,Semifurnished,Apartment,23500000.0,Gurgaon,D68745936
Sector 65 Gurgaon,28.4030162,77.0695893,1650.0,3,3.0,,1,Semifurnished,Apartment,61000000.0,Gurgaon,N70975624
Nirvana Country,28.4150509,77.0642955,1450.0,3,3.0,,2,Semifurnished,Apartment,18500000.0,Gurgaon,I70659278
Sector 68 Gurgaon,28.388897,77.0459859,900.0,2,2.0,,1,Semifurnished,Apartment,11000000.0,Gurgaon,W70505486
Sector 59 Gurgaon,28.4030162,77.1066682,1650.0,3,4.0,,6,Semifurnished,Apartment,39000000.0,Gurgaon,R69788152
Sector 67 Gurgaon,28.3864052,77.0598046,1950.0,4,4.0,,6,Semifurnished,Independent/Builder Floor,17000000.0,Gurgaon,H69530920
Nirvana Country,28.4150509,77.0642955,1700.0,3,4.0,,1,Semifurnished,Apartment,24200000.0,Gurgaon,W68572592
Sector 109 Gurgaon,28.5109205,77.0065956,2085.0,3,3.0,,6,Semifurnished,Apartment,22500000.0,Gurgaon,Z69765426
Sector 113 Gurgaon,28.5286649,77.0250282,1276.0,2,2.0,,5,Semifurnished,Apartment,16000000.0,Gurgaon,R69870470
Sector 111 Gurgaon,28.5222773,77.0336203,1650.0,3,4.0,,2,Semifurnished,Apartment,30000000.0,Gurgaon,F71796372
Sector 107 Gurgaon,28.506941,76.9752137,1650.0,4,5.0,,2,Semifurnished,Apartment,25400000.0,Gurgaon,C71796082
Dlf Phase 4,28.4919048,77.0937804,1650.0,4,5.0,,6,Semifurnished,Independent/Builder Floor,41500000.0,Gurgaon,C71787168
Dlf Phase 5,28.503445,77.0952048,1650.0,4,5.0,,6,Semifurnished,Independent/Builder Floor,53500000.0,Gurgaon,A71787098
Dlf Phase 4,28.4919048,77.0937804,1650.0,4,5.0,,6,Semifurnished,Independent/Builder Floor,43500000.0,Gurgaon,I71786924
Sector 65 Gurgaon,28.4030162,77.0695893,1650.0,3,3.0,,1,Semifurnished,Apartment,62500000.0,Gurgaon,W71785758
Sector 59 Gurgaon,28.4030162,77.1066682,1650.0,4,4.0,,5,Semifurnished,Apartment,72500000.0,Gurgaon,S71783196
Dlf Phase 3,28.4919048,77.0937804,1650.0,4,5.0,,6,Semifurnished,Independent/Builder Floor,37500000.0,Gurgaon,J71777810
Dlf Phase 3,28.4919048,77.0937804,1650.0,4,5.0,,6,Semifurnished,Independent/Builder Floor,55000000.0,Gurgaon,E71777698
Dlf Phase 2,28.483901,77.0846097,1650.0,4,5.0,,6,Semifurnished,Independent/Builder Floor,50000000.0,Gurgaon,C71777364
Dlf Phase 5,28.503445,77.0952048,1650.0,4,5.0,,3,Semifurnished,Apartment,43500000.0,Gurgaon,J71776652
Dlf Phase 3,28.4919048,77.0937804,1650.0,4,5.0,,3,Semifurnished,Apartment,57500000.0,Gurgaon,W71774212
Sector 57 Gurgaon,28.4232478,77.0804487,2250.00000000022,3,3.0,,6,Semifurnished,Independent/Builder Floor,20900000.0,Gurgaon,S71765070
Dlf Phase 1,28.4765171,77.090194,1650.0,3,4.0,,6,Semifurnished,Independent/Builder Floor,32500000.0,Gurgaon,N71758966
Sector 83 Gurgaon,28.3963578,76.9654747,1450.0,3,2.0,,5,Semifurnished,Apartment,13775000.0,Gurgaon,A71757912
Dlf Phase 1,28.4765171,77.090194,1650.0,4,5.0,,6,Semifurnished,Independent/Builder Floor,60000000.0,Gurgaon,N71757552
Dlf Phase 1,28.4765171,77.090194,1650.0,4,5.0,,6,Semifurnished,Independent/Builder Floor,65000000.0,Gurgaon,G71757266
Dlf Phase 2,28.483901,77.0846097,2682.00000000026,4,4.0,,6,Semifurnished,Apartment,3570000.0,Gurgaon,Q71757084
Dlf Phase 1,28.4765171,77.090194,1650.0,4,5.0,,6,Semifurnished,Independent/Builder Floor,76000000.0,Gurgaon,V71756908
Sector 37D Gurgaon,28.4480039,76.9697682,2400.0,3,3.0,,5,Semifurnished,Apartment,31200000.0,Gurgaon,S71754168
Sushant Lok Phase 2,28.464228,77.076724,1620.00000000016,3,3.0,,6,Semifurnished,Independent/Builder Floor,15500000.0,Gurgaon,M71745786
Sector 57 Gurgaon,28.4232478,77.0804487,1450.0,3,3.0,,1,Semifurnished,Independent/Builder Floor,17400000.0,Gurgaon,I71743842
Sector 57 Gurgaon,28.4232478,77.0804487,2400.0,4,4.0,,6,Semifurnished,Independent/Builder Floor,30000000.0,Gurgaon,Q71743422
Sector 61 Gurgaon,28.4110188,77.0963685,1249.65,3,4.0,,5,Semifurnished,Apartment,39200000.0,Gurgaon,V71740152
Dlf Phase 1,28.4765171,77.090194,1650.0,4,5.0,,6,Semifurnished,Independent/Builder Floor,55000000.0,Gurgaon,T71737566
Sushant Lok Phase 2,28.464228,77.076724,2700.00000000027,3,3.0,,1,Semifurnished,Independent/Builder Floor,13600000.0,Gurgaon,U71730440
Palam Vihar,28.4983353,77.0203007,1650.0,3,4.0,,3,Semifurnished,Apartment,11000000.0,Gurgaon,X71728988
Sector 79 Gurgaon,28.4618719,77.05688,1650.0,2,3.0,,2,Semifurnished,Apartment,8000000.0,Gurgaon,P71728530
Sector 79 Gurgaon,28.4618719,77.05688,1650.0,2,3.0,,2,Semifurnished,Apartment,6500000.0,Gurgaon,B71728182
Sector 64 Gurgaon,28.3914643,77.0761983,1650.0,2,2.0,,2,Semifurnished,Apartment,6500000.0,Gurgaon,Q71727836
Dlf Phase 2,28.483901,77.0846097,1650.0,4,5.0,,6,Semifurnished,Independent/Builder Floor,43000000.0,Gurgaon,D71727318
Dlf Phase 2,28.483901,77.0846097,1650.0,4,5.0,,6,Semifurnished,Independent/Builder Floor,38000000.0,Gurgaon,E71727224
Sector 84 Gurgaon,28.4035469,76.9677894,1650.0,2,3.0,,1,Semifurnished,Apartment,4500000.0,Gurgaon,H71723976
Sushant Lok Phase 1,28.4545693,77.0826249,1650.0,3,4.0,,3,Unfurnished,Apartment,20000000.0,Gurgaon,V71723926
Sector 66 Gurgaon,28.3974292,77.0538823,1650.0,4,5.0,,2,Semifurnished,Apartment,34500000.0,Gurgaon,B71723702
Sector 62 Gurgaon,28.407697,77.0823781,2409.0,3,4.0,,1,Semifurnished,Apartment,82000000.0,Gurgaon,G71722370
Sector 66 Gurgaon,28.3974292,77.0538823,1650.0,3,4.0,,2,Semifurnished,Apartment,27500000.0,Gurgaon,S71721944
Sector 83 Gurgaon,28.3963578,76.9654747,1650.0,3,4.0,,2,Unfurnished,Apartment,20000000.0,Gurgaon,W71716742
Dlf Phase 4,28.4919048,77.0937804,1650.0,4,5.0,,3,Unfurnished,Apartment,35000000.0,Gurgaon,M71716178
Palam Vihar,28.4983353,77.0203007,1650.0,3,4.0,,3,Semifurnished,Apartment,11500000.0,Gurgaon,C71715642
Dlf Phase 1,28.4765171,77.090194,1650.0,3,4.0,,6,Semifurnished,Independent/Builder Floor,20000000.0,Gurgaon,X71714122
Malibu Town,28.4234344,77.0468649,2070.0000000002,3,3.0,,6,Semifurnished,Independent/Builder Floor,16000000.0,Gurgaon,M71708630
Sector 47 Gurgaon,28.4268461,77.0584252,1650.0,4,4.0,,2,Unknown,Apartment,15000000.0,Gurgaon,S71700086
Sector 51 Gurgaon,28.4287011,77.0666877,1650.0,4,4.0,,2,Unknown,Apartment,22500000.0,Gurgaon,K71699836
Dlf Phase 1,28.4765171,77.090194,6165.00000000061,5,5.0,,6,Semifurnished,Independent/Builder Floor,79000000.0,Gurgaon,R71698698
Sector 9A Sector 9 Gurgaon,28.4690266,76.9962811,3078.0000000003,4,5.0,,6,Semifurnished,Independent/Builder Floor,20000000.0,Gurgaon,P71698270
Dlf Phase 2,28.483901,77.0846097,2430.00000000024,3,3.0,,6,Semifurnished,Independent/Builder Floor,38000000.0,Gurgaon,M71697532
Dlf Phase 1,28.4765171,77.090194,2844.00000000028,4,4.0,,6,Semifurnished,Independent/Builder Floor,40000000.0,Gurgaon,N71696712
Sector 66 Gurgaon,28.3974292,77.0538823,1650.0,4,5.0,,1,Semifurnished,Apartment,63000000.0,Gurgaon,P71688362
Sector 53 Gurgaon,28.4487856,77.0988212,1650.0,4,4.0,,2,Unfurnished,Apartment,120000000.0,Gurgaon,Q71683282
Dlf Phase 4,28.4919048,77.0937804,1650.0,4,5.0,,6,Semifurnished,Independent/Builder Floor,42500000.0,Gurgaon,P71676152
Dlf Phase 4,28.4919048,77.0937804,1650.0,4,5.0,,6,Semifurnished,Independent/Builder Floor,36500000.0,Gurgaon,T71675612
Dlf Phase 3,28.4919048,77.0937804,1650.0,4,5.0,,6,Semifurnished,Independent/Builder Floor,35000000.0,Gurgaon,V71675126
Dlf Phase 3,28.4919048,77.0937804,1650.0,4,5.0,,6,Semifurnished,Independent/Builder Floor,52400000.0,Gurgaon,O71674812
Dlf Phase 2,28.483901,77.0846097,1650.0,3,4.0,,6,Semifurnished,Independent/Builder Floor,41000000.0,Gurgaon,M71674530
Dlf Phase 2,28.483901,77.0846097,1650.0,4,5.0,,6,Semifurnished,Independent/Builder Floor,31500000.0,Gurgaon,A71674202
Dlf Phase 2,28.483901,77.0846097,1650.0,4,5.0,,6,Semifurnished,Independent/Builder Floor,35000000.0,Gurgaon,B71672946
Dlf Phase 2,28.483901,77.0846097,1650.0,3,4.0,,6,Semifurnished,Independent/Builder Floor,32000000.0,Gurgaon,O71672640
Dlf Phase 2,28.483901,77.0846097,1650.0,4,5.0,,6,Semifurnished,Independent/Builder Floor,45000000.0,Gurgaon,Z70601426
Dlf Phase 2,28.483901,77.0846097,1650.0,3,4.0,,6,Semifurnished,Independent/Builder Floor,36000000.0,Gurgaon,O71666200
Dlf Phase 2,28.483901,77.0846097,1650.0,3,4.0,,6,Semifurnished,Independent/Builder Floor,31000000.0,Gurgaon,E71665976
Dlf Phase 2,28.483901,77.0846097,1650.0,3,4.0,,6,Semifurnished,Independent/Builder Floor,33000000.0,Gurgaon,T71665902
Dlf Phase 2,28.483901,77.0846097,1650.0,4,5.0,,6,Semifurnished,Independent/Builder Floor,59500000.0,Gurgaon,H71659234
Dlf Phase 1,28.4765171,77.090194,1800.0,3,3.0,,6,Unfurnished,Independent/Builder Floor,37500000.0,Gurgaon,K71659092
Dlf Phase 2,28.483901,77.0846097,1650.0,4,5.0,,6,Semifurnished,Independent/Builder Floor,57500000.0,Gurgaon,Z71658848
Dlf Phase 2,28.483901,77.0846097,3600.00000000036,4,5.0,,6,Semifurnished,Independent/Builder Floor,45000000.0,Gurgaon,W71658528
Dlf Phase 1,28.4765171,77.090194,1650.0,3,4.0,,6,Semifurnished,Independent/Builder Floor,24000000.0,Gurgaon,X71657998
Dlf Phase 1,28.4765171,77.090194,1650.0,4,5.0,,6,Semifurnished,Independent/Builder Floor,35000000.0,Gurgaon,C71657138
Sector 57 Gurgaon,28.4232478,77.0804487,1800.00000000018,3,3.0,,1,Semifurnished,Independent/Builder Floor,15500000.0,Gurgaon,Y71655148
Dlf Phase 1,28.4765171,77.090194,1650.0,4,5.0,,6,Semifurnished,Independent/Builder Floor,62500000.0,Gurgaon,V71639808
Dlf Phase 1,28.4765171,77.090194,1650.0,4,5.0,,6,Semifurnished,Independent/Builder Floor,62000000.0,Gurgaon,K71639604
Dlf Phase 2,28.483901,77.0846097,1650.0,4,4.0,,5,Semifurnished,Apartment,100000000.0,Gurgaon,K5151929
Dlf Phase 1,28.4765171,77.090194,1650.0,3,4.0,,6,Semifurnished,Independent/Builder Floor,26000000.0,Gurgaon,K71638756
Dlf Phase 1,28.4765171,77.090194,1650.0,3,4.0,,6,Semifurnished,Independent/Builder Floor,25000000.0,Gurgaon,Q71638676
Sector 57 Gurgaon,28.4232478,77.0804487,2367.00000000023,3,3.0,,6,Semifurnished,Independent/Builder Floor,23000000.0,Gurgaon,R71638544
Dlf Phase 1,28.4765171,77.090194,1650.0,4,5.0,,6,Semifurnished,Independent/Builder Floor,45000000.0,Gurgaon,H71637148
Dlf Phase 1,28.4765171,77.090194,1650.0,4,5.0,,6,Semifurnished,Independent/Builder Floor,38500000.0,Gurgaon,M71636764
Dlf Phase 1,28.4765171,77.090194,1650.0,4,5.0,,6,Semifurnished,Independent/Builder Floor,41500000.0,Gurgaon,M71636108
Dlf Phase 1,28.4765171,77.090194,1650.0,3,4.0,,6,Semifurnished,Independent/Builder Floor,39500000.0,Gurgaon,Q71633942
Dlf Phase 1,28.4765171,77.090194,1650.0,4,5.0,,6,Semifurnished,Independent/Builder Floor,65000000.0,Gurgaon,I71630360
Dlf Phase 1,28.4765171,77.090194,1800.00000000018,3,3.0,,6,Semifurnished,Independent/Builder Floor,24500000.0,Gurgaon,N70204522
Dlf Phase 1,28.4765171,77.090194,1800.00000000018,3,3.0,,6,Semifurnished,Independent/Builder Floor,25000000.0,Gurgaon,X70211852
Dlf Phase 2,28.483901,77.0846097,3300.0,6,7.0,,6,Unfurnished,Independent/Builder Floor,40000000.0,Gurgaon,W67729610
Sector 59 Gurgaon,28.4030162,77.1066682,1650.0,3,2.0,,2,Unfurnished,Apartment,22500000.0,Gurgaon,M70522140
Sector 72 Gurgaon,28.3943815,77.032363,1025.0,3,3.0,,3,Semifurnished,Apartment,17000000.0,Gurgaon,X71608818
Sector 68 Gurgaon,28.388897,77.0459859,1650.0,3,3.0,,1,Semifurnished,Apartment,16250000.0,Gurgaon,N71443422
Sector 7 Gurgaon,28.4671681,77.018953,2646.00000000026,4,4.0,,1,Semifurnished,Independent/Builder Floor,17500000.0,Gurgaon,H70197316
Sector 9 Gurgaon,28.3840986,76.8861337,1250.0,3,3.0,,1,Semifurnished,Independent/Builder Floor,13500000.0,Gurgaon,R71406800
Sector 65 Gurgaon,28.4030162,77.0695893,809.0,3,3.0,,1,Semifurnished,Apartment,19000000.0,Gurgaon,P71390156
Sector 9A Gurgaon,28.4690266,76.9962811,1850.0,4,4.0,,5,Semifurnished,Independent/Builder Floor,20000000.0,Gurgaon,L71327836
Sector 9A Gurgaon,28.4690266,76.9962811,1850.0,4,3.0,,5,Semifurnished,Independent/Builder Floor,20000000.0,Gurgaon,Y71327452
Sector 65 Gurgaon,28.4030162,77.0695893,1100.0,2,2.0,,5,Semifurnished,Apartment,22500000.0,Gurgaon,K71299574
Sector 62 Gurgaon,28.407697,77.0823781,1650.0,3,3.0,,6,Semifurnished,Apartment,45000000.0,Gurgaon,F71281088
Sector 23 Gurgaon,28.510319,77.0530094,1800.0,3,3.0,,6,Semifurnished,Independent/Builder Floor,18500000.0,Gurgaon,C71269944
Sector 53 Gurgaon,28.4487856,77.0988212,1650.0,4,5.0,,1,Semifurnished,Apartment,45000000.0,Gurgaon,H50127162
Sector 23 Gurgaon,28.510319,77.0530094,1800.0,3,3.0,,6,Semifurnished,Independent/Builder Floor,19000000.0,Gurgaon,D71253904
Sector 61 Gurgaon,28.4110188,77.0963685,1627.45,4,4.0,,5,Semifurnished,Apartment,51800000.0,Gurgaon,J71252626
Sector 54 Gurgaon,28.433569,77.1055815,1650.0,3,3.0,,2,Semifurnished,Apartment,35000000.0,Gurgaon,C7725959
Sector 59 Gurgaon,28.4030162,77.1066682,3025.0,3,3.0,,6,Semifurnished,Apartment,58000000.0,Gurgaon,O71171804
Sector 79 Gurgaon,28.4618719,77.05688,1071.33,3,4.0,,1,Semifurnished,Apartment,14500000.0,Gurgaon,N70090752
Sector 79 Gurgaon,28.4618719,77.05688,1650.0,3,3.0,,1,Semifurnished,Apartment,14000000.0,Gurgaon,E70090068
Sector 79 Gurgaon,28.4618719,77.05688,1650.0,3,3.0,,1,Semifurnished,Apartment,13500000.0,Gurgaon,B70088216
Sector 67 Gurgaon,28.3864052,77.0598046,1650.0,3,4.0,,1,Semifurnished,Apartment,35000000.0,Gurgaon,J71040716
Sector 4 Gurgaon,28.4682659,77.0325424,4518.00000000045,4,4.0,,5,Semifurnished,Independent/Builder Floor,27500000.0,Gurgaon,Q70988000
Dlf Phase 2,28.483901,77.0846097,2000.0,4,4.0,,6,Unfurnished,Independent/Builder Floor,35000000.0,Gurgaon,M70831448
Sector 66 Gurgaon,28.3974292,77.0538823,1650.0,2,2.0,,1,Semifurnished,Apartment,19000000.0,Gurgaon,E70800650
Sector 84 Gurgaon,28.4035469,76.9677894,890.0,2,2.0,,1,Semifurnished,Apartment,8500000.0,Gurgaon,G70782628
Sector 91 Gurgaon,28.4007588,76.9210802,1650.0,4,4.0,,1,Semifurnished,Apartment,18500000.0,Gurgaon,L42452385
Sector 91 Gurgaon,28.4007588,76.9210802,1650.0,4,4.0,,1,Unknown,Apartment,22500000.0,Gurgaon,R42579857
Sector 92 Gurgaon,28.4089049,76.9155232,1190.0,3,2.0,,5,Semifurnished,Independent/Builder Floor,9000000.0,Gurgaon,G70338072
Sector 92 Gurgaon,28.4089049,76.9155232,1190.0,3,2.0,,5,Semifurnished,Independent/Builder Floor,9500000.0,Gurgaon,J70337970
Sector 92 Gurgaon,28.4089049,76.9155232,1010.0,2,2.0,,5,Semifurnished,Independent/Builder Floor,8000000.0,Gurgaon,D70337824
Sector 92 Gurgaon,28.4089049,76.9155232,1010.0,2,2.0,,5,Semifurnished,Independent/Builder Floor,8100000.0,Gurgaon,I70337616
Sector 111 Gurgaon,28.5222773,77.0336203,1650.0,4,5.0,,6,Semifurnished,Apartment,34000000.0,Gurgaon,G70196264
Sector 23 Gurgaon,28.510319,77.0530094,1230.0,3,3.0,,6,Semifurnished,Independent/Builder Floor,17400000.0,Gurgaon,S69954890
Sector 71 Gurgaon,28.3950557,77.0314336,1650.0,3,3.0,,2,Semifurnished,Apartment,10500000.0,Gurgaon,A69852264
Sector 74 Gurgaon,28.4110081,77.0101209,1650.0,3,3.0,,6,Semifurnished,Apartment,23000000.0,Gurgaon,K69735128
Sector 74 Gurgaon,28.4110081,77.0101209,1650.0,2,2.0,,6,Semifurnished,Apartment,14500000.0,Gurgaon,R69710700
Dlf Phase 5,28.503445,77.0952048,1650.0,4,4.0,,2,Semifurnished,Apartment,50000000.0,Gurgaon,P7751023
Sector 84 Gurgaon,28.4035469,76.9677894,1650.0,2,2.0,,6,Semifurnished,Apartment,11000000.0,Gurgaon,I55605228
Sector 84 Gurgaon,28.4035469,76.9677894,1650.0,3,3.0,,6,Semifurnished,Apartment,13200000.0,Gurgaon,X55606386
Sector 84 Gurgaon,28.4035469,76.9677894,1650.0,2,2.0,,6,Semifurnished,Apartment,10700000.0,Gurgaon,N55625508
Sector 84 Gurgaon,28.4035469,76.9677894,1650.0,3,3.0,,1,Semifurnished,Apartment,14200000.0,Gurgaon,Q55606800
Sector 84 Gurgaon,28.4035469,76.9677894,1650.0,3,3.0,,6,Semifurnished,Apartment,13000000.0,Gurgaon,H45958699
Sector 84 Gurgaon,28.4035469,76.9677894,1650.0,3,3.0,,1,Semifurnished,Apartment,11500000.0,Gurgaon,Z66455720
Sector 84 Gurgaon,28.4035469,76.9677894,1650.0,3,3.0,,1,Semifurnished,Apartment,11400000.0,Gurgaon,G66465148
Sector 84 Gurgaon,28.4035469,76.9677894,1650.0,3,3.0,,1,Semifurnished,Apartment,14000000.0,Gurgaon,Y55625886
Sector 84 Gurgaon,28.4035469,76.9677894,1650.0,3,3.0,,1,Semifurnished,Apartment,13400000.0,Gurgaon,K55626710
Sector 84 Gurgaon,28.4035469,76.9677894,1650.0,3,3.0,,6,Semifurnished,Apartment,13500000.0,Gurgaon,N55606528
Sector 84 Gurgaon,28.4035469,76.9677894,1650.0,2,2.0,,1,Semifurnished,Apartment,9000000.0,Gurgaon,O66455622
Sector 84 Gurgaon,28.4035469,76.9677894,1650.0,3,3.0,,6,Semifurnished,Apartment,13000000.0,Gurgaon,X55606068
Sector 84 Gurgaon,28.4035469,76.9677894,1650.0,3,3.0,,6,Semifurnished,Apartment,11600000.0,Gurgaon,S45714787
Sector 49 Gurgaon,28.4127374,77.0555164,1650.0,3,3.0,,2,Semifurnished,Apartment,17650000.0,Gurgaon,V68873614
Sector 42 Gurgaon,28.4487856,77.0988212,1650.0,4,7.0,,6,Semifurnished,Apartment,450000000.0,Gurgaon,E68383434
Sector 62 Gurgaon,28.407697,77.0823781,2567.0,3,3.0,,5,Semifurnished,Apartment,40000000.0,Gurgaon,L67481656
Sector 84 Gurgaon,28.4035469,76.9677894,1650.0,2,2.0,,1,Semifurnished,Apartment,8600000.0,Gurgaon,Q66455856
Sector 84 Gurgaon,28.4035469,76.9677894,1650.0,3,3.0,,6,Semifurnished,Apartment,13400000.0,Gurgaon,X55607342
Sector 54 Gurgaon,28.433569,77.1055815,1650.0,4,4.0,,2,Semifurnished,Apartment,71000000.0,Gurgaon,X7984711
Sector 62 Gurgaon,28.407697,77.0823781,1650.0,2,2.0,,5,Unknown,Apartment,24000000.0,Gurgaon,O67152568
Sector 42 Gurgaon,28.4487856,77.0988212,1650.0,5,5.0,,2,Semifurnished,Apartment,240000000.0,Gurgaon,F11174847
Dlf Phase 2,28.483901,77.0846097,1650.0,4,4.0,,6,Semifurnished,Independent/Builder Floor,50000000.0,Gurgaon,O6589925
Sector 84 Gurgaon,28.4035469,76.9677894,1650.0,2,2.0,,1,Semifurnished,Apartment,8400000.0,Gurgaon,V66455738
Dlf Phase 2,28.483901,77.0846097,1650.0,5,5.0,,1,Semifurnished,Apartment,100000000.0,Gurgaon,K15742135
Sector 54 Gurgaon,28.433569,77.1055815,1650.0,4,5.0,,1,Semifurnished,Apartment,65000000.0,Gurgaon,P7707505
Sector 111 Gurgaon,28.5222773,77.0336203,1650.0,4,5.0,,6,Semifurnished,Apartment,34500000.0,Gurgaon,M50621672
Sector 54 Gurgaon,28.433569,77.1055815,1650.0,3,3.0,,2,Semifurnished,Apartment,55000000.0,Gurgaon,Z8120843
Dlf Phase 5,28.503445,77.0952048,1650.0,4,4.0,,2,Semifurnished,Apartment,45500000.0,Gurgaon,G8659055
Sector 54 Gurgaon,28.433569,77.1055815,1650.0,4,4.0,,2,Semifurnished,Apartment,95000000.0,Gurgaon,N6326189
Sector 54 Gurgaon,28.433569,77.1055815,1650.0,3,5.0,,2,Semifurnished,Apartment,82500000.0,Gurgaon,D52586310
Sector 54 Gurgaon,28.433569,77.1055815,1650.0,4,6.0,,1,Semifurnished,Apartment,120000000.0,Gurgaon,V34150771
Dlf Phase 2,28.483901,77.0846097,1650.0,4,5.0,,1,Semifurnished,Apartment,80000000.0,Gurgaon,O22784139
Sector 42 Gurgaon,28.4487856,77.0988212,1650.0,4,5.0,,3,Semifurnished,Apartment,245000000.0,Gurgaon,T5290535
Sector 54 Gurgaon,28.433569,77.1055815,1650.0,5,6.0,,2,Semifurnished,Apartment,100000000.0,Gurgaon,U8155509
Dlf Phase 3,28.4919048,77.0937804,1650.0,5,6.0,,2,Semifurnished,Apartment,120000000.0,Gurgaon,N10521869
Sector 62 Gurgaon,28.407697,77.0823781,1650.0,5,6.0,,6,Semifurnished,Apartment,135000000.0,Gurgaon,Y8120733
Sector 42 Gurgaon,28.4487856,77.0988212,1650.0,4,5.0,,2,Semifurnished,Apartment,300000000.0,Gurgaon,Z7519741
Sector 42 Gurgaon,28.4487856,77.0988212,1650.0,5,6.0,,2,Semifurnished,Apartment,500000000.0,Gurgaon,F10768359
Sector 54 Gurgaon,28.433569,77.1055815,1650.0,4,6.0,,2,Semifurnished,Apartment,110000000.0,Gurgaon,P7511229
Sector 54 Gurgaon,28.433569,77.1055815,1650.0,4,4.0,,2,Semifurnished,Apartment,85000000.0,Gurgaon,O8120877
Sector 42 Gurgaon,28.4487856,77.0988212,1650.0,4,6.0,,6,Unfurnished,Apartment,500000000.0,Gurgaon,X34765931
Sector 54 Gurgaon,28.433569,77.1055815,1650.0,4,5.0,,6,Semifurnished,Apartment,130000000.0,Gurgaon,K35616051
Dlf Phase 5,28.503445,77.0952048,1650.0,3,4.0,,1,Semifurnished,Apartment,83000000.0,Gurgaon,E7938279
Sector 42 Gurgaon,28.4487856,77.0988212,1650.0,4,4.0,,3,Semifurnished,Apartment,240000000.0,Gurgaon,I9553643
Sector 54 Gurgaon,28.433569,77.1055815,1650.0,4,4.0,,2,Semifurnished,Apartment,94000000.0,Gurgaon,G9901549
Dlf Phase 5,28.503445,77.0952048,1650.0,4,4.0,,2,Semifurnished,Apartment,57000000.0,Gurgaon,V11436603
Dlf Phase 5,28.503445,77.0952048,1650.0,4,4.0,,1,Semifurnished,Apartment,82500000.0,Gurgaon,Y71612814
Sector 67 Gurgaon,28.3864052,77.0598046,1650.0,3,3.0,,1,Semifurnished,Apartment,32500000.0,Gurgaon,P71612394
Sector 54 Gurgaon,28.433569,77.1055815,1118.0,3,4.0,,2,Semifurnished,Apartment,55000000.0,Gurgaon,Q71609528
Sector 54 Gurgaon,28.433569,77.1055815,1650.0,4,4.0,,1,Semifurnished,Apartment,137500000.0,Gurgaon,V71609226
Sector 67 Gurgaon,28.3864052,77.0598046,3150.00000000031,4,4.0,,6,Semifurnished,Independent/Builder Floor,26500000.0,Gurgaon,M71599192
Sector 54 Gurgaon,28.433569,77.1055815,1650.0,4,6.0,,2,Semifurnished,Apartment,137500000.0,Gurgaon,H71593282
Sector 42 Gurgaon,28.4487856,77.0988212,5200.0,4,8.0,,1,Semifurnished,Apartment,460000000.0,Gurgaon,H71470142
Sector 109 Gurgaon,28.5109205,77.0065956,1650.0,5,5.0,,1,Semifurnished,Independent House/Villa,95000000.0,Gurgaon,V62635348
Dlf Phase 3,28.4919048,77.0937804,2275.0,3,4.0,,6,Semifurnished,Independent/Builder Floor,35000000.0,Gurgaon,N70009764
South City 1,28.4188433,77.0440293,2250.0,4,3.0,,1,Unfurnished,Independent/Builder Floor,28400000.0,Gurgaon,H71301558
Sector 66 Gurgaon,28.3974292,77.0538823,1800.0,3,3.0,,1,Semifurnished,Apartment,30000000.0,Gurgaon,D71741454
Sector 66 Gurgaon,28.3974292,77.0538823,1700.0,4,5.0,,1,Semifurnished,Apartment,33000000.0,Gurgaon,G71741300
Sector 67A Gurgaon,28.4618719,77.05688,860.0,2,2.0,,1,Unfurnished,Apartment,16000000.0,Gurgaon,Y71741176
Sector 66 Gurgaon,28.3974292,77.0538823,2925.0,4,5.0,,1,Unfurnished,Apartment,62000000.0,Gurgaon,H71740638
Sector 66 Gurgaon,28.3974292,77.0538823,1650.0,3,3.0,,1,Unfurnished,Apartment,30000000.0,Gurgaon,E71740462
Sector 76 Gurgaon,28.3910112,76.9900243,1650.0,3,4.0,,5,Semifurnished,Apartment,37887300.0,Gurgaon,R71718946
Sector 76 Gurgaon,28.3910112,76.9900243,1650.0,4,4.0,,5,Semifurnished,Apartment,44160000.0,Gurgaon,T71718734
Sector 76 Gurgaon,28.3910112,76.9900243,1650.0,3,3.0,,5,Semifurnished,Apartment,31000000.0,Gurgaon,N71718304
Sector 69 Gurgaon,28.3960701,77.0372311,1500.0,3,3.0,,5,Semifurnished,Apartment,18800000.0,Gurgaon,E71698706
Sector 83 Gurgaon,28.3963578,76.9654747,1095.3,3,3.0,,1,Semifurnished,Apartment,15500000.0,Gurgaon,O55737304
Sector 54 Gurgaon,28.433569,77.1055815,1650.0,4,7.0,,1,Semifurnished,Apartment,95000000.0,Gurgaon,H71681650
Sector 54 Gurgaon,28.433569,77.1055815,1650.0,5,8.0,,1,Semifurnished,Apartment,95000000.0,Gurgaon,R71676006
Sector 54 Gurgaon,28.433569,77.1055815,1650.0,4,6.0,,1,Semifurnished,Apartment,130000000.0,Gurgaon,B71675096
Sector 54 Gurgaon,28.433569,77.1055815,4000.0,4,6.0,,1,Semifurnished,Apartment,120000000.0,Gurgaon,D71674182
Sector 54 Gurgaon,28.433569,77.1055815,5000.0,5,5.0,,1,Semifurnished,Apartment,145000000.0,Gurgaon,F71673742
Dlf Phase 4,28.4919048,77.0937804,1650.0,3,3.0,,3,Semifurnished,Apartment,25000000.0,Gurgaon,I71641944
Sector 48 Gurgaon,28.4104903,77.0394627,1550.0,3,3.0,,1,Semifurnished,Apartment,6995000.0,Gurgaon,R71543448
Sector 66 Gurgaon,28.3974292,77.0538823,1100.0,3,2.0,,1,Semifurnished,Apartment,15000000.0,Gurgaon,H71514740
Sushant Lok Phase 1,28.4545693,77.0826249,1550.0,3,3.0,,6,Semifurnished,Independent/Builder Floor,28500000.0,Gurgaon,M67978410
Sector 66 Gurgaon,28.3974292,77.0538823,1650.0,4,5.0,,1,Semifurnished,Apartment,24000000.0,Gurgaon,H56394924
Dlf Phase 1,28.4765171,77.090194,2500.0,4,4.0,,6,Semifurnished,Independent/Builder Floor,51000000.0,Gurgaon,Y71355148
Sector 67A Gurgaon,28.4618719,77.05688,1650.0,3,3.0,,6,Semifurnished,Apartment,20000000.0,Gurgaon,F63511044
Dlf Phase 2,28.483901,77.0846097,3618.00000000036,4,4.0,,6,Semifurnished,Independent/Builder Floor,48000000.0,Gurgaon,V71799022
Sector 81 Gurgaon,28.3873647,76.9475835,1220.0,2,2.0,,2,Semifurnished,Apartment,8500000.0,Gurgaon,D68999070
Sector 79 Gurgaon,28.4618719,77.05688,1200.0,3,3.0,,5,Semifurnished,Apartment,11000000.0,Gurgaon,X71729038
Sector 49 Gurgaon,28.4127374,77.0555164,1600.0,3,3.0,,6,Semifurnished,Independent/Builder Floor,26000000.0,Gurgaon,G71671582
Sector 22 Gurgaon,28.4947315,77.0691703,1380.0,2,2.0,,1,Semifurnished,Apartment,18700000.0,Gurgaon,J71258238
Civil Lines,28.4616851,77.0339023,1420.0,3,3.0,,3,Unfurnished,Apartment,15000000.0,Gurgaon,G71558378
Sector 79 Gurgaon,28.4618719,77.05688,1182.0,2,2.0,,5,Semifurnished,Apartment,17800000.0,Gurgaon,V71666090
Sector 36A Gurgaon,28.4202285,76.9719998,363.0,1,1.0,,1,Semifurnished,Apartment,3900000.0,Gurgaon,A71653986
Sector 43 Gurgaon,28.4487856,77.0988212,2000.0,3,3.0,,1,Semifurnished,Independent/Builder Floor,23000000.0,Gurgaon,B71643890
Sector 90 Gurgaon,28.4069974,76.9365562,590.0,2,2.0,,1,Semifurnished,Apartment,4200000.0,Gurgaon,F65403914
Sector 90 Gurgaon,28.4069974,76.9365562,536.0,2,2.0,,6,Semifurnished,Apartment,4500000.0,Gurgaon,X69232254
Sector 83 Gurgaon,28.3963578,76.9654747,1240.04,3,3.0,,2,Semifurnished,Apartment,20500000.0,Gurgaon,J71532860
Sector 48 Gurgaon,28.4104903,77.0394627,1400.0,3,3.0,,5,Semifurnished,Independent/Builder Floor,17500000.0,Gurgaon,F71499306
Sector 83 Gurgaon,28.3963578,76.9654747,1500.0,3,3.0,,2,Semifurnished,Apartment,13000000.0,Gurgaon,J71479654
Sector 83 Gurgaon,28.3963578,76.9654747,2300.0,3,4.0,,6,Semifurnished,Independent/Builder Floor,20000000.0,Gurgaon,P71478194
Sector 90 Gurgaon,28.4069974,76.9365562,1300.0,3,3.0,,5,Semifurnished,Apartment,15300000.0,Gurgaon,C71472496
Sector 62 Gurgaon,28.407697,77.0823781,1800.0,3,3.0,,5,Semifurnished,Apartment,39000000.0,Gurgaon,E71432294
Sector-33 Sohna,28.3241636,77.0848644,1650.0,3,3.0,,1,Semifurnished,Apartment,17000000.0,Gurgaon,U71425912
Sector-33 Sohna,28.3241636,77.0848644,1411.0416240595,3,4.0,,5,Semifurnished,Apartment,19000000.0,Gurgaon,O71424500
Sector 90 Gurgaon,28.4069974,76.9365562,590.0,2,2.0,,1,Semifurnished,Apartment,4500000.0,Gurgaon,F71413984
Sector 67 Gurgaon,28.3864052,77.0598046,520.0,2,2.0,,1,Semifurnished,Apartment,5500000.0,Gurgaon,Z65286386
Sector 69 Gurgaon,28.3960701,77.0372311,1578.0,3,3.0,,1,Unfurnished,Apartment,18200000.0,Gurgaon,U71404954
Sector 67 Gurgaon,28.3864052,77.0598046,520.0,2,2.0,,6,Semifurnished,Apartment,5400200.0,Gurgaon,J59036624
Sector 67 Gurgaon,28.3864052,77.0598046,520.0,2,2.0,,6,Semifurnished,Apartment,5500010.0,Gurgaon,V59036576
Sector 79 Gurgaon,28.4618719,77.05688,1171.0,2,2.0,,5,Unfurnished,Apartment,10000000.0,Gurgaon,P71287290
Sector 83 Gurgaon,28.3963578,76.9654747,1650.0,1,1.0,,1,Unfurnished,Apartment,3900000.0,Gurgaon,C71265634
Sector 108 Gurgaon,28.5128994,76.9823615,1650.0,3,4.0,,1,Semifurnished,Apartment,18800000.0,Gurgaon,C71265538
Sector 57 Gurgaon,28.4232478,77.0804487,1500.0,3,3.0,,6,Semifurnished,Independent/Builder Floor,15500000.0,Gurgaon,D71241960
Sector 102 Gurgaon,28.4754872,76.9711747,1500.0,3,3.0,,1,Semifurnished,Independent/Builder Floor,17000000.0,Gurgaon,H71209682
Sector 102 Gurgaon,28.4754872,76.9711747,1200.0,3,3.0,,1,Semifurnished,Apartment,17000000.0,Gurgaon,Q71209420
Sector 83 Gurgaon,28.3963578,76.9654747,1300.0,3,2.0,,1,Semifurnished,Apartment,11500000.0,Gurgaon,I71209086
Sohna,28.3241636,77.0848644,730.0,2,2.0,,1,Semifurnished,Apartment,8500000.0,Gurgaon,O71190422
Sector 68 Gurgaon,28.388897,77.0459859,900.0,2,2.0,,1,Semifurnished,Apartment,11000000.0,Gurgaon,Q71162236
Sector 113 Gurgaon,28.5286649,77.0250282,2100.0,4,4.0,,5,Unfurnished,Apartment,22000000.0,Gurgaon,D71121724
South City 2,28.4188806,77.0439211,3078.0000000003,4,4.0,,6,Unknown,Independent/Builder Floor,37500000.0,Gurgaon,O71115618
Sector 47 Gurgaon,28.4268461,77.0584252,1800.0,3,4.0,,3,Semifurnished,Apartment,24000000.0,Gurgaon,N71073450
Sector 83 Gurgaon,28.3963578,76.9654747,1650.0,2,2.0,,6,Semifurnished,Independent/Builder Floor,7000000.0,Gurgaon,F71032502
Sector 102 Gurgaon,28.4754872,76.9711747,1650.0,3,4.0,,1,Semifurnished,Apartment,18500000.0,Gurgaon,N71031888
Sector 83 Gurgaon,28.3963578,76.9654747,900.0,2,3.0,,1,Semifurnished,Apartment,9200000.0,Gurgaon,O71031354
Sector 67 Gurgaon,28.3864052,77.0598046,1650.0,3,4.0,,1,Unknown,Apartment,32500000.0,Gurgaon,H70798134
Dlf Phase 5,28.503445,77.0952048,2430.00000000024,4,4.0,,5,Semifurnished,Independent/Builder Floor,57000000.0,Gurgaon,K70731556
Sector 47 Gurgaon,28.4268461,77.0584252,2053.0,4,5.0,,3,Semifurnished,Apartment,27500000.0,Gurgaon,P70414728
C Block Sushant Lok Phase 1,28.4545693,77.0826249,1935.0,3,3.0,,6,Semifurnished,Independent/Builder Floor,19100000.0,Gurgaon,K71680354
Sector 45 Gurgaon,28.4449004,77.0663545,1600.0,3,3.0,,2,Semifurnished,Independent/Builder Floor,13600000.0,Gurgaon,T71646150
Sector 40 Gurgaon,28.449216,77.0566378,1600.0,3,3.0,,1,Semifurnished,Independent/Builder Floor,17500000.0,Gurgaon,B71645644
South City 1,28.4188433,77.0440293,1600.0,3,3.0,,6,Semifurnished,Independent/Builder Floor,18000000.0,Gurgaon,D71645340
Sector 38 Gurgaon,28.4351423,77.0403538,2367.00000000023,3,3.0,,6,Semifurnished,Independent/Builder Floor,25000000.0,Gurgaon,P71567378
Sector 61 Gurgaon,28.4110188,77.0963685,1650.0,3,3.0,,5,Semifurnished,Independent/Builder Floor,19672300.0,Gurgaon,A71481554
Sector 89 Gurgaon,28.4184455,76.9457567,1650.0,2,2.0,,5,Semifurnished,Independent/Builder Floor,9400000.0,Gurgaon,P71481348
Sohna,28.3241636,77.0848644,629.0,2,2.0,,6,Semifurnished,Apartment,3800000.0,Gurgaon,A71269830
Palam Vihar,28.4983353,77.0203007,3100.0,4,4.0,,1,Semifurnished,Independent/Builder Floor,22000000.0,Gurgaon,D70117572
Sector 38 Gurgaon,28.4351423,77.0403538,1710.00000000017,3,3.0,,1,Semifurnished,Independent/Builder Floor,15500000.0,Gurgaon,M71026892
Sohna,28.3241636,77.0848644,545.0,2,2.0,,5,Semifurnished,Independent/Builder Floor,5200000.0,Gurgaon,H70844814
Sohna,28.3241636,77.0848644,790.0,2,2.0,,1,Unfurnished,Apartment,10000000.0,Gurgaon,X70830464
Sohna,28.3241636,77.0848644,545.0,2,2.0,,6,Semifurnished,Independent/Builder Floor,5500000.0,Gurgaon,K70824202
Sohna,28.3241636,77.0848644,700.0,3,2.0,,6,Semifurnished,Independent/Builder Floor,7400000.0,Gurgaon,C70823044
Sector-33 Sohna,28.3241636,77.0848644,915.0,3,3.0,,6,Semifurnished,Apartment,18500000.0,Gurgaon,P70811152
Sector-33 Sohna,28.3241636,77.0848644,915.0,3,3.0,,6,Semifurnished,Apartment,15500000.0,Gurgaon,O70811054
Sector-33 Sohna,28.3241636,77.0848644,915.0,3,3.0,,6,Semifurnished,Apartment,16500000.0,Gurgaon,W70811022
Sector 62 Gurgaon,28.407697,77.0823781,2409.0,3,5.0,,6,Semifurnished,Apartment,82000000.0,Gurgaon,K70807176
Sector 89 A Gurgaon,28.4184455,76.9457567,1340.0,3,4.0,,6,Semifurnished,Apartment,19000000.0,Gurgaon,F70805714
Sohna,28.3241636,77.0848644,855.0,3,2.0,,6,Semifurnished,Independent/Builder Floor,9000000.0,Gurgaon,X70798780
Sector-33 Sohna,28.3241636,77.0848644,1250.0,3,4.0,,5,Semifurnished,Apartment,16500000.0,Gurgaon,C70798702
Sector-33 Sohna,28.3241636,77.0848644,855.0,2,2.0,,5,Semifurnished,Apartment,10000000.0,Gurgaon,O70798654
Sohna,28.3241636,77.0848644,849.0,2,2.0,,1,Semifurnished,Apartment,9700000.0,Gurgaon,G70798432
Sohna,28.3241636,77.0848644,730.0,2,2.0,,1,Semifurnished,Apartment,8200000.0,Gurgaon,F70798364
Sohna,28.3241636,77.0848644,730.0,2,2.0,,1,Semifurnished,Apartment,7900000.0,Gurgaon,C70798298
Sohna,28.3241636,77.0848644,790.0,2,2.0,,1,Semifurnished,Apartment,9700000.0,Gurgaon,R70797658
Sector 62 Gurgaon,28.407697,77.0823781,3487.0,5,7.0,,1,Semifurnished,Apartment,98000000.0,Gurgaon,M70791702
Sector 23 Gurgaon,28.510319,77.0530094,4518.0,4,4.0,,6,Semifurnished,Independent/Builder Floor,29900000.0,Gurgaon,F68639780
Sector 23 Gurgaon,28.510319,77.0530094,3078.0,4,4.0,,6,Semifurnished,Independent/Builder Floor,22500000.0,Gurgaon,N68624488
Sector 23 Gurgaon,28.510319,77.0530094,3078.0,4,4.0,,6,Semifurnished,Independent/Builder Floor,22600000.0,Gurgaon,F68639578
Sector 23 Gurgaon,28.510319,77.0530094,2367.0,3,3.0,,6,Semifurnished,Independent/Builder Floor,19800000.0,Gurgaon,O68623126
Sector 23 Gurgaon,28.510319,77.0530094,1836.0,3,3.0,,6,Semifurnished,Independent/Builder Floor,15900000.0,Gurgaon,M68469636
Dlf Phase 1,28.4765171,77.090194,1650.0,4,5.0,,6,Semifurnished,Independent/Builder Floor,49500000.0,Gurgaon,X70025072
Sector 83 Gurgaon,28.3963578,76.9654747,650.0,2,2.0,,6,Semifurnished,Independent/Builder Floor,9800000.0,Gurgaon,K71714496
Sector 82 Gurgaon,28.3932827,76.9545277,630.0,2,2.0,,1,Unfurnished,Independent/Builder Floor,6600000.0,Gurgaon,U71714284
Sushant Lok Phase 1,28.4545693,77.0826249,1650.0,3,3.0,,6,Semifurnished,Independent/Builder Floor,27500000.0,Gurgaon,D71653198
Sector 108 Gurgaon,28.5128994,76.9823615,1650.0,5,6.0,,1,Semifurnished,Apartment,50000000.0,Gurgaon,E71652874
Sector 95 Gurgaon,28.4149443,76.9114892,1650.0,3,4.0,,1,Semifurnished,Apartment,20000000.0,Gurgaon,S71652464
Sector 83 Gurgaon,28.3963578,76.9654747,940.0,2,2.0,,6,Semifurnished,Independent/Builder Floor,8700000.0,Gurgaon,Y71652438
Sector 85 Gurgaon,28.3985762,76.9547447,1650.0,2,2.0,,1,Semifurnished,Apartment,16000000.0,Gurgaon,J71652188
Sector 108 Gurgaon,28.5128994,76.9823615,1650.0,3,4.0,,2,Semifurnished,Apartment,36900000.0,Gurgaon,Q71652126
Sector 106 Gurgaon,28.5060806,76.9967796,1130.0,3,4.0,,2,Semifurnished,Apartment,14700000.0,Gurgaon,W71652060
Sector 82A Gurgaon,28.3881583,76.96273,1192.0,3,4.0,,1,Semifurnished,Apartment,26000000.0,Gurgaon,V71651948
Sector 85 Gurgaon,28.3985762,76.9547447,1650.0,4,5.0,,1,Semifurnished,Apartment,19000000.0,Gurgaon,D71593214
Sector 85 Gurgaon,28.3985762,76.9547447,1650.0,3,4.0,,1,Semifurnished,Apartment,16000000.0,Gurgaon,M71593104
Sector 85 Gurgaon,28.3985762,76.9547447,1650.0,4,5.0,,1,Semifurnished,Apartment,18500000.0,Gurgaon,E71593030
Sector 85 Gurgaon,28.3985762,76.9547447,1650.0,3,4.0,,1,Semifurnished,Apartment,15500000.0,Gurgaon,H71592946
Sector 65 Gurgaon,28.4030162,77.0695893,1650.0,3,3.0,,1,Semifurnished,Apartment,78000000.0,Gurgaon,D71587438
Sector 70 Gurgaon,28.3947261,77.0223138,1650.0,3,3.0,,1,Unknown,Apartment,15500000.0,Gurgaon,M71568998
Sector 70 Gurgaon,28.3947261,77.0223138,1650.0,3,4.0,,1,Semifurnished,Apartment,17000000.0,Gurgaon,J71568482
Sector 70 Gurgaon,28.3947261,77.0223138,1650.0,3,3.0,,1,Semifurnished,Apartment,15000000.0,Gurgaon,I71567662
Sector 65 Gurgaon,28.4030162,77.0695893,1650.0,4,4.0,,5,Unknown,Apartment,150000000.0,Gurgaon,P71506458
Sector 62 Gurgaon,28.407697,77.0823781,1650.0,3,3.0,,1,Semifurnished,Apartment,45000000.0,Gurgaon,I71337934
Sector 58 Gurgaon,28.4160012,77.1085564,1650.0,4,5.0,,1,Semifurnished,Apartment,54000000.0,Gurgaon,U71337042
Sector 42 Gurgaon,28.4487856,77.0988212,1650.0,4,6.0,,6,Semifurnished,Apartment,240000000.0,Gurgaon,A70769324
Sector 37D Gurgaon,28.4480039,76.9697682,900.0,2,2.0,,1,Semifurnished,Apartment,8000000.0,Gurgaon,J62977642
Sector 78 Gurgaon,28.3725283,76.9702955,1300.0,3,4.0,,2,Semifurnished,Apartment,12000000.0,Gurgaon,L71716940
Sector 78 Gurgaon,28.3725283,76.9702955,1100.0,3,2.0,,2,Semifurnished,Apartment,11000000.0,Gurgaon,B71716894
Sector 79 Gurgaon,28.4618719,77.05688,1150.0,3,3.0,,5,Semifurnished,Apartment,20000000.0,Gurgaon,I71716576
Sector 79 Gurgaon,28.4618719,77.05688,1000.0,2,2.0,,5,Semifurnished,Apartment,17200000.0,Gurgaon,X71715132
Sector 79 Gurgaon,28.4618719,77.05688,1400.0,3,4.0,,5,Semifurnished,Apartment,27500000.0,Gurgaon,C71608150
Sector 79 Gurgaon,28.4618719,77.05688,1200.0,2,2.0,,5,Semifurnished,Apartment,20000000.0,Gurgaon,G71608114
Sector 79 Gurgaon,28.4618719,77.05688,1000.0,2,2.0,,5,Semifurnished,Apartment,17500000.0,Gurgaon,O71608030
Sector 77 Gurgaon,28.3832337,76.982557,950.0,2,2.0,,1,Semifurnished,Apartment,8900000.0,Gurgaon,W71607928
Sector 78 Gurgaon,28.3725283,76.9702955,1350.0,3,4.0,,2,Unfurnished,Apartment,15200000.0,Gurgaon,S71600108
Sector 78 Gurgaon,28.3725283,76.9702955,1200.0,3,2.0,,2,Semifurnished,Apartment,11000000.0,Gurgaon,M71599980
Sector 78 Gurgaon,28.3725283,76.9702955,950.0,2,2.0,,2,Semifurnished,Apartment,9000000.0,Gurgaon,H71599878
Sector 27 Gurgaon,28.4646566,77.0839505,3042.0,4,4.0,,1,Semifurnished,Independent/Builder Floor,42000000.0,Gurgaon,T70724376
Malibu Town,28.4234344,77.0468649,1800.0,3,3.0,,1,Semifurnished,Independent/Builder Floor,20000000.0,Gurgaon,X70443358
Malibu Town,28.4234344,77.0468649,1764.0,3,3.0,,1,Semifurnished,Independent/Builder Floor,19000000.0,Gurgaon,U70443558
Sector 48 Gurgaon,28.4104903,77.0394627,4000.0,4,5.0,,6,Semifurnished,Independent/Builder Floor,40000000.0,Gurgaon,H68495250
Sushant Lok Phase 1,28.4545693,77.0826249,2633.0,4,4.0,,6,Semifurnished,Independent/Builder Floor,42000000.0,Gurgaon,F63995688
Dlf Phase 4,28.4919048,77.0937804,2500.0,4,4.0,,6,Semifurnished,Independent/Builder Floor,40000000.0,Gurgaon,D65176740
Sector 57 Gurgaon,28.4232478,77.0804487,2700.0,4,4.0,,6,Semifurnished,Independent/Builder Floor,23000000.0,Gurgaon,N63528400
Sector 57 Gurgaon,28.4232478,77.0804487,1700.0,3,3.0,,6,Semifurnished,Independent/Builder Floor,15000000.0,Gurgaon,P63533322
Dlf Phase 1,28.4765171,77.090194,2200.0,4,4.0,,6,Semifurnished,Independent/Builder Floor,37500000.0,Gurgaon,S66193420
Sushant Lok Phase 1,28.4545693,77.0826249,2800.0,4,4.0,,6,Semifurnished,Independent/Builder Floor,37000000.0,Gurgaon,J65140942
Sector 50 Gurgaon,28.4268461,77.0584252,2400.0,4,4.0,,6,Semifurnished,Independent/Builder Floor,27500000.0,Gurgaon,W63532476
South City 1,28.4188433,77.0440293,2100.0,4,4.0,,6,Semifurnished,Independent/Builder Floor,34000000.0,Gurgaon,P65150426
Sector 45 Gurgaon,28.4449004,77.0663545,3400.0,4,4.0,,5,Semifurnished,Independent/Builder Floor,45000000.0,Gurgaon,O65138304
Sector 50 Gurgaon,28.4268461,77.0584252,1900.0,4,4.0,,6,Semifurnished,Independent/Builder Floor,20000000.0,Gurgaon,C63543082
Sector 47 Gurgaon,28.4268461,77.0584252,3500.0,5,4.0,,6,Semifurnished,Independent/Builder Floor,38000000.0,Gurgaon,G63530306
Sector 50 Gurgaon,28.4268461,77.0584252,2700.0,4,4.0,,1,Semifurnished,Independent/Builder Floor,26000000.0,Gurgaon,R70611536
Sector 67A Gurgaon,28.4618719,77.05688,2700.0,4,4.0,,1,Semifurnished,Independent/Builder Floor,21000000.0,Gurgaon,P70724020
Sector 67A Gurgaon,28.4618719,77.05688,2100.0,4,4.0,,1,Semifurnished,Independent/Builder Floor,20000000.0,Gurgaon,P70727892
Sector 67 Gurgaon,28.3864052,77.0598046,4518.0,4,4.0,,1,Semifurnished,Independent/Builder Floor,32000000.0,Gurgaon,O70724902
South City 2,28.4188806,77.0439211,3650.0,4,5.0,,1,Semifurnished,Independent/Builder Floor,39000000.0,Gurgaon,Z65545058
Sector 50 Gurgaon,28.4268461,77.0584252,3300.0,4,4.0,,1,Semifurnished,Independent/Builder Floor,30000000.0,Gurgaon,X63797844
Sector 50 Gurgaon,28.4268461,77.0584252,3150.0,4,5.0,,1,Semifurnished,Independent/Builder Floor,30000000.0,Gurgaon,I63800118
Malibu Town,28.4234344,77.0468649,1620.0,3,3.0,,1,Semifurnished,Independent/Builder Floor,20000000.0,Gurgaon,Y65549644
Sector 49 Gurgaon,28.4127374,77.0555164,2200.0,4,4.0,,1,Semifurnished,Independent/Builder Floor,26500000.0,Gurgaon,W63587720
South City 1,28.4188433,77.0440293,2430.0,4,4.0,,6,Semifurnished,Independent/Builder Floor,32500000.0,Gurgaon,Y65942624
Sector 67A Gurgaon,28.4618719,77.05688,2100.0,4,4.0,,1,Semifurnished,Independent/Builder Floor,20000000.0,Gurgaon,D70459788
Dlf Phase 1,28.4765171,77.090194,1500.0,3,3.0,,6,Unfurnished,Independent/Builder Floor,27000000.0,Gurgaon,F65908938
Dlf Phase 2,28.483901,77.0846097,1470.0,3,3.0,,6,Semifurnished,Independent/Builder Floor,23000000.0,Gurgaon,B65895796
South City 2,28.4188806,77.0439211,3100.0,4,4.0,,6,Semifurnished,Independent/Builder Floor,34000000.0,Gurgaon,T66947224
Malibu Town,28.4234344,77.0468649,1800.0,3,3.0,,6,Unfurnished,Independent/Builder Floor,24000000.0,Gurgaon,Q66946732
Suncity,28.507814,77.0713577,2400.0,4,4.0,,6,Semifurnished,Independent/Builder Floor,36000000.0,Gurgaon,J66929330
Sector 55 Gurgaon,28.4274166,77.1097538,2100.0,4,4.0,,6,Semifurnished,Independent/Builder Floor,22000000.0,Gurgaon,G65892308
Sector 50 Gurgaon,28.4268461,77.0584252,2300.0,4,4.0,,1,Semifurnished,Independent/Builder Floor,32000000.0,Gurgaon,T65642328
Sector 28 Gurgaon,28.4794143,77.0833588,1400.0,3,3.0,,1,Semifurnished,Independent/Builder Floor,24000000.0,Gurgaon,R69296656
Sector 67 Gurgaon,28.3864052,77.0598046,2700.00000000027,4,4.0,,6,Semifurnished,Independent/Builder Floor,21000000.0,Gurgaon,X69396620
Sector 104 Gurgaon,28.4795324,76.9937197,1650.0,2,2.0,,1,Semifurnished,Apartment,15500000.0,Gurgaon,P71774140
Sector 104 Gurgaon,28.4795324,76.9937197,1650.0,3,3.0,,1,Semifurnished,Apartment,27800000.0,Gurgaon,G71732268
Sector 104 Gurgaon,28.4795324,76.9937197,1650.0,3,3.0,,1,Semifurnished,Apartment,28000000.0,Gurgaon,N71561722
Sector 55 Gurgaon,28.4274166,77.1097538,3480.0,5,5.0,,1,Semifurnished,Independent/Builder Floor,38600000.0,Gurgaon,P71467396
Sector 57 Gurgaon,28.4232478,77.0804487,1980.0,4,4.0,,1,Semifurnished,Independent/Builder Floor,23000000.0,Gurgaon,K71440984
Nirvana Country,28.4150509,77.0642955,942.0,2,2.0,,1,Semifurnished,Independent/Builder Floor,11000000.0,Gurgaon,Z71369282
Sector 102 Gurgaon,28.4754872,76.9711747,1650.0,2,2.0,,5,Semifurnished,Apartment,13500000.0,Gurgaon,N71333336
Sector 102 Gurgaon,28.4754872,76.9711747,1650.0,2,2.0,,5,Semifurnished,Apartment,15500000.0,Gurgaon,P71332528
Sector 104 Gurgaon,28.4795324,76.9937197,1650.0,3,3.0,,5,Semifurnished,Apartment,19500000.0,Gurgaon,Z71295940
Sector 104 Gurgaon,28.4795324,76.9937197,1650.0,3,2.0,,5,Semifurnished,Apartment,15900000.0,Gurgaon,M71295592
Sector 104 Gurgaon,28.4795324,76.9937197,1650.0,3,2.0,,5,Semifurnished,Apartment,15900000.0,Gurgaon,M71295420
Sector 104 Gurgaon,28.4795324,76.9937197,1650.0,2,2.0,,5,Semifurnished,Apartment,10110000.0,Gurgaon,E71294464
Sector 49 Gurgaon,28.4127374,77.0555164,3600.0,4,4.0,,1,Semifurnished,Apartment,25000000.0,Gurgaon,F67816860
Sector 104 Gurgaon,28.4795324,76.9937197,1650.0,3,3.0,,5,Semifurnished,Apartment,18200000.0,Gurgaon,A71182902
Sector 111 Gurgaon,28.5222773,77.0336203,1650.0,3,3.0,,1,Semifurnished,Apartment,29900000.0,Gurgaon,N71162218
Sector 111 Gurgaon,28.5222773,77.0336203,1650.0,4,4.0,,1,Semifurnished,Apartment,54900000.0,Gurgaon,V71160050
Sector 111 Gurgaon,28.5222773,77.0336203,1650.0,3,3.0,,1,Semifurnished,Apartment,28500000.0,Gurgaon,S71158790
Sector 112 Gurgaon,28.5203402,77.0188612,4948.43,5,7.0,,6,Semifurnished,Apartment,92500000.0,Gurgaon,W71156382
Sector 112 Gurgaon,28.5203402,77.0188612,1650.0,3,5.0,,6,Semifurnished,Apartment,44900000.0,Gurgaon,Q71146562
Sector 112 Gurgaon,28.5203402,77.0188612,1642.05,3,3.0,,6,Semifurnished,Apartment,38100000.0,Gurgaon,Y71146194
Sector 112 Gurgaon,28.5203402,77.0188612,1475.21,2,2.0,,6,Semifurnished,Apartment,28900000.0,Gurgaon,N71145870
Sector 112 Gurgaon,28.5203402,77.0188612,1475.21,2,2.0,,6,Semifurnished,Apartment,28900000.0,Gurgaon,I71145502
Sector 104 Gurgaon,28.4795324,76.9937197,884.58,3,2.0,,5,Semifurnished,Apartment,14700000.0,Gurgaon,V71134174
Sector 104 Gurgaon,28.4795324,76.9937197,861.97,3,2.0,,5,Semifurnished,Apartment,14900000.0,Gurgaon,S71133868
Sector 102 Gurgaon,28.4754872,76.9711747,1473.0,4,4.0,,5,Semifurnished,Apartment,24200000.0,Gurgaon,F70935620
Sector 102 Gurgaon,28.4754872,76.9711747,589.0,2,2.0,,5,Semifurnished,Apartment,10700000.0,Gurgaon,Q70926836
South City 1,28.4188433,77.0440293,2160.0,4,4.0,,6,Semifurnished,Independent/Builder Floor,28000000.0,Gurgaon,Z70888442
South City 1,28.4188433,77.0440293,1620.0,3,3.0,,6,Semifurnished,Independent/Builder Floor,17500000.0,Gurgaon,P70888404
Dlf Phase 2,28.483901,77.0846097,3060.0,4,4.0,,6,Semifurnished,Independent/Builder Floor,38000000.0,Gurgaon,C70838656
Dlf Phase 2,28.483901,77.0846097,2100.0,4,4.0,,3,Semifurnished,Apartment,34000000.0,Gurgaon,J70798460
Dlf Phase 2,28.483901,77.0846097,1700.0,4,4.0,,3,Semifurnished,Independent House/Villa,23000000.0,Gurgaon,Y70798228
Dlf Phase 2,28.483901,77.0846097,1548.0,3,3.0,,1,Semifurnished,Independent/Builder Floor,24900000.0,Gurgaon,D70707202
Dlf Phase 2,28.483901,77.0846097,2160.0,4,4.0,,1,Semifurnished,Independent/Builder Floor,39700000.0,Gurgaon,L70706316
Sector 111 Gurgaon,28.5222773,77.0336203,1650.0,4,5.0,,1,Semifurnished,Apartment,38500000.0,Gurgaon,J61071112
Sector 104 Gurgaon,28.4795324,76.9937197,1650.0,2,2.0,,1,Semifurnished,Apartment,14500000.0,Gurgaon,N66337940
Sector 103 Gurgaon,28.493087,76.9866453,359.62,1,1.0,,1,Semifurnished,Apartment,2825000.0,Gurgaon,L71783368
Sector 103 Gurgaon,28.493087,76.9866453,361.88,1,1.0,,1,Semifurnished,Apartment,2850000.0,Gurgaon,V71783260
Sector 103 Gurgaon,28.493087,76.9866453,360.0,1,2.0,,6,Semifurnished,Apartment,2900000.0,Gurgaon,E71783164
Nirvana Country,28.4150509,77.0642955,2969.0,4,4.0,,2,Semifurnished,Apartment,41500000.0,Gurgaon,L71681728
Nirvana Country,28.4150509,77.0642955,2350.0,3,4.0,,2,Semifurnished,Apartment,33300000.0,Gurgaon,K71681412
Sector 103 Gurgaon,28.493087,76.9866453,419.0,1,1.0,,1,Semifurnished,Apartment,3300000.0,Gurgaon,F71270598
Sector 103 Gurgaon,28.493087,76.9866453,745.0,3,3.0,,1,Semifurnished,Apartment,6100000.0,Gurgaon,Q71270540
Sector 103 Gurgaon,28.493087,76.9866453,745.0,3,3.0,,1,Semifurnished,Apartment,6000000.0,Gurgaon,N71270472
Sector 109 Gurgaon,28.5109205,77.0065956,1650.0,3,4.0,,1,Semifurnished,Apartment,20500000.0,Gurgaon,F71266058
Sector 103 Gurgaon,28.493087,76.9866453,645.0,3,3.0,,1,Semifurnished,Apartment,5900000.0,Gurgaon,E71212952
Sector 103 Gurgaon,28.493087,76.9866453,605.09,2,2.0,,1,Semifurnished,Apartment,4800000.0,Gurgaon,Q71212620
Sector 103 Gurgaon,28.493087,76.9866453,605.09,2,2.0,,1,Semifurnished,Apartment,4900000.0,Gurgaon,F71212464
Sector 103 Gurgaon,28.493087,76.9866453,419.25,1,2.0,,1,Semifurnished,Apartment,3250000.0,Gurgaon,M71211698
Sector 103 Gurgaon,28.493087,76.9866453,351.0,1,1.0,,1,Semifurnished,Apartment,2650000.0,Gurgaon,H71170018
Sector 103 Gurgaon,28.493087,76.9866453,360.0,1,1.0,,1,Semifurnished,Apartment,2800000.0,Gurgaon,J71167652
Sector 103 Gurgaon,28.493087,76.9866453,1650.0,3,3.0,,1,Semifurnished,Apartment,6000000.0,Gurgaon,I71167882
Nirvana Country,28.4150509,77.0642955,1750.0,3,3.0,,2,Semifurnished,Apartment,24000000.0,Gurgaon,I71125310
Sector 103 Gurgaon,28.493087,76.9866453,419.0,1,2.0,,1,Semifurnished,Apartment,3300000.0,Gurgaon,Z71024122
Sector 103 Gurgaon,28.493087,76.9866453,419.25,1,1.0,,1,Semifurnished,Apartment,3400000.0,Gurgaon,G71018684
Sector 103 Gurgaon,28.493087,76.9866453,419.25,1,1.0,,1,Semifurnished,Apartment,3300000.0,Gurgaon,E71017456
Sohna,28.3241636,77.0848644,730.0,2,2.0,,6,Unknown,Apartment,5700002.0,Gurgaon,F53833096
Sohna,28.3241636,77.0848644,700.0,2,1.0,,5,Semifurnished,Apartment,3280000.0,Gurgaon,L49817702
Sohna,28.3241636,77.0848644,730.0,2,2.0,,6,Unknown,Apartment,5700001.0,Gurgaon,Q53833084
Sector-33 Sohna,28.3241636,77.0848644,1650.0,4,5.0,,5,Semifurnished,Apartment,9300000.0,Gurgaon,H27583685
Sector 36 Sohna,28.4160012,77.1085564,820.0,2,2.0,,5,Semifurnished,Apartment,4250000.0,Gurgaon,P51169712
Sector 36 Sohna,28.4160012,77.1085564,950.0,3,2.0,,5,Semifurnished,Apartment,4851000.0,Gurgaon,D51169472
Sector-33 Sohna,28.3241636,77.0848644,1650.0,3,3.0,,5,Semifurnished,Apartment,6100000.0,Gurgaon,H27583595
Sector-33 Sohna,28.3241636,77.0848644,1650.0,4,5.0,,5,Semifurnished,Apartment,9200000.0,Gurgaon,T27632777
Sohna,28.3241636,77.0848644,1120.0,3,2.0,,5,Unfurnished,Independent/Builder Floor,6250000.0,Gurgaon,S63255034
Sector-33 Sohna,28.3241636,77.0848644,1650.0,3,3.0,,5,Semifurnished,Apartment,6100000.0,Gurgaon,Y27223503
Sohna,28.3241636,77.0848644,1020.0,2,2.0,,0,Semifurnished,Apartment,5500000.0,Gurgaon,S63255214
Sector-2 Sohna,28.3241636,77.0848644,1650.0,2,2.0,,5,Semifurnished,Apartment,4500000.0,Gurgaon,I26243009
Sector-33 Sohna,28.3241636,77.0848644,1650.0,2,2.0,,5,Semifurnished,Independent/Builder Floor,5500000.0,Gurgaon,Q27633239
Sohna,28.3241636,77.0848644,1100.0,2,2.0,,5,Semifurnished,Apartment,4600000.0,Gurgaon,O28048116
Sohna,28.3241636,77.0848644,750.0,1,1.0,,5,Unknown,Apartment,4400000.0,Gurgaon,B28047966
Sohna,28.3241636,77.0848644,700.0,2,1.0,,5,Semifurnished,Apartment,3200000.0,Gurgaon,E49152667
Sohna,28.3241636,77.0848644,1100.0,3,2.0,,5,Semifurnished,Apartment,5100000.0,Gurgaon,C45036235
Sohna,28.3241636,77.0848644,680.0,2,1.0,,5,Semifurnished,Apartment,3300000.0,Gurgaon,K45090569
Sohna,28.3241636,77.0848644,690.0,2,1.0,,5,Semifurnished,Apartment,3200000.0,Gurgaon,B47380849
Sohna,28.3241636,77.0848644,1650.0,3,2.0,,6,Semifurnished,Apartment,4500000.0,Gurgaon,Y45015979
Sector-33 Sohna,28.3241636,77.0848644,1650.0,2,2.0,,5,Unfurnished,Apartment,5100000.0,Gurgaon,D27712809
Sohna,28.3241636,77.0848644,1650.0,3,2.0,,6,Semifurnished,Apartment,5300000.0,Gurgaon,I44922159
Sohna,28.3241636,77.0848644,690.0,2,1.0,,5,Semifurnished,Apartment,3300000.0,Gurgaon,X46318171
Sector 82 Gurgaon,28.3932827,76.9545277,1150.0,2,2.0,,5,Semifurnished,Apartment,4500000.0,Gurgaon,Q46420319
Sector 74 Gurgaon,28.4110081,77.0101209,1650.0,2,2.0,,6,Semifurnished,Apartment,16500000.0,Gurgaon,I71794906
Sector 65 Gurgaon,28.4030162,77.0695893,1650.0,4,6.0,,1,Unknown,Apartment,125000000.0,Gurgaon,J71793646
Sector 93 Gurgaon,28.4156048,76.931638,1526.0,3,3.0,,5,Semifurnished,Apartment,13300000.0,Gurgaon,S71759206
Sector 59 Gurgaon,28.4030162,77.1066682,1200.0,3,3.0,,5,Unknown,Apartment,37500000.0,Gurgaon,J71758206
Sector 93 Gurgaon,28.4156048,76.931638,1200.0,3,3.0,,5,Unknown,Apartment,15500000.0,Gurgaon,C71757896
Sector 106 Gurgaon,28.5060806,76.9967796,1130.0,3,4.0,,1,Semifurnished,Apartment,14600000.0,Gurgaon,H71754840
Sector 93 Gurgaon,28.4156048,76.931638,1200.0,3,4.0,,5,Unfurnished,Apartment,15000000.0,Gurgaon,N71741942
Sector 110 Gurgaon,28.5069625,77.018321,3700.0,5,5.0,,1,Semifurnished,Apartment,45000000.0,Gurgaon,U71735736
Sector 110 Gurgaon,28.5069625,77.018321,3250.0,4,4.0,,1,Semifurnished,Apartment,38500000.0,Gurgaon,Q71735708
Sector 110 Gurgaon,28.5069625,77.018321,3700.0,5,5.0,,1,Semifurnished,Apartment,44600000.0,Gurgaon,A71638080
Sector 102 Gurgaon,28.4754872,76.9711747,1900.0,3,3.0,,1,Semifurnished,Apartment,19000000.0,Gurgaon,L71629282
Sector 92 Gurgaon,28.4089049,76.9155232,1400.0,3,3.0,,6,Semifurnished,Independent/Builder Floor,14500000.0,Gurgaon,S71557824
Sector 92 Gurgaon,28.4089049,76.9155232,2200.0,4,4.0,,6,Semifurnished,Independent/Builder Floor,24500000.0,Gurgaon,G71557776
Sector 92 Gurgaon,28.4089049,76.9155232,3100.0,4,4.0,,6,Semifurnished,Independent/Builder Floor,29450000.0,Gurgaon,Q71555388
Sector 76 Gurgaon,28.3910112,76.9900243,1650.0,3,3.0,,5,Semifurnished,Apartment,19800000.0,Gurgaon,L71554666
Dlf Phase 2,28.483901,77.0846097,1500.0,4,4.0,,5,Semifurnished,Independent/Builder Floor,45000000.0,Gurgaon,A71420112
Sector 81 Gurgaon,28.3873647,76.9475835,2100.0,3,3.0,,1,Semifurnished,Apartment,27500000.0,Gurgaon,P71268534
Dlf Phase 3,28.4919048,77.0937804,2244.0,4,4.0,,6,Unfurnished,Independent/Builder Floor,33000000.0,Gurgaon,F71183902
Sector 92 Gurgaon,28.4089049,76.9155232,2800.0,4,4.0,,6,Semifurnished,Independent/Builder Floor,28800000.0,Gurgaon,D71182764
Sector 92 Gurgaon,28.4089049,76.9155232,2100.0,4,4.0,,6,Semifurnished,Independent/Builder Floor,18800000.0,Gurgaon,X71182674
Sector 92 Gurgaon,28.4089049,76.9155232,1400.0,4,4.0,,6,Semifurnished,Independent/Builder Floor,16500000.0,Gurgaon,W71182548
Sector 92 Gurgaon,28.4089049,76.9155232,1300.0,4,4.0,,6,Semifurnished,Independent/Builder Floor,15500000.0,Gurgaon,L71182314
Sector 92 Gurgaon,28.4089049,76.9155232,1800.00000000018,3,3.0,,6,Semifurnished,Independent/Builder Floor,14000000.0,Gurgaon,P71181812
Sector 92 Gurgaon,28.4089049,76.9155232,2200.0,4,4.0,,6,Semifurnished,Apartment,19000000.0,Gurgaon,U71150918
Sector 102 Gurgaon,28.4754872,76.9711747,1022.58,3,3.0,,1,Unknown,Apartment,15000000.0,Gurgaon,T71802048
Sector 102 Gurgaon,28.4754872,76.9711747,1022.58,3,3.0,,1,Semifurnished,Apartment,15500000.0,Gurgaon,Y71801806
Sector 103 Gurgaon,28.493087,76.9866453,1450.0,3,2.0,,1,Semifurnished,Apartment,11000000.0,Gurgaon,P71801684
Sector 103 Gurgaon,28.493087,76.9866453,1000.0,2,2.0,,1,Semifurnished,Apartment,7500000.0,Gurgaon,H71801560
Sector 103 Gurgaon,28.493087,76.9866453,850.0,2,2.0,,1,Semifurnished,Apartment,5000000.0,Gurgaon,I71801344
Sector 103 Gurgaon,28.493087,76.9866453,1650.0,3,4.0,,1,Semifurnished,Apartment,11100000.0,Gurgaon,M71801088
Sector 103 Gurgaon,28.493087,76.9866453,1650.0,3,4.0,,1,Semifurnished,Apartment,11000000.0,Gurgaon,F71800890
Sector 109 Gurgaon,28.5109205,77.0065956,1650.0,3,4.0,,1,Semifurnished,Apartment,22000000.0,Gurgaon,W71800124
Sector 109 Gurgaon,28.5109205,77.0065956,1150.0,3,3.0,,1,Semifurnished,Apartment,17500000.0,Gurgaon,B71799658
Sector 104 Gurgaon,28.4795324,76.9937197,1150.0,2,2.0,,1,Semifurnished,Apartment,15500000.0,Gurgaon,H71799298
Sector 104 Gurgaon,28.4795324,76.9937197,1450.0,2,3.0,,1,Semifurnished,Apartment,17000000.0,Gurgaon,S71799058
Sector 103 Gurgaon,28.493087,76.9866453,1050.0,2,2.0,,1,Semifurnished,Apartment,10800000.0,Gurgaon,A71798794
Sector 103 Gurgaon,28.493087,76.9866453,1050.0,2,2.0,,1,Semifurnished,Apartment,11500000.0,Gurgaon,K71798482
Sector 102 Gurgaon,28.4754872,76.9711747,1255.73,3,4.0,,1,Semifurnished,Apartment,18200000.0,Gurgaon,G71790656
Sector 102 Gurgaon,28.4754872,76.9711747,1255.73,3,4.0,,1,Semifurnished,Apartment,18400000.0,Gurgaon,Y71790562
Sector 102 Gurgaon,28.4754872,76.9711747,1255.73,3,4.0,,1,Semifurnished,Apartment,18000000.0,Gurgaon,D71785044
C Block Sushant Lok Phase 1,28.4545693,77.0826249,3600.00000000036,4,5.0,,6,Semifurnished,Independent/Builder Floor,46000000.0,Gurgaon,N71764730
Dlf Phase 5,28.503445,77.0952048,1750.0,4,4.0,,2,Semifurnished,Apartment,26000000.0,Gurgaon,H69952338
Dlf Phase 4,28.4919048,77.0937804,1430.0,3,3.0,,2,Semifurnished,Apartment,18000000.0,Gurgaon,O69572682
Sector 103 Gurgaon,28.493087,76.9866453,1100.0,2,3.0,,1,Semifurnished,Apartment,7500000.0,Gurgaon,P71374624
Sector 49 Gurgaon,28.4127374,77.0555164,1750.0,3,3.0,,2,Semifurnished,Apartment,22500000.0,Gurgaon,R71204698
Sector 62 Gurgaon,28.407697,77.0823781,1650.0,4,5.0,,5,Unfurnished,Apartment,84900000.0,Gurgaon,U70948818
Sector 62 Gurgaon,28.407697,77.0823781,1650.0,4,5.0,,5,Unfurnished,Apartment,63300000.0,Gurgaon,P70948660
Sector 89 Gurgaon,28.4184455,76.9457567,1650.0,3,3.0,,5,Semifurnished,Apartment,12900000.0,Gurgaon,S70514744
Sector 89 Gurgaon,28.4184455,76.9457567,1650.0,3,3.0,,5,Semifurnished,Apartment,13000000.0,Gurgaon,D70514652
Sector 47 Gurgaon,28.4268461,77.0584252,1650.0,4,6.0,,3,Semifurnished,Apartment,65000000.0,Gurgaon,T57980776
Sector 113 Gurgaon,28.5286649,77.0250282,1650.0,3,4.0,,6,Semifurnished,Apartment,34900000.0,Gurgaon,T68953412
Sector 113 Gurgaon,28.5286649,77.0250282,1650.0,3,4.0,,6,Semifurnished,Apartment,34900000.0,Gurgaon,L68953354
Sector 113 Gurgaon,28.5286649,77.0250282,1650.0,3,4.0,,6,Semifurnished,Apartment,28899999.0,Gurgaon,C68953306
Sector 113 Gurgaon,28.5286649,77.0250282,1650.0,3,4.0,,6,Semifurnished,Apartment,28800000.0,Gurgaon,G68953010
Sector 111 Gurgaon,28.5222773,77.0336203,1650.0,4,4.0,,5,Unfurnished,Apartment,38100000.0,Gurgaon,F67956800
Sector 111 Gurgaon,28.5222773,77.0336203,1650.0,4,4.0,,5,Unfurnished,Apartment,36500000.0,Gurgaon,I67956698
Sector 111 Gurgaon,28.5222773,77.0336203,1650.0,4,4.0,,5,Unfurnished,Apartment,36700000.0,Gurgaon,Y67956580
Sector 111 Gurgaon,28.5222773,77.0336203,1650.0,4,4.0,,5,Unfurnished,Apartment,34100000.0,Gurgaon,V67956428
Sector 111 Gurgaon,28.5222773,77.0336203,1650.0,4,4.0,,5,Unfurnished,Apartment,34300000.0,Gurgaon,P67956308
Sector 111 Gurgaon,28.5222773,77.0336203,1650.0,4,4.0,,5,Unfurnished,Apartment,32800000.0,Gurgaon,G67956192
Sector 111 Gurgaon,28.5222773,77.0336203,1650.0,3,3.0,,5,Unfurnished,Apartment,31000000.0,Gurgaon,H67955856
Sector 111 Gurgaon,28.5222773,77.0336203,1650.0,3,3.0,,5,Unfurnished,Apartment,29700000.0,Gurgaon,Q67955236
Sector 111 Gurgaon,28.5222773,77.0336203,1650.0,3,3.0,,5,Unfurnished,Apartment,27000000.0,Gurgaon,T67954748
Sector 111 Gurgaon,28.5222773,77.0336203,1650.0,3,3.0,,5,Unfurnished,Apartment,26000000.0,Gurgaon,I67954484
Sector 111 Gurgaon,28.5222773,77.0336203,1650.0,3,3.0,,5,Unfurnished,Apartment,23700000.0,Gurgaon,Y67953720
Sector 111 Gurgaon,28.5222773,77.0336203,1650.0,3,3.0,,5,Unfurnished,Apartment,23800000.0,Gurgaon,P67953074
Sector 111 Gurgaon,28.5222773,77.0336203,1650.0,3,3.0,,5,Unfurnished,Apartment,23000000.0,Gurgaon,J67952976
Sector 112 Gurgaon,28.5203402,77.0188612,1650.0,5,6.0,,1,Semifurnished,Apartment,85000000.0,Gurgaon,I65307272
Sector 112 Gurgaon,28.5203402,77.0188612,1650.0,5,6.0,,1,Semifurnished,Apartment,77400000.0,Gurgaon,V65307084
Sector 112 Gurgaon,28.5203402,77.0188612,1650.0,4,6.0,,1,Semifurnished,Apartment,65800000.0,Gurgaon,Q65306748
Sector 112 Gurgaon,28.5203402,77.0188612,1650.0,3,5.0,,1,Semifurnished,Apartment,49300000.0,Gurgaon,L65306554
Sector 112 Gurgaon,28.5203402,77.0188612,1650.0,3,5.0,,1,Semifurnished,Apartment,51500000.0,Gurgaon,V65301914
Sector 108 Gurgaon,28.5128994,76.9823615,1650.0,5,7.0,,1,Semifurnished,Apartment,36000000.0,Gurgaon,D64944696
Sector 102 Gurgaon,28.4754872,76.9711747,2020.0,4,5.0,,6,Unfurnished,Apartment,35000000.0,Gurgaon,Y50490750
Sector 102 Gurgaon,28.4754872,76.9711747,1650.0,4,5.0,,6,Semifurnished,Apartment,42800000.0,Gurgaon,N48583883
Sector 113 Gurgaon,28.5286649,77.0250282,904.01,2,2.0,,6,Semifurnished,Apartment,19550000.0,Gurgaon,B65394732
Sector 113 Gurgaon,28.5286649,77.0250282,904.01,2,2.0,,6,Semifurnished,Apartment,19510000.0,Gurgaon,Z65394830
Sector 113 Gurgaon,28.5286649,77.0250282,795.0,2,2.0,,6,Semifurnished,Apartment,16000000.0,Gurgaon,G65391482
Sector 113 Gurgaon,28.5286649,77.0250282,795.0,2,2.0,,6,Semifurnished,Apartment,15800000.0,Gurgaon,E65391654
Sector 113 Gurgaon,28.5286649,77.0250282,810.0,2,2.0,,6,Semifurnished,Apartment,16599000.0,Gurgaon,Z65394578
Sector 113 Gurgaon,28.5286649,77.0250282,904.01,2,2.0,,6,Unknown,Apartment,19499000.0,Gurgaon,G65394944
Sector 113 Gurgaon,28.5286649,77.0250282,810.0,2,2.0,,6,Semifurnished,Apartment,16600000.0,Gurgaon,G65392160
Sector 113 Gurgaon,28.5286649,77.0250282,795.0,2,2.0,,6,Semifurnished,Apartment,15899000.0,Gurgaon,O65391578
Sector 113 Gurgaon,28.5286649,77.0250282,795.0,2,2.0,,6,Semifurnished,Apartment,15899999.0,Gurgaon,I65391338
Sector 113 Gurgaon,28.5286649,77.0250282,951.43,3,2.0,,6,Semifurnished,Apartment,19600000.0,Gurgaon,W65400666
Sector 113 Gurgaon,28.5286649,77.0250282,904.01,2,2.0,,6,Semifurnished,Apartment,19499999.0,Gurgaon,N65394896
Sector 113 Gurgaon,28.5286649,77.0250282,1650.0,2,2.0,,6,Semifurnished,Apartment,19600000.0,Gurgaon,M63416816
Sector 113 Gurgaon,28.5286649,77.0250282,1650.0,3,3.0,,6,Semifurnished,Apartment,19700000.0,Gurgaon,F63415712
Sector 113 Gurgaon,28.5286649,77.0250282,1650.0,2,2.0,,6,Semifurnished,Apartment,15900000.0,Gurgaon,C63416622
Sector 113 Gurgaon,28.5286649,77.0250282,1650.0,2,2.0,,6,Semifurnished,Apartment,16600000.0,Gurgaon,X63416688
Sector 112 Gurgaon,28.5203402,77.0188612,1650.0,4,5.0,,1,Semifurnished,Apartment,84200000.0,Gurgaon,B65316006
Sector 113 Gurgaon,28.5286649,77.0250282,810.0,2,2.0,,6,Semifurnished,Apartment,16499000.0,Gurgaon,J65394522
Sector 113 Gurgaon,28.5286649,77.0250282,951.43,3,2.0,,6,Semifurnished,Apartment,19699001.0,Gurgaon,C65400374
Sector 113 Gurgaon,28.5286649,77.0250282,951.43,3,2.0,,6,Semifurnished,Apartment,19699000.0,Gurgaon,M65400294
Sector 112 Gurgaon,28.5203402,77.0188612,1650.0,5,6.0,,1,Semifurnished,Apartment,106400000.0,Gurgaon,G65316122
Sector 112 Gurgaon,28.5203402,77.0188612,1650.0,5,6.0,,1,Semifurnished,Apartment,85000000.0,Gurgaon,G65305308
Sector 112 Gurgaon,28.5203402,77.0188612,1650.0,5,6.0,,1,Unfurnished,Apartment,77500000.0,Gurgaon,G65304966
Sector 113 Gurgaon,28.5286649,77.0250282,1650.0,4,4.0,,5,Semifurnished,Apartment,33600000.0,Gurgaon,J65294430
Sector 113 Gurgaon,28.5286649,77.0250282,1650.0,4,4.0,,5,Semifurnished,Apartment,30500000.0,Gurgaon,X65294260
Sector 113 Gurgaon,28.5286649,77.0250282,1650.0,4,4.0,,5,Semifurnished,Apartment,33400000.0,Gurgaon,E65293180
Sector 109 Gurgaon,28.5109205,77.0065956,1650.0,5,6.0,,1,Semifurnished,Apartment,49300000.0,Gurgaon,B64942672
Sector 111 Gurgaon,28.5222773,77.0336203,3150.0,4,6.0,,6,Semifurnished,Apartment,64000000.0,Gurgaon,J33976455
Sector 113 Gurgaon,28.5286649,77.0250282,1650.0,3,4.0,,5,Unfurnished,Apartment,26800000.0,Gurgaon,U66487140
Sector 113 Gurgaon,28.5286649,77.0250282,1650.0,3,3.0,,5,Unfurnished,Apartment,24500001.0,Gurgaon,Q66486948
Sector 113 Gurgaon,28.5286649,77.0250282,1650.0,2,2.0,,5,Unfurnished,Apartment,18300001.0,Gurgaon,U66486570
Sector 113 Gurgaon,28.5286649,77.0250282,1650.0,4,4.0,,5,Unfurnished,Apartment,34500000.0,Gurgaon,D66486344
Sector 113 Gurgaon,28.5286649,77.0250282,1650.0,3,4.0,,5,Unfurnished,Apartment,26800000.0,Gurgaon,S66486128
Sector 113 Gurgaon,28.5286649,77.0250282,1650.0,3,3.0,,5,Unfurnished,Apartment,24500000.0,Gurgaon,Y66485904
Sector 113 Gurgaon,28.5286649,77.0250282,1650.0,2,2.0,,5,Unfurnished,Apartment,18300000.0,Gurgaon,S66485666
Sector 112 Gurgaon,28.5203402,77.0188612,1650.0,5,7.0,,1,Semifurnished,Apartment,106400000.0,Gurgaon,U64946000
Sector 112 Gurgaon,28.5203402,77.0188612,1650.0,5,5.0,,1,Semifurnished,Apartment,85000000.0,Gurgaon,U65281864
Sector 109 Gurgaon,28.5109205,77.0065956,1650.0,4,6.0,,1,Semifurnished,Apartment,23000000.0,Gurgaon,F50933112
Sector 111 Gurgaon,28.5222773,77.0336203,1650.0,3,4.0,,1,Semifurnished,Apartment,34600000.0,Gurgaon,F63417796
Sector 111 Gurgaon,28.5222773,77.0336203,1650.0,3,3.0,,1,Semifurnished,Apartment,29500000.0,Gurgaon,G63417888
Sector 113 Gurgaon,28.5286649,77.0250282,1650.0,4,4.0,,5,Semifurnished,Apartment,30700000.0,Gurgaon,W65282092
Sector 113 Gurgaon,28.5286649,77.0250282,1650.0,4,4.0,,5,Semifurnished,Apartment,33500000.0,Gurgaon,Y65282206
Sector 113 Gurgaon,28.5286649,77.0250282,1300.0,2,2.0,,5,Semifurnished,Apartment,19600000.0,Gurgaon,E65282506
Sector 113 Gurgaon,28.5286649,77.0250282,1650.0,3,3.0,,5,Semifurnished,Apartment,24900000.0,Gurgaon,E65282370
Sector 113 Gurgaon,28.5286649,77.0250282,1650.0,2,2.0,,5,Semifurnished,Apartment,19500000.0,Gurgaon,N65283552
Sector 113 Gurgaon,28.5286649,77.0250282,1650.0,4,4.0,,5,Semifurnished,Apartment,30400000.0,Gurgaon,J65284022
Sector 113 Gurgaon,28.5286649,77.0250282,1650.0,3,3.0,,5,Semifurnished,Apartment,24900001.0,Gurgaon,O65283856
Sector 113 Gurgaon,28.5286649,77.0250282,1650.0,4,4.0,,5,Semifurnished,Apartment,33600000.0,Gurgaon,X65284382
Sector 113 Gurgaon,28.5286649,77.0250282,1650.0,2,2.0,,5,Semifurnished,Apartment,19600000.0,Gurgaon,Q65292698
Sector 54 Gurgaon,28.433569,77.1055815,1650.0,3,5.0,,1,Semifurnished,Apartment,111900000.0,Gurgaon,R63411290
Sector 54 Gurgaon,28.433569,77.1055815,1650.0,3,5.0,,1,Semifurnished,Apartment,85999999.0,Gurgaon,Z63411032
Sector 54 Gurgaon,28.433569,77.1055815,1650.0,5,7.0,,1,Semifurnished,Apartment,191900000.0,Gurgaon,E63411532
Sector 54 Gurgaon,28.433569,77.1055815,1650.0,4,6.0,,1,Semifurnished,Apartment,98900000.0,Gurgaon,T63411372
Sector 113 Gurgaon,28.5286649,77.0250282,1650.0,2,2.0,,5,Semifurnished,Apartment,19600000.0,Gurgaon,O63412624
Sector 113 Gurgaon,28.5286649,77.0250282,1650.0,4,4.0,,5,Semifurnished,Apartment,30500000.0,Gurgaon,D63413156
Sector 113 Gurgaon,28.5286649,77.0250282,1650.0,3,3.0,,5,Unknown,Apartment,24900000.0,Gurgaon,U63412954
Sector 113 Gurgaon,28.5286649,77.0250282,1650.0,4,4.0,,5,Semifurnished,Apartment,33700000.0,Gurgaon,T63413318
Sector 108 Gurgaon,28.5128994,76.9823615,1650.0,2,2.0,,5,Semifurnished,Apartment,24800000.0,Gurgaon,Y63414980
Sector 102 Gurgaon,28.4754872,76.9711747,1650.0,3,3.0,,5,Semifurnished,Apartment,21900000.0,Gurgaon,Y63414740
Sector 108 Gurgaon,28.5128994,76.9823615,1650.0,3,4.0,,5,Semifurnished,Apartment,37200000.0,Gurgaon,I63415140
Sector 108 Gurgaon,28.5128994,76.9823615,1650.0,3,3.0,,5,Semifurnished,Apartment,36000000.0,Gurgaon,G63415408
Sector 108 Gurgaon,28.5128994,76.9823615,1650.0,3,3.0,,5,Semifurnished,Apartment,30600000.0,Gurgaon,R63415258
Sector 108 Gurgaon,28.5128994,76.9823615,1650.0,4,4.0,,5,Semifurnished,Apartment,42100000.0,Gurgaon,Q63415514
Sector 84 Gurgaon,28.4035469,76.9677894,1650.0,4,4.0,,5,Semifurnished,Apartment,18500000.0,Gurgaon,X63416964
Sector 79 Gurgaon,28.4618719,77.05688,1650.0,3,3.0,,2,Semifurnished,Apartment,13800000.0,Gurgaon,M71611674
Sector-33 Sohna,28.3241636,77.0848644,1650.0,3,3.0,,6,Semifurnished,Apartment,22000000.0,Gurgaon,M71281328
Sector 48 Gurgaon,28.4104903,77.0394627,1650.0,3,3.0,,1,Semifurnished,Apartment,30000000.0,Gurgaon,O71280986
Sector 65 Gurgaon,28.4030162,77.0695893,3150.00000000031,4,3.0,,2,Semifurnished,Independent/Builder Floor,27000000.0,Gurgaon,Z71275082
Sector 63 Gurgaon,28.3964476,77.086498,1202.0,2,2.0,,2,Semifurnished,Apartment,11500000.0,Gurgaon,S71274906
Sector 48 Gurgaon,28.4104903,77.0394627,1650.0,3,3.0,,2,Semifurnished,Apartment,31500000.0,Gurgaon,K71233454
Sector 104 Gurgaon,28.4795324,76.9937197,2500.0,4,4.0,,5,Unknown,Apartment,37500000.0,Gurgaon,K71231834
Sector 22 Gurgaon,28.4947315,77.0691703,1150.0,2,2.0,,6,Semifurnished,Independent/Builder Floor,12500000.0,Gurgaon,I71183670
Sector 85 Gurgaon,28.3985762,76.9547447,1650.0,2,2.0,,2,Semifurnished,Apartment,6000000.0,Gurgaon,L71141672
Sector 71 Gurgaon,28.3950557,77.0314336,1650.0,3,3.0,,2,Semifurnished,Apartment,12000000.0,Gurgaon,H71140028
Sector 48 Gurgaon,28.4104903,77.0394627,1650.0,4,4.0,,2,Semifurnished,Apartment,27500000.0,Gurgaon,R71007710
Sector 90 Gurgaon,28.4069974,76.9365562,590.0,2,2.0,,6,Semifurnished,Apartment,4200000.0,Gurgaon,R71797006
Sector 71 Gurgaon,28.3950557,77.0314336,1100.0,3,3.0,,2,Semifurnished,Apartment,10000000.0,Gurgaon,K71790100
Sector 69 Gurgaon,28.3960701,77.0372311,1034.31,3,3.0,,5,Semifurnished,Apartment,17500000.0,Gurgaon,D71784480
Sector 85 Gurgaon,28.3985762,76.9547447,2599.0,4,4.0,,5,Semifurnished,Apartment,29500000.0,Gurgaon,F70751830
Sector 66 Gurgaon,28.3974292,77.0538823,1650.0,4,4.0,,2,Semifurnished,Apartment,65000000.0,Gurgaon,G70547934
Sector 90 Gurgaon,28.4069974,76.9365562,1610.0,2,2.0,,1,Unfurnished,Apartment,11400500.0,Gurgaon,R71773514
Sector 67A Gurgaon,28.4618719,77.05688,1000.0,2,2.0,,6,Semifurnished,Apartment,13500000.0,Gurgaon,B71772378
Sector 90 Gurgaon,28.4069974,76.9365562,1650.0,3,3.0,,1,Semifurnished,Apartment,15000000.0,Gurgaon,V70681170
Sector 62 Gurgaon,28.407697,77.0823781,1000.0,2,2.0,,6,Semifurnished,Apartment,25500000.0,Gurgaon,I71690792
Sector 81 Gurgaon,28.3873647,76.9475835,1180.0,3,3.0,,1,Semifurnished,Apartment,15000000.0,Gurgaon,D71683706
Sector 92 Gurgaon,28.4089049,76.9155232,2250.00000000022,4,4.0,,6,Semifurnished,Independent/Builder Floor,17000000.0,Gurgaon,I71679860
Sector 92 Gurgaon,28.4089049,76.9155232,1700.0,4,4.0,,6,Semifurnished,Independent/Builder Floor,18000000.0,Gurgaon,T71676672
Sector 83 Gurgaon,28.3963578,76.9654747,1650.0,3,3.0,,5,Semifurnished,Apartment,12000000.0,Gurgaon,P67815568
Sector 83 Gurgaon,28.3963578,76.9654747,1240.04,3,3.0,,1,Semifurnished,Apartment,17500000.0,Gurgaon,U60578610
Sector 92 Gurgaon,28.4089049,76.9155232,1990.0,3,4.0,,1,Unfurnished,Apartment,20000000.0,Gurgaon,D71646358
Sector 50 Gurgaon,28.4268461,77.0584252,2250.00000000022,3,3.0,,6,Semifurnished,Independent/Builder Floor,23000000.0,Gurgaon,W71619888
Sector 57 Gurgaon,28.4232478,77.0804487,1000.0,2,2.0,,3,Semifurnished,Independent/Builder Floor,10000000.0,Gurgaon,Q71599504
Sector 57 Gurgaon,28.4232478,77.0804487,1450.0,4,4.0,,6,Semifurnished,Independent/Builder Floor,28000000.0,Gurgaon,T71514950
Sector 92 Gurgaon,28.4089049,76.9155232,1650.0,2,2.0,,5,Semifurnished,Apartment,8200000.0,Gurgaon,F71502168
Sector 92 Gurgaon,28.4089049,76.9155232,1650.0,2,2.0,,5,Semifurnished,Apartment,7230000.0,Gurgaon,Z71502132
Sector 92 Gurgaon,28.4089049,76.9155232,2220.0,4,4.0,,6,Semifurnished,Independent/Builder Floor,16900001.0,Gurgaon,X71490300
Sector 99A Gurgaon,28.4554059,76.9510278,1650.0,3,5.0,,6,Semifurnished,Apartment,16000000.0,Gurgaon,N71488232
Sector 65 Gurgaon,28.4030162,77.0695893,1710.0,3,3.0,,1,Semifurnished,Apartment,52500000.0,Gurgaon,R70002488
Sector 90 Gurgaon,28.4069974,76.9365562,1250.0,3,3.0,,1,Semifurnished,Apartment,14000000.0,Gurgaon,B69966186
Sector 92 Gurgaon,28.4089049,76.9155232,1650.0,3,3.0,,1,Semifurnished,Apartment,19000000.0,Gurgaon,G68865322
Sector 62 Gurgaon,28.407697,77.0823781,3000.0,4,4.0,,1,Semifurnished,Apartment,71000000.0,Gurgaon,P71460596
Sector 90 Gurgaon,28.4069974,76.9365562,320.0,1,1.0,,6,Semifurnished,Apartment,2300000.0,Gurgaon,T71458184
Sector 90 Gurgaon,28.4069974,76.9365562,1650.0,4,4.0,,1,Semifurnished,Apartment,18000000.0,Gurgaon,E71453698
Sector 84 Gurgaon,28.4035469,76.9677894,1650.0,3,3.0,,1,Semifurnished,Apartment,11500000.0,Gurgaon,Y71453454
Sector 93 Gurgaon,28.4156048,76.931638,594.91,2,2.0,,1,Semifurnished,Apartment,4200000.0,Gurgaon,M71447788
Sector 85 Gurgaon,28.3985762,76.9547447,2000.0,4,4.0,,6,Semifurnished,Apartment,23500000.0,Gurgaon,P71436666
C Block Sushant Lok Phase 1,28.4545693,77.0826249,1400.0,3,3.0,,6,Semifurnished,Independent/Builder Floor,22500000.0,Gurgaon,N68954990
C Block Sushant Lok Phase 1,28.4545693,77.0826249,2400.0,4,4.0,,5,Unfurnished,Independent/Builder Floor,32500000.0,Gurgaon,V68955218
Dlf Phase 1,28.4765171,77.090194,1400.0,3,3.0,,6,Unfurnished,Independent/Builder Floor,26000000.0,Gurgaon,X68955794
Dlf Phase 1,28.4765171,77.090194,2400.0,4,4.0,,6,Unfurnished,Independent/Builder Floor,37500000.0,Gurgaon,L68956068
Dlf Phase 1,28.4765171,77.090194,3000.0,4,4.0,,6,Semifurnished,Independent/Builder Floor,55000000.0,Gurgaon,X67649362
Dlf Phase 1,28.4765171,77.090194,1400.0,3,3.0,,6,Semifurnished,Independent/Builder Floor,27500000.0,Gurgaon,V69625174
Dlf Phase 4,28.4919048,77.0937804,2500.0,4,4.0,,6,Semifurnished,Independent/Builder Floor,35000000.0,Gurgaon,D67650344
Dlf Phase 1,28.4765171,77.090194,1500.0,3,3.0,,6,Semifurnished,Independent/Builder Floor,35000000.0,Gurgaon,A69625282
Dlf Phase 2,28.483901,77.0846097,2100.0,4,4.0,,6,Semifurnished,Independent/Builder Floor,52500000.0,Gurgaon,C69625602
Sushant Lok Phase 1,28.4545693,77.0826249,1400.0,3,3.0,,6,Semifurnished,Independent/Builder Floor,22500000.0,Gurgaon,R69625920
Sushant Lok Phase 1,28.4545693,77.0826249,2300.0,4,4.0,,6,Semifurnished,Independent/Builder Floor,55000000.0,Gurgaon,A69665686
Sushant Lok Phase 1,28.4545693,77.0826249,2000.0,4,4.0,,6,Semifurnished,Independent/Builder Floor,37500000.0,Gurgaon,I69665536
Sushant Lok Phase 1,28.4545693,77.0826249,1400.0,3,3.0,,6,Semifurnished,Independent/Builder Floor,19800000.0,Gurgaon,L69630448
Dlf Phase 1,28.4765171,77.090194,2200.0,4,4.0,,6,Semifurnished,Independent/Builder Floor,46500000.0,Gurgaon,F69643082
Sushant Lok Phase 1,28.4545693,77.0826249,1450.0,3,4.0,,6,Semifurnished,Independent/Builder Floor,26500000.0,Gurgaon,R71433734
Sector 42 Gurgaon,28.4487856,77.0988212,10000.0,5,5.0,,2,Unfurnished,Apartment,380000000.0,Gurgaon,G66144342
Sector 90 Gurgaon,28.4069974,76.9365562,320.0,1,1.0,,6,Unfurnished,Apartment,2200000.0,Gurgaon,N71412160
Sector 79 Gurgaon,28.4618719,77.05688,2000.0,4,5.0,,6,Semifurnished,Apartment,25500000.0,Gurgaon,K71397342
Sector 79 Gurgaon,28.4618719,77.05688,1400.0,3,3.0,,6,Semifurnished,Apartment,16800000.0,Gurgaon,B71397308
Sector 79 Gurgaon,28.4618719,77.05688,1500.0,3,4.0,,6,Semifurnished,Apartment,18200000.0,Gurgaon,G71397278
Sector 56 Gurgaon,28.4252244,77.0992377,850.0,2,1.0,,3,Semifurnished,Apartment,10000000.0,Gurgaon,N71387274
Sector 56 Gurgaon,28.4252244,77.0992377,800.0,2,2.0,,2,Semifurnished,Apartment,7500000.0,Gurgaon,R71384080
Sector 90 Gurgaon,28.4069974,76.9365562,1650.0,3,3.0,,1,Semifurnished,Apartment,13500000.0,Gurgaon,Z71383906
Sector 82 Gurgaon,28.3932827,76.9545277,1650.0,2,2.0,,2,Semifurnished,Apartment,6400000.0,Gurgaon,L71383096
Sohna,28.3241636,77.0848644,1650.0,2,2.0,,6,Semifurnished,Apartment,11700000.0,Gurgaon,C71369176
Sector 52 Gurgaon,28.4368166,77.0795276,1575.0,3,3.0,,3,Semifurnished,Independent/Builder Floor,15000000.0,Gurgaon,B71345486
Sector 46 Gurgaon,28.4268461,77.0584252,1500.0,3,3.0,,6,Semifurnished,Independent/Builder Floor,17000000.0,Gurgaon,U62843894
Sector 57 Gurgaon,28.4232478,77.0804487,1300.0,3,3.0,,6,Semifurnished,Independent/Builder Floor,11500000.0,Gurgaon,Q64166354
Sector 79 Gurgaon,28.4618719,77.05688,863.91,3,3.0,,1,Semifurnished,Apartment,13100000.0,Gurgaon,O71336312
Sector 52 Gurgaon,28.4368166,77.0795276,1300.0,3,3.0,,2,Semifurnished,Independent/Builder Floor,11500000.0,Gurgaon,G71331276
Sector 55 Gurgaon,28.4274166,77.1097538,1650.0,3,3.0,,3,Semifurnished,Apartment,13000000.0,Gurgaon,A71331088
Sector 52 Gurgaon,28.4368166,77.0795276,1050.0,2,2.0,,3,Semifurnished,Independent/Builder Floor,7700000.0,Gurgaon,Z62797578
Sector 51 Gurgaon,28.4287011,77.0666877,1500.0,3,3.0,,6,Semifurnished,Independent/Builder Floor,17000000.0,Gurgaon,S62844054
Sector 90 Gurgaon,28.4069974,76.9365562,1650.0,3,3.0,,1,Semifurnished,Apartment,14500000.0,Gurgaon,O71328106
Sector 92 Gurgaon,28.4089049,76.9155232,2670.0,4,4.0,,5,Semifurnished,Independent/Builder Floor,18600050.0,Gurgaon,Z71327604
Sector 92 Gurgaon,28.4089049,76.9155232,1600.0,3,2.0,,5,Semifurnished,Independent/Builder Floor,10500000.0,Gurgaon,R71316376
Sector 92 Gurgaon,28.4089049,76.9155232,1600.0,3,2.0,,5,Semifurnished,Independent/Builder Floor,10000000.0,Gurgaon,M71316312
Sector 91 Gurgaon,28.4007588,76.9210802,2100.0,4,4.0,,6,Unfurnished,Independent/Builder Floor,16395000.0,Gurgaon,L71314034
Sector 92 Gurgaon,28.4089049,76.9155232,2650.0,4,4.0,,6,Unfurnished,Independent/Builder Floor,19920000.0,Gurgaon,N71312308
Sector 92 Gurgaon,28.4089049,76.9155232,2100.0,4,4.0,,6,Semifurnished,Independent/Builder Floor,16499200.0,Gurgaon,H71312216
Sector 84 Gurgaon,28.4035469,76.9677894,1650.0,4,4.0,,1,Semifurnished,Apartment,26500000.0,Gurgaon,A71239286
Sector 95A Gurgaon,28.4690266,76.9962811,569.0,2,2.0,,1,Semifurnished,Apartment,3900000.0,Gurgaon,Z71232310
Sector 77 Gurgaon,28.3832337,76.982557,1702.0,4,4.0,,1,Unfurnished,Apartment,16000000.0,Gurgaon,M57122686
Sector 83 Gurgaon,28.3963578,76.9654747,1650.0,2,2.0,,6,Semifurnished,Independent/Builder Floor,5800000.0,Gurgaon,V45692155
Sector 85 Gurgaon,28.3985762,76.9547447,1650.0,4,5.0,,6,Semifurnished,Apartment,20000000.0,Gurgaon,X64860132
Sector 86 Gurgaon,28.3981205,76.9411257,625.0,2,2.0,,1,Semifurnished,Apartment,4000000.0,Gurgaon,U68778074
Sector 85 Gurgaon,28.3985762,76.9547447,1650.0,3,4.0,,6,Semifurnished,Apartment,16000000.0,Gurgaon,R64859886
Sector 77 Gurgaon,28.3832337,76.982557,1650.0,3,3.0,,1,Semifurnished,Apartment,16000000.0,Gurgaon,M69468866
Sector 83 Gurgaon,28.3963578,76.9654747,1650.0,3,3.0,,1,Unknown,Apartment,16500000.0,Gurgaon,M69734924
Sector 89 Gurgaon,28.4184455,76.9457567,1650.0,2,2.0,,5,Semifurnished,Apartment,9000000.0,Gurgaon,C69736696
Sector 85 Gurgaon,28.3985762,76.9547447,1263.25307040676,2,2.0,,5,Semifurnished,Apartment,11500000.0,Gurgaon,A69736922
Sector 77 Gurgaon,28.3832337,76.982557,1177.0,3,4.0,,1,Semifurnished,Apartment,12500000.0,Gurgaon,U69994964
Sector 86 Gurgaon,28.3981205,76.9411257,1650.0,3,4.0,,1,Semifurnished,Apartment,20000000.0,Gurgaon,Q70115898
Sector 83 Gurgaon,28.3963578,76.9654747,1650.0,2,2.0,,1,Semifurnished,Apartment,10500000.0,Gurgaon,H71210368
Sector 48 Gurgaon,28.4104903,77.0394627,1700.0,3,3.0,,1,Semifurnished,Independent/Builder Floor,14500000.0,Gurgaon,C71007678
C Block Sushant Lok Phase 1,28.4545693,77.0826249,1935.0,3,3.0,,6,Semifurnished,Independent/Builder Floor,21000000.0,Gurgaon,G67542466
Sector 82 Gurgaon,28.3932827,76.9545277,1650.0,3,3.0,,1,Semifurnished,Apartment,12900000.0,Gurgaon,B49119853
Sector 82 Gurgaon,28.3932827,76.9545277,1650.0,3,3.0,,1,Semifurnished,Apartment,13500000.0,Gurgaon,O24958549
Sector 82 Gurgaon,28.3932827,76.9545277,1650.0,3,3.0,,1,Semifurnished,Apartment,11300000.0,Gurgaon,G24958467
Suncity,28.507814,77.0713577,1650.0,4,4.0,,1,Semifurnished,Independent/Builder Floor,35000000.0,Gurgaon,O68491744
Suncity,28.507814,77.0713577,1650.0,4,4.0,,6,Semifurnished,Independent/Builder Floor,31500000.0,Gurgaon,M68490330
Suncity,28.507814,77.0713577,1650.0,4,4.0,,6,Semifurnished,Independent/Builder Floor,37500000.0,Gurgaon,W68493296
Dlf Phase 1,28.4765171,77.090194,1650.0,5,5.0,,6,Semifurnished,Independent/Builder Floor,57500000.0,Gurgaon,B68495772
Sector 27 Gurgaon,28.4646566,77.0839505,1650.0,3,3.0,,6,Semifurnished,Independent/Builder Floor,20000000.0,Gurgaon,L68856160
Sector 42 Gurgaon,28.4487856,77.0988212,1650.0,3,3.0,,6,Semifurnished,Independent/Builder Floor,21500000.0,Gurgaon,V68856520
Dlf Phase 4,28.4919048,77.0937804,1650.0,3,3.0,,6,Semifurnished,Independent/Builder Floor,29000000.0,Gurgaon,W68857212
Dlf Phase 4,28.4919048,77.0937804,1650.0,4,4.0,,6,Semifurnished,Independent/Builder Floor,28000000.0,Gurgaon,B68858064
C Block Sushant Lok Phase 1,28.4545693,77.0826249,1650.0,3,4.0,,6,Semifurnished,Independent/Builder Floor,30000000.0,Gurgaon,J68858934
Sector 47 Gurgaon,28.4268461,77.0584252,1650.0,3,5.0,,2,Semifurnished,Apartment,42500000.0,Gurgaon,W69435002
Sushant Lok,28.4706634,77.0798127,1650.0,4,3.0,,3,Unfurnished,Apartment,32000000.0,Gurgaon,Y71134456
Sector 81 Gurgaon,28.3873647,76.9475835,1650.0,3,4.0,,1,Semifurnished,Apartment,24000005.0,Gurgaon,X55026680
Sector 82 Gurgaon,28.3932827,76.9545277,1650.0,3,3.0,,1,Semifurnished,Apartment,9000000.0,Gurgaon,B24932419
Sector 85 Gurgaon,28.3985762,76.9547447,1650.0,3,3.0,,5,Semifurnished,Apartment,21800000.0,Gurgaon,U71123862
Sector 85 Gurgaon,28.3985762,76.9547447,1650.0,2,2.0,,5,Semifurnished,Apartment,13000003.0,Gurgaon,L71123600
Sector 85 Gurgaon,28.3985762,76.9547447,1650.0,3,3.0,,5,Semifurnished,Apartment,17400000.0,Gurgaon,D71123142
Sector 62 Gurgaon,28.407697,77.0823781,2000.0,3,3.0,,6,Semifurnished,Apartment,41200000.0,Gurgaon,N71114014
Sector 91 Gurgaon,28.4007588,76.9210802,1650.0,4,4.0,,5,Semifurnished,Independent/Builder Floor,18000000.0,Gurgaon,H69985086
Sector 91 Gurgaon,28.4007588,76.9210802,1650.0,4,4.0,,5,Semifurnished,Independent/Builder Floor,23000000.0,Gurgaon,Z69985284
Sector 52 Gurgaon,28.4368166,77.0795276,2000.0,4,4.0,,6,Semifurnished,Independent/Builder Floor,30000000.0,Gurgaon,Q71064236
Sector 90 Gurgaon,28.4069974,76.9365562,1400.0,3,3.0,,1,Semifurnished,Apartment,13000000.0,Gurgaon,L68514284
Sector 45 Gurgaon,28.4449004,77.0663545,2500.0,6,6.0,,6,Unfurnished,Independent/Builder Floor,29500000.0,Gurgaon,T71059912
Sector-33 Sohna,28.3241636,77.0848644,1820.0,4,4.0,,6,Semifurnished,Apartment,26500000.0,Gurgaon,B71048774
Sector-33 Sohna,28.3241636,77.0848644,1450.0,3,3.0,,6,Semifurnished,Apartment,22200000.0,Gurgaon,B71048526
Sector-33 Sohna,28.3241636,77.0848644,1141.0,3,3.0,,6,Semifurnished,Apartment,17000000.0,Gurgaon,F71047942
Sector 92 Gurgaon,28.4089049,76.9155232,1776.0,3,3.0,,1,Semifurnished,Apartment,8500000.0,Gurgaon,Y71036246
Sector 56 Gurgaon,28.4252244,77.0992377,2150.0,4,4.0,,3,Semifurnished,Apartment,23000000.0,Gurgaon,N70916174
Sector 66 Gurgaon,28.3974292,77.0538823,2000.0,4,5.0,,1,Semifurnished,Apartment,33000000.0,Gurgaon,L71023858
Sector 85 Gurgaon,28.3985762,76.9547447,1650.0,2,2.0,,5,Semifurnished,Apartment,12000000.0,Gurgaon,D71023220
Sector 65 Gurgaon,28.4030162,77.0695893,1280.0,3,3.0,,1,Semifurnished,Independent/Builder Floor,23500000.0,Gurgaon,D71018762
Sector 65 Gurgaon,28.4030162,77.0695893,1280.0,3,3.0,,1,Semifurnished,Independent/Builder Floor,21000000.0,Gurgaon,Q71017246
Sushant Lok Phase 3,28.464228,77.076724,1500.0,5,5.0,,6,Semifurnished,Independent/Builder Floor,15500000.0,Gurgaon,R71007442
Sector 91 Gurgaon,28.4007588,76.9210802,2560.0,4,4.0,,5,Semifurnished,Independent/Builder Floor,23000000.0,Gurgaon,C70994864
Sector 90 Gurgaon,28.4069974,76.9365562,1650.0,3,3.0,,2,Semifurnished,Apartment,12500000.0,Gurgaon,Q70969876
Sector-33 Sohna,28.3241636,77.0848644,1411.0,3,3.0,,5,Semifurnished,Apartment,16000000.0,Gurgaon,L70972680
Sector-33 Sohna,28.3241636,77.0848644,987.0,2,2.0,,5,Semifurnished,Apartment,11200000.0,Gurgaon,L70972512
Sector-33 Sohna,28.3241636,77.0848644,930.0,2,2.0,,5,Semifurnished,Apartment,10000000.0,Gurgaon,J70972408
Sector-33 Sohna,28.3241636,77.0848644,1800.0,3,3.0,,6,Semifurnished,Apartment,21500000.0,Gurgaon,L70971028
Sector-33 Sohna,28.3241636,77.0848644,1400.0,3,3.0,,6,Semifurnished,Apartment,15000000.0,Gurgaon,W70970962
Sector 83 Gurgaon,28.3963578,76.9654747,1240.04,3,3.0,,1,Semifurnished,Apartment,18500000.0,Gurgaon,E70964362
Sector 68 Gurgaon,28.388897,77.0459859,1650.0,3,3.0,,6,Semifurnished,Apartment,8950000.0,Gurgaon,C64964978
Sector 92 Gurgaon,28.4089049,76.9155232,1650.0,3,3.0,,1,Semifurnished,Apartment,6800000.0,Gurgaon,R69745046
Sector 65 Gurgaon,28.4030162,77.0695893,1500.0,4,4.0,,1,Semifurnished,Independent/Builder Floor,22500000.0,Gurgaon,P70929068
Malibu Town,28.4234344,77.0468649,1400.0,3,3.0,,2,Unfurnished,Independent/Builder Floor,16500000.0,Gurgaon,U70901230
Sector 92 Gurgaon,28.4089049,76.9155232,1650.0,2,2.0,,6,Unknown,Apartment,4800056.0,Gurgaon,V70894082
Sector 83 Gurgaon,28.3963578,76.9654747,2430.82,5,7.0,,1,Semifurnished,Apartment,35000000.0,Gurgaon,X70894058
Sector 92 Gurgaon,28.4089049,76.9155232,1650.0,2,2.0,,6,Semifurnished,Apartment,4800000.0,Gurgaon,G70893872
Sector 92 Gurgaon,28.4089049,76.9155232,1650.0,3,3.0,,5,Semifurnished,Independent/Builder Floor,14500000.0,Gurgaon,F70879870
Sector 91 Gurgaon,28.4007588,76.9210802,1650.0,4,4.0,,5,Semifurnished,Independent/Builder Floor,18000000.0,Gurgaon,N70879094
Sector 91 Gurgaon,28.4007588,76.9210802,1650.0,4,4.0,,5,Semifurnished,Independent/Builder Floor,16000000.0,Gurgaon,F70878628
Sector 79 Gurgaon,28.4618719,77.05688,862.18,3,3.0,,1,Semifurnished,Apartment,14000000.0,Gurgaon,S70871806
Sector 86 Gurgaon,28.3981205,76.9411257,1550.0,3,3.0,,1,Semifurnished,Apartment,15500000.0,Gurgaon,Z70871466
Sector 62 Gurgaon,28.407697,77.0823781,1600.0,3,3.0,,5,Semifurnished,Apartment,36000000.0,Gurgaon,D70869996
Sector 91 Gurgaon,28.4007588,76.9210802,1650.0,4,4.0,,5,Semifurnished,Independent/Builder Floor,23000000.0,Gurgaon,A70857638
Sector 90 Gurgaon,28.4069974,76.9365562,1650.0,4,4.0,,1,Semifurnished,Apartment,20000000.0,Gurgaon,H70828400
Sector 90 Gurgaon,28.4069974,76.9365562,1650.0,3,3.0,,1,Semifurnished,Apartment,14500000.0,Gurgaon,P70818104
Sector 90 Gurgaon,28.4069974,76.9365562,1650.0,3,3.0,,2,Semifurnished,Apartment,13000000.0,Gurgaon,Y70801138
Sector 62 Gurgaon,28.407697,77.0823781,2000.0,3,3.0,,6,Semifurnished,Apartment,42000000.0,Gurgaon,B69426450
Sector 93 Gurgaon,28.4156048,76.931638,1803.0,3,4.0,,6,Semifurnished,Apartment,10100000.0,Gurgaon,T70788876
Sector 92 Gurgaon,28.4089049,76.9155232,1650.0,3,3.0,,2,Semifurnished,Apartment,6600006.0,Gurgaon,H70744896
Sector 92 Gurgaon,28.4089049,76.9155232,1650.0,3,3.0,,2,Unfurnished,Apartment,7500000.0,Gurgaon,T70724178
Sohna,28.3241636,77.0848644,629.0,2,2.0,,6,Semifurnished,Apartment,3520000.0,Gurgaon,Y70593666
Dlf Phase 5,28.503445,77.0952048,972.0,3,3.0,,3,Semifurnished,Apartment,20000000.0,Gurgaon,D70591520
Dlf Phase 5,28.503445,77.0952048,1650.0,3,3.0,,3,Semifurnished,Apartment,20000000.0,Gurgaon,X70591390
Dlf Phase 5,28.503445,77.0952048,1650.0,2,2.0,,3,Semifurnished,Apartment,15500000.0,Gurgaon,B70591254
Sohna Road,28.3999199,77.0451273,580.0,2,2.0,,1,Semifurnished,Apartment,2560000.0,Gurgaon,Y70573030
Sohna,28.3241636,77.0848644,481.73,2,2.0,,1,Semifurnished,Apartment,2430000.0,Gurgaon,F70568592
Sector 92 Gurgaon,28.4089049,76.9155232,1650.0,3,2.0,,5,Semifurnished,Apartment,8540000.0,Gurgaon,H70529362
Sector 92 Gurgaon,28.4089049,76.9155232,1650.0,3,2.0,,5,Semifurnished,Apartment,8430000.0,Gurgaon,E70529210
Sector 92 Gurgaon,28.4089049,76.9155232,1650.0,2,2.0,,5,Semifurnished,Apartment,7230000.0,Gurgaon,J70529074
Sector 92 Gurgaon,28.4089049,76.9155232,1650.0,3,2.0,,5,Semifurnished,Apartment,8245000.0,Gurgaon,C70528974
Sector 92 Gurgaon,28.4089049,76.9155232,1650.0,2,2.0,,5,Semifurnished,Apartment,7230000.0,Gurgaon,F70528878
Sector 84 Gurgaon,28.4035469,76.9677894,2800.0,4,4.0,,5,Semifurnished,Apartment,24000000.0,Gurgaon,Z64908310
Sector 81 Gurgaon,28.3873647,76.9475835,1180.0,3,3.0,,1,Semifurnished,Apartment,15150000.0,Gurgaon,C70208202
Sector 92 Gurgaon,28.4089049,76.9155232,1650.0,3,2.0,,5,Semifurnished,Apartment,8540000.0,Gurgaon,T70232512
Sector-33 Sohna,28.3241636,77.0848644,1650.0,2,2.0,,1,Semifurnished,Apartment,6800000.0,Gurgaon,Y70231234
Sector 54 Gurgaon,28.433569,77.1055815,1650.0,3,3.0,,2,Semifurnished,Apartment,55000000.0,Gurgaon,L69636918
Sector 92 Gurgaon,28.4089049,76.9155232,1650.0,3,2.0,,5,Semifurnished,Apartment,8670000.0,Gurgaon,B69127530
Sector 92 Gurgaon,28.4089049,76.9155232,1650.0,3,2.0,,5,Semifurnished,Apartment,8500000.0,Gurgaon,K69127374
Sector 92 Gurgaon,28.4089049,76.9155232,1840.0,3,4.0,,1,Semifurnished,Apartment,17000000.0,Gurgaon,K69031964
Sector 82 Gurgaon,28.3932827,76.9545277,1650.0,3,3.0,,1,Semifurnished,Apartment,11500000.0,Gurgaon,L41308701
Sector 82 Gurgaon,28.3932827,76.9545277,1650.0,5,6.0,,1,Semifurnished,Apartment,23500000.0,Gurgaon,H57651884
Sector 82 Gurgaon,28.3932827,76.9545277,1650.0,3,4.0,,6,Semifurnished,Apartment,9900000.0,Gurgaon,I37314081
Sector 82 Gurgaon,28.3932827,76.9545277,1650.0,3,4.0,,1,Semifurnished,Apartment,9700000.0,Gurgaon,M37314795
Sector 37D Gurgaon,28.4480039,76.9697682,1650.0,3,3.0,,5,Semifurnished,Apartment,8970000.0,Gurgaon,A68477436
Sector 92 Gurgaon,28.4089049,76.9155232,1650.0,3,2.0,,5,Semifurnished,Apartment,8320000.0,Gurgaon,Y68476992
Sector 92 Gurgaon,28.4089049,76.9155232,1650.0,3,2.0,,5,Semifurnished,Apartment,8230000.0,Gurgaon,T68476836
Sushant Lok Phase 1,28.4545693,77.0826249,4500.00000000045,4,4.0,,6,Semifurnished,Independent/Builder Floor,57500000.0,Gurgaon,W68449754
Sector 92 Gurgaon,28.4089049,76.9155232,1650.0,2,2.0,,5,Semifurnished,Apartment,5870000.0,Gurgaon,S68445856
Sector 92 Gurgaon,28.4089049,76.9155232,1650.0,3,2.0,,5,Semifurnished,Apartment,7560000.0,Gurgaon,J68445822
Sector 92 Gurgaon,28.4089049,76.9155232,1650.0,3,2.0,,5,Semifurnished,Apartment,7340000.0,Gurgaon,D68445754
Sector 92 Gurgaon,28.4089049,76.9155232,1650.0,3,2.0,,5,Semifurnished,Apartment,7230000.0,Gurgaon,G68445726
Sector 92 Gurgaon,28.4089049,76.9155232,1650.0,3,2.0,,5,Semifurnished,Apartment,7120000.0,Gurgaon,A68445710
Sector 92 Gurgaon,28.4089049,76.9155232,1650.0,2,2.0,,5,Semifurnished,Apartment,5840000.0,Gurgaon,M68445658
Sector 92 Gurgaon,28.4089049,76.9155232,1650.0,2,2.0,,5,Semifurnished,Apartment,5740000.0,Gurgaon,T68445624
Sector 82 Gurgaon,28.3932827,76.9545277,1650.0,4,6.0,,1,Unknown,Apartment,16500000.0,Gurgaon,J56165180
Sector 82 Gurgaon,28.3932827,76.9545277,1650.0,3,4.0,,1,Semifurnished,Apartment,10300000.0,Gurgaon,F37313997
Sector 82 Gurgaon,28.3932827,76.9545277,1650.0,3,4.0,,1,Semifurnished,Apartment,10100000.0,Gurgaon,K37314695
Dlf Phase 4,28.4919048,77.0937804,2430.00000000024,3,3.0,,6,Semifurnished,Independent/Builder Floor,29000000.0,Gurgaon,U67880112
Sushant Lok Phase 1,28.4545693,77.0826249,1935.00000000019,3,3.0,,6,Semifurnished,Independent/Builder Floor,24000000.0,Gurgaon,S64889972
Sushant Lok Phase 1,28.4545693,77.0826249,4500.00000000045,4,4.0,,6,Semifurnished,Independent/Builder Floor,50000000.0,Gurgaon,S67536196
Sushant Lok Phase 1,28.4545693,77.0826249,2700.00000000027,4,4.0,,6,Semifurnished,Independent/Builder Floor,36000000.0,Gurgaon,E67532694
Sushant Lok Phase 1,28.4545693,77.0826249,2700.00000000027,4,4.0,,6,Semifurnished,Independent/Builder Floor,37500000.0,Gurgaon,E67532584
Sushant Lok Phase 1,28.4545693,77.0826249,1935.00000000019,3,3.0,,6,Semifurnished,Independent/Builder Floor,23500000.0,Gurgaon,X67521654
Dlf Phase 2,28.483901,77.0846097,500.0,4,4.0,,6,Semifurnished,Independent/Builder Floor,52500000.0,Gurgaon,Q67517694
Sohna,28.3241636,77.0848644,1650.0,3,3.0,,5,Semifurnished,Apartment,10300000.0,Gurgaon,O67234078
Sohna,28.3241636,77.0848644,1650.0,3,3.0,,5,Semifurnished,Apartment,9540000.0,Gurgaon,D67233974
Sector-33 Sohna,28.3241636,77.0848644,1650.0,2,2.0,,6,Semifurnished,Apartment,6547000.0,Gurgaon,U67184418
Sector-33 Sohna,28.3241636,77.0848644,1650.0,2,2.0,,6,Semifurnished,Apartment,6346000.0,Gurgaon,P67184398
Sector-33 Sohna,28.3241636,77.0848644,1650.0,2,2.0,,6,Semifurnished,Apartment,6540000.0,Gurgaon,S67184370
Sector-33 Sohna,28.3241636,77.0848644,1650.0,2,2.0,,6,Semifurnished,Apartment,6450000.0,Gurgaon,T67184332
Sector 82 Gurgaon,28.3932827,76.9545277,1650.0,3,5.0,,1,Semifurnished,Apartment,11500000.0,Gurgaon,D37312697
Sector 82 Gurgaon,28.3932827,76.9545277,1650.0,4,5.0,,1,Unfurnished,Apartment,20000000.0,Gurgaon,M64339970
Sector 83 Gurgaon,28.3963578,76.9654747,1650.0,3,3.0,,1,Semifurnished,Apartment,7000000.0,Gurgaon,E41501703
Sector 83 Gurgaon,28.3963578,76.9654747,1650.0,3,3.0,,1,Semifurnished,Apartment,6800000.0,Gurgaon,E41502101
Sector 83 Gurgaon,28.3963578,76.9654747,1650.0,3,3.0,,1,Unfurnished,Apartment,6900000.0,Gurgaon,V41506591
Dlf Phase 3,28.4919048,77.0937804,6800.0,4,4.0,,3,Semifurnished,Apartment,134900000.0,Gurgaon,J71769650
Sector 59 Gurgaon,28.4030162,77.1066682,1650.0,3,3.0,,5,Semifurnished,Apartment,42861605.0,Gurgaon,S71761146
Sector 76 Gurgaon,28.3910112,76.9900243,1650.0,3,3.0,,5,Semifurnished,Independent/Builder Floor,17823000.0,Gurgaon,K71760724
Sector 50 Gurgaon,28.4268461,77.0584252,1650.0,3,2.0,,2,Semifurnished,Apartment,50000000.0,Gurgaon,L71756508
Sector 89 Gurgaon,28.4184455,76.9457567,1650.0,2,2.0,,5,Semifurnished,Independent/Builder Floor,9927000.0,Gurgaon,S71717890
Sector 81 Gurgaon,28.3873647,76.9475835,1650.0,4,4.0,,1,Semifurnished,Apartment,42500000.0,Gurgaon,U71717452
Sector 59 Gurgaon,28.4030162,77.1066682,1650.0,3,3.0,,1,Semifurnished,Apartment,48300000.0,Gurgaon,E68894868
Sector 61 Gurgaon,28.4110188,77.0963685,1650.0,3,3.0,,5,Semifurnished,Apartment,40000000.0,Gurgaon,M71716070
Sector 67 Gurgaon,28.3864052,77.0598046,1650.0,3,3.0,,3,Semifurnished,Independent/Builder Floor,11500000.0,Gurgaon,A71714238
Sector 89 Gurgaon,28.4184455,76.9457567,1650.0,3,3.0,,5,Semifurnished,Independent/Builder Floor,128070000.0,Gurgaon,V71713228
Sector 61 Gurgaon,28.4110188,77.0963685,1650.0,2,2.0,,5,Semifurnished,Independent/Builder Floor,16100000.0,Gurgaon,H71712488
Sector 59 Gurgaon,28.4030162,77.1066682,1650.0,3,3.0,,6,Semifurnished,Apartment,46500000.0,Gurgaon,M69389894
Sector 49 Gurgaon,28.4127374,77.0555164,2997.0,4,5.0,,2,Semifurnished,Apartment,45000000.0,Gurgaon,I71697252
Sector 59 Gurgaon,28.4030162,77.1066682,2295.0,3,3.0,,5,Semifurnished,Apartment,48300000.0,Gurgaon,U71692510
Sector 63 Gurgaon,28.3964476,77.086498,1812.25,3,3.0,,6,Semifurnished,Independent/Builder Floor,28500000.0,Gurgaon,D71683498
Sector 59 Gurgaon,28.4030162,77.1066682,1650.0,3,3.0,,5,Semifurnished,Apartment,50500000.0,Gurgaon,H71681836
Sector 61 Gurgaon,28.4110188,77.0963685,1650.0,4,4.0,,5,Semifurnished,Apartment,60000000.0,Gurgaon,U71681334
Sector 61 Gurgaon,28.4110188,77.0963685,1249.65,3,4.0,,5,Semifurnished,Apartment,40000000.0,Gurgaon,O71680250
Sector 62 Gurgaon,28.407697,77.0823781,1650.0,5,5.0,,1,Semifurnished,Apartment,95900000.0,Gurgaon,T71679034
Sector 62 Gurgaon,28.407697,77.0823781,1650.0,5,5.0,,1,Semifurnished,Apartment,87000000.0,Gurgaon,W71676824
Sector 60 Gurgaon,28.3985617,77.0978276,1650.0,4,4.0,,2,Semifurnished,Apartment,46000000.0,Gurgaon,E71673690
Sector 60 Gurgaon,28.3985617,77.0978276,1650.0,4,4.0,,1,Semifurnished,Apartment,75000000.0,Gurgaon,Y71672296
Sector 28 Gurgaon,28.4794143,77.0833588,1650.0,3,3.0,,3,Semifurnished,Apartment,18700000.0,Gurgaon,R71667842
Dlf Phase 2,28.483901,77.0846097,1500.0,4,4.0,,3,Semifurnished,Apartment,27200000.0,Gurgaon,E71666760
Dlf Phase 2,28.483901,77.0846097,1200.0,3,3.0,,3,Semifurnished,Apartment,22500000.0,Gurgaon,I71666632
Mg Road,28.4769607,77.0662688,2012.0,3,4.0,,6,Semifurnished,Apartment,65100000.0,Gurgaon,A71666480
Sector 22 Gurgaon,28.4947315,77.0691703,2000.0,3,4.0,,5,Semifurnished,Apartment,36100000.0,Gurgaon,M71666234
Dlf Phase 5,28.503445,77.0952048,2409.0,4,4.0,,2,Semifurnished,Apartment,49900000.0,Gurgaon,X71359790
Sector 49 Gurgaon,28.4127374,77.0555164,2172.0,3,4.0,,2,Semifurnished,Apartment,29500000.0,Gurgaon,L70022760
Sector 67 Gurgaon,28.3864052,77.0598046,1800.0,4,4.0,,2,Semifurnished,Apartment,34500000.0,Gurgaon,V71169074
Sector 81 Gurgaon,28.3873647,76.9475835,2700.0,4,4.0,,2,Semifurnished,Apartment,33900000.0,Gurgaon,Z69730522
Nirvana Country,28.4150509,77.0642955,2900.0,4,4.0,,2,Semifurnished,Apartment,42500000.0,Gurgaon,P64939128
Nirvana Country,28.4150509,77.0642955,2400.0,3,4.0,,2,Semifurnished,Apartment,33500000.0,Gurgaon,O64939064
Nirvana Country,28.4150509,77.0642955,2275.0,4,4.0,,2,Semifurnished,Independent/Builder Floor,36500000.0,Gurgaon,Q71748150
Nirvana Country,28.4150509,77.0642955,2200.0,4,4.0,,5,Semifurnished,Independent/Builder Floor,42500000.0,Gurgaon,K71747506
Sector 93 Gurgaon,28.4156048,76.931638,1614.59,3,3.0,,5,Semifurnished,Independent/Builder Floor,16000000.0,Gurgaon,P71741666
Sector 59 Gurgaon,28.4030162,77.1066682,1700.0,3,3.0,,2,Semifurnished,Apartment,30500000.0,Gurgaon,R71740626
Sector 59 Gurgaon,28.4030162,77.1066682,1700.0,3,3.0,,2,Semifurnished,Apartment,30500000.0,Gurgaon,L71732434
Sector 48 Gurgaon,28.4104903,77.0394627,1650.0,4,6.0,,2,Semifurnished,Apartment,105000000.0,Gurgaon,Z71699682
Sector 65 Gurgaon,28.4030162,77.0695893,1650.0,3,3.0,,5,Semifurnished,Apartment,25000000.0,Gurgaon,S71660404
Sector 70 Gurgaon,28.3947261,77.0223138,1450.0,3,4.0,,2,Semifurnished,Apartment,22000000.0,Gurgaon,U71660168
Sector 70 Gurgaon,28.3947261,77.0223138,1450.0,3,4.0,,2,Semifurnished,Apartment,21500000.0,Gurgaon,C71659848
Sector 65 Gurgaon,28.4030162,77.0695893,1700.0,4,5.0,,6,Semifurnished,Apartment,29000000.0,Gurgaon,K71632542
Sector 107 Gurgaon,28.506941,76.9752137,489.0,2,2.0,,1,Semifurnished,Apartment,3100000.0,Gurgaon,L71577850
Sector 107 Gurgaon,28.506941,76.9752137,306.0,1,1.0,,1,Semifurnished,Apartment,2100000.0,Gurgaon,Z71577664
Sector 107 Gurgaon,28.506941,76.9752137,336.0,1,1.0,,6,Semifurnished,Apartment,2000000.0,Gurgaon,W71577570
Sector 107 Gurgaon,28.506941,76.9752137,489.0,2,2.0,,1,Semifurnished,Apartment,3000000.0,Gurgaon,H71313080
Sector 61 Gurgaon,28.4110188,77.0963685,1200.0,2,2.0,,5,Semifurnished,Apartment,13000000.0,Gurgaon,U71440740
Sector 79 Gurgaon,28.4618719,77.05688,1650.0,2,2.0,,1,Semifurnished,Apartment,14000000.0,Gurgaon,K71427060
Sector 59 Gurgaon,28.4030162,77.1066682,1432.0,3,3.0,,5,Semifurnished,Apartment,42000000.0,Gurgaon,C71200250
Sector 62 Gurgaon,28.407697,77.0823781,2700.0,4,5.0,,1,Semifurnished,Apartment,55000000.0,Gurgaon,K71175434
Sector 60 Gurgaon,28.3985617,77.0978276,2045.0,3,3.0,,1,Semifurnished,Apartment,27000000.0,Gurgaon,G71175242
Nirvana Country,28.4150509,77.0642955,1239.0,3,3.0,,2,Semifurnished,Independent/Builder Floor,16000000.0,Gurgaon,F71140566
Nirvana Country,28.4150509,77.0642955,850.0,2,2.0,,2,Semifurnished,Independent/Builder Floor,11000000.0,Gurgaon,Q71140292
Sector 59 Gurgaon,28.4030162,77.1066682,1400.0,3,2.0,,2,Semifurnished,Apartment,22000000.0,Gurgaon,L71139618
Sector 65 Gurgaon,28.4030162,77.0695893,1400.0,3,3.0,,1,Semifurnished,Apartment,26000000.0,Gurgaon,R71132318
Sector 65 Gurgaon,28.4030162,77.0695893,1400.0,3,3.0,,1,Semifurnished,Apartment,23000000.0,Gurgaon,Z71132216
Sector 65 Gurgaon,28.4030162,77.0695893,1700.0,4,4.0,,1,Semifurnished,Apartment,32500000.0,Gurgaon,Q71132028
Sector 107 Gurgaon,28.506941,76.9752137,546.0,2,2.0,,6,Semifurnished,Apartment,4200000.0,Gurgaon,U71126088
Sector 107 Gurgaon,28.506941,76.9752137,489.0,2,2.0,,6,Semifurnished,Apartment,2900000.0,Gurgaon,M71125996
Sector 107 Gurgaon,28.506941,76.9752137,336.0,1,1.0,,6,Semifurnished,Apartment,1950000.0,Gurgaon,O71125800
Sector 59 Gurgaon,28.4030162,77.1066682,1250.0,3,2.0,,2,Semifurnished,Apartment,21800000.0,Gurgaon,O71125604
Malibu Town,28.4234344,77.0468649,4000.0,4,5.0,,6,Semifurnished,Independent/Builder Floor,50000000.0,Gurgaon,I71091994
Gwal Pahari,28.4326344,77.1480585,1200.0,3,3.0,,5,Unfurnished,Apartment,13500000.0,Gurgaon,A71024910
Sector 67 Gurgaon,28.3864052,77.0598046,2600.0,4,5.0,,1,Semifurnished,Apartment,44000000.0,Gurgaon,N70992434
Sector 72 Gurgaon,28.3943815,77.032363,2905.0,3,4.0,,1,Semifurnished,Apartment,38000000.0,Gurgaon,V70991524
Golf Course Ext Road,28.4007315,77.0242312,1430.0,3,3.0,,6,Unfurnished,Apartment,13800000.0,Gurgaon,V70983390
Gwal Pahari,28.4326344,77.1480585,1200.0,3,3.0,,5,Unfurnished,Apartment,13500000.0,Gurgaon,Q70981704
Malibu Town,28.4234344,77.0468649,4500.00000000045,4,5.0,,6,Semifurnished,Independent/Builder Floor,50000000.0,Gurgaon,V70972854
Sector 59 Gurgaon,28.4030162,77.1066682,2295.0,3,3.0,,5,Semifurnished,Apartment,41000000.0,Gurgaon,Z70948472
Sector 48 Gurgaon,28.4104903,77.0394627,1785.0,3,3.0,,2,Semifurnished,Apartment,28000000.0,Gurgaon,S70783248
Sushant Lok Phase 3,28.464228,77.076724,1250.0,3,3.0,,6,Semifurnished,Independent/Builder Floor,15500000.0,Gurgaon,F71707690
Sector 58 Gurgaon,28.4160012,77.1085564,1434.0,2,2.0,,1,Semifurnished,Apartment,27000000.0,Gurgaon,V71613128
Sector 99 Gurgaon,28.4645549,76.9628585,1650.0,2,2.0,,5,Semifurnished,Apartment,10500000.0,Gurgaon,M68991426
Sector 99 Gurgaon,28.4645549,76.9628585,1650.0,4,5.0,,5,Semifurnished,Apartment,20000000.0,Gurgaon,O70214734
Sector 99 Gurgaon,28.4645549,76.9628585,1365.0,3,4.0,,5,Semifurnished,Apartment,17500000.0,Gurgaon,W71580414
Sector 37D Gurgaon,28.4480039,76.9697682,1000.0,3,3.0,,5,Semifurnished,Apartment,12000000.0,Gurgaon,J64172428
Sector 113 Gurgaon,28.5286649,77.0250282,1650.0,2,2.0,,6,Semifurnished,Apartment,16000000.0,Gurgaon,G70233008
Sector 99 Gurgaon,28.4645549,76.9628585,1900.0,3,3.0,,5,Semifurnished,Apartment,26000000.0,Gurgaon,V65939064
Sector 104 Gurgaon,28.4795324,76.9937197,1650.0,2,3.0,,1,Semifurnished,Apartment,17500000.0,Gurgaon,K70232484
Sector 85 Gurgaon,28.3985762,76.9547447,1590.0,3,4.0,,5,Semifurnished,Apartment,22500000.0,Gurgaon,I71266782
Sector 43 Gurgaon,28.4487856,77.0988212,3500.0,4,5.0,,6,Semifurnished,Independent/Builder Floor,58000000.0,Gurgaon,A71217222
Sector 71 Gurgaon,28.3950557,77.0314336,1220.0,3,3.0,,1,Semifurnished,Apartment,11000000.0,Gurgaon,Q71031760
Sector 49 Gurgaon,28.4127374,77.0555164,2700.0,4,5.0,,6,Semifurnished,Apartment,38000000.0,Gurgaon,M71011858
Sector 76 Gurgaon,28.3910112,76.9900243,626.459855978816,2,2.0,,6,Semifurnished,Apartment,6000000.0,Gurgaon,R71802478
Sector 102 Gurgaon,28.4754872,76.9711747,532.0,2,2.0,,1,Semifurnished,Apartment,6000000.0,Gurgaon,Y71801864
Sector 93 Gurgaon,28.4156048,76.931638,1840.0,3,4.0,,1,Semifurnished,Apartment,11500000.0,Gurgaon,R71796572
Sector 61 Gurgaon,28.4110188,77.0963685,1250.0,2,2.0,,1,Semifurnished,Apartment,16600000.0,Gurgaon,F71780280
Sector 71 Gurgaon,28.3950557,77.0314336,540.89,2,2.0,,2,Semifurnished,Apartment,6200000.0,Gurgaon,O61948124
Sector 1 Imt Manesar,28.3671851,76.920669,1650.0,2,2.0,,1,Semifurnished,Apartment,4699999.0,Gurgaon,E71746426
Sector 91 Gurgaon,28.4007588,76.9210802,1650.0,3,3.0,,1,Semifurnished,Apartment,15500000.0,Gurgaon,G71740034
Sector 47 Gurgaon,28.4268461,77.0584252,1550.0,3,3.0,,2,Semifurnished,Apartment,16500000.0,Gurgaon,G71738268
Sector 68 Gurgaon,28.388897,77.0459859,900.0,2,2.0,,1,Semifurnished,Apartment,10800000.0,Gurgaon,W71642416
Sector 70 Gurgaon,28.3947261,77.0223138,1650.0,2,2.0,,2,Semifurnished,Apartment,12500000.0,Gurgaon,Y71632020
Sector 61 Gurgaon,28.4110188,77.0963685,1600.0,3,3.0,,1,Semifurnished,Apartment,22400000.0,Gurgaon,T71627834
Sector 49 Gurgaon,28.4127374,77.0555164,2400.0,3,3.0,,2,Semifurnished,Apartment,19000000.0,Gurgaon,X71614982
Sector 47 Gurgaon,28.4268461,77.0584252,1950.0,3,3.0,,1,Semifurnished,Apartment,16500000.0,Gurgaon,Y71613442
Sector 61 Gurgaon,28.4110188,77.0963685,1600.0,3,3.0,,1,Semifurnished,Apartment,24000000.0,Gurgaon,R71611380
Shivpuri,25.3741215,77.8278866,1600.0,3,3.0,,6,Semifurnished,Independent/Builder Floor,8300000.0,Gurgaon,P71608370
Sector 65 Gurgaon,28.4030162,77.0695893,3900.0,3,4.0,,1,Unknown,Apartment,78000000.0,Gurgaon,Z70399602
Sector 95A Gurgaon,28.4690266,76.9962811,627.0,3,3.0,,6,Semifurnished,Apartment,5200000.0,Gurgaon,F71570034
Sector 9A Gurgaon,28.4690266,76.9962811,1500.0,4,4.0,,2,Semifurnished,Independent/Builder Floor,14000000.0,Gurgaon,S71565912
Malibu Town,28.4234344,77.0468649,3000.0,3,3.0,,1,Unfurnished,Independent/Builder Floor,31000000.0,Gurgaon,O71549608
Malibu Town,28.4234344,77.0468649,2850.0,3,3.0,,1,Semifurnished,Independent/Builder Floor,30500000.0,Gurgaon,E71525902
Sector 92 Gurgaon,28.4089049,76.9155232,2430.00000000024,4,4.0,,6,Semifurnished,Independent/Builder Floor,18000000.0,Gurgaon,Z71518704
Sector 72 Gurgaon,28.3943815,77.032363,2700.0,4,4.0,,1,Semifurnished,Apartment,52500000.0,Gurgaon,T71517048
Sector 47 Gurgaon,28.4268461,77.0584252,2250.0,4,3.0,,2,Semifurnished,Apartment,18000000.0,Gurgaon,E71516826
Dlf Phase 5,28.503445,77.0952048,1650.0,4,4.0,,3,Unknown,Apartment,57000000.0,Gurgaon,M71516808
Sector 28 Gurgaon,28.4794143,77.0833588,1650.0,4,3.0,,3,Unknown,Apartment,76000000.0,Gurgaon,V71516712
Sector 30 Gurgaon,28.4618719,77.05688,1650.0,6,5.0,,3,Unknown,Apartment,126000000.0,Gurgaon,N71516502
Sector 71 Gurgaon,28.3950557,77.0314336,366.48,1,1.0,,1,Semifurnished,Apartment,3800000.0,Gurgaon,C57176160
Sector 48 Gurgaon,28.4104903,77.0394627,2360.0,3,4.0,,1,Semifurnished,Apartment,29000000.0,Gurgaon,Z71424526
Sector 61 Gurgaon,28.4110188,77.0963685,1200.0,2,3.0,,1,Semifurnished,Apartment,16000000.0,Gurgaon,U71348954
Sector 85 Gurgaon,28.3985762,76.9547447,7740.00000000077,2,2.0,,1,Semifurnished,Apartment,6050000.0,Gurgaon,X71336940
Sector 68 Gurgaon,28.388897,77.0459859,900.0,2,2.0,,5,Semifurnished,Apartment,10500000.0,Gurgaon,T71307042
Sector 86 Gurgaon,28.3981205,76.9411257,503.0,2,2.0,,1,Semifurnished,Apartment,4800000.0,Gurgaon,T71291134
Sector 95 Gurgaon,28.4149443,76.9114892,644.12,3,2.0,,6,Semifurnished,Apartment,3700000.0,Gurgaon,D71290976
Sector 85 Gurgaon,28.3985762,76.9547447,1525.0,4,4.0,,1,Semifurnished,Apartment,11000000.0,Gurgaon,K71275986
Sector 85 Gurgaon,28.3985762,76.9547447,825.0,2,2.0,,1,Semifurnished,Apartment,6100000.0,Gurgaon,D71275000
Sector 84 Gurgaon,28.4035469,76.9677894,1650.0,3,3.0,,1,Semifurnished,Apartment,12500000.0,Gurgaon,Q69942274
Sector 68 Gurgaon,28.388897,77.0459859,800.0,2,2.0,,6,Semifurnished,Apartment,10700000.0,Gurgaon,X70909052
Sector 50 Gurgaon,28.4268461,77.0584252,2200.0,4,4.0,,6,Semifurnished,Independent/Builder Floor,27000000.0,Gurgaon,H70853662
Sector 57 Gurgaon,28.4232478,77.0804487,2322.00000000023,3,3.0,,5,Semifurnished,Independent/Builder Floor,20000000.0,Gurgaon,L69621100
Sector 48 Gurgaon,28.4104903,77.0394627,1650.0,4,4.0,,2,Unknown,Apartment,33000000.0,Gurgaon,E65907582
Sector 48 Gurgaon,28.4104903,77.0394627,1650.0,3,3.0,,2,Unknown,Apartment,17500000.0,Gurgaon,G65906832
Sector 48 Gurgaon,28.4104903,77.0394627,1650.0,3,4.0,,2,Unknown,Apartment,17400000.0,Gurgaon,B65906936
Sector 48 Gurgaon,28.4104903,77.0394627,1650.0,4,5.0,,2,Unknown,Apartment,25100000.0,Gurgaon,Y67380652
Sector 48 Gurgaon,28.4104903,77.0394627,1650.0,3,3.0,,2,Unknown,Apartment,18000000.0,Gurgaon,Q69003362
Sector 48 Gurgaon,28.4104903,77.0394627,1650.0,4,5.0,,2,Unknown,Apartment,31500000.0,Gurgaon,A69003564
Sector 48 Gurgaon,28.4104903,77.0394627,1650.0,4,4.0,,2,Unknown,Apartment,25500000.0,Gurgaon,X69003476
Sector 48 Gurgaon,28.4104903,77.0394627,1650.0,3,4.0,,2,Unknown,Apartment,21000000.0,Gurgaon,R69004002
Sector 48 Gurgaon,28.4104903,77.0394627,1650.0,4,4.0,,2,Unknown,Apartment,25000000.0,Gurgaon,L69003966
Sector 61 Gurgaon,28.4110188,77.0963685,1650.0,3,3.0,,5,Unknown,Independent/Builder Floor,19982100.0,Gurgaon,M69051804
Sector 61 Gurgaon,28.4110188,77.0963685,1650.0,3,3.0,,5,Semifurnished,Independent/Builder Floor,20200000.0,Gurgaon,L69546990
Dlf Phase 5,28.503445,77.0952048,1650.0,4,5.0,,2,Semifurnished,Apartment,56000000.0,Gurgaon,G71598272
Sector 58 Gurgaon,28.4160012,77.1085564,1650.0,3,4.0,,2,Semifurnished,Apartment,45000000.0,Gurgaon,D71191954
Sector 58 Gurgaon,28.4160012,77.1085564,1650.0,2,2.0,,1,Semifurnished,Apartment,26000000.0,Gurgaon,D71190792
Sector 58 Gurgaon,28.4160012,77.1085564,1650.0,3,5.0,,1,Semifurnished,Apartment,52500000.0,Gurgaon,F69301102
Sector 58 Gurgaon,28.4160012,77.1085564,1650.0,2,2.0,,1,Semifurnished,Apartment,25000000.0,Gurgaon,G69300398
Valley View Estate,28.4358878,77.1365212,1100.0,2,2.0,,3,Semifurnished,Apartment,6500000.0,Gurgaon,J71741500
Sector 70 Gurgaon,28.3947261,77.0223138,1650.0,2,2.0,,6,Semifurnished,Apartment,13000000.0,Gurgaon,Q71738986
Sector 70 Gurgaon,28.3947261,77.0223138,1161.0,3,5.0,,1,Semifurnished,Apartment,15500000.0,Gurgaon,T71733404
Valley View Estate,28.4358878,77.1365212,980.0,2,2.0,,3,Semifurnished,Apartment,5500000.0,Gurgaon,S71659512
Valley View Estate,28.4358878,77.1365212,1100.0,2,2.0,,3,Semifurnished,Apartment,6500000.0,Gurgaon,D71659384
Valley View Estate,28.4358878,77.1365212,1484.0,3,3.0,,3,Semifurnished,Apartment,10000000.0,Gurgaon,S71381240
Valley View Estate,28.4358878,77.1365212,1300.0,3,2.0,,3,Semifurnished,Apartment,8000000.0,Gurgaon,B71380884
Sector 61 Gurgaon,28.4110188,77.0963685,2250.0,3,3.0,,5,Semifurnished,Apartment,37125000.0,Gurgaon,S71297100
Sector 70 Gurgaon,28.3947261,77.0223138,1650.0,3,4.0,,2,Semifurnished,Apartment,21000000.0,Gurgaon,K71296942
Sector 82 Gurgaon,28.3932827,76.9545277,1900.0,3,3.0,,6,Semifurnished,Independent/Builder Floor,15500000.0,Gurgaon,Y71503976
Sector-33 Sohna,28.3241636,77.0848644,1300.0,4,4.0,,6,Unknown,Apartment,28500000.0,Gurgaon,J71349918
Sector-33 Sohna,28.3241636,77.0848644,1457.0,3,4.0,,5,Semifurnished,Apartment,18700000.0,Gurgaon,J71118324
Sector-33 Sohna,28.3241636,77.0848644,1203.0,3,2.0,,5,Semifurnished,Apartment,15200000.0,Gurgaon,U71118252
Sector-33 Sohna,28.3241636,77.0848644,1411.0416240595,3,2.0,,5,Semifurnished,Apartment,14800000.0,Gurgaon,M71118164
Sector-33 Sohna,28.3241636,77.0848644,11302.1108037415,2,2.0,,5,Semifurnished,Apartment,11700000.0,Gurgaon,H71118060
Sector-33 Sohna,28.3241636,77.0848644,898.0,2,2.0,,5,Semifurnished,Apartment,11000000.0,Gurgaon,D71117922
Sector-33 Sohna,28.3241636,77.0848644,1450.0,3,4.0,,5,Semifurnished,Apartment,16000000.0,Gurgaon,K71117826
Sector-33 Sohna,28.3241636,77.0848644,1150.0,3,2.0,,5,Semifurnished,Apartment,12500000.0,Gurgaon,Q71117760
Sector-33 Sohna,28.3241636,77.0848644,900.0,2,2.0,,5,Semifurnished,Apartment,10300000.0,Gurgaon,Z71117756
C Block Sushant Lok Phase 1,28.4545693,77.0826249,1950.0,3,3.0,,1,Semifurnished,Independent/Builder Floor,19600000.0,Gurgaon,F69730060
Dlf Phase 2,28.483901,77.0846097,4000.0,4,4.0,,1,Semifurnished,Independent/Builder Floor,49500000.0,Gurgaon,V69634768
Dlf Phase 2,28.483901,77.0846097,4000.0,4,4.0,,1,Semifurnished,Independent/Builder Floor,48500000.0,Gurgaon,C69634744
Dlf Phase 2,28.483901,77.0846097,2350.0,4,4.0,,1,Semifurnished,Independent/Builder Floor,29100000.0,Gurgaon,O69552426
Dlf Phase 2,28.483901,77.0846097,2350.0,4,4.0,,1,Unknown,Independent/Builder Floor,35000000.0,Gurgaon,O69545588
Sector 63 Gurgaon,28.3964476,77.086498,1627.0,3,3.0,,5,Semifurnished,Independent/Builder Floor,39100000.0,Gurgaon,H68730082
Sector 79 Gurgaon,28.4618719,77.05688,1534.0,3,3.0,,5,Unknown,Apartment,16000000.0,Gurgaon,S71750912
Nirvana Country,28.4150509,77.0642955,2700.0,3,4.0,,1,Semifurnished,Apartment,29800000.0,Gurgaon,A71551108
Nirvana Country,28.4150509,77.0642955,2610.0,3,4.0,,1,Semifurnished,Apartment,29900000.0,Gurgaon,C71550896
Sector 51 Gurgaon,28.4287011,77.0666877,2340.0,3,3.0,,1,Semifurnished,Apartment,23000000.0,Gurgaon,M71480384
Sector 72 Gurgaon,28.3943815,77.032363,2460.0,4,4.0,,1,Semifurnished,Apartment,50000000.0,Gurgaon,H71460702
Sector 54 Gurgaon,28.433569,77.1055815,1875.0,3,4.0,,3,Semifurnished,Apartment,50000000.0,Gurgaon,N70814170
Sector 37C Gurgaon,28.4489095,76.9880502,1650.0,3,3.0,,5,Semifurnished,Apartment,12000000.0,Gurgaon,F71737804
Sector 37C Gurgaon,28.4489095,76.9880502,1650.0,3,3.0,,5,Semifurnished,Apartment,11700000.0,Gurgaon,E71737486
Dlf Phase 2,28.483901,77.0846097,1650.0,4,4.0,,1,Semifurnished,Independent/Builder Floor,38000000.0,Gurgaon,Z71736844
Dlf Phase 2,28.483901,77.0846097,1650.0,4,4.0,,1,Semifurnished,Independent/Builder Floor,37500000.0,Gurgaon,L71736778
Dlf Phase 2,28.483901,77.0846097,1650.0,4,4.0,,1,Semifurnished,Independent/Builder Floor,52500000.0,Gurgaon,M71736652
Dlf Phase 2,28.483901,77.0846097,1650.0,4,4.0,,1,Semifurnished,Independent/Builder Floor,50000000.0,Gurgaon,T71736580
Sector 104 Gurgaon,28.4795324,76.9937197,1650.0,3,4.0,,1,Semifurnished,Apartment,36000000.0,Gurgaon,R71729836
Sector 104 Gurgaon,28.4795324,76.9937197,1650.0,3,4.0,,1,Semifurnished,Apartment,30625000.0,Gurgaon,D71729782
Sector 104 Gurgaon,28.4795324,76.9937197,1650.0,2,2.0,,1,Semifurnished,Apartment,17700000.0,Gurgaon,C71729670
Sector 104 Gurgaon,28.4795324,76.9937197,1650.0,2,2.0,,1,Semifurnished,Apartment,17800000.0,Gurgaon,C71728432
Sector 99 Gurgaon,28.4645549,76.9628585,1380.59,3,5.0,,1,Semifurnished,Apartment,22100000.0,Gurgaon,C71727824
Sector 99 Gurgaon,28.4645549,76.9628585,1380.59,3,5.0,,1,Semifurnished,Apartment,21500000.0,Gurgaon,K71727744
Sector 99 Gurgaon,28.4645549,76.9628585,795.13,2,2.0,,1,Semifurnished,Apartment,12600000.0,Gurgaon,J71727674
Sector 99 Gurgaon,28.4645549,76.9628585,795.13,2,2.0,,1,Semifurnished,Apartment,12200000.0,Gurgaon,F71727546
Sector 62 Gurgaon,28.407697,77.0823781,400.0,1,1.0,,1,Semifurnished,Apartment,6999999.0,Gurgaon,I71695310
Sector 107 Gurgaon,28.506941,76.9752137,308.0,1,1.0,,1,Semifurnished,Apartment,2160000.0,Gurgaon,D71617248
Sector 107 Gurgaon,28.506941,76.9752137,547.0,2,2.0,,1,Semifurnished,Apartment,3990000.0,Gurgaon,R71544618
Sector 79 Gurgaon,28.4618719,77.05688,1650.0,4,5.0,,1,Semifurnished,Apartment,26000000.0,Gurgaon,P71497582
Sector 79 Gurgaon,28.4618719,77.05688,1650.0,3,3.0,,1,Semifurnished,Apartment,17500000.0,Gurgaon,P71497488
Sector 79 Gurgaon,28.4618719,77.05688,1650.0,3,4.0,,1,Semifurnished,Apartment,19500000.0,Gurgaon,B71497164
Sector 107 Gurgaon,28.506941,76.9752137,1100.0,2,2.0,,1,Semifurnished,Apartment,11500000.0,Gurgaon,O71155184
Sector 77 Gurgaon,28.3832337,76.982557,1177.0,3,4.0,,1,Unknown,Apartment,12500000.0,Gurgaon,T71744400
Sector 93 Gurgaon,28.4156048,76.931638,1118.0,2,2.0,,5,Semifurnished,Independent/Builder Floor,10244000.0,Gurgaon,D71729144
Sector 33 Gurgaon,28.4384785,77.0251655,950.0,2,2.0,,2,Semifurnished,Apartment,12000000.0,Gurgaon,P71456480
Valley View Estate,28.4358878,77.1365212,2000.0,4,4.0,,3,Semifurnished,Apartment,16000000.0,Gurgaon,J71414034
Sushant Lok Phase 2,28.464228,77.076724,1500.0,3,3.0,,6,Semifurnished,Independent/Builder Floor,17000000.0,Gurgaon,J71314632
Sector 110 Gurgaon,28.5069625,77.018321,1650.0,5,4.0,,1,Semifurnished,Apartment,44800000.0,Gurgaon,Q70172708
Sector 108 Gurgaon,28.5128994,76.9823615,1650.0,3,3.0,,2,Semifurnished,Apartment,10500000.0,Gurgaon,H68784974
Sector 108 Gurgaon,28.5128994,76.9823615,1650.0,2,2.0,,1,Semifurnished,Apartment,6300000.0,Gurgaon,C70421440
Sector 110 Gurgaon,28.5069625,77.018321,1650.0,4,4.0,,1,Semifurnished,Apartment,37000000.0,Gurgaon,F70324546
Sector 108 Gurgaon,28.5128994,76.9823615,1650.0,3,3.0,,2,Semifurnished,Apartment,8500000.0,Gurgaon,S68783048
Sector 47 Gurgaon,28.4268461,77.0584252,1650.0,2,2.0,,1,Semifurnished,Apartment,8900000.0,Gurgaon,T67047772
Sector 48 Gurgaon,28.4104903,77.0394627,1650.0,3,4.0,,2,Semifurnished,Apartment,26600000.0,Gurgaon,C71554736
Sector 71 Gurgaon,28.3950557,77.0314336,1650.0,3,3.0,,1,Semifurnished,Apartment,11000000.0,Gurgaon,T71462978
Sector 79 Gurgaon,28.4618719,77.05688,910.0,2,2.0,,5,Semifurnished,Independent/Builder Floor,11220250.0,Gurgaon,E71349442
Sector 79 Gurgaon,28.4618719,77.05688,1146.0,3,3.0,,5,Semifurnished,Independent/Builder Floor,14134000.0,Gurgaon,W71349000
Sector 37D Gurgaon,28.4480039,76.9697682,1827.0,4,4.0,,5,Semifurnished,Apartment,34500000.0,Gurgaon,X71791488
Sector 95 Gurgaon,28.4149443,76.9114892,1708.0,3,3.0,,5,Semifurnished,Independent/Builder Floor,11500000.0,Gurgaon,R71790866
Sector 95 Gurgaon,28.4149443,76.9114892,1511.0,3,2.0,,5,Semifurnished,Independent/Builder Floor,10000000.0,Gurgaon,T71790674
Gwal Pahari,28.4326344,77.1480585,1100.0,2,2.0,,5,Semifurnished,Apartment,11500000.0,Gurgaon,Y71773614
Sector 95 Gurgaon,28.4149443,76.9114892,1511.0,3,3.0,,5,Semifurnished,Independent/Builder Floor,10000000.0,Gurgaon,Z71755170
Sector 103 Gurgaon,28.493087,76.9866453,1875.0,3,3.0,,5,Semifurnished,Apartment,18000000.0,Gurgaon,R71754794
Sector 76 Gurgaon,28.3910112,76.9900243,621.616094205784,2,2.0,,6,Semifurnished,Apartment,5300000.0,Gurgaon,N71751326
Sector 76 Gurgaon,28.3910112,76.9900243,626.459855978816,2,2.0,,6,Semifurnished,Apartment,5500000.0,Gurgaon,T71751294
Sector 103 Gurgaon,28.493087,76.9866453,1012.0,3,3.0,,5,Semifurnished,Apartment,17500000.0,Gurgaon,W71739580
Gurgaon,28.4890874,77.0111572,3200.0,4,4.0,,5,Semifurnished,Apartment,51000000.0,Gurgaon,P71705666
Sector 66 Gurgaon,28.3974292,77.0538823,2400.0,3,3.0,,5,Semifurnished,Apartment,41000000.0,Gurgaon,F71705608
Sector 56 Gurgaon,28.4252244,77.0992377,1650.0,3,2.0,,2,Semifurnished,Apartment,15000000.0,Gurgaon,E71691480
Sector 92 Gurgaon,28.4089049,76.9155232,1200.0,3,2.0,,5,Semifurnished,Independent/Builder Floor,10000000.0,Gurgaon,Q71691292
Sector 92 Gurgaon,28.4089049,76.9155232,1050.0,2,2.0,,5,Semifurnished,Independent/Builder Floor,8700000.0,Gurgaon,W71691094
Sector 56 Gurgaon,28.4252244,77.0992377,1650.0,1,1.0,,2,Semifurnished,Apartment,4700000.0,Gurgaon,B62621644
Gurgaon,28.4890874,77.0111572,1828.0,4,4.0,,5,Semifurnished,Apartment,51200000.0,Gurgaon,A71683302
Sector 37D Gurgaon,28.4480039,76.9697682,1391.0,3,3.0,,5,Semifurnished,Apartment,31000000.0,Gurgaon,L71682942
Gurgaon,28.4890874,77.0111572,2550.0,4,4.0,,5,Semifurnished,Apartment,31000000.0,Gurgaon,D71682722
Sector 54 Gurgaon,28.433569,77.1055815,4518.00000000045,4,4.0,,6,Semifurnished,Independent/Builder Floor,56000000.0,Gurgaon,T71682334
Sector 54 Gurgaon,28.433569,77.1055815,4500.00000000045,4,4.0,,6,Semifurnished,Independent/Builder Floor,70000000.0,Gurgaon,Y71682190
Sector 54 Gurgaon,28.433569,77.1055815,2430.00000000024,4,4.0,,6,Unfurnished,Independent/Builder Floor,55000000.0,Gurgaon,G71681752
Sector 67 Gurgaon,28.3864052,77.0598046,1650.0,3,4.0,,1,Unknown,Apartment,27000000.0,Gurgaon,Z71677256
Sector 63A Gurgaon,28.4618719,77.05688,1530.0,3,3.0,,5,Semifurnished,Independent/Builder Floor,19700000.0,Gurgaon,Q71674906
Sector 63A Gurgaon,28.4618719,77.05688,1350.0,3,3.0,,5,Semifurnished,Independent/Builder Floor,18700000.0,Gurgaon,U71674594
Sector 63A Gurgaon,28.4618719,77.05688,1350.0,3,3.0,,5,Semifurnished,Independent/Builder Floor,21000000.0,Gurgaon,B71674268
Sector 63A Gurgaon,28.4618719,77.05688,1350.0,3,3.0,,5,Semifurnished,Independent/Builder Floor,19000000.0,Gurgaon,O71673910
Sector 63A Gurgaon,28.4618719,77.05688,1350.0,3,3.0,,5,Semifurnished,Independent/Builder Floor,20000000.0,Gurgaon,M71673644
Sector 84 Gurgaon,28.4035469,76.9677894,2500.0,4,4.0,,5,Semifurnished,Independent/Builder Floor,23000000.0,Gurgaon,A71652354
Sector 83 Gurgaon,28.3963578,76.9654747,1450.0,3,2.0,,5,Semifurnished,Apartment,18050000.0,Gurgaon,T71652078
Sushant Lok Phase 1,28.4545693,77.0826249,2700.00000000027,4,4.0,,6,Semifurnished,Independent/Builder Floor,37000000.0,Gurgaon,A71646402
Sushant Lok Phase 1,28.4545693,77.0826249,3762.00000000037,4,4.0,,6,Semifurnished,Independent/Builder Floor,30000000.0,Gurgaon,F71646212
Sushant Lok Phase 1,28.4545693,77.0826249,3762.00000000037,4,4.0,,6,Semifurnished,Independent/Builder Floor,45000000.0,Gurgaon,S71646098
Sushant Lok Phase 1,28.4545693,77.0826249,4230.00000000042,4,4.0,,6,Semifurnished,Independent/Builder Floor,42500000.0,Gurgaon,J71646014
Sushant Lok Phase 1,28.4545693,77.0826249,4050.0000000004,4,4.0,,6,Semifurnished,Independent/Builder Floor,44000000.0,Gurgaon,Y71645934
Sector 108 Gurgaon,28.5128994,76.9823615,4395.15000000044,2,2.0,,5,Semifurnished,Apartment,4500000.0,Gurgaon,W71636566
South City 2,28.4188806,77.0439211,3240.00000000032,4,4.0,,6,Semifurnished,Independent/Builder Floor,25000000.0,Gurgaon,Q71636092
South City 2,28.4188806,77.0439211,4527.00000000045,4,4.0,,6,Semifurnished,Independent/Builder Floor,42500000.0,Gurgaon,H71636020
South City 2,28.4188806,77.0439211,2160.00000000021,2,2.0,,1,Semifurnished,Independent/Builder Floor,15000000.0,Gurgaon,P71635934
Dlf Phase 2,28.483901,77.0846097,3618.00000000036,4,4.0,,6,Semifurnished,Independent/Builder Floor,45000000.0,Gurgaon,V71635838
Sector 102 Gurgaon,28.4754872,76.9711747,2000.0,4,4.0,,6,Semifurnished,Apartment,30000000.0,Gurgaon,G71624506
Sector 102 Gurgaon,28.4754872,76.9711747,1870.0,3,3.0,,6,Semifurnished,Apartment,17000000.0,Gurgaon,K71624356
Sector 37D Gurgaon,28.4480039,76.9697682,1225.0,3,3.0,,6,Semifurnished,Apartment,15000000.0,Gurgaon,M71624184
Dwarka Expressway Gurgaon,28.4973297,77.0039636,1675.0,3,3.0,,6,Semifurnished,Apartment,13700000.0,Gurgaon,V71622584
Sector 84 Gurgaon,28.4035469,76.9677894,1487.0,4,4.0,,5,Semifurnished,Independent/Builder Floor,24200000.0,Gurgaon,L71622376
Sector 93 Gurgaon,28.4156048,76.931638,1760.0,3,3.0,,5,Unknown,Apartment,14000000.0,Gurgaon,X71619862
Sector 92 Gurgaon,28.4089049,76.9155232,1190.0,2,2.0,,5,Semifurnished,Apartment,9200000.0,Gurgaon,R71619708
Dlf Phase 3,28.4919048,77.0937804,2844.00000000028,4,4.0,,6,Semifurnished,Independent/Builder Floor,35000000.0,Gurgaon,Z71614934
Dlf Phase 3,28.4919048,77.0937804,3600.00000000036,4,4.0,,6,Semifurnished,Independent/Builder Floor,42500000.0,Gurgaon,J71614906
Palam Vihar Extension,28.5007712,77.0398992,1557.00000000015,3,3.0,,6,Semifurnished,Independent/Builder Floor,36500000.0,Gurgaon,D71614804
Chakkarpur,28.4715202,77.0913233,1650.0,3,4.0,,1,Semifurnished,Apartment,39000000.0,Gurgaon,I71614008
Dlf Phase 2,28.483901,77.0846097,4500.00000000045,4,4.0,,6,Semifurnished,Independent/Builder Floor,65000000.0,Gurgaon,R71613848
Sector 37D Gurgaon,28.4480039,76.9697682,1060.0,2,2.0,,5,Semifurnished,Independent/Builder Floor,9500000.0,Gurgaon,U71611010
Sector 37D Gurgaon,28.4480039,76.9697682,1295.0,3,3.0,,5,Semifurnished,Independent/Builder Floor,11000000.0,Gurgaon,D71609412
Sector 37D Gurgaon,28.4480039,76.9697682,1530.0,3,3.0,,5,Semifurnished,Independent/Builder Floor,13000000.0,Gurgaon,S71608342
Sector 93 Gurgaon,28.4156048,76.931638,1826.0,3,3.0,,5,Semifurnished,Independent/Builder Floor,14000000.0,Gurgaon,G71607836
Sector 92 Gurgaon,28.4089049,76.9155232,1190.0,2,2.0,,5,Semifurnished,Apartment,8700000.0,Gurgaon,D71607626
Gwal Pahari,28.4326344,77.1480585,1030.0,3,3.0,,6,Semifurnished,Apartment,10800000.0,Gurgaon,U71607478
Sector 84 Gurgaon,28.4035469,76.9677894,2500.0,4,4.0,,5,Semifurnished,Independent/Builder Floor,23000000.0,Gurgaon,C71607382
Sector 83 Gurgaon,28.3963578,76.9654747,1450.0,3,2.0,,5,Semifurnished,Apartment,12100000.0,Gurgaon,X71607298
Sector 79 Gurgaon,28.4618719,77.05688,1325.0,3,3.0,,5,Semifurnished,Independent/Builder Floor,11000000.0,Gurgaon,D71598612
Sector 56 Gurgaon,28.4252244,77.0992377,1650.0,1,1.0,,2,Semifurnished,Apartment,5700000.0,Gurgaon,H61595554
Dwarka Expressway Gurgaon,28.4973297,77.0039636,2248.0,4,4.0,,5,Semifurnished,Apartment,37300000.0,Gurgaon,I71595690
Sector 111 Gurgaon,28.5222773,77.0336203,1605.0,3,3.0,,5,Semifurnished,Apartment,30300000.0,Gurgaon,I71595552
Sector 113 Gurgaon,28.5286649,77.0250282,2600.0,4,4.0,,5,Semifurnished,Apartment,45600000.0,Gurgaon,A71595404
Sector 113 Gurgaon,28.5286649,77.0250282,1850.0,3,3.0,,5,Semifurnished,Apartment,35900000.0,Gurgaon,Z71595340
Sector 59 Gurgaon,28.4030162,77.1066682,3025.0,3,3.0,,6,Semifurnished,Apartment,50000000.0,Gurgaon,A71595210
Sector 61 Gurgaon,28.4110188,77.0963685,1100.0,2,2.0,,5,Semifurnished,Apartment,18800000.0,Gurgaon,O71595112
Sector 93 Gurgaon,28.4156048,76.931638,1826.0,3,3.0,,5,Semifurnished,Independent/Builder Floor,14000000.0,Gurgaon,Z71594978
Golf Course Ext Road,28.4007315,77.0242312,1500.0,3,3.0,,5,Semifurnished,Apartment,27000000.0,Gurgaon,J71594968
Sector 79 Gurgaon,28.4618719,77.05688,2675.0,4,4.0,,6,Semifurnished,Apartment,25011250.0,Gurgaon,J71594938
Sector 104 Gurgaon,28.4795324,76.9937197,2500.0,4,4.0,,5,Semifurnished,Apartment,32000000.0,Gurgaon,Y71594820
Sector 79 Gurgaon,28.4618719,77.05688,2200.0,3,3.0,,5,Semifurnished,Apartment,26500000.0,Gurgaon,N71594724
Sector 108 Gurgaon,28.5128994,76.9823615,1650.0,3,4.0,,1,Semifurnished,Apartment,37500000.0,Gurgaon,P71594570
Sector 63 Gurgaon,28.3964476,77.086498,1700.0,3,3.0,,5,Semifurnished,Apartment,26500000.0,Gurgaon,V71594384
Sector 103 Gurgaon,28.493087,76.9866453,1845.0,3,3.0,,5,Semifurnished,Apartment,17000000.0,Gurgaon,L71593968
Sector 92 Gurgaon,28.4089049,76.9155232,1010.0,2,2.0,,5,Semifurnished,Independent/Builder Floor,9000000.0,Gurgaon,E71593682
Gwal Pahari,28.4326344,77.1480585,1030.0,2,2.0,,6,Semifurnished,Independent/Builder Floor,10888888.0,Gurgaon,W71593440
Sector 84 Gurgaon,28.4035469,76.9677894,2500.0,4,4.0,,5,Semifurnished,Independent/Builder Floor,23000000.0,Gurgaon,U71593186
Sector 83 Gurgaon,28.3963578,76.9654747,1650.0,3,2.0,,5,Semifurnished,Apartment,12000000.0,Gurgaon,R71592844
Sector 79 Gurgaon,28.4618719,77.05688,1525.0,3,3.0,,5,Semifurnished,Independent/Builder Floor,13000000.0,Gurgaon,I71586662
Sohna,28.3241636,77.0848644,1408.0,4,4.0,,6,Unfurnished,Apartment,14100000.0,Gurgaon,J71585548
Sector 93 Gurgaon,28.4156048,76.931638,1000.0,3,3.0,,5,Unfurnished,Apartment,12100000.0,Gurgaon,V71585354
Sector 84 Gurgaon,28.4035469,76.9677894,1750.0,3,3.0,,6,Semifurnished,Apartment,13500000.0,Gurgaon,C71585072
Sector 37C Gurgaon,28.4489095,76.9880502,2696.0,4,4.0,,6,Semifurnished,Apartment,33200000.0,Gurgaon,R71584770
Sector 81 Gurgaon,28.3873647,76.9475835,1190.0,3,2.0,,5,Semifurnished,Independent/Builder Floor,9600000.0,Gurgaon,R71583452
Sector 99 Gurgaon,28.4645549,76.9628585,2365.0,4,4.0,,6,Semifurnished,Apartment,20200000.0,Gurgaon,A71581508
Sector 99 Gurgaon,28.4645549,76.9628585,1799.0,3,3.0,,6,Semifurnished,Apartment,14800000.0,Gurgaon,U71581404
Sector 36A Gurgaon,28.4202285,76.9719998,4429.0,4,4.0,,5,Semifurnished,Apartment,38900000.0,Gurgaon,I71581318
Sector 36A Gurgaon,28.4202285,76.9719998,1945.0,3,3.0,,5,Semifurnished,Apartment,27120000.0,Gurgaon,D71581120
Sector 37D Gurgaon,28.4480039,76.9697682,1998.0,4,4.0,,6,Semifurnished,Apartment,36400000.0,Gurgaon,J71580866
Sector 37D Gurgaon,28.4480039,76.9697682,1691.0,3,3.0,,6,Semifurnished,Apartment,28000000.0,Gurgaon,M71580748
Sohna,28.3241636,77.0848644,779.0,2,2.0,,6,Semifurnished,Apartment,13400000.0,Gurgaon,C71569816
Sector 81 Gurgaon,28.3873647,76.9475835,1075.0,2,2.0,,5,Semifurnished,Independent/Builder Floor,9500000.0,Gurgaon,F71569306
Sector 93 Gurgaon,28.4156048,76.931638,1000.0,3,3.0,,5,Semifurnished,Apartment,12100000.0,Gurgaon,D71569250
Sector 81 Gurgaon,28.3873647,76.9475835,1205.0,3,2.0,,5,Semifurnished,Independent/Builder Floor,10500000.0,Gurgaon,H71568924
Sushant Lok Phase 1,28.4545693,77.0826249,2700.00000000027,4,4.0,,6,Semifurnished,Independent/Builder Floor,33000000.0,Gurgaon,V71567878
Sushant Lok Phase 1,28.4545693,77.0826249,2700.00000000027,4,4.0,,6,Semifurnished,Independent/Builder Floor,35000000.0,Gurgaon,J71567528
Sector 88A Gurgaon,28.4337898,76.9539433,1650.0,2,2.0,,1,Semifurnished,Apartment,11900000.0,Gurgaon,W71566894
Sector 113 Gurgaon,28.5286649,77.0250282,2600.0,4,4.0,,5,Semifurnished,Apartment,33125000.0,Gurgaon,T71566486
Sector 93 Gurgaon,28.4156048,76.931638,1496.0,3,3.0,,5,Semifurnished,Independent/Builder Floor,13500000.0,Gurgaon,L71565834
Sector 37D Gurgaon,28.4480039,76.9697682,1828.0,4,4.0,,5,Semifurnished,Apartment,24000000.0,Gurgaon,B71563566
Sector 99 Gurgaon,28.4645549,76.9628585,2365.0,4,4.0,,6,Semifurnished,Apartment,20200000.0,Gurgaon,A71563416
Dwarka Expressway Gurgaon,28.4973297,77.0039636,1946.0,3,3.0,,5,Semifurnished,Apartment,24300000.0,Gurgaon,O71563090
Sector 37D Gurgaon,28.4480039,76.9697682,1276.0,3,3.0,,5,Semifurnished,Apartment,21400000.0,Gurgaon,Y71562308
Sector 57 Gurgaon,28.4232478,77.0804487,4050.0000000004,4,4.0,,6,Unfurnished,Independent/Builder Floor,32500000.0,Gurgaon,M71561126
Dlf Phase 2,28.483901,77.0846097,4500.00000000045,4,4.0,,6,Semifurnished,Independent/Builder Floor,62500000.0,Gurgaon,Q71549882
Dlf Phase 2,28.483901,77.0846097,4500.00000000045,4,4.0,,6,Semifurnished,Independent/Builder Floor,60500000.0,Gurgaon,Q71549754
Dlf Phase 2,28.483901,77.0846097,4500.00000000045,4,4.0,,6,Semifurnished,Independent/Builder Floor,59500000.0,Gurgaon,N71549590
Sector 57 Gurgaon,28.4232478,77.0804487,1620.00000000016,3,3.0,,6,Semifurnished,Independent/Builder Floor,19500000.0,Gurgaon,K71548166
Sector 93 Gurgaon,28.4156048,76.931638,1530.0,3,3.0,,5,Semifurnished,Independent/Builder Floor,15300000.0,Gurgaon,H71544228
Sector 57 Gurgaon,28.4232478,77.0804487,1620.00000000016,3,3.0,,6,Semifurnished,Independent/Builder Floor,16500000.0,Gurgaon,Y71540228
Sector 52 Gurgaon,28.4368166,77.0795276,2160.00000000021,3,3.0,,6,Semifurnished,Independent/Builder Floor,26500000.0,Gurgaon,R71540080
Sector 102 Gurgaon,28.4754872,76.9711747,2250.00000000022,3,3.0,,6,Semifurnished,Apartment,23000000.0,Gurgaon,I71539954
Sector 108 Gurgaon,28.5128994,76.9823615,1650.0,3,4.0,,6,Semifurnished,Apartment,22000000.0,Gurgaon,B71539884
Dlf Phase 5,28.503445,77.0952048,1650.0,4,4.0,,2,Semifurnished,Apartment,80000000.0,Gurgaon,O71521500
Sector 93 Gurgaon,28.4156048,76.931638,1235.0,3,2.0,,5,Semifurnished,Independent/Builder Floor,11500000.0,Gurgaon,T71518572
Sector 109 Gurgaon,28.5109205,77.0065956,1650.0,3,4.0,,2,Semifurnished,Apartment,12200000.0,Gurgaon,O71518340
Sector 93 Gurgaon,28.4156048,76.931638,1530.0,3,3.0,,5,Semifurnished,Independent/Builder Floor,13500000.0,Gurgaon,Y71515620
Sector 88B Gurgaon,28.4420223,76.9538495,1350.0,2,2.0,,6,Semifurnished,Independent/Builder Floor,10800000.0,Gurgaon,J71503652
Gwal Pahari,28.4326344,77.1480585,1650.0,3,3.0,,6,Semifurnished,Independent/Builder Floor,10800000.0,Gurgaon,X71503022
Sector 103 Gurgaon,28.493087,76.9866453,1650.0,3,3.0,,5,Semifurnished,Apartment,17200000.0,Gurgaon,N71502818
Sector 104 Gurgaon,28.4795324,76.9937197,1650.0,3,4.0,,1,Semifurnished,Apartment,30500000.0,Gurgaon,F71502562
Sector 56 Gurgaon,28.4252244,77.0992377,1650.0,1,1.0,,2,Semifurnished,Apartment,5600000.0,Gurgaon,R62961986
Sector 83 Gurgaon,28.3963578,76.9654747,1450.0,3,2.0,,5,Semifurnished,Apartment,12000000.0,Gurgaon,P71502416
Sector 84 Gurgaon,28.4035469,76.9677894,2700.0,4,4.0,,5,Semifurnished,Independent/Builder Floor,23000000.0,Gurgaon,A71502292
Sector 31 Gurgaon,28.4540044,77.0497179,2167.0,3,3.0,,6,Semifurnished,Independent/Builder Floor,27500000.0,Gurgaon,O71501934
Sector 23 Gurgaon,28.510319,77.0530094,1260.0,3,3.0,,1,Semifurnished,Independent/Builder Floor,12000000.0,Gurgaon,T71497746
South City 2,28.4188806,77.0439211,2856.0,4,4.0,,6,Semifurnished,Independent/Builder Floor,32000000.0,Gurgaon,H71493290
Sector 92 Gurgaon,28.4089049,76.9155232,1300.0,2,2.0,,5,Semifurnished,Independent/Builder Floor,8700000.0,Gurgaon,C71490836
Sector 103 Gurgaon,28.493087,76.9866453,1875.0,3,3.0,,5,Semifurnished,Apartment,17000000.0,Gurgaon,I71489952
Sector 92 Gurgaon,28.4089049,76.9155232,1010.0,2,2.0,,5,Semifurnished,Independent/Builder Floor,8300000.0,Gurgaon,K71489734
Sector 84 Gurgaon,28.4035469,76.9677894,2700.0,4,4.0,,5,Semifurnished,Independent/Builder Floor,23000000.0,Gurgaon,D71489636
Sector 83 Gurgaon,28.3963578,76.9654747,1450.0,3,2.0,,5,Semifurnished,Apartment,11900000.0,Gurgaon,Z71489368
Sector 92 Gurgaon,28.4089049,76.9155232,1190.0,3,2.0,,5,Semifurnished,Independent/Builder Floor,9500000.0,Gurgaon,P71488578
Dlf Phase 2,28.483901,77.0846097,2533.0,4,4.0,,6,Semifurnished,Independent/Builder Floor,44000000.0,Gurgaon,U71487700
Sector 57 Gurgaon,28.4232478,77.0804487,2265.0,3,3.0,,6,Semifurnished,Independent/Builder Floor,22500000.0,Gurgaon,O71487368
Sector 54 Gurgaon,28.433569,77.1055815,3016.0,4,4.0,,1,Semifurnished,Apartment,139000000.0,Gurgaon,I71472740
Sector 54 Gurgaon,28.433569,77.1055815,3016.0,4,6.0,,1,Semifurnished,Apartment,140000000.0,Gurgaon,H71471040
Sector 54 Gurgaon,28.433569,77.1055815,3016.0,4,4.0,,1,Semifurnished,Apartment,145000000.0,Gurgaon,Y71470778
Sector 63A Gurgaon,28.4618719,77.05688,1000.0,3,3.0,,5,Semifurnished,Independent/Builder Floor,19200000.0,Gurgaon,P71464358
Sector 63A Gurgaon,28.4618719,77.05688,1060.0,2,2.0,,5,Semifurnished,Independent/Builder Floor,16100000.0,Gurgaon,G71463962
Sector 63A Gurgaon,28.4618719,77.05688,1450.0,4,4.0,,5,Semifurnished,Independent/Builder Floor,24000000.0,Gurgaon,Z71463364
Sector 63A Gurgaon,28.4618719,77.05688,1450.0,4,4.0,,5,Semifurnished,Independent/Builder Floor,21500000.0,Gurgaon,J71462612
Sector 56 Gurgaon,28.4252244,77.0992377,1650.0,1,1.0,,2,Semifurnished,Apartment,5600000.0,Gurgaon,P62829786
Sector 63A Gurgaon,28.4618719,77.05688,1150.0,3,3.0,,5,Semifurnished,Independent/Builder Floor,19000000.0,Gurgaon,L71462182
Sector 63A Gurgaon,28.4618719,77.05688,1150.0,3,3.0,,5,Semifurnished,Independent/Builder Floor,19500000.0,Gurgaon,I71461110
Dlf Phase 2,28.483901,77.0846097,3618.00000000036,4,4.0,,6,Semifurnished,Independent/Builder Floor,45000000.0,Gurgaon,L71446750
Sector 54 Gurgaon,28.433569,77.1055815,2704.0,4,4.0,,2,Semifurnished,Apartment,66000000.0,Gurgaon,H71427460
Sector 42 Gurgaon,28.4487856,77.0988212,2300.0,4,4.0,,2,Semifurnished,Apartment,50000000.0,Gurgaon,T71425574
Dlf Phase 5,28.503445,77.0952048,2500.0,4,4.0,,2,Semifurnished,Apartment,50000000.0,Gurgaon,H71425322
Sector 54 Gurgaon,28.433569,77.1055815,2800.0,4,4.0,,2,Semifurnished,Apartment,66500000.0,Gurgaon,N71404534
Sushant Lok Phase 2,28.464228,77.076724,3600.00000000036,4,4.0,,6,Semifurnished,Independent/Builder Floor,39000000.0,Gurgaon,D71401146
Sushant Lok Phase 2,28.464228,77.076724,3600.00000000036,4,4.0,,6,Semifurnished,Independent/Builder Floor,37000000.0,Gurgaon,O71400956
Sector 83 Gurgaon,28.3963578,76.9654747,1450.0,3,2.0,,5,Semifurnished,Apartment,11900000.0,Gurgaon,M71397206
Sector 84 Gurgaon,28.4035469,76.9677894,2700.0,4,4.0,,5,Semifurnished,Independent/Builder Floor,23500000.0,Gurgaon,O71396844
Sector 99A Gurgaon,28.4554059,76.9510278,445.53,2,2.0,,1,Semifurnished,Apartment,2990000.0,Gurgaon,H71393430
Sector 93 Gurgaon,28.4156048,76.931638,1496.0,3,3.0,,5,Semifurnished,Independent/Builder Floor,13800000.0,Gurgaon,J71381102
Sector 92 Gurgaon,28.4089049,76.9155232,1010.0,2,2.0,,5,Semifurnished,Independent/Builder Floor,8300000.0,Gurgaon,X71380914
Sector 56 Gurgaon,28.4252244,77.0992377,1650.0,3,2.0,,2,Semifurnished,Apartment,13600000.0,Gurgaon,R62143046
Dlf Phase 5,28.503445,77.0952048,2610.0,4,4.0,,2,Semifurnished,Apartment,49000000.0,Gurgaon,H71370028
Dlf Phase 5,28.503445,77.0952048,1650.0,4,4.0,,2,Semifurnished,Apartment,54500000.0,Gurgaon,W71369684
Dlf Phase 4,28.4919048,77.0937804,1105.0,2,2.0,,3,Semifurnished,Apartment,14000000.0,Gurgaon,B71368546
Sector 58 Gurgaon,28.4160012,77.1085564,1650.0,3,4.0,,1,Semifurnished,Apartment,42000000.0,Gurgaon,O71368052
Sector 54 Gurgaon,28.433569,77.1055815,1650.0,4,4.0,,2,Semifurnished,Apartment,95000000.0,Gurgaon,E71320194
Dlf Phase 5,28.503445,77.0952048,1650.0,4,4.0,,2,Semifurnished,Apartment,85000000.0,Gurgaon,B71319934
Sector 54 Gurgaon,28.433569,77.1055815,1650.0,4,5.0,,2,Semifurnished,Apartment,62000000.0,Gurgaon,Z71303566
Sector 54 Gurgaon,28.433569,77.1055815,1650.0,4,4.0,,2,Semifurnished,Apartment,115000000.0,Gurgaon,V71302968
Sector 54 Gurgaon,28.433569,77.1055815,1650.0,3,4.0,,1,Semifurnished,Apartment,85000000.0,Gurgaon,O71302744
Sector 93 Gurgaon,28.4156048,76.931638,1496.0,3,4.0,,5,Semifurnished,Independent/Builder Floor,13800000.0,Gurgaon,Q71280274
Sector 93 Gurgaon,28.4156048,76.931638,1500.0,3,3.0,,5,Semifurnished,Independent/Builder Floor,12700000.0,Gurgaon,N71280140
Sector 92 Gurgaon,28.4089049,76.9155232,1110.0,3,3.0,,5,Semifurnished,Independent/Builder Floor,9700000.0,Gurgaon,Z71280058
Sector-33 Sohna,28.3241636,77.0848644,1210.0,3,3.0,,1,Unfurnished,Apartment,14000000.0,Gurgaon,Z71275548
Sector 56 Gurgaon,28.4252244,77.0992377,1650.0,1,1.0,,2,Semifurnished,Apartment,4800000.0,Gurgaon,D64589430
Sector 56 Gurgaon,28.4252244,77.0992377,1650.0,3,2.0,,2,Semifurnished,Apartment,13800000.0,Gurgaon,P69707220
Sector 92 Gurgaon,28.4089049,76.9155232,1530.0,3,4.0,,5,Semifurnished,Independent/Builder Floor,9800000.0,Gurgaon,X71266214
Sector 54 Gurgaon,28.433569,77.1055815,3116.0,4,5.0,,1,Unknown,Apartment,105000000.0,Gurgaon,C71211970
Sector 54 Gurgaon,28.433569,77.1055815,1650.0,3,5.0,,1,Unknown,Apartment,85000000.0,Gurgaon,O71202180
Sector 111 Gurgaon,28.5222773,77.0336203,1605.0,3,3.0,,5,Semifurnished,Apartment,23200000.0,Gurgaon,L71177424
Sector 88A Gurgaon,28.4337898,76.9539433,1650.0,3,4.0,,1,Semifurnished,Apartment,20000000.0,Gurgaon,L71171004
Sector 84 Gurgaon,28.4035469,76.9677894,1650.0,4,5.0,,5,Semifurnished,Independent/Builder Floor,18500000.0,Gurgaon,M68168242
Sector 88A Gurgaon,28.4337898,76.9539433,1650.0,3,4.0,,1,Unfurnished,Apartment,16900000.0,Gurgaon,P69141786
Sector 79 Gurgaon,28.4618719,77.05688,1650.0,3,4.0,,1,Semifurnished,Apartment,22000000.0,Gurgaon,S70372112
Sector 88A Gurgaon,28.4337898,76.9539433,1650.0,2,2.0,,1,Semifurnished,Apartment,11300000.0,Gurgaon,M67878706
Sector 79 Gurgaon,28.4618719,77.05688,1650.0,3,4.0,,1,Semifurnished,Apartment,22500000.0,Gurgaon,T67787258
Sector 88A Gurgaon,28.4337898,76.9539433,1650.0,3,3.0,,1,Semifurnished,Apartment,16100000.0,Gurgaon,I68954216
Sector 88A Gurgaon,28.4337898,76.9539433,1650.0,3,4.0,,1,Semifurnished,Apartment,16700000.0,Gurgaon,O68005652
Sector 93 Gurgaon,28.4156048,76.931638,1500.0,3,3.0,,5,Semifurnished,Independent/Builder Floor,12899990.0,Gurgaon,J71167470
Sector 92 Gurgaon,28.4089049,76.9155232,1190.0,3,3.0,,5,Semifurnished,Independent/Builder Floor,9800000.0,Gurgaon,K71167340
Sector 93 Gurgaon,28.4156048,76.931638,1500.0,3,3.0,,5,Semifurnished,Independent/Builder Floor,12900000.0,Gurgaon,Q71159444
Sector 92 Gurgaon,28.4089049,76.9155232,1010.0,2,2.0,,5,Semifurnished,Independent/Builder Floor,8000000.0,Gurgaon,J71159364
Sector 56 Gurgaon,28.4252244,77.0992377,1650.0,1,1.0,,2,Semifurnished,Apartment,4800000.0,Gurgaon,Y67686880
Sector 56 Gurgaon,28.4252244,77.0992377,1650.0,3,2.0,,2,Semifurnished,Apartment,15000000.0,Gurgaon,B67686738
Sector 56 Gurgaon,28.4252244,77.0992377,1650.0,1,1.0,,2,Semifurnished,Apartment,5500000.0,Gurgaon,W66007250
Sector 93 Gurgaon,28.4156048,76.931638,1500.0,3,3.0,,5,Semifurnished,Independent/Builder Floor,13000000.0,Gurgaon,C71138984
Sector 92 Gurgaon,28.4089049,76.9155232,1010.0,2,2.0,,5,Semifurnished,Independent/Builder Floor,8400000.0,Gurgaon,P71138836
Sector 93 Gurgaon,28.4156048,76.931638,1500.0,3,3.0,,5,Semifurnished,Independent/Builder Floor,12900000.0,Gurgaon,C71129442
Sector 92 Gurgaon,28.4089049,76.9155232,1190.0,3,2.0,,5,Semifurnished,Independent/Builder Floor,9800000.0,Gurgaon,C71129196
Sector 92 Gurgaon,28.4089049,76.9155232,1010.0,2,2.0,,5,Semifurnished,Independent/Builder Floor,8000000.0,Gurgaon,E71114500
Sector 93 Gurgaon,28.4156048,76.931638,1500.0,3,3.0,,5,Semifurnished,Independent/Builder Floor,13000000.0,Gurgaon,U71114132
Sector 56 Gurgaon,28.4252244,77.0992377,2700.00000000027,4,4.0,,6,Semifurnished,Independent/Builder Floor,32500000.0,Gurgaon,F71100936
Sector 56 Gurgaon,28.4252244,77.0992377,2700.00000000027,4,4.0,,6,Semifurnished,Independent/Builder Floor,28000000.0,Gurgaon,A71100738
Sector 40 Gurgaon,28.449216,77.0566378,1650.0,3,3.0,,1,Unfurnished,Independent/Builder Floor,19000000.0,Gurgaon,T71098828
Sector 113 Gurgaon,28.5286649,77.0250282,1550.0,3,3.0,,1,Semifurnished,Apartment,22500000.0,Gurgaon,K70951648
Sushant Lok Phase 1,28.4545693,77.0826249,2100.0,4,5.0,,6,Semifurnished,Independent/Builder Floor,36000000.0,Gurgaon,C71097196
Gwal Pahari,28.4326344,77.1480585,1250.0,2,2.0,,3,Semifurnished,Apartment,7250000.0,Gurgaon,B70786582
Sector 106 Gurgaon,28.5060806,76.9967796,2200.0,4,4.0,,5,Unfurnished,Apartment,50000000.0,Gurgaon,T71043362
Sector 70A Gurgaon,28.3846684,77.0220391,905.0,2,2.0,,6,Semifurnished,Apartment,12900000.0,Gurgaon,T71043344
Sector 40 Gurgaon,28.449216,77.0566378,1650.0,3,3.0,,1,Unfurnished,Independent/Builder Floor,21600000.0,Gurgaon,S70991230
Sector 40 Gurgaon,28.449216,77.0566378,1650.0,3,3.0,,1,Unfurnished,Independent/Builder Floor,21000000.0,Gurgaon,Z70991058
Sector 110 A Gurgaon,28.5069625,77.018321,1650.0,3,3.0,,1,Semifurnished,Apartment,15500000.0,Gurgaon,X70986196
Sohna,28.3241636,77.0848644,514.0,2,2.0,,1,Semifurnished,Apartment,6000000.0,Gurgaon,M70919346
Sohna,28.3241636,77.0848644,629.0,2,2.0,,1,Semifurnished,Apartment,3500000.0,Gurgaon,D70917156
Sector 89 A Gurgaon,28.4184455,76.9457567,1120.0,3,3.0,,5,Unknown,Apartment,10500000.0,Gurgaon,E42823889
Sector 22 Gurgaon,28.4947315,77.0691703,1650.0,3,5.0,,5,Unknown,Apartment,30000000.0,Gurgaon,A42261447
Sector 22 Gurgaon,28.4947315,77.0691703,1650.0,4,6.0,,5,Unknown,Apartment,42002000.0,Gurgaon,A42352137
Sector 85 Gurgaon,28.3985762,76.9547447,1650.0,3,3.0,,5,Semifurnished,Apartment,11000000.0,Gurgaon,K42329477
Sector 65 Gurgaon,28.4030162,77.0695893,1650.0,2,2.0,,5,Semifurnished,Apartment,16121250.0,Gurgaon,K51167554
Sector 99A Gurgaon,28.4554059,76.9510278,910.0,3,2.0,,5,Semifurnished,Apartment,8725000.0,Gurgaon,M42824647
Sector 104 Gurgaon,28.4795324,76.9937197,1082.0,3,3.0,,5,Semifurnished,Apartment,10450000.0,Gurgaon,N42372611
Sohna,28.3241636,77.0848644,597.53,2,2.0,,1,Semifurnished,Apartment,3600000.0,Gurgaon,Z70915000
Sohna,28.3241636,77.0848644,584.34,2,2.0,,1,Semifurnished,Apartment,4400000.0,Gurgaon,N70913732
Sector 70A Gurgaon,28.3846684,77.0220391,1650.0,2,2.0,,5,Semifurnished,Apartment,9338800.0,Gurgaon,Z43271411
Sector 63 Gurgaon,28.3964476,77.086498,1650.0,3,3.0,,5,Semifurnished,Apartment,18000000.0,Gurgaon,A42414853
Sector 88A Gurgaon,28.4337898,76.9539433,1650.0,3,4.0,,6,Semifurnished,Apartment,11760000.0,Gurgaon,A55163324
Sector 81 Gurgaon,28.3873647,76.9475835,2240.0,3,4.0,,6,Semifurnished,Apartment,19000000.0,Gurgaon,Z41794653
Sector 3 Gurgaon,28.4944483,77.0985008,1650.0,3,3.0,,5,Unknown,Apartment,14400000.0,Gurgaon,H42400105
Sector 84 Gurgaon,28.4035469,76.9677894,2000.0,3,3.0,,6,Semifurnished,Independent/Builder Floor,10000000.0,Gurgaon,V52212020
Sector 106 Gurgaon,28.5060806,76.9967796,1919.0,4,4.0,,5,Semifurnished,Apartment,22200000.0,Gurgaon,N36967679
Sector 84 Gurgaon,28.4035469,76.9677894,1260.0,3,3.0,,6,Semifurnished,Independent/Builder Floor,9999999.0,Gurgaon,C51695086
Sector 70A Gurgaon,28.3846684,77.0220391,1650.0,3,4.0,,5,Semifurnished,Apartment,18315000.0,Gurgaon,R43271219
Sector 52 Gurgaon,28.4368166,77.0795276,1650.0,3,4.0,,2,Semifurnished,Apartment,18000000.0,Gurgaon,H70899748
Sector-33 Sohna,28.3241636,77.0848644,995.0,2,2.0,,5,Unfurnished,Apartment,11000000.0,Gurgaon,P70895854
Suncity,28.507814,77.0713577,2250.00000000022,4,4.0,,6,Semifurnished,Independent/Builder Floor,31000000.0,Gurgaon,L70884478
Suncity,28.507814,77.0713577,2484.00000000024,4,4.0,,6,Semifurnished,Independent/Builder Floor,34000000.0,Gurgaon,S70884232
Suncity,28.507814,77.0713577,2484.00000000024,4,4.0,,6,Semifurnished,Independent/Builder Floor,35000000.0,Gurgaon,O70884052
Sector 43 Gurgaon,28.4487856,77.0988212,3240.00000000032,4,4.0,,6,Semifurnished,Independent/Builder Floor,35000000.0,Gurgaon,U70882070
Valley View Estate,28.4358878,77.1365212,1812.0,4,4.0,,3,Semifurnished,Apartment,13500000.0,Gurgaon,C70867162
Valley View Estate,28.4358878,77.1365212,1750.0,3,3.0,,3,Semifurnished,Apartment,9100000.0,Gurgaon,X70867152
Valley View Estate,28.4358878,77.1365212,2200.0,4,4.0,,3,Semifurnished,Apartment,15700000.0,Gurgaon,M70867132
Valley View Estate,28.4358878,77.1365212,1580.0,3,3.0,,3,Semifurnished,Apartment,9350000.0,Gurgaon,D70867108
Valley View Estate,28.4358878,77.1365212,1250.0,2,2.0,,3,Semifurnished,Apartment,7500000.0,Gurgaon,S70867100
Dlf Phase 1,28.4765171,77.090194,3375.00000000033,3,3.0,,1,Semifurnished,Independent/Builder Floor,40000000.0,Gurgaon,U70862758
Sector 109 Gurgaon,28.5109205,77.0065956,1650.0,2,3.0,,1,Semifurnished,Independent House/Villa,15000000.0,Gurgaon,W70859464
Sohna,28.3241636,77.0848644,1276.0,3,4.0,,5,Semifurnished,Apartment,16500000.0,Gurgaon,Q70856938
Sohna,28.3241636,77.0848644,356.21,1,1.0,,1,Semifurnished,Apartment,2050000.0,Gurgaon,O70844000
Valley View Estate,28.4358878,77.1365212,2273.0,4,4.0,,2,Semifurnished,Apartment,15500000.0,Gurgaon,M70843902
Valley View Estate,28.4358878,77.1365212,929.0,2,2.0,,2,Semifurnished,Apartment,5500000.0,Gurgaon,C70843518
Sector 77 Gurgaon,28.3832337,76.982557,2520.0,4,4.0,,5,Unfurnished,Apartment,46800000.0,Gurgaon,O70810668
Sector 106 Gurgaon,28.5060806,76.9967796,1401.0,3,4.0,,5,Semifurnished,Apartment,30200000.0,Gurgaon,S70805742
Sector 37D Gurgaon,28.4480039,76.9697682,1650.0,3,4.0,,5,Semifurnished,Apartment,8500000.0,Gurgaon,I51162064
Sector 81 Gurgaon,28.3873647,76.9475835,2240.0,4,6.0,,6,Semifurnished,Apartment,22000000.0,Gurgaon,C41795097
Sector 102 Gurgaon,28.4754872,76.9711747,845.0,2,2.0,,5,Semifurnished,Apartment,7100000.0,Gurgaon,R40285499
Sector 84 Gurgaon,28.4035469,76.9677894,1650.0,3,3.0,,6,Semifurnished,Apartment,8299232.0,Gurgaon,J51695460
Sector 77 Gurgaon,28.3832337,76.982557,1242.0,3,3.0,,5,Semifurnished,Apartment,11800000.0,Gurgaon,N42292997
Sector 77 Gurgaon,28.3832337,76.982557,1468.0,3,4.0,,5,Semifurnished,Apartment,11810000.0,Gurgaon,B42053815
Sector 92 Gurgaon,28.4089049,76.9155232,1650.0,3,4.0,,6,Semifurnished,Apartment,11744000.0,Gurgaon,H42403689
Sector 92 Gurgaon,28.4089049,76.9155232,1650.0,4,5.0,,6,Semifurnished,Apartment,14400500.0,Gurgaon,B42403887
Sector 72 Gurgaon,28.3943815,77.032363,1650.0,4,5.0,,6,Unknown,Apartment,29000000.0,Gurgaon,E42343021
Sector 72 Gurgaon,28.3943815,77.032363,1912.0,3,3.0,,6,Semifurnished,Apartment,32000000.0,Gurgaon,K42823987
Sector 86 Gurgaon,28.3981205,76.9411257,1295.0,3,3.0,,6,Semifurnished,Apartment,14900000.0,Gurgaon,E41793717
Mg Road,28.4769607,77.0662688,1591.0,3,5.0,,5,Unknown,Apartment,44571000.0,Gurgaon,S42294561
Sector 104 Gurgaon,28.4795324,76.9937197,1311.0,3,4.0,,5,Semifurnished,Apartment,17000000.0,Gurgaon,J38883303
Sohna,28.3241636,77.0848644,1540.0,4,4.0,,5,Semifurnished,Apartment,19300000.0,Gurgaon,D40989241
Sohna,28.3241636,77.0848644,730.0,2,2.0,,6,Semifurnished,Apartment,6500000.0,Gurgaon,O55444458
Sohna,28.3241636,77.0848644,1276.0,4,4.0,,6,Semifurnished,Apartment,12307600.0,Gurgaon,F55444350
Sohna,28.3241636,77.0848644,1276.0,3,4.0,,5,Semifurnished,Apartment,10180000.0,Gurgaon,L55444870
Sohna,28.3241636,77.0848644,730.0,2,2.0,,5,Semifurnished,Apartment,6000000.0,Gurgaon,O55444766
Sohna,28.3241636,77.0848644,840.0,3,2.0,,5,Semifurnished,Independent/Builder Floor,5448285.0,Gurgaon,J45106309
Sector 102 Gurgaon,28.4754872,76.9711747,1028.0,3,3.0,,5,Semifurnished,Apartment,9700000.0,Gurgaon,V40285779
Sector 104 Gurgaon,28.4795324,76.9937197,1950.0,4,4.0,,5,Unfurnished,Apartment,22050000.0,Gurgaon,W38884123
Sector 86 Gurgaon,28.3981205,76.9411257,1650.0,3,3.0,,6,Semifurnished,Apartment,14500000.0,Gurgaon,P42271723
Sector 108 Gurgaon,28.5128994,76.9823615,1550.0,3,4.0,,5,Semifurnished,Apartment,21812739.0,Gurgaon,Q38777425
Sector 108 Gurgaon,28.5128994,76.9823615,945.0,2,2.0,,5,Semifurnished,Apartment,12000000.0,Gurgaon,U38775689
Sector 99A Gurgaon,28.4554059,76.9510278,1085.0,3,2.0,,5,Semifurnished,Apartment,8525000.0,Gurgaon,Q42804865
Sector-33 Sohna,28.3241636,77.0848644,1647.0,3,3.0,,5,Semifurnished,Apartment,12100000.0,Gurgaon,B38664001
Sector 69 Gurgaon,28.3960701,77.0372311,1650.0,4,4.0,,1,Semifurnished,Apartment,19000000.0,Gurgaon,W71237056
Gwal Pahari,28.4326344,77.1480585,1130.0,2,2.0,,1,Semifurnished,Independent/Builder Floor,10900000.0,Gurgaon,Q63717950
Sector 67 Gurgaon,28.3864052,77.0598046,1650.0,3,3.0,,1,Unfurnished,Apartment,30000000.0,Gurgaon,A70576578
Sector 65 Gurgaon,28.4030162,77.0695893,1975.0,4,4.0,,1,Semifurnished,Apartment,27500000.0,Gurgaon,A70171324
Sector 63 Gurgaon,28.3964476,77.086498,3200.0,4,4.0,,1,Semifurnished,Independent/Builder Floor,32000000.0,Gurgaon,D69766316
Sohna,28.3241636,77.0848644,1050.0,2,2.0,,5,Semifurnished,Apartment,5500000.0,Gurgaon,F32436601
Sector-33 Sohna,28.3241636,77.0848644,1650.0,3,3.0,,5,Semifurnished,Apartment,6900000.0,Gurgaon,D26076675
Sector-33 Sohna,28.3241636,77.0848644,1650.0,3,3.0,,5,Semifurnished,Apartment,6000000.0,Gurgaon,G27675531
Sector-33 Sohna,28.3241636,77.0848644,900.0,2,2.0,,5,Semifurnished,Apartment,5700000.0,Gurgaon,B32299797
Sector-33 Sohna,28.3241636,77.0848644,1650.0,3,3.0,,5,Semifurnished,Apartment,6000000.0,Gurgaon,O26905701
Sector-33 Sohna,28.3241636,77.0848644,1650.0,3,3.0,,5,Semifurnished,Apartment,6900000.0,Gurgaon,W26407325
Sector-33 Sohna,28.3241636,77.0848644,1650.0,2,2.0,,5,Unfurnished,Apartment,5500000.0,Gurgaon,V26407423
Sector 65 Gurgaon,28.4030162,77.0695893,3500.0,3,5.0,,5,Semifurnished,Apartment,20000000.0,Gurgaon,G49842964
Sohna Road,28.3999199,77.0451273,650.0,2,1.0,,5,Semifurnished,Apartment,3300000.0,Gurgaon,I46087957
Sector 48 Gurgaon,28.4104903,77.0394627,1400.0,2,2.0,,2,Semifurnished,Apartment,14500000.0,Gurgaon,K71743366
Sector 61 Gurgaon,28.4110188,77.0963685,1650.0,3,3.0,,1,Semifurnished,Apartment,22500000.0,Gurgaon,H71627710
Dlf Phase 2,28.483901,77.0846097,1650.0,2,2.0,,2,Semifurnished,Apartment,26500000.0,Gurgaon,X71778890
Sector 79 Gurgaon,28.4618719,77.05688,1650.0,3,3.0,,5,Semifurnished,Apartment,14000000.0,Gurgaon,N71679202
Sector 93 Gurgaon,28.4156048,76.931638,1650.0,3,3.0,,5,Semifurnished,Apartment,14000000.0,Gurgaon,U71678654
Sector 81 Gurgaon,28.3873647,76.9475835,1650.0,3,2.0,,5,Semifurnished,Apartment,10900000.0,Gurgaon,S71678400
Sector 92 Gurgaon,28.4089049,76.9155232,1650.0,2,2.0,,5,Semifurnished,Apartment,9400000.0,Gurgaon,X71678042
Sector 104 Gurgaon,28.4795324,76.9937197,884.58,3,2.0,,5,Semifurnished,Apartment,15500000.0,Gurgaon,I71660192
Sector 110 Gurgaon,28.5069625,77.018321,1650.0,4,5.0,,1,Semifurnished,Apartment,38500000.0,Gurgaon,Y71657924
Sector 106 Gurgaon,28.5060806,76.9967796,1855.0,3,3.0,,5,Semifurnished,Apartment,26500000.0,Gurgaon,G71656426
Sector 104 Gurgaon,28.4795324,76.9937197,1082.2,3,3.0,,5,Semifurnished,Apartment,17500000.0,Gurgaon,D71656098
Sector 102 Gurgaon,28.4754872,76.9711747,1650.0,3,3.0,,1,Semifurnished,Independent/Builder Floor,25000000.0,Gurgaon,M71655914
Sector 108 Gurgaon,28.5128994,76.9823615,974.68,3,3.0,,1,Semifurnished,Apartment,17000000.0,Gurgaon,N71655482
Sector 113 Gurgaon,28.5286649,77.0250282,1650.0,4,4.0,,1,Semifurnished,Apartment,62400000.0,Gurgaon,Y71654036
Sector 103 Gurgaon,28.493087,76.9866453,1650.0,3,3.0,,2,Semifurnished,Apartment,16000000.0,Gurgaon,L71653606
Sector 102 Gurgaon,28.4754872,76.9711747,1022.58,3,3.0,,2,Semifurnished,Apartment,17000000.0,Gurgaon,A71653162
Sector 109 Gurgaon,28.5109205,77.0065956,1650.0,3,4.0,,2,Semifurnished,Apartment,26500000.0,Gurgaon,T71652284
Sector 109 Gurgaon,28.5109205,77.0065956,1650.0,4,4.0,,2,Semifurnished,Apartment,22000000.0,Gurgaon,Z71651958
Sector 102 Gurgaon,28.4754872,76.9711747,1650.0,3,4.0,,2,Semifurnished,Apartment,31000000.0,Gurgaon,J71651670
Sector 102 Gurgaon,28.4754872,76.9711747,1650.0,3,3.0,,2,Semifurnished,Apartment,18800000.0,Gurgaon,Y71651528
Sector 112 Gurgaon,28.5203402,77.0188612,1650.0,3,3.0,,1,Semifurnished,Apartment,38500000.0,Gurgaon,M71646422
Sector 108 Gurgaon,28.5128994,76.9823615,1650.0,4,4.0,,5,Semifurnished,Apartment,41500000.0,Gurgaon,Z71640752
Sector 111 Gurgaon,28.5222773,77.0336203,1650.0,4,5.0,,1,Semifurnished,Apartment,42500000.0,Gurgaon,N71640536
Sector 110 Gurgaon,28.5069625,77.018321,1650.0,4,5.0,,1,Semifurnished,Apartment,40000000.0,Gurgaon,S71633286
Sohna,28.3241636,77.0848644,1650.0,3,3.0,,5,Semifurnished,Independent/Builder Floor,8500000.0,Gurgaon,V71524264
Sector 65 Gurgaon,28.4030162,77.0695893,1650.0,3,3.0,,5,Semifurnished,Apartment,25118000.0,Gurgaon,N71415678
Sector 102 Gurgaon,28.4754872,76.9711747,1650.0,3,3.0,,6,Semifurnished,Independent House/Villa,19000000.0,Gurgaon,C71050356
Sector 77 Gurgaon,28.3832337,76.982557,1650.0,4,4.0,,5,Unknown,Apartment,35000000.0,Gurgaon,E71018672
Sector 69 Gurgaon,28.3960701,77.0372311,1034.31,3,3.0,,5,Semifurnished,Apartment,15500000.0,Gurgaon,I71018400
Sector 113 Gurgaon,28.5286649,77.0250282,1800.0,3,3.0,,5,Semifurnished,Apartment,21000000.0,Gurgaon,N71018204
Sector 113 Gurgaon,28.5286649,77.0250282,1700.0,3,3.0,,5,Semifurnished,Apartment,21000000.0,Gurgaon,Q71016352
Sector 92 Gurgaon,28.4089049,76.9155232,1650.0,3,3.0,,5,Semifurnished,Apartment,12000000.0,Gurgaon,N71009036
Sector 65 Gurgaon,28.4030162,77.0695893,2000.0,3,3.0,,5,Semifurnished,Apartment,27540000.0,Gurgaon,H70995034
Sector-33 Sohna,28.3241636,77.0848644,1650.0,4,4.0,,6,Unknown,Apartment,26000000.0,Gurgaon,M70889358
Sector-33 Sohna,28.3241636,77.0848644,1650.0,3,3.0,,6,Semifurnished,Apartment,15500000.0,Gurgaon,M70889286
Sector-33 Sohna,28.3241636,77.0848644,1650.0,2,2.0,,6,Semifurnished,Independent/Builder Floor,10500000.0,Gurgaon,M70889156
Sushant Lok Phase 3,28.464228,77.076724,2700.00000000027,3,3.0,,1,Semifurnished,Independent/Builder Floor,23600000.0,Gurgaon,U70430300
Sector 48 Gurgaon,28.4104903,77.0394627,1650.0,3,3.0,,1,Semifurnished,Apartment,34500000.0,Gurgaon,I45937539
Sushant Lok Phase 1,28.4545693,77.0826249,4600.0,4,5.0,,1,Semifurnished,Independent/Builder Floor,37500000.0,Gurgaon,L70209874
Sushant Lok Phase 1,28.4545693,77.0826249,4600.0,4,5.0,,1,Semifurnished,Independent/Builder Floor,35000000.0,Gurgaon,G70207720
Sushant Lok Phase 1,28.4545693,77.0826249,4600.0,4,5.0,,1,Semifurnished,Independent/Builder Floor,36500000.0,Gurgaon,Q70207634
Dlf Phase 1,28.4765171,77.090194,3000.0,4,5.0,,1,Semifurnished,Independent/Builder Floor,30000000.0,Gurgaon,L70119710
South City 1,28.4188433,77.0440293,2160.00000000021,3,3.0,,6,Semifurnished,Independent/Builder Floor,25000000.0,Gurgaon,F68877982
South City 1,28.4188433,77.0440293,3618.00000000036,4,4.0,,6,Semifurnished,Independent/Builder Floor,30000000.0,Gurgaon,D68877810
Sector 23 Gurgaon,28.510319,77.0530094,1550.0,3,3.0,,6,Semifurnished,Independent/Builder Floor,20500000.0,Gurgaon,K71791640
Palam Vihar,28.4983353,77.0203007,2450.0,4,4.0,,6,Semifurnished,Independent/Builder Floor,24000000.0,Gurgaon,I71791254
Palam Vihar,28.4983353,77.0203007,1550.0,3,3.0,,6,Semifurnished,Independent/Builder Floor,20600000.0,Gurgaon,X71791050
Sector 22 Gurgaon,28.4947315,77.0691703,1250.0,3,3.0,,6,Semifurnished,Independent/Builder Floor,16700000.0,Gurgaon,W71790896
Palam Vihar,28.4983353,77.0203007,1550.0,3,3.0,,1,Semifurnished,Independent/Builder Floor,20300000.0,Gurgaon,A70632308
Sector 22 Gurgaon,28.4947315,77.0691703,2200.0,4,4.0,,6,Semifurnished,Independent/Builder Floor,23500000.0,Gurgaon,R71682060
Sector 22 Gurgaon,28.4947315,77.0691703,1250.0,3,3.0,,6,Semifurnished,Independent/Builder Floor,17300000.0,Gurgaon,V71681742
Sector 23 Gurgaon,28.510319,77.0530094,1440.00000000014,3,3.0,,1,Semifurnished,Independent/Builder Floor,17500000.0,Gurgaon,T69272272
Palam Vihar,28.4983353,77.0203007,2710.0,4,4.0,,1,Semifurnished,Independent/Builder Floor,33000000.0,Gurgaon,D69564518
Palam Vihar,28.4983353,77.0203007,2710.0,4,4.0,,1,Semifurnished,Independent/Builder Floor,34500000.0,Gurgaon,A69564660
Sector 23 Gurgaon,28.510319,77.0530094,1350.0,3,3.0,,1,Semifurnished,Independent/Builder Floor,17800000.0,Gurgaon,F70630736
Sector 23 Gurgaon,28.510319,77.0530094,1350.0,3,3.0,,1,Semifurnished,Independent/Builder Floor,18500000.0,Gurgaon,U70630890
Sector 23 Gurgaon,28.510319,77.0530094,1550.0,3,3.0,,1,Semifurnished,Independent/Builder Floor,21500000.0,Gurgaon,I70631326
Sector 22 Gurgaon,28.4947315,77.0691703,1250.0,3,3.0,,6,Semifurnished,Independent/Builder Floor,19000000.0,Gurgaon,O71621016
Sector 23 Gurgaon,28.510319,77.0530094,3850.0,4,4.0,,6,Semifurnished,Independent/Builder Floor,34000000.0,Gurgaon,R71608594
Sector 23 Gurgaon,28.510319,77.0530094,3850.0,4,4.0,,6,Semifurnished,Independent/Builder Floor,33500000.0,Gurgaon,J71608448
Sector 23 Gurgaon,28.510319,77.0530094,3850.0,4,4.0,,6,Semifurnished,Independent/Builder Floor,33000000.0,Gurgaon,Z71608286
Sector 23 Gurgaon,28.510319,77.0530094,1550.0,3,3.0,,6,Semifurnished,Independent/Builder Floor,22200000.0,Gurgaon,A71608088
Sector 23 Gurgaon,28.510319,77.0530094,1550.0,3,3.0,,6,Semifurnished,Independent/Builder Floor,22500000.0,Gurgaon,L71608002
Palam Vihar,28.4983353,77.0203007,1550.0,3,3.0,,6,Semifurnished,Independent/Builder Floor,21600000.0,Gurgaon,X71607902
Sector 23 Gurgaon,28.510319,77.0530094,1250.0,3,3.0,,6,Semifurnished,Independent/Builder Floor,17600000.0,Gurgaon,O71607822
Palam Vihar,28.4983353,77.0203007,1550.0,3,3.0,,6,Semifurnished,Independent/Builder Floor,22300000.0,Gurgaon,D71478482
Palam Vihar,28.4983353,77.0203007,1550.0,3,3.0,,6,Semifurnished,Independent/Builder Floor,22000000.0,Gurgaon,T71473960
Palam Vihar,28.4983353,77.0203007,1550.0,3,3.0,,6,Semifurnished,Independent/Builder Floor,21500000.0,Gurgaon,J71473804
Palam Vihar,28.4983353,77.0203007,1550.0,3,3.0,,6,Semifurnished,Independent/Builder Floor,20500000.0,Gurgaon,B71473626
Sector 22 Gurgaon,28.4947315,77.0691703,1550.0,3,3.0,,6,Semifurnished,Independent/Builder Floor,21500000.0,Gurgaon,J71473406
Sector 22 Gurgaon,28.4947315,77.0691703,1550.0,3,3.0,,6,Semifurnished,Independent/Builder Floor,20800000.0,Gurgaon,Z71472572
Sector 110 Gurgaon,28.5069625,77.018321,3000.0,4,4.0,,6,Semifurnished,Apartment,36000000.0,Gurgaon,G71471828
Palam Vihar,28.4983353,77.0203007,1600.0,3,3.0,,6,Semifurnished,Independent/Builder Floor,20000000.0,Gurgaon,S71470372
Sector 21 Gurgaon,28.5143629,77.0730087,1250.0,3,3.0,,6,Semifurnished,Independent/Builder Floor,17000000.0,Gurgaon,F71470270
Palam Vihar,28.4983353,77.0203007,1650.0,3,3.0,,6,Semifurnished,Independent/Builder Floor,19500000.0,Gurgaon,H71446982
Sector 22 Gurgaon,28.4947315,77.0691703,2200.0,4,4.0,,6,Semifurnished,Independent/Builder Floor,22600000.0,Gurgaon,S71446748
Sector 22 Gurgaon,28.4947315,77.0691703,1250.0,3,3.0,,6,Semifurnished,Independent/Builder Floor,16400000.0,Gurgaon,R71446436
Sector 22 Gurgaon,28.4947315,77.0691703,1250.0,3,3.0,,6,Semifurnished,Independent/Builder Floor,16600000.0,Gurgaon,M71446338
Sector 23 Gurgaon,28.510319,77.0530094,3850.0,4,4.0,,6,Semifurnished,Independent/Builder Floor,30500000.0,Gurgaon,M71446016
Sector 23 Gurgaon,28.510319,77.0530094,2200.0,4,4.0,,6,Semifurnished,Independent/Builder Floor,23300000.0,Gurgaon,I71445110
Sector 23 Gurgaon,28.510319,77.0530094,2200.0,4,4.0,,6,Semifurnished,Independent/Builder Floor,23200000.0,Gurgaon,M71444428
Sector 23 Gurgaon,28.510319,77.0530094,2200.0,4,4.0,,6,Semifurnished,Independent/Builder Floor,23000000.0,Gurgaon,K71443312
Sector 23 Gurgaon,28.510319,77.0530094,2200.0,4,4.0,,6,Semifurnished,Independent/Builder Floor,22500000.0,Gurgaon,X71443052
Sector 23 Gurgaon,28.510319,77.0530094,1550.0,3,3.0,,6,Semifurnished,Independent/Builder Floor,21800000.0,Gurgaon,N71442860
Sector 23 Gurgaon,28.510319,77.0530094,1550.0,3,3.0,,6,Semifurnished,Independent/Builder Floor,21700000.0,Gurgaon,V71442724
Sector 23 Gurgaon,28.510319,77.0530094,1550.0,3,3.0,,6,Semifurnished,Independent/Builder Floor,21600000.0,Gurgaon,A71442546
Sector 23 Gurgaon,28.510319,77.0530094,1550.0,3,3.0,,6,Semifurnished,Independent/Builder Floor,21400000.0,Gurgaon,Y71442318
Sector 23 Gurgaon,28.510319,77.0530094,1550.0,3,3.0,,6,Semifurnished,Independent/Builder Floor,21800000.0,Gurgaon,S71442222
Sector 23 Gurgaon,28.510319,77.0530094,1550.0,3,3.0,,6,Semifurnished,Independent/Builder Floor,22000000.0,Gurgaon,E71442068
Sector 23 Gurgaon,28.510319,77.0530094,1550.0,3,3.0,,6,Semifurnished,Independent/Builder Floor,21200000.0,Gurgaon,R71441896
Sector 23 Gurgaon,28.510319,77.0530094,1550.0,3,3.0,,6,Semifurnished,Independent/Builder Floor,21000000.0,Gurgaon,M71441794
Sector 23 Gurgaon,28.510319,77.0530094,1550.0,3,3.0,,6,Semifurnished,Independent/Builder Floor,21500000.0,Gurgaon,E71441652
Sector 23 Gurgaon,28.510319,77.0530094,1550.0,3,3.0,,6,Semifurnished,Independent/Builder Floor,20000000.0,Gurgaon,I71441494
Sector 23 Gurgaon,28.510319,77.0530094,1250.0,3,3.0,,6,Semifurnished,Independent/Builder Floor,17800000.0,Gurgaon,U71439564
Sector 23 Gurgaon,28.510319,77.0530094,1250.0,3,3.0,,6,Semifurnished,Independent/Builder Floor,17600000.0,Gurgaon,M71439154
Sector 23 Gurgaon,28.510319,77.0530094,1250.0,3,3.0,,6,Semifurnished,Independent/Builder Floor,16900000.0,Gurgaon,R71438636
Sector 23 Gurgaon,28.510319,77.0530094,1250.0,3,3.0,,6,Semifurnished,Independent/Builder Floor,17100000.0,Gurgaon,K71438494
Sector 23 Gurgaon,28.510319,77.0530094,1250.0,3,3.0,,6,Semifurnished,Independent/Builder Floor,17400000.0,Gurgaon,C71438142
Sector 23 Gurgaon,28.510319,77.0530094,1250.0,3,3.0,,6,Semifurnished,Independent/Builder Floor,16800000.0,Gurgaon,E71437836
Sector 23 Gurgaon,28.510319,77.0530094,1250.0,3,3.0,,6,Semifurnished,Independent/Builder Floor,17500000.0,Gurgaon,E71437432
Sector 23 Gurgaon,28.510319,77.0530094,1250.0,3,3.0,,6,Semifurnished,Independent/Builder Floor,16700000.0,Gurgaon,A71437162
Sector 69 Gurgaon,28.3960701,77.0372311,477.0,2,2.0,,1,Semifurnished,Apartment,5800000.0,Gurgaon,M71318292
Palam Vihar,28.4983353,77.0203007,1550.0,3,3.0,,6,Semifurnished,Independent/Builder Floor,21000000.0,Gurgaon,L71297494
Sector 23 Gurgaon,28.510319,77.0530094,1250.0,3,3.0,,6,Semifurnished,Independent/Builder Floor,17300000.0,Gurgaon,K71297338
Palam Vihar,28.4983353,77.0203007,1550.0,3,3.0,,6,Semifurnished,Independent/Builder Floor,20500000.0,Gurgaon,I71296796
Sector 23 Gurgaon,28.510319,77.0530094,2250.0,4,4.0,,6,Semifurnished,Independent/Builder Floor,23000000.0,Gurgaon,C71295344
Palam Vihar,28.4983353,77.0203007,1550.0,3,3.0,,6,Semifurnished,Independent/Builder Floor,23000000.0,Gurgaon,G71294472
Palam Vihar,28.4983353,77.0203007,2450.0,4,4.0,,6,Semifurnished,Independent/Builder Floor,24000000.0,Gurgaon,I71293584
Sector 23 Gurgaon,28.510319,77.0530094,2350.0,4,4.0,,6,Semifurnished,Independent/Builder Floor,23000000.0,Gurgaon,V71293116
Sector 23 Gurgaon,28.510319,77.0530094,1550.0,3,3.0,,6,Semifurnished,Independent/Builder Floor,22000000.0,Gurgaon,H71292970
Sector 23 Gurgaon,28.510319,77.0530094,1250.0,3,3.0,,1,Semifurnished,Independent/Builder Floor,17200000.0,Gurgaon,S71292594
Sector 23 Gurgaon,28.510319,77.0530094,1550.0,3,3.0,,6,Semifurnished,Independent/Builder Floor,21000000.0,Gurgaon,O71292394
Palam Vihar,28.4983353,77.0203007,1550.0,3,3.0,,6,Semifurnished,Independent/Builder Floor,21500000.0,Gurgaon,P71291916
Palam Vihar,28.4983353,77.0203007,1550.0,3,3.0,,6,Semifurnished,Independent/Builder Floor,20000000.0,Gurgaon,J71291736
Sector 23 Gurgaon,28.510319,77.0530094,1550.0,3,3.0,,1,Semifurnished,Independent/Builder Floor,16400000.0,Gurgaon,J71291548
Sector 28 Gurgaon,28.4794143,77.0833588,1650.0,4,4.0,,2,Semifurnished,Apartment,44000000.0,Gurgaon,D71063928
Sector 22 Gurgaon,28.4947315,77.0691703,1350.0,3,3.0,,1,Semifurnished,Independent/Builder Floor,17000000.0,Gurgaon,O70969796
Sector 46 Gurgaon,28.4268461,77.0584252,1650.0,4,4.0,,6,Semifurnished,Independent/Builder Floor,26500000.0,Gurgaon,T68302920
Sector 57 Gurgaon,28.4232478,77.0804487,1836.00000000018,3,3.0,,5,Semifurnished,Independent/Builder Floor,17000000.0,Gurgaon,Z68445888
Sector 45 Gurgaon,28.4449004,77.0663545,2150.0,4,4.0,,6,Semifurnished,Independent/Builder Floor,26100000.0,Gurgaon,U67075920
Dlf Phase 2,28.483901,77.0846097,1650.0,4,4.0,,2,Semifurnished,Independent/Builder Floor,24000000.0,Gurgaon,M68761100
Sector 67A Gurgaon,28.4618719,77.05688,1300.0,4,4.0,,6,Semifurnished,Apartment,24000000.0,Gurgaon,I71710642
Sector 67A Gurgaon,28.4618719,77.05688,1074.0,3,4.0,,1,Semifurnished,Apartment,23500000.0,Gurgaon,Y71681306
Sector 63 Gurgaon,28.3964476,77.086498,3950.0,4,4.0,,5,Semifurnished,Apartment,81100000.0,Gurgaon,Z71681096
Sector 63 Gurgaon,28.3964476,77.086498,1950.0,4,4.0,,6,Unfurnished,Apartment,25000000.0,Gurgaon,I71044496
Valley View Estate,28.4358878,77.1365212,1300.0,3,3.0,,2,Semifurnished,Apartment,8300000.0,Gurgaon,I65579142
Sector 63A Gurgaon,28.4618719,77.05688,1980.0,4,4.0,,6,Unfurnished,Independent/Builder Floor,26500000.0,Gurgaon,G71348916
Valley View Estate,28.4358878,77.1365212,2273.0,4,4.0,,2,Semifurnished,Apartment,16000000.0,Gurgaon,T57596444
Sector 71 Gurgaon,28.3950557,77.0314336,1650.0,3,4.0,,1,Semifurnished,Apartment,12130000.0,Gurgaon,O71495762
Sector 71 Gurgaon,28.3950557,77.0314336,1650.0,4,4.0,,1,Semifurnished,Apartment,14000000.0,Gurgaon,Y71495560
Sector 48 Gurgaon,28.4104903,77.0394627,1650.0,4,5.0,,1,Semifurnished,Apartment,35500000.0,Gurgaon,V71470882
Sector 48 Gurgaon,28.4104903,77.0394627,1650.0,4,4.0,,1,Semifurnished,Apartment,28900000.0,Gurgaon,S71470796
Sector 48 Gurgaon,28.4104903,77.0394627,1650.0,3,3.0,,1,Semifurnished,Apartment,22965000.0,Gurgaon,Y71470720
Sector 48 Gurgaon,28.4104903,77.0394627,1650.0,3,3.0,,1,Semifurnished,Apartment,20000000.0,Gurgaon,Z71470660
Sector 74 Gurgaon,28.4110081,77.0101209,1650.0,3,4.0,,6,Semifurnished,Apartment,25130000.0,Gurgaon,O71458156
Sector 74 Gurgaon,28.4110081,77.0101209,1650.0,2,2.0,,6,Semifurnished,Apartment,16000000.0,Gurgaon,K71458008
Sector 70A Gurgaon,28.3846684,77.0220391,1650.0,3,3.0,,1,Semifurnished,Apartment,19400000.0,Gurgaon,X71442380
Sector 70A Gurgaon,28.3846684,77.0220391,1650.0,2,2.0,,6,Semifurnished,Apartment,14200000.0,Gurgaon,I71442308
Sector 70A Gurgaon,28.3846684,77.0220391,1650.0,3,3.0,,1,Semifurnished,Apartment,18900000.0,Gurgaon,C71373372
Sector 72 Gurgaon,28.3943815,77.032363,1650.0,4,5.0,,1,Semifurnished,Apartment,40000000.0,Gurgaon,Q71372522
Sector 65 Gurgaon,28.4030162,77.0695893,1650.0,3,4.0,,1,Semifurnished,Apartment,65000000.0,Gurgaon,A71371818
Sector 65 Gurgaon,28.4030162,77.0695893,1650.0,4,4.0,,1,Semifurnished,Apartment,121000000.0,Gurgaon,W71370488
Sector 62 Gurgaon,28.407697,77.0823781,1650.0,2,2.0,,1,Semifurnished,Apartment,26100000.0,Gurgaon,F71370242
Sector 71 Gurgaon,28.3950557,77.0314336,1650.0,3,4.0,,1,Semifurnished,Apartment,13500000.0,Gurgaon,J71326588
Sector 71 Gurgaon,28.3950557,77.0314336,1650.0,3,4.0,,1,Semifurnished,Apartment,12300000.0,Gurgaon,A71268230
Sector 74 Gurgaon,28.4110081,77.0101209,1650.0,4,4.0,,1,Semifurnished,Apartment,24200000.0,Gurgaon,G71181334
Sector 74 Gurgaon,28.4110081,77.0101209,1650.0,2,2.0,,1,Semifurnished,Apartment,16000000.0,Gurgaon,V71181240
Sector 71 Gurgaon,28.3950557,77.0314336,1650.0,2,2.0,,1,Semifurnished,Apartment,8000000.0,Gurgaon,C71180980
Sector 59 Gurgaon,28.4030162,77.1066682,1650.0,3,4.0,,1,Semifurnished,Apartment,59800000.0,Gurgaon,T71177932
Sector 74 Gurgaon,28.4110081,77.0101209,1300.0,2,2.0,,6,Semifurnished,Apartment,16200000.0,Gurgaon,E71763378
Sector 65 Gurgaon,28.4030162,77.0695893,2052.0,3,3.0,,5,Semifurnished,Apartment,25000000.0,Gurgaon,J68290058
Sector 3 Gurgaon,28.4944483,77.0985008,2078.0,3,3.0,,5,Semifurnished,Apartment,16500000.0,Gurgaon,M68182514
Sector 74 Gurgaon,28.4110081,77.0101209,1396.0,2,2.0,,6,Semifurnished,Apartment,15000000.0,Gurgaon,E68294328
Sector 3 Gurgaon,28.4944483,77.0985008,1444.0,2,2.0,,5,Semifurnished,Apartment,10600000.0,Gurgaon,E68327112
Sector 3 Gurgaon,28.4944483,77.0985008,2078.0,3,3.0,,5,Semifurnished,Apartment,15900000.0,Gurgaon,A66183146
Sector 3 Gurgaon,28.4944483,77.0985008,2078.0,3,3.0,,5,Semifurnished,Apartment,15000000.0,Gurgaon,P66183420
Sector 3 Gurgaon,28.4944483,77.0985008,1444.0,2,2.0,,5,Semifurnished,Apartment,12000000.0,Gurgaon,A66184118
Sector 3 Gurgaon,28.4944483,77.0985008,2078.0,3,3.0,,5,Semifurnished,Apartment,16000000.0,Gurgaon,H66185322
Sector 65 Gurgaon,28.4030162,77.0695893,1259.0,2,2.0,,5,Semifurnished,Apartment,16400000.0,Gurgaon,F69050038
Sector 3 Gurgaon,28.4944483,77.0985008,1442.0,2,2.0,,5,Semifurnished,Apartment,11800000.0,Gurgaon,I67390492
Sector 3 Gurgaon,28.4944483,77.0985008,2650.0,4,4.0,,5,Semifurnished,Apartment,22000000.0,Gurgaon,K68874398
Sector 70A Gurgaon,28.3846684,77.0220391,1259.0,2,2.0,,6,Unfurnished,Apartment,14500000.0,Gurgaon,X69229592
Sector 74 Gurgaon,28.4110081,77.0101209,1139.2,2,2.0,,6,Semifurnished,Apartment,14500000.0,Gurgaon,J68874982
Sector 3 Gurgaon,28.4944483,77.0985008,2650.0,4,4.0,,5,Semifurnished,Apartment,22000000.0,Gurgaon,C67883676
Sector 3 Gurgaon,28.4944483,77.0985008,2078.0,3,3.0,,5,Semifurnished,Apartment,17000000.0,Gurgaon,D67883404
Sector 72 Gurgaon,28.3943815,77.032363,1950.0,3,3.0,,1,Semifurnished,Apartment,18500000.0,Gurgaon,S71695080
Sector 65 Gurgaon,28.4030162,77.0695893,1900.0,4,4.0,,1,Semifurnished,Independent/Builder Floor,32000000.0,Gurgaon,D71650420
Sector 65 Gurgaon,28.4030162,77.0695893,1500.0,4,3.0,,1,Semifurnished,Independent/Builder Floor,23000000.0,Gurgaon,C71602372
Sector 65 Gurgaon,28.4030162,77.0695893,1400.0,3,3.0,,1,Semifurnished,Independent/Builder Floor,22000000.0,Gurgaon,H71601872
Sector 109 Gurgaon,28.5109205,77.0065956,1650.0,5,6.0,,1,Unknown,Independent House/Villa,115000000.0,Gurgaon,R71432746
Sector 108 Gurgaon,28.5128994,76.9823615,1280.17,3,4.0,,6,Semifurnished,Apartment,30000000.0,Gurgaon,F71421418
Sector 108 Gurgaon,28.5128994,76.9823615,1111.44,3,3.0,,6,Semifurnished,Apartment,27500000.0,Gurgaon,Q71421350
Sector 108 Gurgaon,28.5128994,76.9823615,1650.0,2,2.0,,6,Semifurnished,Apartment,19500000.0,Gurgaon,Z71421256
Sector 112 Gurgaon,28.5203402,77.0188612,1650.0,4,6.0,,1,Semifurnished,Apartment,58500000.0,Gurgaon,L71421168
Sector 112 Gurgaon,28.5203402,77.0188612,1650.0,4,6.0,,1,Semifurnished,Apartment,58000000.0,Gurgaon,L71421146
Sector 112 Gurgaon,28.5203402,77.0188612,1650.0,3,5.0,,1,Semifurnished,Apartment,47000000.0,Gurgaon,V71421134
Sector 99A Gurgaon,28.4554059,76.9510278,1650.0,4,5.0,,6,Semifurnished,Apartment,17640000.0,Gurgaon,Q71416866
Sector 113 Gurgaon,28.5286649,77.0250282,1650.0,2,2.0,,6,Semifurnished,Apartment,14500000.0,Gurgaon,R71416090
Sector 61 Gurgaon,28.4110188,77.0963685,1600.0,3,3.0,,5,Semifurnished,Apartment,22000000.0,Gurgaon,N69714744
Sector 63A Gurgaon,28.4618719,77.05688,2000.0,3,3.0,,5,Semifurnished,Independent/Builder Floor,17800000.0,Gurgaon,E71565142
Sector 70 Gurgaon,28.3947261,77.0223138,1150.0,2,2.0,,6,Semifurnished,Apartment,13000000.0,Gurgaon,J71383292
Gwal Pahari,28.4326344,77.1480585,1650.0,4,6.0,,6,Semifurnished,Apartment,84500000.0,Gurgaon,H52111572
Gwal Pahari,28.4326344,77.1480585,1650.0,4,6.0,,6,Semifurnished,Apartment,85500000.0,Gurgaon,N52110656
Sushant Lok Phase 1,28.4545693,77.0826249,1980.0,4,5.0,,5,Semifurnished,Apartment,66500000.0,Gurgaon,Y70707660
Sector 53 Gurgaon,28.4487856,77.0988212,1638.0,3,4.0,,5,Semifurnished,Apartment,57800000.0,Gurgaon,H70707960
Sector 53 Gurgaon,28.4487856,77.0988212,1646.0,3,4.0,,5,Semifurnished,Apartment,57500000.0,Gurgaon,R70708142
Dlf Phase 3,28.4919048,77.0937804,1650.0,5,5.0,,5,Semifurnished,Independent/Builder Floor,45000000.0,Gurgaon,Z61471580
Dlf Phase 3,28.4919048,77.0937804,1650.0,4,4.0,,5,Semifurnished,Independent/Builder Floor,34900000.0,Gurgaon,F61471152
Dlf Phase 3,28.4919048,77.0937804,1650.0,4,4.0,,5,Semifurnished,Independent/Builder Floor,34593000.0,Gurgaon,X61471266
Cyber City,28.4980703,77.0892567,1650.0,4,4.0,,5,Semifurnished,Independent/Builder Floor,36500000.0,Gurgaon,V61339210
Dlf Phase 3,28.4919048,77.0937804,2800.0,4,4.0,,5,Semifurnished,Independent/Builder Floor,36000000.0,Gurgaon,X52656402
Sector 59 Gurgaon,28.4030162,77.1066682,1650.0,3,4.0,,5,Semifurnished,Apartment,54700000.0,Gurgaon,H70533552
Sector 59 Gurgaon,28.4030162,77.1066682,1650.0,3,4.0,,5,Semifurnished,Apartment,54100000.0,Gurgaon,P70534092
Sector 59 Gurgaon,28.4030162,77.1066682,1650.0,3,4.0,,5,Semifurnished,Apartment,53500000.0,Gurgaon,Z70534506
Sector 59 Gurgaon,28.4030162,77.1066682,1650.0,3,4.0,,5,Semifurnished,Apartment,52500000.0,Gurgaon,P70537622
Sushant Lok Phase 1,28.4545693,77.0826249,1650.0,3,3.0,,5,Semifurnished,Apartment,45200000.0,Gurgaon,K70539088
Sushant Lok Phase 1,28.4545693,77.0826249,1650.0,3,3.0,,5,Semifurnished,Apartment,45000000.0,Gurgaon,G70539194
Sushant Lok Phase 1,28.4545693,77.0826249,1650.0,3,4.0,,5,Semifurnished,Apartment,52500000.0,Gurgaon,E70543594
Sector 59 Gurgaon,28.4030162,77.1066682,1632.11,3,4.0,,6,Semifurnished,Apartment,55000000.0,Gurgaon,A63865142
Sector 59 Gurgaon,28.4030162,77.1066682,1650.0,3,4.0,,5,Semifurnished,Apartment,56800000.0,Gurgaon,G63865220
Dlf Phase 3,28.4919048,77.0937804,1650.0,4,5.0,,6,Semifurnished,Independent/Builder Floor,56800000.0,Gurgaon,Z68866488
Sector 59 Gurgaon,28.4030162,77.1066682,1650.0,3,5.0,,6,Semifurnished,Apartment,53500000.0,Gurgaon,X43203919
Sushant Lok Phase 1,28.4545693,77.0826249,1650.0,3,3.0,,5,Semifurnished,Apartment,45300000.0,Gurgaon,Q68311878
Sector 59 Gurgaon,28.4030162,77.1066682,1650.0,3,4.0,,5,Semifurnished,Apartment,54900000.0,Gurgaon,E45875053
Sushant Lok Phase 1,28.4545693,77.0826249,1650.0,4,5.0,,5,Semifurnished,Apartment,66000000.0,Gurgaon,G70561412
Sector 53 Gurgaon,28.4487856,77.0988212,1650.0,3,4.0,,5,Semifurnished,Apartment,57650000.0,Gurgaon,J70561906
Sector 59 Gurgaon,28.4030162,77.1066682,1650.0,3,4.0,,5,Semifurnished,Apartment,55300000.0,Gurgaon,U43683733
Sector 59 Gurgaon,28.4030162,77.1066682,1650.0,3,4.0,,5,Semifurnished,Apartment,56500000.0,Gurgaon,V45874997
Sector 59 Gurgaon,28.4030162,77.1066682,1650.0,3,4.0,,5,Semifurnished,Apartment,56200000.0,Gurgaon,O51826982
Sector 59 Gurgaon,28.4030162,77.1066682,1650.0,3,4.0,,5,Semifurnished,Apartment,57100000.0,Gurgaon,N51827196
Sector 59 Gurgaon,28.4030162,77.1066682,1650.0,3,4.0,,6,Semifurnished,Apartment,56800000.0,Gurgaon,F43273171
Sushant Lok Phase 1,28.4545693,77.0826249,1650.0,4,5.0,,5,Semifurnished,Apartment,67500000.0,Gurgaon,Q70570018
Sushant Lok Phase 1,28.4545693,77.0826249,1447.0,3,4.0,,5,Semifurnished,Apartment,52300000.0,Gurgaon,C70581218
Sector 53 Gurgaon,28.4487856,77.0988212,1638.0,3,4.0,,5,Semifurnished,Apartment,57700000.0,Gurgaon,L70581562
Sector 53 Gurgaon,28.4487856,77.0988212,2229.0,4,5.0,,5,Semifurnished,Apartment,73680000.0,Gurgaon,B70581602
Sector 53 Gurgaon,28.4487856,77.0988212,2822.0,5,6.0,,5,Semifurnished,Apartment,94563000.0,Gurgaon,P70581666
Sector 47 Gurgaon,28.4268461,77.0584252,1650.0,3,4.0,,2,Semifurnished,Apartment,23500000.0,Gurgaon,Q71126350
Sushant Lok Phase 1,28.4545693,77.0826249,1447.0,3,4.0,,5,Semifurnished,Apartment,49800000.0,Gurgaon,N70707452
Sector 48 Gurgaon,28.4104903,77.0394627,2125.0,3,3.0,,2,Semifurnished,Apartment,18500000.0,Gurgaon,L71594152
Sector 48 Gurgaon,28.4104903,77.0394627,2000.0,3,4.0,,3,Semifurnished,Apartment,20000000.0,Gurgaon,E71584502
Sector 49 Gurgaon,28.4127374,77.0555164,1410.0,3,3.0,,2,Semifurnished,Apartment,23000000.0,Gurgaon,W68138128
Sector 49 Gurgaon,28.4127374,77.0555164,2105.0,4,4.0,,3,Semifurnished,Apartment,33000000.0,Gurgaon,G68198262
Sector 48 Gurgaon,28.4104903,77.0394627,1900.0,4,4.0,,3,Semifurnished,Apartment,28500000.0,Gurgaon,P68198486
Sector 48 Gurgaon,28.4104903,77.0394627,1410.0,3,3.0,,3,Semifurnished,Apartment,19000000.0,Gurgaon,W68198418
Sector 48 Gurgaon,28.4104903,77.0394627,1210.0,3,4.0,,3,Semifurnished,Apartment,22500000.0,Gurgaon,N68198562
Sector 66 Gurgaon,28.3974292,77.0538823,2000.0,4,4.0,,2,Semifurnished,Apartment,35000000.0,Gurgaon,Y68200938
Sector 49 Gurgaon,28.4127374,77.0555164,1510.0,3,4.0,,3,Semifurnished,Apartment,22000000.0,Gurgaon,G68200730
Sector 83 New Gurgaon,28.467026,77.0136083,1100.0,3,3.0,,5,Semifurnished,Apartment,12100000.0,Gurgaon,A71800488
Sector 37D Gurgaon,28.4480039,76.9697682,1650.0,3,3.0,,1,Semifurnished,Apartment,16500000.0,Gurgaon,I67813138
Palam Vihar,28.4983353,77.0203007,1650.0,3,3.0,,2,Unfurnished,Apartment,13800000.0,Gurgaon,M38937323
Sector 70A Gurgaon,28.3846684,77.0220391,1703.0,3,3.0,,1,Semifurnished,Apartment,19500000.0,Gurgaon,A71803570
Sector 106 Gurgaon,28.5060806,76.9967796,2002.0,3,3.0,,5,Semifurnished,Apartment,30000000.0,Gurgaon,F71796452
Sector 84 Gurgaon,28.4035469,76.9677894,1650.0,3,4.0,,1,Semifurnished,Apartment,24500000.0,Gurgaon,O71791718
Sector 70A Gurgaon,28.3846684,77.0220391,1650.0,3,3.0,,1,Semifurnished,Apartment,25500000.0,Gurgaon,E68424004
Sector 66 Gurgaon,28.3974292,77.0538823,1980.0,3,3.0,,1,Semifurnished,Apartment,34500000.0,Gurgaon,G71744746
Sector 106 Gurgaon,28.5060806,76.9967796,1855.0,3,3.0,,1,Semifurnished,Apartment,25300000.0,Gurgaon,H71705098
Sector 102 Gurgaon,28.4754872,76.9711747,1650.0,3,3.0,,1,Semifurnished,Apartment,21600000.0,Gurgaon,I71705048
Sector 108 Gurgaon,28.5128994,76.9823615,1280.17,3,4.0,,1,Semifurnished,Apartment,36000000.0,Gurgaon,P71704958
Sector 106 Gurgaon,28.5060806,76.9967796,1855.0,3,4.0,,1,Semifurnished,Apartment,26500000.0,Gurgaon,J71704886
Sector 104 Gurgaon,28.4795324,76.9937197,1082.2,3,3.0,,5,Semifurnished,Apartment,17300000.0,Gurgaon,M71704788
Sector 102 Gurgaon,28.4754872,76.9711747,1022.58,3,3.0,,1,Semifurnished,Apartment,15900000.0,Gurgaon,O71704706
Sector 102 Gurgaon,28.4754872,76.9711747,1228.17,3,4.0,,1,Semifurnished,Apartment,18600000.0,Gurgaon,D71704624
Sector 102 Gurgaon,28.4754872,76.9711747,1255.73,3,4.0,,1,Semifurnished,Apartment,18600000.0,Gurgaon,P71704426
Sector 84 Gurgaon,28.4035469,76.9677894,1820.0,3,3.0,,1,Semifurnished,Apartment,13500000.0,Gurgaon,C71702566
Sector 84 Gurgaon,28.4035469,76.9677894,1288.0,2,2.0,,1,Semifurnished,Apartment,11000000.0,Gurgaon,Y71701882
Sector 63 Gurgaon,28.3964476,77.086498,1500.0,3,3.0,,6,Semifurnished,Independent/Builder Floor,27000000.0,Gurgaon,X71674030
Sector 62 Gurgaon,28.407697,77.0823781,1650.0,3,3.0,,6,Semifurnished,Apartment,43500000.0,Gurgaon,U71661726
Sector 85 Gurgaon,28.3985762,76.9547447,1180.0,3,3.0,,1,Semifurnished,Apartment,8500000.0,Gurgaon,H71634254
Sector 77 Gurgaon,28.3832337,76.982557,1073.0,2,2.0,,1,Semifurnished,Apartment,9200000.0,Gurgaon,T71626610
Sector 53 Gurgaon,28.4487856,77.0988212,1650.0,3,4.0,,2,Semifurnished,Apartment,49500000.0,Gurgaon,X71609944
Sector 53 Gurgaon,28.4487856,77.0988212,1650.0,3,4.0,,2,Semifurnished,Apartment,60000000.0,Gurgaon,U71608850
Sector 53 Gurgaon,28.4487856,77.0988212,1650.0,3,4.0,,2,Semifurnished,Apartment,57500000.0,Gurgaon,R71608722
Sector 62 Gurgaon,28.407697,77.0823781,1650.0,3,3.0,,6,Semifurnished,Apartment,42500000.0,Gurgaon,Q71596734
Sector 62 Gurgaon,28.407697,77.0823781,1650.0,3,4.0,,6,Semifurnished,Apartment,43000000.0,Gurgaon,V71596634
Sector 62 Gurgaon,28.407697,77.0823781,1650.0,2,2.0,,6,Semifurnished,Apartment,24500000.0,Gurgaon,I71596452
Sector 70 Gurgaon,28.3947261,77.0223138,2150.0,3,3.0,,1,Semifurnished,Apartment,25500000.0,Gurgaon,P71587658
Sector 70A Gurgaon,28.3846684,77.0220391,1650.0,2,2.0,,6,Semifurnished,Apartment,17500000.0,Gurgaon,C71532976
Sector 70A Gurgaon,28.3846684,77.0220391,1262.0,2,2.0,,1,Unfurnished,Apartment,14500000.0,Gurgaon,C71515516
Sector 113 Gurgaon,28.5286649,77.0250282,1600.0,3,3.0,,6,Semifurnished,Apartment,27500000.0,Gurgaon,A71481942
Sector 102 Gurgaon,28.4754872,76.9711747,1200.0,3,4.0,,1,Semifurnished,Apartment,19700000.0,Gurgaon,T71479580
Sector 65 Gurgaon,28.4030162,77.0695893,1450.0,3,3.0,,1,Semifurnished,Independent/Builder Floor,23000000.0,Gurgaon,A71463044
Sector 70A Gurgaon,28.3846684,77.0220391,2150.0,3,3.0,,1,Semifurnished,Apartment,25000000.0,Gurgaon,G71454070
Sector 66 Gurgaon,28.3974292,77.0538823,3300.0,4,5.0,,1,Semifurnished,Apartment,65000000.0,Gurgaon,Q71440546
Sector 66 Gurgaon,28.3974292,77.0538823,1600.0,3,4.0,,1,Semifurnished,Apartment,36000000.0,Gurgaon,Z71440466
Sector 67 Gurgaon,28.3864052,77.0598046,3150.00000000031,4,4.0,,6,Semifurnished,Independent/Builder Floor,25000000.0,Gurgaon,H71384830
Sector 67 Gurgaon,28.3864052,77.0598046,1650.0,5,5.0,,6,Semifurnished,Independent/Builder Floor,52000000.0,Gurgaon,U71382156
Cyber City,28.4980703,77.0892567,4518.00000000045,4,4.0,,6,Semifurnished,Independent/Builder Floor,52400000.0,Gurgaon,R71382092
Sector 50 Gurgaon,28.4268461,77.0584252,3150.00000000031,4,4.0,,6,Semifurnished,Independent/Builder Floor,31900000.0,Gurgaon,S71375120
Sector 50 Gurgaon,28.4268461,77.0584252,2610.00000000026,4,4.0,,6,Semifurnished,Independent/Builder Floor,28900000.0,Gurgaon,X71374812
Sector 67 Gurgaon,28.3864052,77.0598046,1800.0,3,3.0,,6,Semifurnished,Independent/Builder Floor,25200000.0,Gurgaon,M71374572
Sector 88B Gurgaon,28.4420223,76.9538495,1300.0,3,3.0,,6,Semifurnished,Apartment,13000000.0,Gurgaon,S71362852
Sector 31 Gurgaon,28.4540044,77.0497179,263.0,3,3.0,,6,Unfurnished,Independent/Builder Floor,26000000.0,Gurgaon,J71256338
Sector 91 Gurgaon,28.4007588,76.9210802,1200.0,2,2.0,,1,Semifurnished,Apartment,10000000.0,Gurgaon,G68726244
Sector 77 Gurgaon,28.3832337,76.982557,1650.0,3,2.0,,1,Semifurnished,Apartment,11000000.0,Gurgaon,U71140942
Sector 67 Gurgaon,28.3864052,77.0598046,1300.0,3,3.0,,6,Semifurnished,Independent/Builder Floor,7500000.0,Gurgaon,H69920846
Sector 37C Gurgaon,28.4489095,76.9880502,1650.0,2,2.0,,6,Semifurnished,Apartment,5600000.0,Gurgaon,N70650942
Sohna,28.3241636,77.0848644,1100.0,4,4.0,,1,Semifurnished,Apartment,8000000.0,Gurgaon,J70935782
Sector 63 Gurgaon,28.3964476,77.086498,2750.0,4,4.0,,5,Semifurnished,Apartment,45000000.0,Gurgaon,H64061334
Sector 62 Gurgaon,28.407697,77.0823781,1508.0,2,2.0,,5,Semifurnished,Apartment,22500000.0,Gurgaon,G68364074
Sector 108 Gurgaon,28.5128994,76.9823615,1200.0,3,4.0,,6,Semifurnished,Apartment,31000000.0,Gurgaon,J70952538
Sector 106 Gurgaon,28.5060806,76.9967796,1700.0,3,3.0,,5,Unfurnished,Apartment,27500000.0,Gurgaon,R70952384
Sector 70A Gurgaon,28.3846684,77.0220391,2150.0,3,3.0,,1,Semifurnished,Apartment,24500000.0,Gurgaon,P70931478
Dlf Phase 2,28.483901,77.0846097,4600.0,4,5.0,,1,Unfurnished,Independent/Builder Floor,62500000.0,Gurgaon,K69306838
Sector 63 Gurgaon,28.3964476,77.086498,2733.0,4,5.0,,6,Semifurnished,Independent/Builder Floor,55000000.0,Gurgaon,Q70898502
Dlf Phase 1,28.4765171,77.090194,4999.0,5,6.0,,1,Unfurnished,Independent/Builder Floor,70000000.0,Gurgaon,N69307174
Dlf Phase 1,28.4765171,77.090194,5090.0,5,7.0,,1,Unfurnished,Independent/Builder Floor,72500000.0,Gurgaon,Z70360814
Dlf Phase 1,28.4765171,77.090194,5100.0,5,6.0,,1,Unfurnished,Independent/Builder Floor,62500000.0,Gurgaon,T70360684
Sector 70A Gurgaon,28.3846684,77.0220391,1650.0,3,3.0,,1,Semifurnished,Apartment,24000000.0,Gurgaon,K70837008
Sector 65 Gurgaon,28.4030162,77.0695893,1250.0,2,2.0,,5,Semifurnished,Apartment,16875000.0,Gurgaon,V70835098
Sushant Lok Phase 1,28.4545693,77.0826249,1650.0,4,5.0,,1,Semifurnished,Independent/Builder Floor,42500000.0,Gurgaon,U70361880
Dlf Phase 2,28.483901,77.0846097,2259.0,3,4.0,,1,Unfurnished,Independent/Builder Floor,30000000.0,Gurgaon,H70362162
Dlf Phase 2,28.483901,77.0846097,1650.0,4,5.0,,1,Semifurnished,Independent/Builder Floor,32100000.0,Gurgaon,K70682198
Dlf Phase 2,28.483901,77.0846097,1935.0,3,3.0,,1,Unfurnished,Independent/Builder Floor,25000000.0,Gurgaon,S70362242
Dlf Phase 1,28.4765171,77.090194,1650.0,4,5.0,,1,Semifurnished,Independent/Builder Floor,31400000.0,Gurgaon,A70661446
Dlf Phase 1,28.4765171,77.090194,2490.0,3,4.0,,1,Unfurnished,Independent/Builder Floor,29000000.0,Gurgaon,Y70362782
Dlf Phase 1,28.4765171,77.090194,2450.0,3,4.0,,1,Semifurnished,Independent/Builder Floor,31000000.0,Gurgaon,T70362586
Dlf Phase 2,28.483901,77.0846097,2700.0,4,4.0,,1,Unfurnished,Independent/Builder Floor,32500000.0,Gurgaon,I69306510
Sushant Lok Phase 1,28.4545693,77.0826249,1650.0,4,5.0,,1,Semifurnished,Independent/Builder Floor,49999999.0,Gurgaon,X70422054
Sushant Lok Phase 1,28.4545693,77.0826249,1650.0,4,5.0,,1,Semifurnished,Independent/Builder Floor,35200000.0,Gurgaon,E70421682
Sushant Lok Phase 1,28.4545693,77.0826249,1650.0,4,5.0,,1,Semifurnished,Independent/Builder Floor,48100000.0,Gurgaon,B70421500
Sushant Lok Phase 1,28.4545693,77.0826249,1650.0,4,5.0,,1,Semifurnished,Independent/Builder Floor,31200000.0,Gurgaon,C70423134
Dlf Phase 2,28.483901,77.0846097,2250.0,3,3.0,,1,Semifurnished,Independent/Builder Floor,29999999.0,Gurgaon,X69227288
Dlf Phase 2,28.483901,77.0846097,3690.0,4,5.0,,6,Unfurnished,Independent/Builder Floor,52500000.0,Gurgaon,V70361454
Dlf Phase 4,28.4919048,77.0937804,8500.0,5,6.0,,6,Semifurnished,Independent/Builder Floor,85000000.0,Gurgaon,E64938574
Dlf Phase 2,28.483901,77.0846097,1650.0,4,5.0,,6,Semifurnished,Independent/Builder Floor,30000000.0,Gurgaon,P66893360
Dlf Phase 2,28.483901,77.0846097,1650.0,4,5.0,,6,Semifurnished,Independent/Builder Floor,36000000.0,Gurgaon,Y68077848
Dlf Phase 2,28.483901,77.0846097,1650.0,4,5.0,,6,Semifurnished,Independent/Builder Floor,39000000.0,Gurgaon,H68078142
Dlf Phase 2,28.483901,77.0846097,3620.0,4,6.0,,6,Unfurnished,Independent/Builder Floor,52500000.0,Gurgaon,Q66476632
Dlf Phase 1,28.4765171,77.090194,4518.0,4,5.0,,6,Unfurnished,Independent/Builder Floor,67500000.0,Gurgaon,D66463976
Dlf Phase 2,28.483901,77.0846097,1650.0,3,4.0,,1,Semifurnished,Independent/Builder Floor,22500000.0,Gurgaon,J70214722
Dlf Phase 1,28.4765171,77.090194,2700.0,4,5.0,,1,Unfurnished,Independent/Builder Floor,37500000.0,Gurgaon,H70192034
Dlf Phase 1,28.4765171,77.090194,2450.0,3,4.0,,1,Unfurnished,Independent/Builder Floor,36500000.0,Gurgaon,P70192572
Dlf Phase 2,28.483901,77.0846097,5850.0,5,6.0,,1,Unfurnished,Independent/Builder Floor,85000000.0,Gurgaon,V70178434
Dlf Phase 2,28.483901,77.0846097,5000.0,5,6.0,,1,Unfurnished,Independent/Builder Floor,57500000.0,Gurgaon,O69305574
Dlf Phase 1,28.4765171,77.090194,6165.0,5,6.0,,1,Unfurnished,Independent/Builder Floor,75000000.0,Gurgaon,Q69307488
Dlf Phase 2,28.483901,77.0846097,4595.0,4,5.0,,6,Unfurnished,Independent/Builder Floor,70000000.0,Gurgaon,Z69307054
Dlf Phase 2,28.483901,77.0846097,3691.0,4,5.0,,6,Unfurnished,Independent/Builder Floor,50000000.0,Gurgaon,J69306644
Dlf Phase 2,28.483901,77.0846097,3619.0,4,5.0,,1,Semifurnished,Independent/Builder Floor,45000000.0,Gurgaon,A69247964
Dlf Phase 1,28.4765171,77.090194,4700.0,4,5.0,,6,Unfurnished,Independent/Builder Floor,60000000.0,Gurgaon,A68489774
Dlf Phase 2,28.483901,77.0846097,9000.0000000009,5,6.0,,6,Unfurnished,Independent/Builder Floor,95000000.0,Gurgaon,E68490268
Dlf Phase 1,28.4765171,77.090194,9000.0000000009,5,6.0,,6,Unfurnished,Independent/Builder Floor,100000000.0,Gurgaon,S68490052
Sushant Lok Phase 1,28.4545693,77.0826249,4518.0,4,5.0,,6,Unfurnished,Independent/Builder Floor,47500000.0,Gurgaon,K67979064
Dlf Phase 1,28.4765171,77.090194,3600.0,4,5.0,,6,Unfurnished,Independent/Builder Floor,50000000.0,Gurgaon,G65163744
Dlf Phase 1,28.4765171,77.090194,4518.0,4,5.0,,6,Semifurnished,Independent/Builder Floor,67500000.0,Gurgaon,A65386338
Dlf Phase 2,28.483901,77.0846097,1650.0,4,5.0,,6,Semifurnished,Independent/Builder Floor,37500000.0,Gurgaon,S66776068
Dlf Phase 2,28.483901,77.0846097,4518.0,4,5.0,,6,Unfurnished,Independent/Builder Floor,50000000.0,Gurgaon,F63990370
Dlf Phase 2,28.483901,77.0846097,1650.0,4,4.0,,6,Unfurnished,Independent/Builder Floor,47500000.0,Gurgaon,D66774482
Dlf Phase 2,28.483901,77.0846097,1650.0,4,4.0,,6,Semifurnished,Independent/Builder Floor,35000000.0,Gurgaon,P66776496
Dlf Phase 2,28.483901,77.0846097,4518.0,4,5.0,,6,Unfurnished,Independent/Builder Floor,52500000.0,Gurgaon,Q64938112
Dlf Phase 2,28.483901,77.0846097,1650.0,4,4.0,,6,Semifurnished,Independent/Builder Floor,40000000.0,Gurgaon,B66774262
Dlf Phase 4,28.4919048,77.0937804,2335.0,4,5.0,,6,Unfurnished,Independent/Builder Floor,35000000.0,Gurgaon,O64150286
Dlf Phase 4,28.4919048,77.0937804,3240.00000000032,4,5.0,,6,Unfurnished,Independent/Builder Floor,47500000.0,Gurgaon,G62586936
Dlf Phase 2,28.483901,77.0846097,4579.0,4,4.0,,6,Unfurnished,Independent/Builder Floor,59000000.0,Gurgaon,E61084556
Dlf Phase 2,28.483901,77.0846097,4599.0,4,5.0,,6,Unfurnished,Independent/Builder Floor,62500000.0,Gurgaon,P62073612
Dlf Phase 1,28.4765171,77.090194,4842.0,4,5.0,,6,Unfurnished,Independent/Builder Floor,49500000.0,Gurgaon,K66664194
Dlf Phase 1,28.4765171,77.090194,6319.0,5,6.0,,6,Unfurnished,Independent/Builder Floor,75000000.0,Gurgaon,W61199348
Dlf Phase 1,28.4765171,77.090194,4990.0,5,5.0,,6,Unfurnished,Independent/Builder Floor,60000000.0,Gurgaon,Y62944058
Dlf Phase 2,28.483901,77.0846097,4999.0,4,5.0,,6,Unfurnished,Independent/Builder Floor,62500000.0,Gurgaon,V66536614
Dlf Phase 2,28.483901,77.0846097,4690.0,4,5.0,,6,Unfurnished,Independent/Builder Floor,59500000.0,Gurgaon,P64202254
Dlf Phase 2,28.483901,77.0846097,3618.0,4,5.0,,6,Unfurnished,Independent/Builder Floor,50000000.0,Gurgaon,H66464798
Dlf Phase 1,28.4765171,77.090194,4700.0,4,5.0,,6,Unfurnished,Independent/Builder Floor,50000000.0,Gurgaon,N63664450
Dlf Phase 1,28.4765171,77.090194,7000.0,5,6.0,,6,Unfurnished,Independent/Builder Floor,85000000.0,Gurgaon,G66464228
Dlf Phase 1,28.4765171,77.090194,4500.0,4,5.0,,6,Unfurnished,Independent/Builder Floor,60000000.0,Gurgaon,U66536474
Dlf Phase 1,28.4765171,77.090194,4500.0,4,5.0,,6,Unfurnished,Independent/Builder Floor,65000000.0,Gurgaon,I66536584
Dlf Phase 4,28.4919048,77.0937804,3240.00000000032,4,5.0,,6,Unfurnished,Independent/Builder Floor,40000000.0,Gurgaon,V64150118
Dlf Phase 4,28.4919048,77.0937804,4518.0,4,5.0,,6,Unfurnished,Independent/Builder Floor,70000000.0,Gurgaon,X67648114
Dlf Phase 4,28.4919048,77.0937804,4999.0,5,6.0,,6,Unfurnished,Independent/Builder Floor,65000000.0,Gurgaon,I67648596
Dlf Phase 2,28.483901,77.0846097,4589.0,4,5.0,,6,Unfurnished,Independent/Builder Floor,52500000.0,Gurgaon,N62944998
Dlf Phase 1,28.4765171,77.090194,6138.0,5,6.0,,6,Unfurnished,Independent/Builder Floor,75000000.0,Gurgaon,H61204778
Sector 31 Gurgaon,28.4540044,77.0497179,1650.0,3,2.0,,1,Semifurnished,Apartment,14800000.0,Gurgaon,L70551954
Dlf Phase 3,28.4919048,77.0937804,1350.0,2,2.0,,2,Unfurnished,Independent/Builder Floor,11450000.0,Gurgaon,F70770858
Sector 89 A Gurgaon,28.4184455,76.9457567,1650.0,3,4.0,,1,Semifurnished,Apartment,21100000.0,Gurgaon,E70649496
Sector 85 Gurgaon,28.3985762,76.9547447,1650.0,3,4.0,,1,Semifurnished,Apartment,15000000.0,Gurgaon,F69504808
Sector 89 Gurgaon,28.4184455,76.9457567,1650.0,3,3.0,,6,Semifurnished,Independent/Builder Floor,13500000.0,Gurgaon,H69557848
Sector 74 Gurgaon,28.4110081,77.0101209,1650.0,3,3.0,,6,Semifurnished,Apartment,24900000.0,Gurgaon,R71674538
Sector 74 Gurgaon,28.4110081,77.0101209,1650.0,2,2.0,,6,Semifurnished,Apartment,15900000.0,Gurgaon,D71673954
Sector 81 Gurgaon,28.3873647,76.9475835,776.0,2,2.0,,1,Semifurnished,Apartment,6500000.0,Gurgaon,H71537832
Sector 70 Gurgaon,28.3947261,77.0223138,1650.0,3,5.0,,6,Semifurnished,Apartment,16000000.0,Gurgaon,G71501328
Sector 83 Gurgaon,28.3963578,76.9654747,1650.0,3,3.0,,2,Semifurnished,Apartment,10999999.0,Gurgaon,Q71396670
Sector 79 Gurgaon,28.4618719,77.05688,1650.0,3,3.0,,5,Semifurnished,Apartment,17250000.0,Gurgaon,U71416110
Sector 79 Gurgaon,28.4618719,77.05688,1650.0,3,3.0,,6,Semifurnished,Apartment,17000000.0,Gurgaon,V71411544
Sohna,28.3241636,77.0848644,1650.0,2,2.0,,6,Semifurnished,Apartment,4300000.0,Gurgaon,S65748490
Sector 37D Gurgaon,28.4480039,76.9697682,2450.0,4,4.0,,1,Semifurnished,Apartment,22500000.0,Gurgaon,R71352226
Sector 82 Gurgaon,28.3932827,76.9545277,1650.0,2,2.0,,2,Semifurnished,Apartment,8999999.0,Gurgaon,C71267400
Nirvana Country,28.4150509,77.0642955,1650.0,3,3.0,,1,Semifurnished,Apartment,25000000.0,Gurgaon,E69466294
Sector 99A Gurgaon,28.4554059,76.9510278,1650.0,3,2.0,,6,Semifurnished,Apartment,11500000.0,Gurgaon,P69567708
Sector 99 Gurgaon,28.4645549,76.9628585,1650.0,3,3.0,,5,Semifurnished,Apartment,27000000.0,Gurgaon,S71078130
Sector 85 Gurgaon,28.3985762,76.9547447,1650.0,4,5.0,,6,Semifurnished,Apartment,20000000.0,Gurgaon,Z68751456
Sector 69 Gurgaon,28.3960701,77.0372311,1034.31,3,3.0,,5,Semifurnished,Apartment,16000000.0,Gurgaon,L71034178
Sector 69 Gurgaon,28.3960701,77.0372311,1650.0,5,5.0,,5,Semifurnished,Apartment,27200000.0,Gurgaon,H71034100
Sector 69 Gurgaon,28.3960701,77.0372311,1034.31,3,3.0,,5,Semifurnished,Apartment,15900000.0,Gurgaon,E71033810
Sector 69 Gurgaon,28.3960701,77.0372311,1034.31,3,3.0,,5,Semifurnished,Apartment,16400000.0,Gurgaon,S71033254
Sector 68 Gurgaon,28.388897,77.0459859,1650.0,2,2.0,,1,Semifurnished,Apartment,10450000.0,Gurgaon,G71025118
Sector 37D Gurgaon,28.4480039,76.9697682,1650.0,3,3.0,,1,Semifurnished,Apartment,11500000.0,Gurgaon,S69343698
Sector 93 Gurgaon,28.4156048,76.931638,1650.0,3,3.0,,5,Semifurnished,Independent/Builder Floor,13500000.0,Gurgaon,E69571486
Sector 89 Gurgaon,28.4184455,76.9457567,1650.0,3,3.0,,1,Semifurnished,Independent/Builder Floor,12200000.0,Gurgaon,D70951586
Sector 84 Gurgaon,28.4035469,76.9677894,1650.0,4,4.0,,1,Semifurnished,Independent/Builder Floor,18500000.0,Gurgaon,T65987266
Sector 84 Gurgaon,28.4035469,76.9677894,1650.0,4,4.0,,1,Semifurnished,Independent/Builder Floor,17000000.0,Gurgaon,W67719336
Sector 102 Gurgaon,28.4754872,76.9711747,1022.58,3,3.0,,6,Semifurnished,Apartment,14900000.0,Gurgaon,J67683826
Dlf Phase 2,28.483901,77.0846097,1650.0,4,4.0,,5,Unfurnished,Independent/Builder Floor,35500000.0,Gurgaon,Z65930134
Sector 76 Gurgaon,28.3910112,76.9900243,1650.0,3,3.0,,5,Semifurnished,Independent/Builder Floor,15500000.0,Gurgaon,X70885178
Sector 70A Gurgaon,28.3846684,77.0220391,1650.0,3,3.0,,1,Semifurnished,Apartment,16200000.0,Gurgaon,B70880676
Sector 68 Gurgaon,28.388897,77.0459859,1650.0,2,2.0,,5,Semifurnished,Apartment,10650000.0,Gurgaon,D70862706
Sector 68 Gurgaon,28.388897,77.0459859,1650.0,2,2.0,,1,Semifurnished,Apartment,11000000.0,Gurgaon,V70858546
Sector 70 Gurgaon,28.3947261,77.0223138,1200.0,2,3.0,,1,Semifurnished,Apartment,14500000.0,Gurgaon,M70803310
Sector 70 Gurgaon,28.3947261,77.0223138,1800.0,3,4.0,,1,Semifurnished,Apartment,19000000.0,Gurgaon,E70803048
Sector 70 Gurgaon,28.3947261,77.0223138,1800.0,3,4.0,,1,Semifurnished,Apartment,18500000.0,Gurgaon,A70802910
Sector 69 Gurgaon,28.3960701,77.0372311,1650.0,3,3.0,,6,Semifurnished,Apartment,22000000.0,Gurgaon,N70761516
Dlf Phase 2,28.483901,77.0846097,3060.0000000003,4,4.0,,1,Semifurnished,Independent/Builder Floor,37500000.0,Gurgaon,C68821576
Sector 84 Gurgaon,28.4035469,76.9677894,1650.0,3,3.0,,1,Semifurnished,Apartment,18699999.0,Gurgaon,Z70191158
Sector 57 Gurgaon,28.4232478,77.0804487,2367.00000000023,4,4.0,,1,Semifurnished,Independent/Builder Floor,26000000.0,Gurgaon,I68673854
Sector 54 Gurgaon,28.433569,77.1055815,3800.0,4,4.0,,1,Semifurnished,Apartment,120000000.0,Gurgaon,U71445044
Sector 65 Gurgaon,28.4030162,77.0695893,878.0,3,3.0,,1,Semifurnished,Apartment,19500000.0,Gurgaon,Y71801530
"Sector - 33, Sohna, Gurgaon",28.3241636,77.0848644,1650.0,3,3.0,,5,Semifurnished,Independent/Builder Floor,31344571.0,Gurgaon,C67064794
Sector-33 Sohna,28.3241636,77.0848644,1000.0,2,2.0,,5,Unfurnished,Independent/Builder Floor,11500000.0,Gurgaon,G71614506
Sector 106 Gurgaon,28.5060806,76.9967796,1855.0,3,3.0,,5,Unknown,Apartment,24100000.0,Gurgaon,F71613778
Sector 106 Gurgaon,28.5060806,76.9967796,2002.0,3,3.0,,5,Semifurnished,Apartment,28000000.0,Gurgaon,Y71613742
Sector-33 Sohna,28.3241636,77.0848644,1800.0,4,4.0,,6,Semifurnished,Apartment,27500000.0,Gurgaon,T71613222
Sector-33 Sohna,28.3241636,77.0848644,1400.0,3,3.0,,6,Semifurnished,Apartment,18000000.0,Gurgaon,D71613024
Sohna,28.3241636,77.0848644,1700.0,4,4.0,,6,Semifurnished,Independent/Builder Floor,35000000.0,Gurgaon,S71612828
Sector 65 Gurgaon,28.4030162,77.0695893,1195.0,2,2.0,,5,Semifurnished,Apartment,18700000.0,Gurgaon,Z71607940
Sector 59 Gurgaon,28.4030162,77.1066682,1855.0,4,4.0,,5,Semifurnished,Apartment,65000000.0,Gurgaon,O71601770
Sector 106 Gurgaon,28.5060806,76.9967796,2750.0,4,4.0,,5,Semifurnished,Apartment,38000000.0,Gurgaon,Z71601480
Sector 3 Gurgaon,28.4944483,77.0985008,2050.0,3,3.0,,5,Semifurnished,Apartment,16300000.0,Gurgaon,R71601376
Sector 62 Gurgaon,28.407697,77.0823781,1638.0,3,3.0,,6,Semifurnished,Apartment,41000000.0,Gurgaon,Y71567804
Sector 72 Gurgaon,28.3943815,77.032363,2000.0,4,4.0,,1,Semifurnished,Apartment,42500000.0,Gurgaon,J71565768
Sector 59 Gurgaon,28.4030162,77.1066682,2650.0,4,4.0,,5,Semifurnished,Apartment,66000000.0,Gurgaon,B71565560
Sector 106 Gurgaon,28.5060806,76.9967796,2002.0,3,3.0,,5,Semifurnished,Apartment,30000000.0,Gurgaon,D71564764
Sector 65 Gurgaon,28.4030162,77.0695893,1000.0,2,2.0,,5,Semifurnished,Apartment,16800000.0,Gurgaon,S71551284
Sector 67 Gurgaon,28.3864052,77.0598046,1005.0,2,2.0,,1,Semifurnished,Apartment,21500000.0,Gurgaon,R71519550
Sector-33 Sohna,28.3241636,77.0848644,1250.0,3,3.0,,6,Semifurnished,Apartment,17000000.0,Gurgaon,G71497728
Sector-33 Sohna,28.3241636,77.0848644,800.0,3,2.0,,5,Semifurnished,Independent/Builder Floor,12000000.0,Gurgaon,W71497576
Sector 62 Gurgaon,28.407697,77.0823781,3638.0,5,5.0,,1,Semifurnished,Apartment,100000000.0,Gurgaon,J71496812
Sector 62 Gurgaon,28.407697,77.0823781,2409.0,3,5.0,,1,Unfurnished,Apartment,79000000.0,Gurgaon,Z71496616
Dlf Phase 3,28.4919048,77.0937804,4518.00000000045,4,4.0,,1,Semifurnished,Independent/Builder Floor,40000000.0,Gurgaon,I71284008
Sushant Lok Phase 1,28.4545693,77.0826249,2600.0,4,4.0,,1,Semifurnished,Independent/Builder Floor,30000000.0,Gurgaon,Y71281922
Sector 59 Gurgaon,28.4030162,77.1066682,3025.0,3,4.0,,1,Semifurnished,Apartment,54000000.0,Gurgaon,N71224532
Sector 72 Gurgaon,28.3943815,77.032363,2000.0,4,4.0,,1,Semifurnished,Apartment,40000000.0,Gurgaon,K71132818
Sector 59 Gurgaon,28.4030162,77.1066682,1432.0,3,3.0,,5,Semifurnished,Apartment,47000000.0,Gurgaon,R71127220
Sector 72 Gurgaon,28.3943815,77.032363,2034.0,4,5.0,,1,Semifurnished,Apartment,39800000.0,Gurgaon,B70995376
Dlf Phase 1,28.4765171,77.090194,1800.00000000018,3,3.0,,6,Semifurnished,Independent/Builder Floor,23900000.0,Gurgaon,Z68589488
Sector 57 Gurgaon,28.4232478,77.0804487,3078.0000000003,4,4.0,,6,Semifurnished,Independent/Builder Floor,21900000.0,Gurgaon,F69481634
Sector 67 Gurgaon,28.3864052,77.0598046,1990.0,4,5.0,,1,Semifurnished,Apartment,46000000.0,Gurgaon,W70975040
Sector 59 Gurgaon,28.4030162,77.1066682,1500.0,3,3.0,,5,Semifurnished,Apartment,36500000.0,Gurgaon,G70946854
Sohna,28.3241636,77.0848644,1600.0,4,4.0,,6,Semifurnished,Independent/Builder Floor,35000000.0,Gurgaon,L66358782
Sector-33 Sohna,28.3241636,77.0848644,2000.0,4,4.0,,5,Semifurnished,Apartment,27500000.0,Gurgaon,G66578968
Sector-33 Sohna,28.3241636,77.0848644,1300.0,3,3.0,,5,Semifurnished,Apartment,17000000.0,Gurgaon,G67307146
Sector 57 Gurgaon,28.4232478,77.0804487,2700.00000000027,4,4.0,,1,Semifurnished,Independent/Builder Floor,24900000.0,Gurgaon,M70802676
Sushant Lok Phase 1,28.4545693,77.0826249,1836.00000000018,3,3.0,,6,Semifurnished,Independent/Builder Floor,19500000.0,Gurgaon,P70730838
Sector 60 Gurgaon,28.3985617,77.0978276,1900.0,4,4.0,,1,Semifurnished,Apartment,39000000.0,Gurgaon,J70213574
Sector 59 Gurgaon,28.4030162,77.1066682,1600.0,3,3.0,,5,Semifurnished,Apartment,36000000.0,Gurgaon,T70213190
Sector 67 Gurgaon,28.3864052,77.0598046,1688.0,3,3.0,,1,Semifurnished,Apartment,31500000.0,Gurgaon,Y69157018
Sector 65 Gurgaon,28.4030162,77.0695893,1004.0,2,2.0,,5,Semifurnished,Apartment,18700000.0,Gurgaon,A69548820
Sector 59 Gurgaon,28.4030162,77.1066682,1500.0,3,3.0,,5,Semifurnished,Apartment,37000000.0,Gurgaon,U69799624
Sector 59 Gurgaon,28.4030162,77.1066682,1855.0,4,4.0,,5,Unfurnished,Apartment,68000000.0,Gurgaon,X69786256
Sector 67 Gurgaon,28.3864052,77.0598046,2000.0,3,4.0,,1,Semifurnished,Apartment,34000000.0,Gurgaon,P69418866
Sector 62 Gurgaon,28.407697,77.0823781,2000.0,3,3.0,,5,Semifurnished,Apartment,40000000.0,Gurgaon,W69398550
Sector 59 Gurgaon,28.4030162,77.1066682,2000.0,3,3.0,,5,Semifurnished,Apartment,43000000.0,Gurgaon,N69395600
Sushant Lok,28.4706634,77.0798127,1620.00000000016,3,3.0,,6,Semifurnished,Independent/Builder Floor,16900000.0,Gurgaon,F68745772
Sushant Lok Phase 2,28.464228,77.076724,1620.00000000016,3,3.0,,6,Semifurnished,Independent/Builder Floor,16500000.0,Gurgaon,M68647126
Sector 56 Gurgaon,28.4252244,77.0992377,2700.00000000027,4,4.0,,6,Semifurnished,Independent/Builder Floor,29900000.0,Gurgaon,G68747742
Sector 55 Gurgaon,28.4274166,77.1097538,1400.0,3,3.0,,6,Semifurnished,Independent/Builder Floor,15900000.0,Gurgaon,H68651184
Sector 65 Gurgaon,28.4030162,77.0695893,1500.0,3,4.0,,6,Semifurnished,Apartment,47500000.0,Gurgaon,E68498256
Sector 67 Gurgaon,28.3864052,77.0598046,2000.0,3,3.0,,1,Semifurnished,Apartment,30000000.0,Gurgaon,B68335452
Sector 67 Gurgaon,28.3864052,77.0598046,2000.0,3,4.0,,1,Semifurnished,Apartment,35000000.0,Gurgaon,L68313468
Sector 67 Gurgaon,28.3864052,77.0598046,2100.0,3,3.0,,1,Semifurnished,Apartment,32000000.0,Gurgaon,E65173262
Sector 89 A Gurgaon,28.4184455,76.9457567,1650.0,3,3.0,,5,Unknown,Apartment,15500000.0,Gurgaon,P71791370
Sector 89 A Gurgaon,28.4184455,76.9457567,1650.0,3,4.0,,5,Unknown,Apartment,19500000.0,Gurgaon,X71791298
Sector 103 Gurgaon,28.493087,76.9866453,1650.0,4,5.0,,2,Unknown,Apartment,16000000.0,Gurgaon,A71791118
Sector 103 Gurgaon,28.493087,76.9866453,1650.0,3,4.0,,2,Unknown,Apartment,12000000.0,Gurgaon,T71790942
Sector 103 Gurgaon,28.493087,76.9866453,1650.0,3,4.0,,2,Unknown,Apartment,10200000.0,Gurgaon,I71584800
Sector 103 Gurgaon,28.493087,76.9866453,1650.0,4,5.0,,2,Unknown,Apartment,14200000.0,Gurgaon,M71584632
Sector 103 Gurgaon,28.493087,76.9866453,1650.0,3,4.0,,2,Semifurnished,Apartment,10500000.0,Gurgaon,T71571506
Sector 103 Gurgaon,28.493087,76.9866453,1650.0,2,3.0,,2,Unknown,Apartment,8500000.0,Gurgaon,I71571392
Sector 67 Gurgaon,28.3864052,77.0598046,1650.0,4,4.0,,2,Semifurnished,Apartment,35000000.0,Gurgaon,V71516014
Sector 104 Gurgaon,28.4795324,76.9937197,1650.0,4,4.0,,1,Semifurnished,Apartment,50000000.0,Gurgaon,N71506364
Sector 104 Gurgaon,28.4795324,76.9937197,1650.0,4,4.0,,1,Semifurnished,Apartment,29500000.0,Gurgaon,T71462366
Sector 79 Gurgaon,28.4618719,77.05688,1650.0,2,2.0,,5,Unknown,Apartment,12400000.0,Gurgaon,J71175362
Sector 79 Gurgaon,28.4618719,77.05688,1650.0,3,3.0,,5,Unknown,Apartment,16000000.0,Gurgaon,L71175272
Sector 67 Gurgaon,28.3864052,77.0598046,1900.0,3,3.0,,1,Semifurnished,Apartment,31000000.0,Gurgaon,E71154968
Sector 106 Gurgaon,28.5060806,76.9967796,1650.0,3,3.0,,5,Semifurnished,Apartment,26200000.0,Gurgaon,P71046312
Sector 106 Gurgaon,28.5060806,76.9967796,1650.0,3,3.0,,5,Semifurnished,Apartment,22600000.0,Gurgaon,P71040242
Sector 106 Gurgaon,28.5060806,76.9967796,1650.0,3,3.0,,5,Semifurnished,Apartment,25500000.0,Gurgaon,U71037314
Sector 108 Gurgaon,28.5128994,76.9823615,1650.0,3,3.0,,1,Unknown,Apartment,22500000.0,Gurgaon,E71035580
Sector 106 Gurgaon,28.5060806,76.9967796,1650.0,4,4.0,,5,Semifurnished,Apartment,38000000.0,Gurgaon,T71032372
Sector 106 Gurgaon,28.5060806,76.9967796,1650.0,3,3.0,,5,Semifurnished,Apartment,22500000.0,Gurgaon,N71032186
Sector 104 Gurgaon,28.4795324,76.9937197,1650.0,4,4.0,,1,Unknown,Apartment,28000000.0,Gurgaon,A71030682
Sector 88A Gurgaon,28.4337898,76.9539433,1650.0,3,3.0,,1,Semifurnished,Apartment,16000000.0,Gurgaon,R71030134
Sector 106 Gurgaon,28.5060806,76.9967796,1650.0,3,3.0,,5,Semifurnished,Apartment,25000000.0,Gurgaon,X71019060
Sector 106 Gurgaon,28.5060806,76.9967796,1650.0,3,3.0,,5,Semifurnished,Apartment,26000000.0,Gurgaon,M71017226
Sector 106 Gurgaon,28.5060806,76.9967796,1650.0,2,2.0,,5,Semifurnished,Apartment,20000000.0,Gurgaon,S71016092
Sector 106 Gurgaon,28.5060806,76.9967796,1650.0,3,3.0,,5,Semifurnished,Apartment,24500000.0,Gurgaon,C70999024
Malibu Town,28.4234344,77.0468649,2475.00000000024,3,3.0,,3,Semifurnished,Independent/Builder Floor,15500000.0,Gurgaon,J71798982
Sector 95 Gurgaon,28.4149443,76.9114892,1511.0,3,2.0,,5,Semifurnished,Apartment,10200000.0,Gurgaon,M71797096
C Block Sushant Lok Phase 1,28.4545693,77.0826249,2500.0,4,4.0,,1,Semifurnished,Independent/Builder Floor,32500000.0,Gurgaon,J71795226
Sector 93 Gurgaon,28.4156048,76.931638,1118.0,2,2.0,,5,Semifurnished,Apartment,10000000.0,Gurgaon,V71794682
Sector 86 Gurgaon,28.3981205,76.9411257,1890.0,3,3.0,,1,Semifurnished,Apartment,17500000.0,Gurgaon,S71794148
Sector 1A Imt Manesar,28.3671851,76.920669,2052.0,3,3.0,,1,Semifurnished,Apartment,13500000.0,Gurgaon,D71790690
Sector 36A Gurgaon,28.4202285,76.9719998,1650.0,2,2.0,,6,Semifurnished,Apartment,19500000.0,Gurgaon,D71789628
Sector 95 Gurgaon,28.4149443,76.9114892,1650.0,3,3.0,,5,Semifurnished,Apartment,10500000.0,Gurgaon,S71785494
Sector 89 Gurgaon,28.4184455,76.9457567,1650.0,3,3.0,,5,Semifurnished,Apartment,12700000.0,Gurgaon,Z71785246
Sector 89 Gurgaon,28.4184455,76.9457567,1650.0,3,3.0,,5,Semifurnished,Apartment,13000000.0,Gurgaon,S71785050
Sector 37C Gurgaon,28.4489095,76.9880502,1650.0,3,3.0,,6,Semifurnished,Apartment,13100000.0,Gurgaon,J71784722
Sector 37D Gurgaon,28.4480039,76.9697682,1650.0,3,3.0,,5,Semifurnished,Apartment,11000000.0,Gurgaon,W71784718
Sector 37C Gurgaon,28.4489095,76.9880502,1650.0,3,3.0,,6,Semifurnished,Apartment,13200000.0,Gurgaon,C71784178
Sector 93 Gurgaon,28.4156048,76.931638,1000.0,3,2.0,,5,Semifurnished,Apartment,14150000.0,Gurgaon,L71783826
Sector 83 Gurgaon,28.3963578,76.9654747,1650.0,3,2.0,,5,Semifurnished,Apartment,13550000.0,Gurgaon,E71783618
Sector 93 Gurgaon,28.4156048,76.931638,1000.0,3,2.0,,5,Unfurnished,Apartment,13900000.0,Gurgaon,H71782974
Sector 93 Gurgaon,28.4156048,76.931638,1000.0,3,2.0,,5,Semifurnished,Apartment,14200000.0,Gurgaon,K71782132
Sector 93 Gurgaon,28.4156048,76.931638,1000.0,3,2.0,,5,Semifurnished,Apartment,14100000.0,Gurgaon,N71781954
Sector 83 Gurgaon,28.3963578,76.9654747,1850.0,3,3.0,,5,Semifurnished,Apartment,17000000.0,Gurgaon,A71781068
Sector 81 Gurgaon,28.3873647,76.9475835,1650.0,3,2.0,,6,Semifurnished,Apartment,25000000.0,Gurgaon,D71780966
Sector 83 Gurgaon,28.3963578,76.9654747,1650.0,3,2.0,,5,Semifurnished,Apartment,13500000.0,Gurgaon,L71779362
Sector 83 Gurgaon,28.3963578,76.9654747,1650.0,3,2.0,,5,Semifurnished,Apartment,12900000.0,Gurgaon,N71778916
Sector 83 Gurgaon,28.3963578,76.9654747,1650.0,3,2.0,,5,Semifurnished,Apartment,13000000.0,Gurgaon,K71778134
Sector 63A Gurgaon,28.4618719,77.05688,1650.0,3,3.0,,5,Semifurnished,Independent/Builder Floor,48000000.0,Gurgaon,C71777090
