Name,Price,property,status,floor,transaction,facing,overlooking,ownership,bathroom,balcony,city,location,Rate_per_sqft,bedroom,total_area,year,Registry,Land Deed,Furniture
"4 BHK Flat for Sale in Vasant Vihar, New Delhi",85000000,Parnami Infra,Ready to Move,2 out of 4,Resale,North - East,Garden/Park,Freehold,5,3,Delhi, Vasant Vihar,21250,4,4000,2000,Registered,Yes,Yes
"4 BHK Flat for Sale in Sushant Lok-I, Sector 43, Gurgaon",26500000,Dolphin Real Estates,Ready to Move,Ground out of 4,New Property,North - West,Main Road,Freehold,4,3,Gurgaon, Sushant Lok-I,9815,4,2699.949058,2000,Registered,Yes,Yes
"3 BHK Flat for Sale in DLF City Phase 2, Gurgaon",29500000,The Unique Realty,Ready to Move,1 out of 4,New Property,North,"Garden/Park, Main Road",Freehold,3,2,Gurgaon, DLF City Phase 2,15245,3,1935.060676,2000,Registered,Yes,Yes
"3 BHK Flat for Sale in Rohini Sector 24, New Delhi",12100000,Iconic Realty,Ready to Move,1 out of 4,New Property,North - East,Garden/Park,Freehold,2,1,Delhi, Rohini Sector 24,10083,3,1200.039671,2000,Registered,Yes,Yes
"3 BHK Flat for Sale in Rohini Sector 8, New Delhi",25000000,Synergy Real Estates,Ready to Move,2 out of 4,New Property,East,Garden/Park,Leasehold,3,1,Delhi, Rohini Sector 8,31250,3,800,2000,Not Registered,No,No
"3 BHK Flat for Sale in CRC Joyous, Techzone 4, Greater Noida",12700000,Essbee Realtors,Poss. by Dec '23,6 out of 26,New Property,North,"Garden/Park, Main Road",Freehold,3,4,Noida, CRC Joyous,8063,3,1575.096118,2000,Registered,Yes,Yes
"3 BHK Flat for Sale in Godrej Nature Plus, Sohna Sector 33, Gurgaon",13500000,Investors Home,Poss. by Sep '23,3 out of 3,New Property,South,Main Road,Freehold,3,3,Gurgaon, Godrej Nature Plus,8671,3,1556.913851,2000,Registered,Yes,No
"4 BHK Flat for Sale in Luxury Builder Floors, Sushant Lok-I, Sector 43, Gurgaon",35000000,Temple Homes Pvt. Ltd.,Ready to Move,2 out of 4,New Property,North,"Garden/Park, Pool",Freehold,4,4,Gurgaon, Luxury Builder Floors,12963,4,2699.992286,2000,Registered,No,Yes
"5 BHK Flat for Sale in Experion Windchants, Dwarka Expressway, Gurgaon",87500000,Shanti Property,Ready to Move,25 out of 25,Resale,West,"Pool, Garden/Park, Main Road",Freehold,6,6,Gurgaon, Experion Windchants,10276,5,8514.986376,2000,Registered,Yes,Yes
"4 BHK Flat for Sale in DLF City Plot Phase 1, DLF City Phase 1, Gurgaon",54900000,Makaan Search Realty,Ready to Move,1 out of 4,New Property,North - East,Garden/Park,Freehold,5,2,Gurgaon, DLF City Plot Phase 1,15250,4,3600,2000,Not Registered,No,Yes
"4 BHK Flat for Sale in Uppal Southend, Sector 49, Sohna Road, Gurgaon",19900000,Worth It Realtors,Ready to Move,4 out of 4,New Property,North,Garden/Park,Freehold,4,2,Gurgaon, Uppal Southend,6633,4,3000.150761,2000,Registered,Yes,Yes
"4 BHK Flat for Sale in Pioneer Presidia, Golf course Extension Road, Gurgaon",71500000,Miglani Realtors ,Ready to Move,7 out of 21,Resale,East,Main Road,Freehold,3,3,Gurgaon, Pioneer Presidia,16486,4,4337.013223,2000,Registered,Yes,Yes
"4 BHK Flat for Sale in Vipul World, Sector 48, Gurgaon",31000000,GRAHA PRAVESH,Ready to Move,3 out of 4,New Property,North,"Garden/Park, Main Road",Freehold,4,5,Gurgaon, Vipul World,6889,4,4499.927421,2000,Registered,Yes,Yes
"5 BHK Villa for Sale in Emaar MGF Marbella, Sector 66 Gurgaon",120000000,Dash Services,Ready to Move,Ground out of 4,Resale,North - East,"Garden/Park, Main Road",Freehold,6,2,Gurgaon, Emaar MGF Marbella,18405,5,6519.9674,2000,Not Registered,Yes,Yes
"4 BHK Flat for Sale in Luxury Floors, DLF City Phase 2, Gurgaon",57500000,House 2 Home Realty ,Ready to Move,2 out of 4,New Property,North - West,Garden/Park,Freehold,4,2,Gurgaon, Luxury Floors,12727,4,4517.953956,2000,Registered,No,Yes
"4 BHK Flat for Sale in DLF City Phase 2, Gurgaon",41000000,Amethyst Landbase LLP,Ready to Move,1 out of 4,Resale,North - East,Garden/Park,Freehold,4,4,Gurgaon, DLF City Phase 2,14416,4,2844.062153,2000,Not Registered,No,Yes
"4 BHK Flat for Sale in Uppal Southend, Sector 49, Gurgaon",19500000,Proporigin Estate,Ready to Move,4 out of 4,New Property,West,Garden/Park,Leasehold,4,5,Gurgaon, Uppal Southend,6500,4,3000,2000,Registered,Yes,No
"4 BHK Flat for Sale in Defence Colony, New Delhi",82500000,Investin PRO Realtech Pvt. Ltd.,Poss. by Dec '23,2 out of 4,New Property,North,Garden/Park,Freehold,5,2,Delhi, Defence Colony,33093,4,2492.974345,2000,Registered,Yes,Yes
"5 BHK Flat for Sale in Nirala Aspire Phase 4, Sector 16, Greater Noida",21500000,Garg Associates,Poss. by Jun '24,12 out of 19,New Property,East,"Garden/Park, Pool, Main Road",Freehold,5,2,Noida, Nirala Aspire Phase 4,6808,5,3158.049354,2000,Registered,Yes,No
"4 BHK Flat for Sale in Bestech Altura, Sector 79, Gurgaon",23800000,Unknown,Ready to Move,10 out of 14,New Property,East,"Garden/Park, Main Road",Freehold,4,3,Gurgaon, Bestech Altura,8957,4,2657.139667,2000,Registered,Yes,Yes
"4 BHK Flat for Sale in Hauz Khas, New Delhi",54900000,Unknown,Poss. by Jan '27,Ground out of 4,New Property,North - East,Garden/Park,Freehold,4,2,Delhi, Hauz Khas,31371,4,1750.023907,2000,Registered,Yes,Yes
"3 BHK Flat for Sale in Ashiana Amarah, Sector 93, Gurgaon",13500000,Unknown,Ready to Move,1 out of 4,New Property,West,Main Road,Freehold,3,2,Gurgaon, Ashiana Amarah,7297,3,1850.075373,2000,Registered,Yes,Yes
"> 10 BHK House for Sale in Suncity Township, Suncity, Sector 54, DLF Golf Course Road Gurgaon",25000000,Unknown,Ready to Move,3 out of 4,Resale,North - East,Garden/Park,Freehold,10,2,Gurgaon, Suncity Township,42735,10,585.000585,2000,Registered,Yes,Yes
"4 BHK Flat for Sale in South City 1, Sector 41, Gurgaon",41900000,Unknown,Ready to Move,4 out of 4,New Property,South,Garden/Park,Freehold,5,2,Gurgaon, South City 1,11971,4,3500.125303,2000,Registered,No,Yes
"4 BHK Flat for Sale in Uppal Southend, Uppal Southend, Sector 49, Sohna Road, Gurgaon",26000000,Unknown,Ready to Move,2 out of 4,New Property,North - East,"Garden/Park, Main Road",Freehold,4,2,Gurgaon, Uppal Southend,11818,4,2200.033847,2000,Registered,No,No
"3 BHK Flat for Sale in Sushant Lok 3, Sector 57, Gurgaon",19000000,Unknown,Ready to Move,4 out of 4,New Property,East,Main Road,Freehold,3,3,Gurgaon, Sushant Lok 3,11176,3,1700.071582,2000,Not Registered,Yes,No
"4 BHK Flat for Sale in Luxurious Builder Floor, Sushant Lok 2, Gurgaon",26000000,Unknown,Ready to Move,4 out of 14,New Property,Not specified,"Garden/Park, Pool, Main Road",Freehold,4,4,Gurgaon, Luxurious Builder Floor,10833,4,2400.073848,2000,Registered,Yes,Yes
"3 BHK Flat for Sale in Uppal Southend, Uppal Southend, Sector 49, Sohna Road, Gurgaon",20500000,Unknown,Ready to Move,2 out of 4,New Property,Not specified,Road,Not specified,3,2,Gurgaon, Uppal Southend,9762,3,2099.979512,2000,Not Registered,Yes,Yes
"3 BHK Flat for Sale in Bestech Altura, Sector 79, Gurgaon",17200000,Unknown,Ready to move,2 out of 4,Resale,Not specified,Road,Not specified,3,2,Gurgaon, Bestech Altura,8536,3,2014.995314,2000,Registered,Yes,No
"3 BHK Flat for Sale in Antriksh Grand View, Sector 150, Pusta Road, Noida",18500000,C K Realty,Ready to Move,9 out of 19,New Property,North - East,"Garden/Park, Pool, Main Road",Leasehold,4,6,Noida, Antriksh Grand View,8222,3,2250.060812,2000,Registered,Yes,Yes
"3 BHK Flat for Sale in Kishangarh, Vasant Kunj, New Delhi",8500000,Nandi Realtors,Ready to Move,3 out of 5,New Property,East,"Garden/Park, Main Road",Freehold,3,1,Delhi, Kishangarh,6538,3,1300.091771,2000,Registered,Yes,Yes
"3 BHK Flat for Sale in Vatika Sovereign Park, Sector 99, Gurgaon",29100000,Shikhar Realty Services Pvt. Ltd.,Poss. by Apr '24,5 out of 12,New Property,South - East,"Garden/Park, Pool, Main Road",Freehold,4,3,Gurgaon, Vatika Sovereign Park,10500,3,2771.428571,2000,Not Registered,Yes,Yes
3 BHK House for Sale in Sector 45 Block A Gurgaon,21000000,A N Builders & Promoters,Ready to Move,1 out of 3,Resale,East,"Garden/Park, Main Road",Freehold,3,2,Gurgaon, Sector 45 Block A Gurgaon,15556,3,1349.96143,2000,Not Registered,No,Yes
"3 BHK Flat for Sale in Paramount Emotions, Noida Extension, Noida",7700000,Piyush Ahuja,Ready to Move,1 out of 19,Resale,North - East,Main Road,Leasehold,2,5,Noida, Paramount Emotions,5580,3,1379.928315,2000,Registered,No,No
"3 BHK Villa for Sale in DLF City Phase 1, DLF City Phase 1 Gurgaon",60000000,Infinity Investments,Ready to Move,7 out of 20,Resale,North - West,Main Road,Freehold,3,3,Gurgaon, DLF City Phase 1,21429,3,2799.944001,2000,Registered,Yes,Yes
"3 BHK Flat for Sale in Capital Athena, Sector 1 Greater Noida West, Greater Noida",10600000,Bhoomi Zone,Ready to Move,2 out of 4,New Property,North - East,"Pool, Garden/Park",Freehold,3,3,Noida, Capital Athena,8218,3,1289.851545,2000,Registered,Yes,Yes
"2 BHK Flat for Sale in Smart World Orchard, Sector 61, Gurgaon",16600000,AR Realtors ,Poss. by Jan '24,1 out of 14,New Property,North - East,"Garden/Park, Pool, Main Road",Leasehold,2,2,Gurgaon, Smart World Orchard,14500,2,1144.827586,2000,Registered,Yes,Yes
"3 BHK Flat for Sale in Emaar Emerald Estate, Sector 65, Gurgaon",17500000,Shokeen Estates,Ready to Move,1 out of 4,Resale,North - East,"Garden/Park, Pool, Main Road",Freehold,3,3,Gurgaon, Emaar Emerald Estate,11667,3,1499.957144,2000,Registered,Yes,No
"4 BHK Flat for Sale in RWA Sector 57, Sector 57 Block G, Golf Course Extension Road, Gurgaon",20000000,Maakriti Realtors Private Limited,Ready to Move,10 out of 14,Resale,North - East,"Garden/Park, Main Road",Freehold,3,3,Gurgaon, RWA Sector 57,7407,4,2700.148508,2000,Registered,No,Yes
"4 BHK Flat for Sale in Corona Optus, Sector 37C, Delhi Gurgaon Expressway, Gurgaon",17500000,Arun Singhal,Ready to Move,2 out of 3,Resale,East,"Garden/Park, Pool, Main Road",Freehold,6,4,Gurgaon, Corona Optus,6331,4,2764.176275,2000,Not Registered,No,Yes
5 BHK House for Sale in Sector 28 Gurgaon,41000000,Shree Home Solution,Ready to Move,15 out of 17,Resale,East,"Garden/Park, Main Road",Freehold,3,3,Gurgaon, Sector 28 Gurgaon,7178,5,5711.897464,2000,Registered,Yes,No
"3 BHK Flat for Sale in Siddhartha Vihar, NH 24, Ghaziabad",14700000,Space & Services Venture (Regd.),Poss. by Mar '26,1 out of 4,New Property,East,"Garden/Park, Pool, Main Road",Freehold,3,5,Ghaziabad, Siddhartha Vihar,3928,3,3742.362525,2000,Registered,No,Yes
"2 BHK Flat for Sale in RPS Savana, Sector 88, Faridabad",5000000,Grow Up Investors,Ready to Move,3 out of 4,Resale,East,Main Road,Freehold,2,2,Faridabad, RPS Savana,6029,2,829.3249295,2000,Not Registered,Yes,No
"5 BHK Flat for Sale in Rajendra Nagar, Ghaziabad",20500000,Happy Homez,Ready to Move,19 out of 28,New Property,North - East,Garden/Park,Freehold,4,4,Ghaziabad, Rajendra Nagar,10331,5,1984.31904,2000,Registered,Yes,No
"4 BHK Flat for Sale in All Punjabi Welfare Association, Sector 23, Gurgaon",26500000,Anantham Infra Pvt Ltd,Ready to Move,4 out of 20,New Property,North - East,"Garden/Park, Main Road",Freehold,4,2,Gurgaon, All Punjabi Welfare Association,17584,4,1507.051865,2000,Registered,Yes,Yes
"3 BHK Flat for Sale in M3M Golf Estate, Sector 65, Gurgaon",61000000,Shiv Shakti Properties,Ready to Move,4 out of 7,Resale,East,"Garden/Park, Pool, Main Road",Freehold,4,3,Gurgaon, M3M Golf Estate,7035,3,8670.931059,2000,Not Registered,No,Yes
"3 BHK Flat for Sale in Ramprastha Primera, Garauli Khurd, Sector 37D, Delhi Gurgaon Expressway, Gurgaon",12100000,Happy Homes Properties and Builders,Ready to Move,2 out of 10,New Property,East,"Garden/Park, Pool, Main Road",Freehold,2,3,Gurgaon, Ramprastha Primera,12513,3,966.9943259,2000,Not Registered,Yes,Yes
"3 BHK Flat for Sale in Kesarwani Apartment, Dwarka Sector 5, New Delhi",24400000,Unistar Estates Pvt. Ltd.,Ready to Move,1 out of 4,Resale,North - West,Garden/Park,Freehold,3,5,Delhi, Kesarwani Apartment,15400,3,1584.415584,2000,Registered,Yes,Yes
"4 BHK Flat for Sale in Guru Apartment, Dwarka Sector 6, New Delhi",38500000,Unknown,Ready to Move,1 out of 4,Resale,East,"Garden/Park, Main Road",Freehold,4,2,Delhi, Guru Apartment,10511,4,3662.829417,2000,Not Registered,Yes,Yes
"3 BHK Flat for Sale in MRG Crown, Sector 106, Gurgaon",17500000,Unknown,Poss. by Feb '26,1 out of 4,New Property,East,"Garden/Park, Main Road",Freehold,3,1,Gurgaon, MRG Crown,5753,3,3041.891187,2000,Not Registered,Yes,Yes
"1 BHK Flat for Sale in Uttam Nagar, New Delhi",2100000,Unknown,Ready to Move,4 out of 28,New Property,North,Main Road,Freehold,2,2,Delhi, Uttam Nagar,5759,1,364.64664,2000,Not Registered,No,Yes
"3 BHK Flat for Sale in Indirapuram, Ghaziabad",8350000,Unknown,Ready to Move,1 out of 4,New Property,East,Main Road,Freehold,2,3,Ghaziabad, Indirapuram,15312,3,545.3239289,2000,Registered,Yes,Yes
"3 BHK Flat for Sale in DLF Capital Greens 1 and 2, Moti Nagar, Kirti Nagar, New Delhi",24500000,Unknown,Ready to Move,3 out of 4,Resale,North - East,"Garden/Park, Main Road",Freehold,3,1,Delhi, DLF Capital Greens 1 and 2,5000,3,4900,2000,Not Registered,Yes,Yes
"2 BHK Flat for Sale in Shakti Khand, Indirapuram, Ghaziabad",4500000,Unknown,Ready to Move,3 out of 9,New Property,East,Main Road,Freehold,2,1,Ghaziabad, Shakti Khand,3765,2,1195.219124,2000,Registered,No,Yes
"2 BHK Flat for Sale in Prestige Apartments, Chhattarpur, New Delhi",3200000,Unknown,Ready to Move,16 out of 20,New Property,East,Main Road,Freehold,2,2,Delhi, Prestige Apartments,10529,2,303.9224998,2000,Registered,Yes,Yes
"3 BHK Flat for Sale in Shapoorji Pallonji Joyville Gurugram, Sector 102, Gurgaon",19500000,Unknown,Ready to Move,1 out of 4,Resale,East,Main Road,Freehold,3,4,Gurgaon, Shapoorji Pallonji Joyville Gurugram,14856,3,1312.600969,2000,Registered,Yes,Yes
"3 BHK Flat for Sale in M3M Merlin, Sector 67, Gurgaon",35000000,Unknown,Ready to Move,9 out of 38,Resale,East,"Garden/Park, Pool",Freehold,4,1,Gurgaon, M3M Merlin,5128,3,6825.273011,2000,Not Registered,Yes,Yes
"5 BHK Flat for Sale in Tulip Monsella, Golf Course Road, Gurgaon",92500000,Unknown,Poss. by Jun '27,2 out of 4,Resale,Not specified,Road,Not specified,6,2,Gurgaon, Tulip Monsella,7631,5,12121.60923,2000,Registered,No,Yes
"3 BHK Flat for Sale in Aashirwad Homes, Neharpar, Faridabad",10500000,Aashirwad Home Developers,Ready to Move,3 out of 4,New Property,North,Garden/Park,Freehold,3,2,Faridabad, Aashirwad Homes,7000,3,1500,2000,Registered,Yes,Yes
"3 BHK Flat for Sale in M3M Woodshire, Sector 107, Gurgaon",13000000,Dwarka Expressway Homes,Ready to Move,8 out of 15,Resale,East,"Garden/Park, Pool, Main Road",Freehold,3,4,Gurgaon, M3M Woodshire,6691,3,1942.908384,2000,Registered,Yes,Yes
"4 BHK Flat for Sale in RWA Sushant lok, Sushant Lok-I, Sector 43, Gurgaon",27500000,Premium Estates,Ready to Move,1 out of 4,New Property,North - East,Main Road,Freehold,4,2,Gurgaon, RWA Sushant lok,8488,4,3239.868049,2000,Registered,Yes,Yes
"4 BHK Flat for Sale in Sushant Lok 1 Block C, Gurgaon",55000000,Ruchika,Ready to Move,3 out of 4,New Property,North - East,Garden/Park,Freehold,3,3,Gurgaon, Sushant Lok 1 Block C,9773,4,5627.749923,2000,Not Registered,Yes,No
"4 BHK Flat for Sale in Himachal Dauladhar, Dwarka Sector 5, New Delhi",21500000,Treveni Properties,Ready to Move,4 out of 7,Resale,East,Main Road,Freehold,3,2,Delhi, Himachal Dauladhar,9737,4,2208.072302,2000,Registered,No,No
"3 BHK Flat for Sale in Sector 63A, Gurgaon",18500000,Ambawata Properties,Ready to Move,1 out of 4,New Property,North,"Garden/Park, Main Road",Freehold,3,2,Gurgaon, Sector 63A,25926,3,713.5693898,2000,Registered,Yes,No
"4 BHK Flat for Sale in Executive Floor, Greater Kailash, New Delhi",70000000,Silver Homz,Ready to Move,3 out of 4,New Property,North - East,Garden/Park,Freehold,4,2,Delhi, Executive Floor,10706,4,6538.389688,2000,Registered,Yes,No
"3 BHK Flat for Sale in IES Officers Apartment, Dwarka Sector 4, New Delhi",18200000,Bajaj Properties,Ready to Move,4 out of 4,Resale,North - East,"Garden/Park, Main Road",Freehold,2,2,Delhi, IES Officers Apartment,10900,3,1669.724771,2000,Registered,Yes,No
"3 BHK Flat for Sale in Hind Apartment, Dwarka Sector 5, New Delhi",21800000,A One Realtors,Ready to Move,8 out of 8,Resale,North - East,"Garden/Park, Main Road",Freehold,3,3,Delhi, Hind Apartment,7344,3,2968.409586,2000,Registered,Yes,Yes
"4 BHK Flat for Sale in Vatika Sovereign Next, Sector 82A, Gurgaon",23500000,Bhoomi Bazar,Ready to Move,10 out of 22,New Property,East,"Garden/Park, Pool",Freehold,4,3,Gurgaon, Vatika Sovereign Next,11250,4,2088.888889,2000,Registered,Yes,No
"4 BHK Flat for Sale in The Vimal Apartment, Dwarka Sector 12, New Delhi",18000000,Sachdeva Associates,Ready to Move,1 out of 8,Resale,East,"Garden/Park, Main Road",Freehold,3,3,Delhi, The Vimal Apartment,20202,4,891.000891,2000,Registered,Yes,Yes
3 BHK House for Sale in Palam Vihar Pocket B Gurgaon,12000000,Balaji Properties,Ready to Move,3 out of 3,Resale,East,Main Road,Freehold,3,3,Gurgaon, Palam Vihar Pocket B Gurgaon,6263,3,1916.014689,2000,Registered,Yes,Yes
"2 BHK Flat for Sale in Dwarka Mor, New Delhi",3100000,Khatu Shyam Builders,Ready to Move,2 out of 4,New Property,West,Garden/Park,Freehold,2,1,Delhi, Dwarka Mor,46393,2,66.8204255,2000,Registered,Yes,No
10 BHK Villa for Sale in New Friends Colony New Delhi,200000000,Shriram Properties,Ready to Move,3 out of 3,Resale,South - East,"Garden/Park, Main Road",Freehold,10,8,Delhi, New Friends Colony New Delhi,8231,10,24298.38416,2000,Registered,Yes,Yes
"2 BHK Flat for Sale in DDA Metro View Apartments, Dwarka Sector 13, New Delhi",10700000,Jai Ambay Associates,Ready to Move,Ground out of 4,Resale,North,Garden/Park,Freehold,2,2,Delhi, DDA Metro View Apartments,4861,2,2201.19317,2000,Registered,Yes,Yes
"2 BHK Flat for Sale in Govindpuri Main, New Delhi",3500000,Builders World Developer,Ready to Move,12 out of 34,New Property,North - East,"Garden/Park, Pool, Main Road",Freehold,1,4,Delhi, Govindpuri Main,11849,2,295.3835767,2000,Registered,Yes,No
"3 BHK Flat for Sale in Whiteland The ASPEN, Sector 76, Delhi Gurgaon Expressway, Gurgaon",34800000,Hind Realty Solutions,Poss. by Nov '27,1 out of 4,New Property,East,Main Road,Freehold,3,2,Gurgaon, Whiteland The ASPEN,10303,3,3377.656993,2000,Registered,No,Yes
"3 BHK Flat for Sale in RWA Residential Society, Sector 46, Gurgaon",17000000,Parnami Infratech Pvt. Ltd,Ready to Move,16 out of 20,New Property,North - East,Main Road,Freehold,3,3,Gurgaon, RWA Residential Society,3443,3,4937.554458,2000,Registered,Yes,No
"3 BHK Flat for Sale in Sector 86, Faridabad",6500000,Salasar Estate,Ready to Move,1 out of 4,Resale,North - East,Main Road,Freehold,2,1,Faridabad, Sector 86,4915,3,1322.482197,2000,Registered,Yes,No
"3 BHK Flat for Sale in Dwarka Mor, New Delhi",5160000,OM Documentation & Associates ,Ready to Move,20 out of 28,New Property,East,"Garden/Park, Pool, Main Road",Freehold,2,2,Delhi, Dwarka Mor,15152,3,340.5491024,2000,Registered,Yes,Yes
"2 BHK Flat for Sale in Emerald Heights, Sector 88, Faridabad",7600000,Raj Properties,Ready to Move,3 out of 4,Resale,North,"Garden/Park, Main Road",Freehold,2,2,Faridabad, Emerald Heights,6483,2,1172.296776,2000,Registered,Yes,No
"3 BHK Flat for Sale in Signature Global Park 4 and 5, Sohna, Gurgaon",7650000,Agarwal Realtors,Ready to Move,1 out of 4,Resale,North - West,Garden/Park,Freehold,2,2,Gurgaon, Signature Global Park 4 and 5,23214,3,329.5425174,2000,Registered,No,Yes
"3 BHK Flat for Sale in Experion Windchants, Sector 112, Gurgaon",36000000,Deal Realtors,Ready to Move,9 out of 20,Resale,North - East,"Garden/Park, Pool",Freehold,3,3,Gurgaon, Experion Windchants,19853,3,1813.327961,2000,Registered,Yes,Yes
"4 BHK Flat for Sale in DLF The Summit, Sector 54, Gurgaon",67500000,Mehta Propmart Pvt. Ltd.,Ready to Move,10 out of 20,Resale,North - East,"Garden/Park, Pool, Main Road",Freehold,4,3,Gurgaon, DLF The Summit,6500,4,10384.61538,2000,Registered,No,Yes
"3 BHK Flat for Sale in PAREENA COBAN RESIDENCES, Sector 99A, Delhi Gurgaon Expressway, Gurgaon",12900000,Aar Pee Ess Associates,Ready to Move,Ground out of 3,New Property,North - East,"Garden/Park, Main Road",Freehold,3,2,Gurgaon, PAREENA COBAN RESIDENCES,8889,3,1451.23186,2000,Registered,Yes,Yes
"3 BHK Flat for Sale in DDA Metro View Apartments, Dwarka Sector 13, New Delhi",16000000,Bhoomi Real Estate (Reg.),Ready to Move,4 out of 7,New Property,North - East,"Garden/Park, Main Road",Freehold,2,2,Delhi, DDA Metro View Apartments,9529,3,1679.084899,2000,Not Registered,No,Yes
"3 BHK Flat for Sale in Anusandhan Apartment, Dwarka Sector 6, New Delhi",16200000,Negi Associates,Ready to Move,19 out of 19,Resale,Not specified,"Garden/Park, Pool, Main Road",Freehold,2,4,Delhi, Anusandhan Apartment,4699,3,3447.54203,2000,Registered,Yes,Yes
"2 BHK Flat for Sale in The Golden Gate, Wave City, Ghaziabad",6070000,Investment Mantra Homes,Poss. by Dec '23,2 out of 4,New Property,Not specified,Road,Not specified,2,2,Ghaziabad, The Golden Gate,7631,2,795.439654,2000,Registered,Yes,No
"4 BHK Flat for Sale in Apna Villa Apartment, Dwarka Sector 10, New Delhi",24500000,Sehrawat Properties Pvt. Ltd.,Ready to Move,2 out of 9,Resale,North,Garden/Park,Freehold,4,3,Delhi, Apna Villa Apartment,11136,4,2200.071839,2000,Registered,Yes,Yes
"3 BHK Flat for Sale in Fakhruddin Apartments, Dwarka Sector 10, New Delhi",19500000,R S Associates,Ready to Move,5 out of 7,Resale,North - East,"Garden/Park, Main Road",Freehold,4,3,Delhi, Fakhrudd Apartments,9286,3,2099.935387,2000,Registered,Yes,Yes
"3 BHK Flat for Sale in Umang Monsoon Breeze Phase 2, Sector 78, Gurgaon",9950000,DC Jain Real Estate Services Pvt. Ltd.,Ready to Move,4 out of 12,New Property,North,"Garden/Park, Pool, Main Road",Freehold,3,3,Gurgaon, Umang Monsoon Breeze Phase 2,5750,3,1730.434783,2000,Not Registered,No,Yes
"3 BHK Flat for Sale in DDA Platinum Heights, Dwarka Sector 18, New Delhi",17300000,Devbhoomi Realtors,Ready to Move,3 out of 10,Resale,North - East,Garden/Park,Freehold,2,3,Delhi, DDA Platinum Heights,9611,3,1800.020809,2000,Registered,No,No
"3 BHK Flat for Sale in Sushant Lok 1 Block C, Gurgaon",19000000,Alleanza Landbase Pvt. Ltd.,Ready to Move,2 out of 4,New Property,North,"Garden/Park, Main Road",Freehold,3,2,Gurgaon, Sushant Lok 1 Block C,10053,3,1889.98309,2000,Registered,No,Yes
"3 BHK Flat for Sale in Kanak Durga Apartment, Dwarka Sector 12, New Delhi",22500000,Prime Estates,Ready to Move,2 out of 10,Resale,East,"Garden/Park, Main Road",Freehold,3,3,Delhi, Kanak Durga Apartment,12500,3,1800,2000,Registered,No,Yes
"2 BHK Flat for Sale in Unitech Harmony, Nirvana Country, Sector 50, Gurgaon",17500000,S S Properties,Ready to Move,11 out of 19,Resale,East,"Pool, Garden/Park, Main Road",Freehold,2,2,Gurgaon, Unitech Harmony,9744,2,1795.977011,2000,Registered,Yes,No
"2 BHK Flat for Sale in Raheja Shilas, Sector 109, Gurgaon",7000000,Parmar Properties,Ready to Move,7 out of 14,Resale,North - East,Garden/Park,Freehold,2,2,Gurgaon, Raheja Shilas,4801,2,1458.029577,2000,Not Registered,Yes,Yes
"2 BHK Flat for Sale in DDA Flats Sarita Vihar, Sarita Vihar, Mathura Road, New Delhi",13000000,Sai Associates,Ready to Move,3 out of 3,Resale,North - West,"Garden/Park, Main Road",Freehold,2,3,Delhi, DDA Flats Sarita Vihar,11304,2,1150.035386,2000,Registered,Yes,Yes
"3 BHK Flat for Sale in Tata La Vida, Sector 113, Gurgaon",16200000,Taniya rawat,Ready to Move,8 out of 13,New Property,North - East,"Garden/Park, Pool, Main Road",Freehold,3,3,Gurgaon, Tata La Vida,10260,3,1578.947368,2000,Registered,No,Yes
"4 BHK Flat for Sale in Prem Milan Apartment, Dwarka Sector 18, New Delhi",26500000,Anand Properties,Ready to Move,5 out of 10,Resale,South,"Main Road, Garden/Park",Freehold,3,4,Delhi, Prem Milan Apartment,11042,4,2399.927549,2000,Registered,Yes,Yes
"5 BHK Flat for Sale in Greater Kailash 1, New Delhi",166068237.6,Global Realitiez,Ready to Move,Ground out of 4,New Property,North - West,Garden/Park,Freehold,6,5,Delhi, Greater Kailash 1,25385,5,6499.901517,2001,Registered,Yes,Yes
"2 BHK Flat for Sale in DLF One Midtown, Moti Nagar, Kirti Nagar, New Delhi",32207173.35,Ashwani Jangra,Poss. by Dec '24,7 out of 39,New Property,North,Main Road,Freehold,2,2,Delhi, DLF One Midtown,18286,2,1749.972657,2001,Registered,Yes,Yes
"4 BHK Flat for Sale in Neeti Khand 2, Indirapuram, Ghaziabad",16103586.67,Realty Experts,Ready to Move,Ground out of 3,Resale,East,"Garden/Park, Main Road",Freehold,3,2,Ghaziabad, Neeti Khand 2,7273,4,2199.917503,2001,Registered,Yes,No
"3 BHK Flat for Sale in Shubham CGHS, Dwarka Sector 22, New Delhi",15600349.59,R K Property & Interior,Ready to Move,4 out of 8,Resale,North - West,"Garden/Park, Main Road",Freehold,2,3,Delhi, Shubham CGHS,9688,3,1599.917424,2001,Registered,Yes,Yes
"3 BHK Flat for Sale in Sector 83, Gurgaon",12379632.26,LSG Landbase,Ready to Move,18 out of 33,New Property,East,Garden/Park,Freehold,2,3,Gurgaon, Sector 83,13810,3,890.6589428,2001,Registered,No,Yes
"2 BHK Flat for Sale in Emaar Emerald Estate, Sector 65, Gurgaon",14593875.42,Apex Propmart,Ready to Move,9 out of 12,Resale,North - East,"Garden/Park, Pool, Main Road",Freehold,2,2,Gurgaon, Emaar Emerald Estate,26154,2,554.4085035,2001,Not Registered,Yes,No
"6 BHK Flat for Sale in Salcon The Verandas, Sector 54, Gurgaon",171100608.4,Aar Pee Ess Associates,Ready to Move,Ground out of 17,Resale,North - East,"Garden/Park, Pool, Main Road",Freehold,5,4,Gurgaon, Salcon The Verandas,15997,6,10626.99256,2001,Registered,Yes,No
"3 BHK Flat for Sale in Ireo The Grand Arch, Sector 58, Gurgaon",39252492.52,Yaxis Realty Solutions,Ready to Move,5 out of 20,Resale,North - East,"Garden/Park, Pool",Freehold,3,2,Gurgaon, Ireo The Grand Arch,24568,3,1587.430804,2001,Registered,Yes,Yes
"5 BHK Flat for Sale in Salcon The Verandas, Sector 54, Gurgaon",135874012.6,Iconic Realtors,Ready to Move,3 out of 16,Resale,North - East,"Garden/Park, Pool, Main Road",Freehold,5,4,Gurgaon, Salcon The Verandas,10526,5,12825.38476,2001,Registered,Yes,No
"3 BHK Flat for Sale in Dwarka Sector 8, New Delhi",20129483.34,Gupta Properties,Ready to Move,2 out of 4,New Property,East,Main Road,Freehold,3,1,Delhi, Dwarka Sector 8,9149,3,2186.03126,2001,Registered,No,Yes
"2 BHK Flat for Sale in Central Park Flower Valley Flamingo Floor, Sohna Sector 32, Gurgaon",10064741.67,Sanskar Realty ,Ready to Move,1 out of 2,New Property,North - East,Garden/Park,Freehold,2,3,Gurgaon, Central Park Flower Valley Flamingo Floor,14203,2,704.0766035,2001,Registered,No,Yes
"3 BHK Flat for Sale in Smart World Orchard, Sector 61, Gurgaon",22142431.68,Gautam Realty,Poss. by Aug '26,2 out of 4,New Property,North - East,"Garden/Park, Main Road",Freehold,3,3,Gurgaon, Smart World Orchard,9624,3,2285.951787,2001,Registered,Yes,Yes
"2 BHK Flat for Sale in M3M Antalya Hills Phase II, Sector 79, Gurgaon",11071215.84,Brothers & Company,Ready to Move,1 out of 4,New Property,East,"Garden/Park, Main Road",Freehold,3,2,Gurgaon, M3M Antalya Hills Phase II,13594,2,809.1805208,2001,Registered,Yes,Yes
"4 BHK Flat for Sale in Unitech Espace, Nirvana Country, Sector 50, Gurgaon",43781626.27,Krishana Properties,Ready to Move,1 out of 4,New Property,East,Garden/Park,Freehold,5,2,Gurgaon, Unitech Espace,14062,4,3093.443322,2001,Registered,Yes,Yes
"3 BHK Flat for Sale in DLF City Plot Phase 2, DLF City Phase 2, Gurgaon",22645668.76,Luxury Roof,Ready to Move,1 out of 4,New Property,North - East,Main Road,Freehold,3,2,Gurgaon, DLF City Plot Phase 2,3200,3,7031.25,2001,Registered,No,Yes
"2 BHK Flat for Sale in Uttam Nagar West, New Delhi",2415538.001,Preeti Buildtech,Ready to Move,1 out of 4,New Property,North - East,"Garden/Park, Main Road",Freehold,2,1,Delhi, Uttam Nagar West,8077,2,297.1400272,2001,Registered,Yes,Yes
"3 BHK Flat for Sale in Ansal Versalia, Sector 67A, Gurgaon",21135957.51,Aakash Estate,Ready to Move,7 out of 7,Resale,North - East,"Garden/Park, Main Road",Freehold,3,2,Gurgaon, Ansal Versalia,9444,3,2223.634053,2001,Registered,Yes,No
"3 BHK Flat for Sale in Krishna Apartment, Dwarka Sector 9, New Delhi",17110060.84,Goodwill Associates,Ready to move,2 out of 4,Resale,Not specified,Road,Not specified,2,1,Delhi, Krishna Apartment,7631,3,2242.178068,2001,Registered,Yes,Yes
"3 BHK Flat for Sale in Godrej Meridien, Sector 106, Gurgaon",22645668.76,Premium Properties,Ready to Move,18 out of 19,Resale,North - East,"Garden/Park, Pool, Main Road",Freehold,3,3,Gurgaon, Godrej Meridien,12129,3,1855.058125,2001,Registered,No,Yes
"4 BHK Villa for Sale in Sobha International City, Sector 109 Gurgaon",65420820.86,Solution Specialists,Ready to Move,1 out of 4,Resale,North - East,Garden/Park,Freehold,5,4,Gurgaon, Sobha International City,26749,4,2429.997383,2001,Registered,No,Yes
"4 BHK Flat for Sale in IREO Uptown, Badshahpur, Gurgaon",29187750.85,Real 2 Earth,Ready to Move,2 out of 18,Resale,South - East,"Pool, Garden/Park",Freehold,4,3,Gurgaon, IREO Uptown,14139,4,2051.064432,2001,Registered,Yes,No
"4 BHK Flat for Sale in Jaypee Greens Knights Court, Sector 128, Noida Express Way, Noida",27174802.51,JKM Infratech,Ready to Move,2 out of 4,Resale,East,Garden/Park,Leasehold,4,2,Noida, Jaypee Greens Knights Court,9153,4,2949.852507,2001,Registered,Yes,Yes
"3 BHK Flat for Sale in Uninav Bliss, Garhi, Raj Nagar Extension, Ghaziabad",8615418.87,Gungun Properties,Ready to Move,2 out of 4,New Property,North - East,"Garden/Park, Pool, Main Road",Freehold,3,4,Ghaziabad, Uninav Bliss,4300,3,1990.697674,2001,Registered,Yes,Yes
"2 BHK Flat for Sale in Signature Global City 37D II, Sector 37D, Delhi Gurgaon Expressway, Gurgaon",9058267.504,Samagra Realty,Poss. by May '25,1 out of 4,New Property,North,"Garden/Park, Main Road",Freehold,2,2,Gurgaon, Signature Global City 37D II,9000,2,1000,2001,Not Registered,Yes,Yes
"4 BHK Flat for Sale in Ansal API Esencia, Sector 67, Gurgaon",20129483.34,Investors Boutique,Ready to Move,Ground out of 4,New Property,East,Garden/Park,Freehold,4,2,Gurgaon, Ansal API Esencia,8000,4,2500,2001,Registered,Yes,Yes
"3 BHK Flat for Sale in Panchsheel Enclave, New Delhi",48310760.02,Dream Property TM,Ready to Move,1 out of 4,New Property,North - East,Main Road,Freehold,3,2,Delhi, Panchsheel Enclave,30000,3,1600,2001,Registered,Yes,No
"3 BHK Flat for Sale in Vasundhara, Ghaziabad",7649203.67,Demera Homes,Ready to Move,4 out of 28,New Property,West,"Garden/Park, Pool, Main Road",Freehold,2,1,Ghaziabad, Vasundhara,5067,3,1499.901322,2001,Registered,Yes,No
"3 BHK Flat for Sale in DigiTown, Siddhartha Vihar, NH 24, Ghaziabad",8222893.945,Tripat Kaur,Poss. by Dec '24,1 out of 4,New Property,North - East,"Garden/Park, Main Road",Freehold,2,3,Ghaziabad, DigiTown,5719,3,1428.571429,2001,Registered,Yes,Yes
"4 BHK Flat for Sale in Luxury Builder Floors, South City 2, Sector 49, Gurgaon",29690987.93,Sanjay Properties,Ready to Move,2 out of 4,New Property,North,"Garden/Park, Main Road",Freehold,4,2,Gurgaon, Luxury Builder Floors,11346,4,2600.035255,2001,Registered,No,Yes
"3 BHK Flat for Sale in DDA Indraprastha Apartment, Dwarka Sector 12, New Delhi",15097112.51,Dwarka Real Estates,Ready to Move,4 out of 4,Resale,North,"Garden/Park, Main Road",Freehold,2,2,Delhi, DDA Indraprastha Apartment,9375,3,1600,2001,Registered,Yes,Yes
"4 BHK Flat for Sale in Sector 49, Gurgaon",46297811.69,Rajesh Kumar,Ready to Move,6 out of 7,New Property,East,"Garden/Park, Main Road",Freehold,4,3,Gurgaon, Sector 49,13529,4,3400.103481,2001,Registered,Yes,Yes
"3 BHK Flat for Sale in Vrundavan Society, Dwarka Sector 6, New Delhi",18720419.51,Shree Balaji Realtors,Ready to Move,9 out of 28,Resale,North - East,"Garden/Park, Pool",Freehold,2,1,Delhi, Vrundavan Society,10333,3,1800.058066,2001,Not Registered,Yes,Yes
"3 BHK Flat for Sale in DLF Capital Greens 1 and 2, New Moti Nagar, Kirti Nagar, New Delhi",29187750.85,Sharing Real Estate,Ready to Move,4 out of 4,Resale,North - West,"Garden/Park, Pool, Main Road",Freehold,3,4,Delhi, DLF Capital Greens 1 and 2,17313,3,1675.041876,2001,Registered,Yes,No
"4 BHK Flat for Sale in Malibu Town, Malibu Town, Sector 47, Gurgaon",63911109.61,Virendra Estate,Ready to Move,16 out of 28,New Property,East,"Garden/Park, Main Road",Freehold,4,3,Gurgaon, Malibu Town,18143,4,3499.972441,2001,Registered,Yes,Yes
"4 BHK Flat for Sale in DLF Crest, Sector 54, Gurgaon",104673313.4,Khushi Housing Solutions Pvt. Ltd.,Ready to Move,4 out of 14,Resale,North,"Garden/Park, Pool",Freehold,4,3,Gurgaon, DLF Crest,33376,4,3116.011505,2001,Registered,Yes,Yes
"3 BHK Flat for Sale in Aqua Front Towers, Sohna Sector 32, Gurgaon",17009413.42,Dream Nest Landbase,Ready to Move,18 out of 42,Resale,North - East,"Pool, Garden/Park, Main Road",Freehold,3,3,Gurgaon, Aqua Front Towers,9447,3,1788.927702,2001,Registered,No,Yes
"4 BHK Flat for Sale in M3M Latitude, Sector 65, Gurgaon",60388450.03,Aashiyana Properties,Ready to Move,11 out of 26,Resale,North - East,Garden/Park,Freehold,5,5,Gurgaon, M3M Latitude,20305,4,2954.937208,2001,Registered,Yes,Yes
"2 BHK Flat for Sale in SS The Leaf, Sector 85, Gurgaon",11574452.92,Sushant Homes,Ready to Move,2 out of 4,Resale,North - East,Garden/Park,Freehold,2,2,Gurgaon, SS The Leaf,7012,2,1640.045636,2001,Registered,Yes,Yes
"3 BHK Flat for Sale in Safdarjung Enclave, New Delhi",31200699.18,Global Property,Ready to Move,12 out of 16,New Property,North - East,Garden/Park,Freehold,3,3,Delhi, Safdarjung Enclave,22963,3,1349.997823,2001,Not Registered,Yes,Yes
"3 BHK Flat for Sale in Central Park 2, Sector 48, Gurgaon",50323708.35,Uma Shankar Mishra,Ready to Move,Ground out of 4,Resale,North - East,Garden/Park,Freehold,4,3,Gurgaon, Central Park 2,20292,3,2464.025232,2001,Registered,No,Yes
"3 BHK Flat for Sale in Tulip Monsella, Sector 53, Gurgaon",78001747.95,Elegant Homz,Poss. by Jun '27,10 out of 20,New Property,North - West,Garden/Park,Freehold,3,3,Gurgaon, Tulip Monsella,27000,3,2870.37037,2001,Registered,Yes,Yes
"4 BHK Flat for Sale in Gulmohar Park, New Delhi",137886960.9,Future Properties Solutions Pvt. Ltd.,Ready to Move,2 out of 4,New Property,North - East,Main Road,Freehold,5,2,Delhi, Gulmohar Park,30444,4,4500.065694,2001,Not Registered,No,No
"4 BHK Flat for Sale in DLF Icon, DLF City Phase 5, Gurgaon",45291337.52,R S Propmart,Ready to Move,Ground out of 4,Resale,East,"Garden/Park, Main Road",Freehold,4,2,Gurgaon, DLF Icon,17241,4,2610.057421,2001,Registered,Yes,Yes
"4 BHK Flat for Sale in Sushant Lok 2, Gurgaon",25262501.59,Samar Estate,Ready to Move,5 out of 22,New Property,East,"Garden/Park, Pool",Freehold,3,3,Gurgaon, Sushant Lok 2,12872,4,1949.968925,2001,Registered,Yes,Yes
"5 BHK Villa for Sale in Sobha International City, Sector 109 Gurgaon",60388450.03,Prime Realtors India,Ready to Move,2 out of 4,New Property,North,Road,Freehold,6,4,Gurgaon, Sobha International City,13333,5,4500.112503,2001,Registered,Yes,Yes
"3 BHK Flat for Sale in Assotech Blith, Sector 99, Gurgaon",13285459.01,First Option Estate,Ready to Move,2 out of 4,New Property,Not specified,Road,Not specified,4,2,Gurgaon, Assotech Blith,5500,3,2400,2001,Not Registered,Yes,Yes
"4 BHK Flat for Sale in Sector 46, Gurgaon",36736307.1,Aaditya Property,Ready to Move,4 out of 4,New Property,North - West,"Garden/Park, Pool, Main Road",Freehold,4,2,Gurgaon, Sector 46,13519,4,2699.903839,2001,Registered,Yes,Yes
"4 BHK Flat for Sale in Suncity, Sector 54, DLF Golf Course Road, Gurgaon",18116535.01,Vishwa Property,Ready to Move,1 out of 2,Resale,North,"Garden/Park, Main Road",Freehold,4,2,Gurgaon, Suncity,13433,4,1339.983622,2001,Registered,Yes,Yes
"3 BHK Flat for Sale in DGS Apartment, Dwarka Sector 22, New Delhi",15097112.51,Dev Associates,Ready to Move,7 out of 7,Resale,North,"Garden/Park, Main Road",Freehold,2,4,Delhi, DGS Apartment,9677,3,1550.06717,2001,Registered,No,Yes
"3 BHK Flat for Sale in Luxury Floors, DLF City Phase 1, Gurgaon",23148905.84,P N A Corp Serv,Ready to Move,2 out of 4,New Property,North,"Garden/Park, Main Road",Freehold,3,4,Gurgaon, Luxury Floors,12907,3,1781.978771,2001,Not Registered,Yes,Yes
"3 BHK Flat for Sale in RPS Auria Residences, Sector 88, Faridabad",8555030.42,Investors Junction,Ready to Move,Ground out of 14,Resale,East,Garden/Park,Freehold,3,3,Faridabad, RPS Auria Residences,5431,3,1565.089302,2001,Registered,No,Yes
"1 BHK Flat for Sale in Knowledge Park 3, Greater Noida",1610358.667,Property Bazar,Ready to Move,2 out of 2,Resale,North - West,"Pool, Garden/Park, Main Road",Leasehold,1,2,Noida, Knowledge Park 3,3800,1,421.0526316,2001,Not Registered,Yes,Yes
"3 BHK Flat for Sale in Aditya White Cottage, NH 24, Ghaziabad",4730428.585,Unknown,Ready to Move,2 out of 4,Resale,East,Garden/Park,Freehold,2,2,Ghaziabad, Aditya White Cottage,3413,3,1377.087606,2001,Registered,Yes,No
"4 BHK Flat for Sale in Dlf City Phase 4, Sector 28, Gurgaon",28181276.68,Unknown,Ready to Move,3 out of 14,Resale,South,Garden/Park,Freehold,4,3,Gurgaon, Dlf City Phase 4,11523,4,2429.922763,2001,Registered,No,No
"3 BHK Flat for Sale in Mahagun Mansion 1 and 2, Indirapuram, Ghaziabad",8051793.337,Unknown,Ready to Move,1 out of 4,Resale,North - East,Garden/Park,Freehold,2,2,Ghaziabad, Mahagun Mansion 1 and 2,5634,3,1419.950302,2001,Registered,No,Yes
"3 BHK Flat for Sale in Godrej Tropical Isle, Sector 146, Noida",31703936.26,Unknown,Poss. by Nov '23,1 out of 3,Resale,South - East,Garden/Park,Freehold,3,2,Noida, Godrej Tropical Isle,19444,3,1620.037029,2001,Registered,No,Yes
"3 BHK Flat for Sale in Tagore Garden, Rajouri Garden, Najafgarh Road, New Delhi",18116535.01,Unknown,Ready to Move,17 out of 25,Resale,North - East,"Garden/Park, Main Road",Leasehold,2,4,Delhi, Tagore Garden,13333,3,1350.033751,2001,Registered,Yes,Yes
"4 BHK Flat for Sale in Panchsheel Greens 2, Noida Extension Block B, Noida",10567978.75,Unknown,Ready to Move,2 out of 7,New Property,East,Main Road,Freehold,4,2,Noida, Panchsheel Greens 2,5769,4,1820.072803,2001,Registered,No,Yes
"2 BHK Flat for Sale in Delhi Rajdhani Apartments, Patparganj, New Delhi",11574452.92,Unknown,Ready to Move,2 out of 4,Resale,North,Garden/Park,Freehold,2,2,Delhi, Delhi Rajdhani Apartments,10952,2,1050.036523,2001,Registered,Yes,No
4 BHK Villa for Sale in Noida Extension Block A Noida,7367390.903,Unknown,Poss. by Dec '23,Ground out of 2,New Property,North,"Garden/Park, Main Road, Pool",Freehold,3,2,Noida, Noida Extension Block A Noida,3486,4,2099.827883,2001,Registered,Yes,No
"3 BHK Flat for Sale in Greater Kailash 2, New Delhi",54349605.02,Unknown,Ready to Move,14 out of 26,New Property,North - East,"Garden/Park, Pool",Freehold,4,2,Delhi, Greater Kailash 2,27907,3,1934.998388,2001,Not Registered,Yes,No
"4 BHK House for Sale in Saraswati Vihar, Sector 28 Gurgaon",25967033.51,Unknown,Ready to Move,11 out of 20,Resale,North - East,"Garden/Park, Main Road",Leasehold,2,4,Gurgaon, Saraswati Vihar,17695,4,1458.038994,2001,Registered,Yes,Yes
"3 BHK Flat for Sale in Express Astra, Greater Noida West, Greater Noida",18116535.01,Unknown,Poss. by Dec '25,3 out of 4,New Property,North - East,"Pool, Garden/Park, Main Road",Freehold,3,4,Noida, Express Astra,8978,3,2004.900869,2001,Registered,Yes,Yes
"4 BHK Flat for Sale in M3M Merlin, Sector 67, Gurgaon",47304285.85,Unknown,Ready to Move,3 out of 4,Resale,North - East,Garden/Park,Freehold,4,3,Gurgaon, M3M Merlin,14386,4,3267.065202,2001,Registered,Yes,No
"2 BHK Flat for Sale in Signature Global Park, Sohna Sector 36, Gurgaon",5223600.927,Unknown,Ready to Move,19 out of 22,New Property,North - East,"Garden/Park, Pool, Main Road",Freehold,2,3,Gurgaon, Signature Global Park,6137,2,845.6900766,2001,Registered,Yes,Yes
"1 BHK Flat for Sale in Jaypee Greens Crescent Court, Jaypee Greens, Greater Noida",12077690.01,Unknown,Ready to Move,2 out of 2,Resale,North,Garden/Park,Leasehold,1,3,Noida, Jaypee Greens Crescent Court,9600,1,1250,2001,Not Registered,No,Yes
"2 BHK Flat for Sale in Panchsheel Pratishtha, Sector 75, Noida",10165389.09,Unknown,Ready to Move,8 out of 16,Resale,East,"Garden/Park, Main Road",Freehold,2,2,Noida, Panchsheel Pratishtha,7710,2,1309.98703,2001,Registered,Yes,No
"4 BHK Flat for Sale in Greenfield Colony, Mathura Road, Faridabad",9058267.504,Unknown,Ready to Move,2 out of 3,Resale,East,"Garden/Park, Pool, Main Road",Freehold,3,3,Faridabad, Greenfield Colony,4000,4,2250,2001,Registered,Yes,No
"3 BHK Flat for Sale in BPTP Discovery Park, Sector 80, Faridabad",9561504.587,Unknown,Ready to Move,15 out of 25,Resale,North - East,Road,Freehold,3,2,Faridabad, BPTP Discovery Park,5846,3,1625.042764,2001,Registered,No,Yes
"2 BHK Flat for Sale in Rohini Sector 3, New Delhi",8152440.754,Unknown,Ready to Move,1 out of 5,Resale,Not specified,Road,Leasehold,2,3,Delhi, Rohini Sector 3,16079,2,503.7626718,2001,Registered,Yes,Yes
"2 BHK Flat for Sale in CRC Joyous, Techzone 4, Greater Noida",6441434.669,Unknown,Poss. by Sep '27,2 out of 4,New Property,Not specified,Road,Not specified,2,1,Noida, CRC Joyous,6153,2,1040.14302,2001,Registered,Yes,No
"3 BHK Flat for Sale in Nehru Nagar, Lajpat Nagar, New Delhi",6038845.003,Unknown,Ready to Move,2 out of 4,Resale,Not specified,Road,Not specified,3,2,Delhi, Nehru Nagar,5556,3,1079.913607,2001,Registered,Yes,Yes
"3 BHK Flat for Sale in Priyadarshini Vihar, Laxmi Nagar, New Delhi",17613297.92,Aadharshila Realtors,Ready to Move,3 out of 4,Resale,North - East,Garden/Park,Freehold,2,1,Delhi, Priyadarshini Vihar,14620,3,1196.990424,2001,Registered,Yes,Yes
"3 BHK Flat for Sale in Himachal Apartment, Dwarka Sector 5, New Delhi",21035310.09,Rohini Developers,Ready to Move,2 out of 7,Resale,North - East,"Garden/Park, Main Road",Freehold,2,3,Delhi, Himachal Apartment,11611,3,1800.017225,2001,Not Registered,No,Yes
"3 BHK Flat for Sale in Puri Emerald Bay, Sector 104, Gurgaon",25665091.26,Garg Realty,Ready to Move,12 out of 29,Resale,North - East,"Garden/Park, Main Road",Freehold,4,3,Gurgaon, Puri Emerald Bay,10408,3,2450.038432,2001,Registered,Yes,Yes
"3 BHK Flat for Sale in Uttam Nagar West, New Delhi",3220717.335,Dalip Singh,Ready to Move,1 out of 3,Resale,North - East,Garden/Park,Freehold,3,1,Delhi, Uttam Nagar West,4828,3,662.8003314,2001,Registered,Yes,Yes
"3 BHK Flat for Sale in Amrapali Smart City, Noida Extention, Greater Noida",7749851.087,Civic Estate,Ready to Move,15 out of 25,Resale,East,"Garden/Park, Pool",Leasehold,3,4,Noida, Amrapali Smart City,4877,3,1578.83945,2001,Not Registered,No,Yes
"3 BHK Flat for Sale in KW Srishti, Raj Nagar Extension, Ghaziabad",6994995.461,Perfect Homes,Ready to Move,11 out of 14,Resale,East,Garden/Park,Freehold,2,3,Ghaziabad, KW Srishti,6193,3,1122.234781,2001,Registered,No,Yes
"1 BHK Flat for Sale in Sector MU 2, Greater Noida",2012948.334,Unknown,Ready to Move,2 out of 4,Resale,North,"Garden/Park, Main Road",Freehold,1,1,Noida, Sector MU 2,9444,1,211.7746717,2001,Not Registered,Yes,Yes
"3 BHK Flat for Sale in Rohini Sector 23, New Delhi",8555030.42,Unknown,Ready to Move,2 out of 4,New Property,East,"Garden/Park, Pool, Main Road",Freehold,2,1,Delhi, Rohini Sector 23,16364,3,519.4329015,2001,Not Registered,Yes,Yes
4 BHK Flat for Sale in New Delhi,45291337.52,Unknown,Ready to Move,1 out of 4,Resale,North,"Garden/Park, Pool, Main Road",Power Of Attorney,4,1,Delhi, New Delhi,3295,4,13657.05615,2001,Registered,Yes,Yes
"2 BHK Flat for Sale in Aditya World City, NH 24, Ghaziabad",2918775.085,Unknown,Ready to Move,14 out of 14,Resale,East,"Garden/Park, Main Road",Freehold,2,1,Ghaziabad, Aditya World City,29861,2,97.11664043,2001,Not Registered,Yes,No
"1 BHK Flat for Sale in Sheikh Sarai Phase 2, New Delhi",9058267.504,Unknown,Ready to Move,1 out of 2,Resale,North - East,"Main Road, Garden/Park",Freehold,1,2,Delhi, Sheikh Sarai Phase 2,6034,1,1491.547895,2001,Registered,Yes,Yes
"3 BHK Flat for Sale in Kavi Nagar, Ghaziabad",7045319.17,Unknown,Ready to Move,1 out of 4,Resale,North - East,"Garden/Park, Main Road",Freehold,3,3,Ghaziabad, Kavi Nagar,9554,3,732.6774126,2001,Not Registered,Yes,Yes
"2 BHK Flat for Sale in Hero Homes, Sector 104, Gurgaon",10567978.75,Unknown,Poss. by May '24,3 out of 36,Resale,North,Garden/Park,Freehold,2,2,Gurgaon, Hero Homes,11667,2,899.9742864,2001,Registered,No,Yes
"2 BHK Flat for Sale in Sheikh Sarai Phase 1, New Delhi",14090638.34,Unknown,Ready to Move,Ground out of 4,Resale,North - East,"Garden/Park, Main Road",Freehold,2,4,Delhi, Sheikh Sarai Phase 1,6459,2,2167.518192,2001,Registered,Yes,Yes
"3 BHK Flat for Sale in Uninav Eden, Garhi, Raj Nagar Extension, Ghaziabad",13587401.26,Unknown,Ready to Move,2 out of 4,New Property,North - East,"Garden/Park, Main Road",Leasehold,3,4,Ghaziabad, Uninav Eden,9492,3,1422.250316,2001,Registered,No,Yes
"5 BHK Flat for Sale in BPTP MANSIONS PARK PRIME, Sector 66, Gurgaon",28181276.68,Unknown,Ready to Move,35 out of 40,New Property,North - West,"Garden/Park, Main Road",Freehold,5,5,Gurgaon, BPTP MANSIONS PARK PRIME,14650,5,1911.262799,2001,Registered,No,No
"5 BHK Flat for Sale in Mahagun Manorialle, Sector 128, Noida Express Way, Noida",89878143.12,Unknown,Poss. by Mar '24,11 out of 42,New Property,East,Garden/Park,Freehold,6,3,Noida, Mahagun Manorialle,18000,5,4961.111111,2001,Registered,No,No
"4 BHK Flat for Sale in M3M Golf Estate, Sector 65, Gurgaon",92394328.54,Unknown,Ready to Move,1 out of 4,Resale,East,"Pool, Garden/Park, Main Road",Freehold,4,3,Gurgaon, M3M Golf Estate,14286,4,6425.871483,2001,Registered,Yes,Yes
"3 BHK Flat for Sale in Project Sushant Lok 1 Block C, Sushant Lok 1 Block C, Gurgaon",25161854.18,Unknown,Ready to Move,2 out of 4,New Property,North - East,Main Road,Freehold,3,2,Gurgaon, Project Sushant Lok 1 Block C,4904,3,5097.879282,2001,Registered,Yes,Yes
"3 BHK Flat for Sale in Uninav Eden, Raj Nagar Extension, Ghaziabad",10266036.5,Unknown,Ready to Move,2 out of 4,New Property,North - East,"Garden/Park, Main Road",Freehold,3,2,Ghaziabad, Uninav Eden,16364,3,623.3194818,2001,Registered,Yes,No
"4 BHK Flat for Sale in Greater Kailash 1, New Delhi",49820471.27,Unknown,Ready to Move,3 out of 10,New Property,North - East,Main Road,Leasehold,4,3,Delhi, Greater Kailash 1,6900,4,7173.913043,2001,Registered,Yes,Yes
"3 BHK Flat for Sale in Skylark Apartment, Dwarka Sector 6, New Delhi",36233070.02,Unknown,Ready to Move,8 out of 26,Resale,North - East,Main Road,Freehold,4,4,Delhi, Skylark Apartment,15000,3,2400,2001,Registered,No,Yes
"3 BHK Flat for Sale in Express Astra Phase 2, Sector 1, Greater Noida",10869921,Unknown,Poss. by Dec '24,6 out of 21,New Property,West,Garden/Park,Leasehold,2,2,Noida, Express Astra Phase 2,9585,3,1126.760563,2001,Registered,Yes,Yes
"3 BHK Flat for Sale in Mahagun Manorialle, Sector 128, Noida Express Way, Noida",40762203.77,Unknown,Poss. by Dec '23,6 out of 20,New Property,Not specified,Road,Freehold,3,3,Noida, Mahagun Manorialle,4937,3,8203.362366,2001,Registered,Yes,No
"3 BHK Flat for Sale in ACE Divino, Noida Extension, Noida",15097112.51,Unknown,Ready to Move,3 out of 4,Resale,Not specified,Road,Freehold,2,2,Noida, ACE Divino,4736,3,3167.22973,2001,Registered,Yes,Yes
"2 BHK Flat for Sale in Logix Blossom County, Noida Express Way, Noida",10170139.25,Unknown,Ready to Move,6 out of 13,Resale,Not specified,Road,Freehold,2,3,Noida, Logix Blossom County,13579,2,515.5018779,2002,Registered,Yes,Yes
"4 BHK Flat for Sale in Sector 85, Faridabad",18887401.46,Unknown,Ready to Move,2 out of 4,New Property,Not specified,Road,Not specified,3,2,Faridabad, Sector 85,6670,4,1949.025487,2002,Registered,Yes,No
"3 BHK Flat for Sale in IREO Skyon, Sector 60, Gurgaon",40680557,Unknown,Poss. by Dec '24,2 out of 4,Resale,Not specified,Road,Not specified,3,2,Gurgaon, IREO Skyon,11556,3,2422.983731,2002,Registered,Yes,Yes
"3 BHK Flat for Sale in Trident Embassy Reso, Greater Noida West, Greater Noida",13322882.42,Unknown,Ready to Move,2 out of 4,New Property,Not specified,Road,Not specified,2,2,Noida, Trident Embassy Reso,7631,3,1745.889453,2002,Registered,Yes,Yes
"2 BHK Flat for Sale in Arya Chittaranjan Park, Chittaranjan Park, New Delhi",18887401.46,Unknown,Ready to move,2 out of 4,Resale,Not specified,Road,Not specified,2,2,Delhi, Arya Chittaranjan Park,7631,2,2475.088647,2002,Registered,Yes,Yes
"2 BHK Flat for Sale in Emaar Digi Homes, Sector 62, Gurgaon",34142610.34,SR Realty,Ready to Move,7 out of 33,Resale,North,Garden/Park,Freehold,2,3,Gurgaon, Emaar Digi Homes,15584,2,1507.956879,2002,Not Registered,Yes,Yes
"4 BHK Flat for Sale in Yojana Vihar RWA, Anand Vihar, New Delhi",74096728.82,Shubham Properties,Ready to Move,Ground out of 4,New Property,North,"Garden/Park, Main Road",Freehold,4,2,Delhi, Yojana Vihar RWA,21250,4,2400,2002,Not Registered,Yes,Yes
"3 BHK Flat for Sale in Orchid IVY, Sector 51, Gurgaon",37774802.93,Sikka Realtor,Poss. by Jun '25,1 out of 4,New Property,North - East,"Garden/Park, Main Road",Freehold,3,2,Gurgaon, Orchid IVY,10000,3,2600,2002,Registered,No,Yes
"2 BHK Flat for Sale in Mahagun Puram, NH 24, Ghaziabad",4649206.514,Unknown,Ready to Move,19 out of 19,Resale,North - East,"Garden/Park, Pool, Main Road",Leasehold,2,3,Ghaziabad, Mahagun Puram,3556,2,899.8875141,2002,Registered,Yes,No
"3 BHK Flat for Sale in Amrapali Sapphire, Sector 45, Noida Express Way, Noida",22955457.16,Unknown,Ready to Move,Ground out of 20,Resale,North - East,"Garden/Park, Main Road",Leasehold,3,2,Noida, Amrapali Sapphire,8746,3,1806.540133,2002,Registered,Yes,Yes
"5 BHK Flat for Sale in The Islands by Gaurs, Jaypee Greens, Greater Noida",91385965.54,Unknown,Poss. by Jul '30,12 out of 23,New Property,North - West,"Garden/Park, Main Road",Freehold,5,5,Noida, The Islands by Gaurs,12926,5,4866.161225,2002,Registered,Yes,No
"2 BHK Flat for Sale in Prashant Vihar, Rohini, New Delhi",15981647.39,Unknown,Ready to Move,2 out of 3,New Property,East,"Garden/Park, Pool, Main Road",Power Of Attorney,2,1,Delhi, Prashant Vihar,14550,2,756.0137457,2002,Registered,Yes,Yes
"4 BHK Flat for Sale in Antriksh Nature, Sector 52, Noida",34869048.86,Unknown,Ready to Move,10 out of 14,New Property,East,"Garden/Park, Pool, Main Road",Freehold,5,3,Noida, Antriksh Nature,8972,4,2674.988854,2002,Registered,Yes,No
"3 BHK Flat for Sale in Vatika Gurgaon 21, Sector 83, Gurgaon",15981647.39,Unknown,Ready to Move,7 out of 18,Resale,East,"Garden/Park, Pool, Main Road",Freehold,3,2,Gurgaon, Vatika Gurgaon 21,6340,3,1735.015773,2002,Registered,No,No
"4 BHK Flat for Sale in ATS Advantage, Ahinsa Khand-1, Indirapuram, Ghaziabad",53756450.32,Unknown,Ready to Move,9 out of 22,Resale,East,"Pool, Garden/Park, Main Road",Freehold,4,4,Ghaziabad, ATS Advantage,12131,4,3050.037095,2002,Registered,Yes,Yes
"3 BHK Flat for Sale in Nandini The Vasundhara Grand, Vasundhara, Ghaziabad",20630853.91,Unknown,Ready to Move,6 out of 22,New Property,East,"Garden/Park, Pool, Main Road",Leasehold,3,4,Ghaziabad, Nandini The Vasundhara Grand,8606,3,1650.01162,2002,Registered,Yes,Yes
"2 BHK Flat for Sale in Gaur City 7th Avenue, Noida Extension, Noida",9007837.621,Unknown,Ready to Move,14 out of 32,Resale,North - East,"Garden/Park, Main Road",Freehold,2,3,Noida, Gaur City 7th Avenue,5767,2,1075.082365,2002,Registered,No,Yes
"3 BHK Flat for Sale in Sri Durga Apartment, Dwarka Sector 11, New Delhi",23246032.57,Unknown,Ready to Move,9 out of 10,Resale,North,Main Road,Freehold,3,3,Delhi, Sri Durga Apartment,10000,3,1600,2002,Not Registered,Yes,Yes
"2 BHK Flat for Sale in East Avenue, Sector 73, Noida Express Way, Noida",4358631.107,Unknown,Ready to Move,1 out of 6,Resale,North - West,Main Road,Freehold,2,1,Noida, East Avenue,2857,2,1050.052503,2002,Registered,Yes,No
"4 BHK Flat for Sale in HUDA Authority Plots, Sector 57, Gurgaon",42133434.03,Unknown,Ready to Move,1 out of 3,New Property,South -West,"Garden/Park, Pool, Main Road",Leasehold,4,3,Gurgaon, HUDA Authority Plots,10357,4,2800.038621,2002,Registered,Yes,Yes
"3 BHK Flat for Sale in Apex Athena, Sector 75, Noida",24698909.61,Unknown,Ready to Move,4 out of 4,Resale,East,"Garden/Park, Main Road",Freehold,3,4,Noida, Apex Athena,8971,3,1894.994984,2002,Registered,No,Yes
"3 BHK House for Sale in Cassia Sigma, Sigma 3 Greater Noida",26151786.64,Unknown,Ready to Move,Ground out of 3,Resale,North - East,"Garden/Park, Main Road",Freehold,3,1,Noida, Cassia Sigma,8361,3,2152.85253,2002,Registered,Yes,Yes
"3 BHK Flat for Sale in Raj Garden City, Raj Nagar Extension, Ghaziabad",8426686.807,Unknown,Ready to Move,1 out of 4,New Property,North - East,Main Road,Freehold,3,2,Ghaziabad, Raj Garden City,4003,3,1448.913315,2002,Registered,Yes,Yes
"2 BHK Flat for Sale in Raj Garden City, Raj Nagar Extension, Ghaziabad",8528388.199,Unknown,Ready to Move,12 out of 13,New Property,North,Garden/Park,Freehold,2,4,Ghaziabad, Raj Garden City,3558,2,1649.80326,2002,Registered,Yes,Yes
"1 BHK Flat for Sale in RWA DLF Colony, Bhopura, Ghaziabad",2905754.071,Unknown,Ready to Move,1 out of 3,Resale,East,Garden/Park,Freehold,1,3,Ghaziabad, RWA DLF Colony,3447,1,580.2146794,2002,Registered,No,Yes
"3 BHK Flat for Sale in Ashiana Apartment, Dwarka Sector 6, New Delhi",25134772.72,Unknown,Ready to Move,1 out of 10,Resale,North,Main Road,Freehold,2,2,Delhi, Ashiana Apartment,9886,3,1749.949423,2002,Registered,Yes,Yes
"1 BHK Flat for Sale in Mohan Garden, Razapur Khurd, New Delhi",2615178.664,Unknown,Poss. by Dec '23,2 out of 4,Resale,North - East,"Main Road, Garden/Park",Freehold,1,1,Delhi, Mohan Garden,4000,1,450,2002,Registered,Yes,No
2 BHK House for Sale in Chhapraula Ghaziabad,6901165.92,Unknown,Ready to Move,Ground out of 1,New Property,Not specified,Road,Not specified,2,1,Ghaziabad, Chhapraula Ghaziabad,5278,2,899.9621069,2002,Registered,Yes,Yes
"4 BHK Flat for Sale in DLF Regal Gardens, Sector 90, Gurgaon",29057540.71,Unknown,Poss. by Jul '24,2 out of 19,New Property,Not specified,Road,Not specified,4,2,Gurgaon, DLF Regal Gardens,8997,4,2222.96321,2002,Registered,Yes,Yes
"3 BHK Flat for Sale in Birla Navya, Sector 63, Gurgaon",56662204.39,Unknown,Ready to Move,2 out of 4,New Property,Not specified,Road,Not specified,3,2,Gurgaon, Birla Navya,20526,3,1900.029231,2002,Registered,Yes,Yes
2 BHK House for Sale in Lal Kuan Ghaziabad,5375645.032,Unknown,Ready to Move,Ground out of 1,New Property,Not specified,Road,Not specified,1,2,Ghaziabad, Lal Kuan Ghaziabad,5211,2,710.0364613,2002,Registered,Yes,No
"3 BHK Flat for Sale in DDA Flats Pocket 4, Mayur Vihar 1, New Delhi",21066717.02,Unknown,Ready to move,1 out of 3,Resale,Not specified,Road,Not specified,2,2,Delhi, DDA Flats Pocket 4,11600,3,1250,2002,Registered,No,Yes
"2 BHK Flat for Sale in Pahar Ganj, New Delhi",5085069.625,Ample Properties,Ready to Move,11 out of 14,Resale,East,Main Road,Freehold,2,3,Delhi, Pahar Ganj,3889,2,899.9742864,2002,Not Registered,Yes,No
"3 BHK Flat for Sale in Adore Happy Homes Exclusive phase 2 , Sector 86, Faridabad",5303001.18,Anshul Propshop,Ready to Move,2 out of 4,Resale,North - East,Garden/Park,Freehold,2,2,Faridabad, Adore Happy Homes Exclusive phase 2 ,3650,3,1000,2002,Registered,Yes,Yes
"3 BHK Flat for Sale in Aba Cherry County, Tech Zone, Gautam Budh Nagar, Yamuna Expressway, Greater Noida",13802331.84,Alpas Corp,Ready to Move,1 out of 20,Resale,East,"Pool, Garden/Park, Main Road",Freehold,2,3,Noida, Aba Cherry County,7877,3,1206.04291,2002,Registered,Yes,Yes
"2 BHK Flat for Sale in Samridhi Luxuriya Avenue, Sector 150, Pusta Road, Noida",20340278.5,Upscale Landholdings,Ready to Move,Ground out of 4,New Property,East,Main Road,Freehold,2,4,Noida, Samridhi Luxuriya Avenue,11245,2,1244.997777,2002,Registered,Yes,Yes
"3 BHK Flat for Sale in Splendour, Greater Noida West, Greater Noida",14383482.65,Unknown,Poss. by Jun '26,2 out of 4,New Property,North,"Garden/Park, Pool, Main Road",Leasehold,2,4,Noida, Splendour,6115,3,1618.969747,2002,Registered,Yes,Yes
"2 BHK Flat for Sale in Wazir Nagar, South Extension, New Delhi",11623016.29,Unknown,Ready to Move,2 out of 4,Resale,North - West,Garden/Park,Freehold,2,1,Delhi, Wazir Nagar,7273,2,1099.958752,2002,Not Registered,No,Yes
"1 BHK Flat for Sale in Sadarpur, Ghaziabad",2324603.257,Unknown,Ready to Move,1 out of 4,Resale,North,Main Road,Freehold,1,2,Ghaziabad, Sadarpur,3721,1,429.9919377,2002,Registered,No,Yes
"3 BHK Flat for Sale in T Homes, Siddhartha Vihar, NH 24, Ghaziabad",15255208.87,Unknown,Ready to Move,4 out of 4,Resale,North - East,"Garden/Park, Main Road",Freehold,3,5,Ghaziabad, T Homes,6774,3,1550.044287,2002,Not Registered,No,Yes
"4 BHK Flat for Sale in County 107, Sector 107, Dadri Road, Noida",76276044.37,Unknown,Poss. by Dec '23,1 out of 3,Resale,East,"Garden/Park, Main Road",Freehold,4,4,Noida, County 107,15014,4,3496.736379,2002,Not Registered,Yes,Yes
3 BHK House for Sale in Mehrauli New Delhi,5085069.625,Unknown,Ready to Move,2 out of 4,Resale,North - East,Garden/Park,Freehold,2,2,Delhi, Mehrauli New Delhi,5278,3,663.1299735,2002,Registered,Yes,Yes
"2 BHK Flat for Sale in Mahavir Enclave Part 1, New Delhi",5520932.736,Unknown,Ready to Move,3 out of 3,Resale,East,Garden/Park,Freehold,2,1,Delhi, Mahavir Enclave Part 1,18056,2,210.456358,2002,Not Registered,Yes,Yes
"3 BHK Flat for Sale in Rajdhani Enclave, New Delhi",47218503.66,Unknown,Ready to Move,11 out of 18,Resale,North - East,"Garden/Park, Pool, Main Road",Freehold,2,3,Delhi, Rajdhani Enclave,3000,3,10833.33333,2002,Registered,No,Yes
"1 BHK Flat for Sale in Mehrauli, New Delhi",2179315.554,Unknown,Ready to Move,3 out of 10,Resale,North - West,Garden/Park,Freehold,1,5,Delhi, Mehrauli,37160,1,40.36598493,2002,Not Registered,Yes,No
"5 BHK House for Sale in Sector 15 Block A, Noida sector 15 Metro Noida",116230162.9,Unknown,Ready to Move,3 out of 3,Resale,Not specified,Garden/Park,Freehold,5,3,Noida, Sector 15 Block A,19464,5,4110.152076,2002,Registered,Yes,Yes
"4 BHK Flat for Sale in Unitech The World Spa, Uniworld City, Sector 30, Delhi Gurgaon Expressway, Gurgaon",123494548,Unknown,Ready to Move,4 out of 4,Resale,Not specified,Road,Freehold,5,5,Gurgaon, Unitech The World Spa,12885,4,6596.818005,2002,Not Registered,Yes,Yes
"4 BHK Flat for Sale in Shubh Laxmi Apartment Sector 6 Dwarka, Dwarka Sector 6, New Delhi",48671380.7,Unknown,Ready to Move,1 out of 2,Resale,Not specified,Road,Not specified,4,3,Delhi, Shubh Laxmi Apartment Sector 6 Dwarka,6798,4,4927.919976,2002,Registered,Yes,Yes
"2 BHK Flat for Sale in Bijwasan, New Delhi",8717262.214,Unknown,Ready to Move,4 out of 9,New Property,Not specified,Road,Not specified,2,2,Delhi, Bijwasan,7000,2,857.1428571,2002,Registered,No,Yes
"1 BHK Flat for Sale in Rohini, New Delhi",6102083.55,Unknown,Ready to Move,4 out of 4,Resale,Not specified,Road,Not specified,2,2,Delhi, Rohini,20278,1,207.1210179,2002,Registered,Yes,Yes
"3 BHK Flat for Sale in H Block-Saket, New Delhi",53030011.8,Unknown,Ready to Move,16 out of 22,Resale,Not specified,Road,Not specified,2,2,Delhi, H Block-Saket,8936,3,4084.601611,2002,Registered,No,Yes
"3 BHK Flat for Sale in Galaxy Apartment, Sector 43, Gurgaon",30510417.75,Unknown,Ready to Move,12 out of 14,Resale,Not specified,Road,Not specified,3,2,Gurgaon, Galaxy Apartment,14000,3,1500,2002,Registered,No,Yes
"3 BHK Flat for Sale in M3M Skycity, Sector 65, Gurgaon",41406995.52,Unknown,Ready to Move,3 out of 4,New Property,Not specified,Road,Not specified,4,2,Gurgaon, M3M Skycity,44531,3,640.003593,2002,Registered,Yes,No
"4 BHK Flat for Sale in DLF The Magnolias, Sector 42, Gurgaon",414069955.2,Unknown,Ready to Move,4 out of 4,Resale,Not specified,Road,Not specified,5,2,Gurgaon, DLF The Magnolias,8462,4,33679.98109,2002,Registered,Yes,Yes
"3 BHK Flat for Sale in Tilak Marg, New Delhi",27604663.68,Unknown,Ready to Move,2 out of 4,Resale,Not specified,Road,Not specified,3,2,Delhi, Tilak Marg,13468,3,1410.751411,2002,Registered,Yes,Yes
"3 BHK Flat for Sale in Shankar Vihar, New Delhi",29057540.71,Unknown,Ready to Move,2 out of 4,Resale,Not specified,Road,Not specified,3,2,Delhi, Shankar Vihar,9500,3,2105.263158,2002,Registered,Yes,No
"2 BHK House for Sale in Paryatan Vihar, Vasundhara Enclave New Delhi",13802331.84,Unknown,Ready to Move,2 out of 4,Resale,Not specified,Road,Not specified,2,2,Delhi, Paryatan Vihar,7444,2,1276.195594,2002,Registered,Yes,No
"4 BHK Flat for Sale in Sector 27, Gurgaon",48671380.7,Unknown,Ready to Move,2 out of 4,Resale,Not specified,Road,Not specified,5,2,Gurgaon, Sector 27,7631,4,6378.113051,2002,Registered,Yes,Yes
"3 BHK Flat for Sale in Palm Green, Dwarka Sector 7, New Delhi",28331102.2,AAB Realty,Ready to Move,9 out of 9,Resale,North - East,"Garden/Park, Main Road",Freehold,3,2,Delhi, Palm Green,10000,3,1950,2002,Not Registered,Yes,No
"2 BHK Flat for Sale in DDA Flats, Sarita Vihar, Mathura Road, New Delhi",17434524.43,Arora Properties,Ready to Move,3 out of 4,Resale,North - East,Garden/Park,Leasehold,2,5,Delhi, DDA Flats,11429,2,1049.960626,2002,Registered,No,Yes
"2 BHK Flat for Sale in Prateek Wisteria, Sector 77, Noida",9443700.732,Investors Lab,Ready to Move,8 out of 15,Resale,East,"Garden/Park, Pool, Main Road",Freehold,2,4,Noida, Prateek Wisteria,6806,2,955.0396709,2002,Registered,Yes,No
"3 BHK Flat for Sale in Godrej Serenity , Sohna Sector 33, Gurgaon",18160962.95,Abhinav Tyagi,Ready to Move,8 out of 24,New Property,North,"Garden/Park, Main Road",Freehold,4,8,Gurgaon, Godrej Serenity ,8181,3,1527.930571,2002,Registered,Yes,Yes
> 10 BHK Villa for Sale in Sector 38 Gurgaon,116230162.9,Creative Homz ,Ready to Move,1 out of 5,Resale,East,"Garden/Park, Main Road",Freehold,2,1,Gurgaon, Sector 38 Gurgaon,25616,10,3123.048095,2002,Registered,Yes,Yes
"2 BHK Flat for Sale in Laxmi Nagar, New Delhi",7264385.178,Unknown,Ready to Move,4 out of 4,Resale,East,"Pool, Garden/Park, Main Road",Freehold,2,2,Delhi, Laxmi Nagar,8547,2,585.000585,2002,Registered,Yes,No
6 BHK House for Sale in Sushant Lok 1 Block C Gurgaon,87172622.14,Unknown,Poss. by Dec '25,8 out of 14,Resale,East,"Garden/Park, Pool, Main Road",Freehold,5,3,Gurgaon, Sushant Lok 1 Block C Gurgaon,15000,6,4000,2002,Not Registered,Yes,Yes
"2 BHK Flat for Sale in Zara Aavaas, Dhanwapur, Sector 104, Gurgaon",5375645.032,Unknown,Ready to Move,9 out of 12,New Property,North - East,"Garden/Park, Main Road",Freehold,2,4,Gurgaon, Zara Aavaas,5692,2,650.035137,2002,Not Registered,Yes,Yes
"3 BHK Flat for Sale in Oxy Homez, Bhopura, Ghaziabad",6102083.55,Unknown,Ready to Move,2 out of 3,Resale,North - West,"Pool, Garden/Park, Main Road",Freehold,2,1,Ghaziabad, Oxy Homez,3111,3,1350.048216,2002,Registered,No,Yes
"1 BHK Flat for Sale in Paryatan Vihar, Vasundhara Enclave, New Delhi",6537946.661,Unknown,Ready to Move,Ground out of 1,Resale,West,Main Road,Freehold,2,2,Delhi, Paryatan Vihar,10000,1,450,2002,Registered,No,Yes
"3 BHK Flat for Sale in Paryatan Vihar, Vasundhara Enclave, New Delhi",13802331.84,Unknown,Ready to Move,2 out of 2,Resale,North - East,"Garden/Park, Pool, Main Road",Leasehold,2,2,Delhi, Paryatan Vihar,7037,3,1350.007105,2002,Registered,Yes,Yes
3 BHK Flat for Sale in Gurgaon,20340278.5,Unknown,Poss. by Aug '26,1 out of 4,Resale,North - West,Garden/Park,Freehold,4,3,Gurgaon, Gurgaon,3996,3,3503.503504,2002,Registered,Yes,Yes
"2 BHK Flat for Sale in Pan Oasis, Sector 70, Noida",6043968.468,Unknown,Ready to Move,7 out of 24,New Property,North - East,Garden/Park,Freehold,2,3,Noida, Pan Oasis,7976,2,521.5646941,2002,Registered,Yes,No
"2 BHK Flat for Sale in Signature Global City 93, Sector 93, Gurgaon",12930605.62,Unknown,Ready to Move,1 out of 4,New Property,North - East,Road,Freehold,2,2,Gurgaon, Signature Global City 93,10777,2,825.8327921,2002,Registered,Yes,Yes
"4 BHK Flat for Sale in Saan Verdante, Sector 95, Gurgaon",47944942.18,Unknown,Poss. by Jun '25,3 out of 4,New Property,Not specified,Road,Not specified,4,1,Gurgaon, Saan Verdante,12941,4,2550.034773,2002,Not Registered,No,Yes
"2 BHK Flat for Sale in East Of Kailash, New Delhi",15981647.39,Unknown,Ready to Move,2 out of 2,Resale,Not specified,Road,Not specified,2,3,Delhi, East Of Kailash,13000,2,846.1538462,2002,Registered,No,No
"4 BHK Flat for Sale in Whiteland Blissville, Sector 76, Delhi Gurgaon Expressway, Gurgaon",31236856.27,Unknown,Ready to Move,1 out of 27,Resale,Not specified,Road,Not specified,4,2,Gurgaon, Whiteland Blissville,2756,4,7801.161103,2002,Registered,Yes,Yes
"3 BHK Flat for Sale in Sector 88, Faridabad",9007837.621,Unknown,Ready to Move,Ground out of 4,Resale,Not specified,Road,Not specified,3,2,Faridabad, Sector 88,8494,3,729.9270073,2002,Registered,Yes,Yes
"3 BHK Flat for Sale in Conscient Heritage Max, Sector 102, Gurgaon",34578473.45,Unknown,Ready to Move,23 out of 24,Resale,Not specified,Road,Not specified,3,2,Gurgaon, Conscient Heritage Max,5091,3,4674.916519,2002,Registered,Yes,Yes
"2 BHK Flat for Sale in Badarpur Metro Station, Faridabad",4068055.7,Unknown,Ready to Move,12 out of 25,Resale,Not specified,Road,Not specified,1,2,Faridabad, Badarpur Metro Station,5333,2,525.0328146,2002,Registered,Yes,Yes
"3 BHK House for Sale in Tirka Colony, Mathura Road Faridabad",6973809.771,Unknown,Ready to Move,1 out of 4,Resale,Not specified,Road,Not specified,2,2,Faridabad, Tirka Colony,10000,3,480,2002,Registered,Yes,No
"4 BHK House for Sale in Housing Board Duplex, Sector 62, Mathura Road Faridabad",20340278.5,Unknown,Ready to Move,1 out of 4,Resale,Not specified,Road,Not specified,3,2,Faridabad, Housing Board Duplex,6481,4,2160.160469,2002,Registered,Yes,Yes
"2 BHK House for Sale in Housing Board Duplex, Sector 62, Mathura Road Faridabad",5085069.625,Unknown,Poss. by Sep '27,2 out of 4,Resale,Not specified,Road,Not specified,1,2,Faridabad, Housing Board Duplex,5983,2,584.9908073,2002,Registered,No,Yes
"3 BHK Flat for Sale in Spring Elmas, Greater Noida West, Greater Noida",13802331.84,Unknown,Ready to Move,2 out of 4,New Property,Not specified,Road,Not specified,3,2,Noida, Spring Elmas,8202,3,1158.254084,2002,Registered,Yes,Yes
"4 BHK Flat for Sale in CRC Joyous, Techzone 4, Greater Noida",21212004.72,Unknown,Ready to Move,2 out of 4,New Property,Not specified,Road,Not specified,4,2,Noida, CRC Joyous,13182,4,1107.57093,2002,Not Registered,Yes,Yes
"2 BHK Flat for Sale in DDA Dhruva Apartments, Indraprastha Extension, Patparganj, New Delhi",21066717.02,Unknown,Ready to Move,2 out of 4,Resale,Not specified,Road,Not specified,2,2,Delhi, DDA Dhruva Apartments,6403,2,2264.563486,2002,Registered,No,Yes
"3 BHK Flat for Sale in Vasundhara Sector 9, Ghaziabad",13497227.66,Unknown,Ready to move,2 out of 4,New Property,Not specified,Road,Not specified,2,2,Ghaziabad, Vasundhara Sector 9,50000,3,185.8,2002,Registered,Yes,Yes
9 BHK Villa for Sale in Paschim Vihar Block B5 New Delhi,130758933.2,Unknown,Ready to move,2 out of 4,Resale,Not specified,Road,Not specified,9,2,Delhi, Paschim Vihar Block B5 New Delhi,7631,9,17135.22909,2002,Registered,Yes,Yes
"3 BHK Flat for Sale in Masjid Moth, Greater Kailash, New Delhi",83540429.55,Tanishq Property,Ready to Move,1 out of 4,New Property,North,Garden/Park,Freehold,3,2,Delhi, Masjid Moth,23663,3,2429.953937,2002,Registered,Yes,No
"3 BHK Flat for Sale in SRS Pearl, Sector 87, Faridabad",10170139.25,Suraj Builders (Suraj Jaiswal Buildup Pvt. Ltd.),Ready to Move,4 out of 14,Resale,North - East,"Garden/Park, Pool",Freehold,3,3,Faridabad, SRS Pearl,4082,3,1714.845664,2002,Registered,Yes,Yes
"4 BHK House for Sale in Mujesar Village, Sector 24, Mathura Road Faridabad",9007837.621,Rajan Raheja,Ready to Move,3 out of 4,Resale,East,"Garden/Park, Main Road",Freehold,2,4,Faridabad, Mujesar Village,6889,4,899.9854841,2002,Registered,Yes,Yes
"3 BHK Flat for Sale in Whiteland Blissville, Sector 76, Delhi Gurgaon Expressway, Gurgaon",25570635.83,Unknown,Ready to Move,3 out of 14,Resale,North - East,"Garden/Park, Main Road",Freehold,3,3,Gurgaon, Whiteland Blissville,10526,3,1672.050162,2002,Registered,Yes,No
"5 BHK House for Sale in Omex Green Valley, Sector 42, Mathura Road Faridabad",28331102.2,Unknown,Ready to Move,2 out of 4,Resale,North - East,"Garden/Park, Pool, Main Road",Leasehold,6,4,Faridabad, Omex Green Valley,17473,5,1116.007555,2002,Registered,Yes,Yes
"3 BHK Flat for Sale in Paras Dews, Sector 106, Gurgaon",19613839.98,Unknown,Ready to Move,12 out of 32,Resale,East,"Garden/Park, Pool, Main Road",Freehold,3,4,Gurgaon, Paras Dews,7105,3,1900.070373,2002,Registered,Yes,Yes
"3 BHK Flat for Sale in Uttam Nagar, New Delhi",5811508.143,Unknown,Ready to Move,1 out of 2,New Property,East,Main Road,Freehold,2,3,Delhi, Uttam Nagar,5000,3,800,2002,Registered,Yes,Yes
"2 BHK Flat for Sale in Malibu Town, Sector 47, Gurgaon",12785317.91,Unknown,Poss. by Jun '24,8 out of 15,Resale,East,Garden/Park,Freehold,2,3,Gurgaon, Malibu Town,8826,2,997.0541582,2002,Not Registered,Yes,Yes
"3 BHK Flat for Sale in Era Divine Court, Sector 76, Faridabad",7264385.178,Unknown,Ready to Move,2 out of 4,Resale,North - East,Main Road,Freehold,2,2,Faridabad, Era Divine Court,3077,3,1624.959376,2002,Registered,No,Yes
"3 BHK Flat for Sale in Godrej Icon, Sector 88A, Gurgaon",23246032.57,Unknown,Ready to Move,2 out of 3,New Property,North - East,Garden/Park,Leasehold,3,2,Gurgaon, Godrej Icon,7470,3,2141.900937,2002,Not Registered,No,No
"4 BHK Flat for Sale in Ansals Sushant Floors, Sector 57, Gurgaon",45039188.11,Unknown,Ready to Move,4 out of 7,New Property,North - East,Main Road,Freehold,4,1,Gurgaon, Ansals Sushant Floors,15078,4,2055.975594,2002,Registered,Yes,Yes
"2 BHK Flat for Sale in Supertech Ecociti, Sector 137, Noida Express Way, Noida",7717761.912,Unknown,Ready to Move,1 out of 4,Resale,East,Main Road,Freehold,2,2,Noida, Supertech Ecociti,5730,2,1082.024433,2003,Registered,Yes,Yes
"3 BHK Villa for Sale in Paramount Golfforeste, Zeta 1 Greater Noida",16182404.01,Unknown,Poss. by Feb '25,4 out of 9,Resale,Not specified,Road,Not specified,3,4,Noida, Paramount Golfforeste,5302,3,2451.904942,2003,Not Registered,Yes,No
"3 BHK Flat for Sale in Signature Global City 93, Sector 93, Gurgaon",17302724.29,Unknown,Ready to Move,Ground out of 1,New Property,Not specified,Road,Not specified,3,3,Gurgaon, Signature Global City 93,6987,3,1989.408902,2003,Registered,Yes,No
"2 BHK Flat for Sale in Krystal Homes, Greater Noida West, Greater Noida",3360960.833,Unknown,Ready to Move,3 out of 5,New Property,Not specified,Road,Not specified,2,1,Noida, Krystal Homes,2856,2,945.3781513,2003,Registered,No,Yes
"3 BHK Flat for Sale in Paradise Apartment, Indraprastha Extension, Patparganj, New Delhi",26763206.63,Unknown,Ready to Move,2 out of 4,Resale,Not specified,Road,Not specified,3,1,Delhi, Paradise Apartment,13030,3,1650.038373,2003,Not Registered,No,No
"4 BHK Flat for Sale in ATS Greens Village, Sector 93A, Noida Express Way, Noida",42323210.48,Unknown,Ready to Move,4 out of 4,Resale,Not specified,Road,Not specified,4,2,Noida, ATS Greens Village,12117,4,2805.975076,2003,Registered,No,No
"4 BHK House for Sale in DLF Phase 1 Arjun Marg, DLF City Phase 1 Gurgaon",68464016.96,Unknown,Ready to Move,2 out of 30,Resale,Not specified,Road,Not specified,4,2,Gurgaon, DLF Phase 1 Arjun Marg,15278,4,3599.947637,2003,Registered,Yes,Yes
"4 BHK Flat for Sale in Sector 43, Gurgaon",40331529.99,Unknown,Ready to Move,30 out of 36,Resale,Not specified,Road,Not specified,4,2,Gurgaon, Sector 43,11688,4,2772.073922,2003,Registered,Yes,Yes
"3 BHK Flat for Sale in Unitech Cedar Crest, Nirvana Country, Sector 50, Gurgaon",39833609.87,Unknown,Ready to Move,2 out of 4,New Property,Not specified,Road,Not specified,3,2,Gurgaon, Unitech Cedar Crest,12800,3,2500,2003,Registered,Yes,Yes
2 BHK House for Sale in Dakshinpuri New Delhi,6472961.603,Unknown,Ready to Move,2 out of 4,Resale,Not specified,Road,Not specified,1,2,Delhi, Dakshinpuri New Delhi,21399,2,243.0020094,2003,Registered,Yes,No
"1 BHK Flat for Sale in Vaishali Sector 5, Ghaziabad",3423200.848,Unknown,Ready to Move,2 out of 4,Resale,Not specified,Road,Not specified,1,2,Ghaziabad, Vaishali Sector 5,4935,1,557.2441743,2003,Registered,Yes,Yes
"2 BHK Flat for Sale in Ghaziabad Road, Ghaziabad",4730241.172,Unknown,Ready to Move,2 out of 4,Resale,Not specified,Road,Not specified,2,2,Ghaziabad, Ghaziabad Road,7306,2,520.1204489,2003,Registered,Yes,No
"5 BHK House for Sale in Krishna Nagar, Ghukna Ghaziabad",7468801.85,Unknown,Ready to Move,2 out of 4,Resale,Not specified,Road,Not specified,2,2,Ghaziabad, Krishna Nagar,3556,5,1687.289089,2003,Registered,Yes,Yes
"2 BHK House for Sale in Saubhagya Puram, Govindpuram Ghaziabad",3983360.987,Unknown,Ready to move,2 out of 4,Resale,Not specified,Road,Not specified,2,2,Ghaziabad, Saubhagya Puram,7631,2,521.9972463,2003,Registered,Yes,Yes
"1 BHK Flat for Sale in Om Apartments, Dwarka Sector 14, New Delhi",7468801.85,Chhillar Homes,Ready to Move,1 out of 3,Resale,East,Main Road,Freehold,1,1,Delhi, Om Apartments,10909,1,550.0045834,2003,Registered,No,Yes
"3 BHK Flat for Sale in Hargobind Enclave, Anand Vihar, New Delhi",42323210.48,Veer Ji Properties,Ready to Move,1 out of 4,New Property,East,"Garden/Park, Main Road",Freehold,3,2,Delhi, Hargobind Enclave,18889,3,1799.989412,2003,Registered,Yes,No
"3 BHK Flat for Sale in Pitampura, New Delhi",56016013.88,Mannat Home Estate,Ready to Move,2 out of 4,Resale,West,"Garden/Park, Main Road",Freehold,4,2,Delhi, Pitampura,20833,3,2160.034561,2003,Not Registered,Yes,Yes
"3 BHK Flat for Sale in 11th Avenue Gaur City 2, Noida Extension, Noida",9958402.467,Catalyze capital Management private Limited,Ready to Move,8 out of 20,Resale,North - East,"Pool, Garden/Park, Main Road",Leasehold,3,3,Noida, 11th Avenue Gaur City 2,5776,3,1385.041551,2003,Registered,Yes,No
"3 BHK Flat for Sale in Brahma Apartments, Dwarka Sector 7, New Delhi",28008006.94,Magic Villa ,Ready to Move,2 out of 10,Resale,North - East,"Garden/Park, Main Road",Freehold,3,3,Delhi, Brahma Apartments,11250,3,2000,2003,Registered,Yes,Yes
7 BHK House for Sale in Sector 51 Noida,56016013.88,Unknown,Ready to Move,Ground out of 2,Resale,North - East,"Garden/Park, Main Road",Leasehold,7,5,Noida, Sector 51 Noida,23225,7,1937.567277,2003,Registered,Yes,Yes
"2 BHK Flat for Sale in Migsun Roof, Garhi, Raj Nagar Extension, Ghaziabad",2738560.678,Unknown,Ready to Move,8 out of 17,New Property,East,"Garden/Park, Pool, Main Road",Freehold,2,2,Ghaziabad, Migsun Roof,2699,2,815.1167099,2003,Registered,Yes,Yes
"6 BHK House for Sale in RWA Residential Society, Sector 40 Gurgaon",62240015.42,Unknown,Ready to Move,Ground out of 2,Resale,South,Garden/Park,Freehold,6,4,Gurgaon, RWA Residential Society,16667,6,2999.940001,2003,Registered,Yes,Yes
"1 BHK Flat for Sale in DDA Sunveiw Apartments, Dwarka Sector 11, New Delhi",7468801.85,Unknown,Ready to Move,2 out of 4,Resale,North - East,"Pool, Garden/Park, Main Road",Freehold,2,2,Delhi, DDA Sunveiw Apartments,12000,1,500,2003,Registered,Yes,Yes
"2 BHK Flat for Sale in Amrapali Silicon City, Sector 76, Noida",8713602.158,Unknown,Ready to Move,2 out of 18,Resale,North - East,"Garden/Park, Pool, Main Road",Leasehold,2,2,Noida, Amrapali Silicon City,5932,2,1180.040459,2003,Registered,Yes,No
"3 BHK Flat for Sale in Vatika Lifestyle Homes, Sector 83, Gurgaon",13692803.39,Unknown,Ready to Move,3 out of 5,Resale,East,Main Road,Freehold,2,1,Gurgaon, Vatika Lifestyle Homes,6286,3,1749.920458,2003,Registered,Yes,Yes
"2 BHK Flat for Sale in Sector 12 Pratap Vihar, Ghaziabad",3734400.925,Unknown,Ready to Move,2 out of 3,Resale,West,Main Road,Freehold,2,1,Ghaziabad, Sector 12 Pratap Vihar,5556,2,539.9568035,2003,Registered,No,No
"3 BHK Flat for Sale in Block H, Sector 26, Mehrauli Gurgaon Road, Gurgaon",28008006.94,Unknown,Ready to Move,4 out of 4,New Property,North - East,Garden/Park,Freehold,3,2,Gurgaon, Block H,12500,3,1800,2003,Registered,Yes,No
"3 BHK Flat for Sale in Gyan Khand 4, Indirapuram, Ghaziabad",8215682.035,Unknown,Ready to Move,1 out of 2,Resale,West,Garden/Park,Freehold,3,2,Ghaziabad, Gyan Khand 4,4125,3,1600,2003,Registered,Yes,Yes
"4 BHK Flat for Sale in Gyan Khand 4, Indirapuram, Ghaziabad",12448003.08,Unknown,Ready to Move,1 out of 3,Resale,North,"Garden/Park, Pool, Main Road",Freehold,3,3,Ghaziabad, Gyan Khand 4,5556,4,1799.856012,2003,Registered,Yes,No
"3 BHK Flat for Sale in Judges Enclave, Indirapuram, Ghaziabad",10456322.59,Unknown,Ready to Move,1 out of 8,Resale,East,"Garden/Park, Pool, Main Road",Freehold,2,1,Ghaziabad, Judges Enclave,6181,3,1359.003398,2003,Not Registered,Yes,Yes
"4 BHK Flat for Sale in Madhuban Enclave, Preet Vihar, New Delhi",45435211.25,Unknown,Ready to Move,Ground out of 4,Resale,East,Main Road,Freehold,3,1,Delhi, Madhuban Enclave,15870,4,2299.936988,2003,Registered,Yes,Yes
"4 BHK Flat for Sale in Sector 63A, Gurgaon",49792012.33,Unknown,Ready to Move,2 out of 4,New Property,East,Road,Freehold,4,3,Gurgaon, Sector 63A,10633,4,3761.873413,2003,Registered,No,No
"4 BHK Flat for Sale in Rajouri Garden, New Delhi",56016013.88,Unknown,Ready to Move,Ground out of 4,New Property,East,Road,Freehold,4,3,Delhi, Rajouri Garden,25000,4,1800,2003,Registered,No,Yes
"3 BHK Flat for Sale in DDA Flats Vasant Kunj, Vasant Kunj Sector D, New Delhi",41078410.18,Unknown,Ready to Move,Ground out of 3,Resale,North - West,Road,Freehold,4,4,Delhi, DDA Flats Vasant Kunj,15000,3,2200,2003,Registered,No,Yes
"3 BHK Flat for Sale in M3M Crown Phase 1, Sector 111, Gurgaon",26140806.48,Unknown,Poss. by Jan '26,3 out of 30,Resale,East,Road,Freehold,3,2,Gurgaon, M3M Crown Phase 1,9976,3,2105.052125,2003,Registered,Yes,Yes
"1 BHK Flat for Sale in Sector 75, Noida",4107841.018,Unknown,Ready to Move,3 out of 16,Resale,Not specified,Road,Not specified,1,3,Noida, Sector 75,5366,1,614.9832277,2003,Registered,Yes,Yes
"3 BHK Flat for Sale in Emaar Palm Heights, Sector 77, Delhi Gurgaon Expressway, Gurgaon",21286085.27,Unknown,Ready to Move,1 out of 24,Resale,Not specified,Road,Not specified,3,2,Gurgaon, Emaar Palm Heights,10465,3,1634.018156,2003,Not Registered,No,Yes
"3 BHK Flat for Sale in Bestech Park View City 2, Sector 49 Block D, Gurgaon",28008006.94,Unknown,Ready to Move,Ground out of 14,Resale,Not specified,Road,Not specified,4,2,Gurgaon, Bestech Park View City 2,7200,3,3125,2003,Not Registered,Yes,Yes
"3 BHK Flat for Sale in Niti Khand-Indirapuram, Indirapuram, Ghaziabad",13443843.33,Unknown,Ready to Move,1 out of 3,New Property,Not specified,Road,Not specified,3,2,Ghaziabad, Niti Khand-Indirapuram,5782,3,1867.86579,2003,Not Registered,No,Yes
"3 BHK Flat for Sale in Nirala Greenshire, Greater Noida West, Greater Noida",10580802.62,Unknown,Ready to Move,15 out of 20,Resale,Not specified,Road,Not specified,2,2,Noida, Nirala Greenshire,5854,3,1451.998633,2003,Registered,No,Yes
"3 BHK Flat for Sale in Anand Niketan, New Delhi",80912020.04,Asta Realty,Ready to Move,Ground out of 4,Resale,East,"Garden/Park, Pool, Main Road",Freehold,4,2,Delhi, Anand Niketan,34211,3,1899.973693,2003,Not Registered,Yes,Yes
"4 BHK Flat for Sale in Malviya Nagar, New Delhi",31120007.71,Unknown,Ready to Move,1 out of 3,Resale,North - East,Garden/Park,Leasehold,4,4,Delhi, Malviya Nagar,11721,4,2132.923812,2003,Registered,Yes,Yes
"3 BHK Flat for Sale in Fusion The Brook, Greater Noida West, Greater Noida",9074594.248,Unknown,Poss. by Jun '25,10 out of 24,Resale,West,Garden/Park,Freehold,3,4,Noida, Fusion The Brook,4750,3,1534.736842,2003,Registered,Yes,Yes
"4 BHK Flat for Sale in DLF New Town Heights 2, Sector 86, Gurgaon",18672004.63,Unknown,Ready to Move,10 out of 22,Resale,North,"Garden/Park, Main Road",Freehold,4,5,Gurgaon, DLF New Town Heights 2,6345,4,2364.066194,2003,Registered,Yes,No
"1 BHK Flat for Sale in Pandav Nagar, Ghaziabad",2489600.617,Unknown,Ready to Move,3 out of 14,Resale,East,"Garden/Park, Main Road",Leasehold,1,1,Ghaziabad, Pandav Nagar,3419,1,584.9663644,2003,Registered,Yes,Yes
"2 BHK Flat for Sale in Ansal East End, Tronica City, Ghaziabad",3983360.987,Unknown,Ready to Move,5 out of 11,Resale,East,"Garden/Park, Main Road",Freehold,2,1,Ghaziabad, Ansal East End,2560,2,1250,2003,Registered,Yes,Yes
"2 BHK Flat for Sale in Radha Kunj, Surya Nagar, Ghaziabad",3236480.802,Unknown,Ready to Move,1 out of 3,Resale,North,Garden/Park,Leasehold,2,3,Ghaziabad, Radha Kunj,3059,2,849.9509644,2003,Registered,Yes,Yes
"1 BHK Flat for Sale in Radha Kunj, Surya Nagar, Ghaziabad",3983360.987,Unknown,Ready to Move,Ground out of 3,Resale,East,Main Road,Freehold,1,2,Ghaziabad, Radha Kunj,7080,1,451.9774011,2003,Registered,No,Yes
"4 BHK Flat for Sale in Safdarjung Development Area, Hauz Khas, New Delhi",130704032.4,Unknown,Ready to Move,3 out of 4,New Property,North - East,Main Road,Freehold,4,2,Delhi, Safdarjung Development Area,50000,4,2100,2003,Registered,Yes,No
"3 BHK Flat for Sale in New Friends Colony, New Delhi",37344009.25,Unknown,Ready to Move,4 out of 5,Resale,North - East,Garden/Park,Freehold,3,2,Delhi, New Friends Colony,18462,3,1624.959376,2003,Registered,Yes,Yes
"1 BHK Flat for Sale in Lal Kuan, Ghaziabad",1966784.487,Unknown,Ready to Move,1 out of 3,Resale,East,Garden/Park,Freehold,1,2,Ghaziabad, Lal Kuan,2800,1,564.2857143,2003,Registered,No,Yes
"3 BHK Flat for Sale in Sidhartha NCR One, Sector 95, Gurgaon",8091202.004,Unknown,Ready to Move,1 out of 16,Resale,North,Road,Leasehold,2,3,Gurgaon, Sidhartha NCR One,4530,3,1434.878587,2003,Registered,No,Yes
"3 BHK Flat for Sale in Mayfield Garden, Sector 51, Gurgaon",22406405.55,Unknown,Poss. by Dec '23,3 out of 4,New Property,North,Road,Freehold,3,3,Gurgaon, Mayfield Garden,7826,3,2300.025556,2003,Not Registered,Yes,Yes
"4 BHK Flat for Sale in Zeta 1, Greater Noida",15560003.85,Unknown,Ready to Move,3 out of 11,Resale,North - East,Road,Freehold,4,1,Noida, Zeta 1,5388,4,2319.970304,2003,Registered,Yes,Yes
"4 BHK Flat for Sale in Spring Homes, Greater Noida West, Greater Noida",20912645.18,Unknown,Ready to Move,9 out of 13,New Property,Not specified,Road,Freehold,4,8,Noida, Spring Homes,6000,4,2800,2003,Registered,Yes,Yes
"2 BHK Flat for Sale in Shree Vardhman Mantra, Sector 67, Gurgaon",6522753.616,Unknown,Ready to Move,2 out of 4,New Property,Not specified,Road,Not specified,2,3,Gurgaon, Shree Vardhman Mantra,6545,2,800.6111536,2003,Registered,Yes,Yes
"2 BHK Flat for Sale in Vaishali Sector 4, Ghaziabad",5975041.48,Unknown,Poss. by Dec '24,1 out of 4,Resale,Not specified,Road,Not specified,2,2,Ghaziabad, Vaishali Sector 4,4174,2,1149.976042,2003,Registered,Yes,Yes
"3 BHK Flat for Sale in Sector 57, Gurgaon",21037125.21,Unknown,Poss. by Nov '23,23,New Property,Not specified,Road,Not specified,3,2,Gurgaon, Sector 57,10562,3,1600.075743,2003,Registered,Yes,No
"3 BHK Flat for Sale in Ivy County, Sector 75, Noida",26763206.63,Unknown,Ready to Move,2 out of 18,New Property,Not specified,Road,Not specified,3,2,Noida, Ivy County,12983,3,1656.011708,2003,Registered,No,Yes
"2 BHK Flat for Sale in Ajnara Integrity, Raj Nagar Extension, Ghaziabad",6771713.677,Unknown,Ready to Move,3 out of 4,New Property,Not specified,Road,Not specified,2,2,Ghaziabad, Ajnara Integrity,4969,2,1094.787684,2003,Registered,No,Yes
"3 BHK Flat for Sale in Prateek Laurel, Sector 120, Noida",11825602.93,Unknown,Ready to Move,2 out of 3,Resale,Not specified,Road,Not specified,2,2,Noida, Prateek Laurel,6859,3,1385.041551,2003,Registered,Yes,Yes
"3 BHK Flat for Sale in Sushant Lok Phase 3, Sector 57, Golf Course Extension Road, Gurgaon",6248897.548,Unknown,Ready to Move,2 out of 2,Resale,Not specified,Road,Not specified,3,2,Gurgaon, Sushant Lok Phase 3,5020,3,1000,2003,Registered,No,Yes
"4 BHK Flat for Sale in Ghata, Gurgaon",13692803.39,Unknown,Ready to Move,2 out of 4,Resale,Not specified,Road,Not specified,3,2,Gurgaon, Ghata,7333,4,1500.068185,2003,Registered,No,Yes
"2 BHK Flat for Sale in Ghata, Gurgaon",13817283.42,Unknown,Ready to Move,2 out of 5,Resale,Not specified,Road,Not specified,2,2,Gurgaon, Ghata,15634,2,709.9910452,2003,Registered,Yes,Yes
"2 BHK Flat for Sale in Twin Celestial, Greater Noida West, Greater Noida",3983360.987,Unknown,Ready to Move,2 out of 4,New Property,Not specified,Road,Not specified,2,2,Noida, Tw Celestial,3282,2,975.0152346,2003,Not Registered,Yes,No
"5 BHK Flat for Sale in Greater Kailash 2, New Delhi",205392050.9,Unknown,Ready to move,2 out of 4,New Property,Not specified,Road,Not specified,6,2,Delhi, Greater Kailash 2,23571,5,7000.127275,2003,Not Registered,Yes,Yes
"3 BHK Flat for Sale in DDA Flats, Sarita Vihar Pocket J, New Delhi",15560003.85,Unknown,Ready to move,2 out of 4,Resale,Not specified,Road,Not specified,2,2,Delhi, DDA Flats,8621,3,1449.947802,2003,Registered,No,Yes
"2 BHK Flat for Sale in ACE City, Noida Extension, Noida",8713602.158,Northern Spaces,Ready to Move,2 out of 25,Resale,West,Main Road,Leasehold,2,2,Noida, ACE City,6422,2,1090.003114,2003,Registered,Yes,No
"4 BHK Flat for Sale in Bestech Park View Spa Next, Sector 67, Sohna Road, Gurgaon",23028805.7,Neeraj & Co,Ready to Move,8 out of 15,Resale,North - East,"Garden/Park, Main Road",Leasehold,4,2,Gurgaon, Bestech Park View Spa Next,7872,4,2350.101626,2003,Registered,No,Yes
"3 BHK Flat for Sale in Bestech Park View Spa Next, Sector 67, Sohna Road, Gurgaon",22779845.64,HCO Real Estates,Ready to Move,3 out of 14,Resale,North - East,Garden/Park,Leasehold,4,2,Gurgaon, Bestech Park View Spa Next,7445,3,2458.02552,2003,Not Registered,No,No
"> 10 BHK Villa for Sale in Sector 41, Dadri Road Noida",99584024.67,Unknown,Ready to Move,1 out of 3,Resale,North - East,"Garden/Park, Main Road",Freehold,2,1,Noida, Sector 41,18580,10,4305.705059,2003,Registered,Yes,No
"3 BHK Flat for Sale in DLF City Plot Phase 1, DLF City Phase 1, Gurgaon",19294404.78,Unknown,Ready to Move,5 out of 23,Resale,North - East,Garden/Park,Freehold,3,2,Gurgaon, DLF City Plot Phase 1,10333,3,1500.048389,2003,Registered,Yes,No
"2 BHK Flat for Sale in AIG Royal, Sector 1, Greater Noida",7717761.912,Unknown,Ready to Move,3 out of 4,New Property,North - East,Main Road,Co-operative Society,2,2,Noida, AIG Royal,5905,2,1049.957663,2003,Registered,Yes,Yes
"3 BHK Flat for Sale in Preet Vihar, New Delhi",22406405.55,Unknown,Ready to Move,9 out of 40,New Property,East,Garden/Park,Freehold,2,2,Delhi, Preet Vihar,14286,3,1259.974801,2003,Not Registered,No,Yes
"4 BHK Flat for Sale in Neeti Bagh, New Delhi",149376037,Unknown,Ready to Move,5 out of 9,New Property,South - East,"Pool, Garden/Park, Main Road",Freehold,5,4,Delhi, Neeti Bagh,4462,4,26893.76961,2003,Registered,Yes,Yes
"2 BHK Flat for Sale in Swarn Residency, Sahibabad, Ghaziabad",7219841.788,Unknown,Ready to Move,1 out of 4,Resale,West,"Garden/Park, Main Road",Freehold,2,5,Ghaziabad, Swarn Residency,6296,2,921.2198221,2003,Registered,Yes,Yes
"3 BHK Flat for Sale in Neeti Khand 1, Indirapuram, Ghaziabad",10580802.62,Unknown,Ready to Move,8 out of 20,New Property,North - East,"Garden/Park, Pool, Main Road",Freehold,2,4,Ghaziabad, Neeti Khand 1,5415,3,1569.713758,2003,Not Registered,Yes,No
"3 BHK Flat for Sale in Gaur City 2, Noida Extension, Noida",9336002.313,Unknown,Ready to Move,10 out of 11,Resale,North - West,"Main Road, Garden/Park",Freehold,3,1,Noida, Gaur City 2,4800,3,1562.5,2003,Registered,Yes,Yes
"3 BHK Flat for Sale in Rise Organic Ghar, Wave City, Ghaziabad",6721921.665,Unknown,Ready to Move,4 out of 13,Resale,North - East,"Garden/Park, Pool",Leasehold,2,1,Ghaziabad, Rise Organic Ghar,6149,3,878.1915759,2003,Registered,Yes,Yes
"2 BHK Flat for Sale in Sector 62, NH 24, Noida",6970881.727,Unknown,Ready to Move,1 out of 3,Resale,North - East,Garden/Park,Leasehold,2,5,Noida, Sector 62,10417,2,537.5827974,2003,Registered,No,Yes
"3 BHK Flat for Sale in Parmarth Apartment, Vikaspuri, New Delhi",15560003.85,Unknown,Ready to Move,6 out of 15,Resale,North - East,Garden/Park,Freehold,2,2,Delhi, Parmarth Apartment,5682,3,2199.929602,2003,Not Registered,No,Yes
"4 BHK Flat for Sale in DLF One Midtown, Moti Nagar, Kirti Nagar, New Delhi",112032027.8,Unknown,Poss. by Mar '24,2 out of 2,New Property,East,"Pool, Garden/Park, Main Road",Freehold,5,2,Delhi, DLF One Midtown,5789,4,15546.72655,2003,Registered,Yes,Yes
"3 BHK Flat for Sale in RWA Jalvayu Vihar, Sector 25, Noida",13692803.39,Unknown,Ready to Move,10 out of 32,Resale,North - East,"Pool, Garden/Park, Main Road",Freehold,3,2,Noida, RWA Jalvayu Vihar,9406,3,1169.466298,2003,Not Registered,Yes,Yes
"3 BHK Flat for Sale in DLF The Primus, Sector 82A, Gurgaon",21286085.27,Unknown,Ready to Move,19 out of 24,Resale,East,"Garden/Park, Pool",Freehold,3,5,Gurgaon, DLF The Primus,11888,3,1438.425303,2003,Registered,No,Yes
"4 BHK Flat for Sale in Jaypee Greens Kalypso Court, Sector 128, Noida Express Way, Noida",52904013.11,Unknown,Ready to Move,3 out of 4,Resale,East,Road,Freehold,4,2,Noida, Jaypee Greens Kalypso Court,5018,4,8469.509765,2003,Registered,Yes,Yes
"3 BHK Flat for Sale in Chittaranjan Park, New Delhi",24896006.17,Unknown,Ready to Move,12 out of 12,New Property,Not specified,Road,Not specified,3,3,Delhi, Chittaranjan Park,31000,3,645.1612903,2003,Registered,No,No
"> 10 BHK Villa for Sale in Maharani Bagh, New Friends Colony New Delhi",385888095.6,Unknown,Ready to Move,12 out of 30,Resale,Not specified,Road,Not specified,2,3,Delhi, Maharani Bagh,10577,10,29308.87775,2003,Registered,Yes,Yes
"2 BHK Flat for Sale in Eros Wembley Estate, Nirvana Country, Sector 50, Gurgaon",13692803.39,Unknown,Ready to Move,19 out of 21,Resale,Not specified,Road,Not specified,2,2,Gurgaon, Eros Wembley Estate,57500,2,191.3043478,2003,Not Registered,Yes,No
"2 BHK House for Sale in Rajendra Park Block C, Sector 105 Gurgaon",3721952.922,Unknown,Ready to Move,13 out of 33,Resale,Not specified,Road,Not specified,2,2,Gurgaon, Rajendra Park Block C,12630,2,236.7379256,2003,Registered,Yes,Yes
"4 BHK Flat for Sale in DLF Ultima Phase II, Sector 81, Gurgaon",45435211.25,Unknown,Ready to Move,2 out of 4,Resale,Not specified,Road,Not specified,3,2,Gurgaon, DLF Ultima Phase II,3871,4,9429.088091,2003,Registered,Yes,No
"3 BHK Flat for Sale in Mahagun Mascot, Crossings Republik, Ghaziabad",7468801.85,Unknown,Ready to Move,2 out of 4,Resale,Not specified,Road,Not specified,3,2,Ghaziabad, Mahagun Mascot,17000,3,352.9411765,2003,Registered,Yes,Yes
"3 BHK Flat for Sale in Elevate, Behrampur, Sector 59, Gurgaon",48547212.03,Unknown,Ready to Move,2 out of 4,Resale,Not specified,Road,Not specified,3,2,Gurgaon, Elevate,7631,3,6361.84144,2003,Registered,Yes,Yes
"4 BHK Flat for Sale in Vasundhara Sector 3, Ghaziabad",9336002.313,Residio Real Estate,Ready to Move,Ground out of 3,Resale,North - East,"Garden/Park, Pool, Main Road",Freehold,3,1,Ghaziabad, Vasundhara Sector 3,6968,4,1076.349024,2003,Registered,No,Yes
"3 BHK Flat for Sale in Park View City 1, Sector 48, Gurgaon",27385606.78,Bhasin Estate Agency ,Ready to Move,7 out of 14,Resale,North - West,Main Road,Freehold,3,4,Gurgaon, Park View City 1,10602,3,2075.080174,2003,Registered,Yes,No
"3 BHK Flat for Sale in BPTP Park 81, Sector 81, Faridabad",9584962.374,A2Z Real Estate Developers,Ready to Move,2 out of 3,Resale,North - East,"Garden/Park, Main Road",Freehold,3,2,Faridabad, BPTP Park 81,5309,3,1450.367301,2003,Registered,Yes,Yes
"4 BHK Flat for Sale in Ambience Mall, Sector 24, NH 8, Gurgaon",121741470.2,CBRE South Asia Pvt. Ltd.,Ready to Move,3 out of 12,Resale,North - East,Main Road,Freehold,4,3,Gurgaon, Ambience Mall,14500,4,6744.827586,2003,Registered,Yes,Yes
"5 BHK Flat for Sale in Ambience Mall, Sector 24, NH 8, Gurgaon",139791074.6,ANG Homes Pvt Ltd,Ready to Move,7 out of 12,Resale,North - East,"Main Road, Garden/Park",Freehold,5,2,Gurgaon, Ambience Mall,14500,5,7744.827586,2003,Not Registered,Yes,Yes
"4 BHK Flat for Sale in Park Royal Apartments, Dwarka Sector 9, New Delhi",58444930.24,Unknown,Ready to Move,3 out of 10,Resale,West,Garden/Park,Freehold,3,1,Delhi, Park Royal Apartments,13542,4,2399.940925,2004,Registered,Yes,Yes
"3 BHK Flat for Sale in Chhattarpur Enclave, New Delhi",11688986.05,Unknown,Ready to Move,2 out of 5,Resale,East,"Garden/Park, Pool, Main Road",Leasehold,2,2,Delhi, Chhattarpur Enclave,2889,3,2249.913465,2004,Registered,No,Yes
"3 BHK Flat for Sale in Ireo Victory Valley, Sector 67, Gurgaon",66537305.2,Unknown,Ready to Move,25 out of 30,Resale,East,Garden/Park,Freehold,4,3,Gurgaon, Ireo Victory Valley,13821,3,2677.085594,2004,Registered,Yes,No
"2 BHK Flat for Sale in RR Homes, Sector 1, Greater Noida",4945340.251,Unknown,Ready to Move,1 out of 3,New Property,South - East,"Garden/Park, Main Road",Freehold,2,3,Noida, RR Homes,2835,2,970.0176367,2004,Registered,Yes,No
"2 BHK Flat for Sale in Shiv Nagar, Janakpuri, New Delhi",13487291.59,Unknown,Ready to Move,29 out of 38,Resale,North,Garden/Park,Freehold,2,2,Delhi, Shiv Nagar,8333,2,900.0360014,2004,Registered,No,No
"4 BHK Flat for Sale in DLF Crest, Suncity, Sector 54, DLF Golf Course Road, Gurgaon",251762776.4,Unknown,Ready to Move,3 out of 3,Resale,North - East,"Garden/Park, Main Road",Freehold,5,3,Gurgaon, DLF Crest,34809,4,4021.948347,2004,Registered,Yes,Yes
"6 BHK House for Sale in Om Nagar Sector 11, Sector 11, Basai Road Gurgaon",46755944.19,Unknown,Ready to Move,3 out of 4,Resale,East,"Pool, Garden/Park, Main Road",Leasehold,5,3,Gurgaon, Om Nagar Sector 11,14444,6,1800.055386,2004,Registered,Yes,Yes
"3 BHK Flat for Sale in ATS Pious Hideaways, Sector 150, Pusta Road, Noida",23917463.76,Unknown,Poss. by Mar '24,2 out of 4,Resale,North - East,"Garden/Park, Main Road",Freehold,3,5,Noida, ATS Pious Hideaways,8235,3,1615.057681,2004,Registered,No,No
"1 BHK Flat for Sale in Shahdara, New Delhi",5394916.638,Unknown,Ready to Move,3 out of 19,Resale,North - East,"Garden/Park, Main Road",Leasehold,1,1,Delhi, Shahdara,6667,1,449.9775011,2004,Registered,Yes,Yes
"2 BHK Flat for Sale in Pandav Nagar, New Delhi",7552883.293,Unknown,Ready to Move,10 out of 40,Resale,Not specified,Road,Freehold,2,3,Delhi, Pandav Nagar,5490,2,765.0273224,2004,Registered,Yes,Yes
"2 BHK Flat for Sale in Galaxy North Avenue, Noida Extension, Noida",5934408.301,Unknown,Ready to Move,4 out of 5,Resale,Not specified,Road,Not specified,2,3,Noida, Galaxy North Avenue,3568,2,924.8878924,2004,Registered,Yes,Yes
"4 BHK Flat for Sale in IREO Skyon, Sector 60, Gurgaon",65997813.53,Unknown,Ready to Move,2 out of 3,Resale,Not specified,Road,Not specified,4,3,Gurgaon, IREO Skyon,13023,4,2818.09107,2004,Not Registered,Yes,No
"2 BHK Flat for Sale in West Vinod Nagar, New Delhi",4136102.756,Unknown,Ready to Move,14 out of 31,Resale,Not specified,Road,Not specified,1,3,Delhi, West Vinod Nagar,4600,2,500,2004,Registered,Yes,Yes
"3 BHK Flat for Sale in Vasant Kunj, New Delhi",41361027.56,Unknown,Ready to Move,2 out of 4,Resale,Not specified,Road,Not specified,2,1,Delhi, Vasant Kunj,14375,3,1600,2004,Registered,Yes,No
"3 BHK Flat for Sale in Sector 1, Noida",20680513.78,Unknown,Ready to Move,3 out of 3,Resale,Not specified,Road,Not specified,3,2,Noida, Sector 1,7233,3,1589.93502,2004,Registered,Yes,No
7 BHK House for Sale in Surya Vihar Gurgaon,53949166.38,Unknown,Ready to Move,6 out of 14,Resale,Not specified,Road,Not specified,7,2,Gurgaon, Surya Vihar Gurgaon,7500,7,4000,2004,Registered,Yes,Yes
"1 BHK Flat for Sale in Chhattarpur, New Delhi",3776441.646,Unknown,Ready to Move,9 out of 14,Resale,Not specified,Road,Not specified,1,2,Delhi, Chhattarpur,4667,1,449.9678594,2004,Registered,Yes,Yes
"1 BHK Flat for Sale in Himvarsha Apartment, Indraprastha Extension, Patparganj, New Delhi",13487291.59,Unknown,Ready to Move,7 out of 15,Resale,Not specified,Road,Not specified,1,2,Delhi, Himvarsha Apartment,4444,1,1687.668767,2004,Not Registered,Yes,Yes
"2 BHK Flat for Sale in Amrapali Village, Indirapuram, Ghaziabad",10789833.28,Unknown,Ready to Move,Ground out of 2,Resale,Not specified,Road,Not specified,2,2,Ghaziabad, Amrapali Village,5591,2,1073.153282,2004,Registered,Yes,Yes
"2 BHK Flat for Sale in Gaur City 1st Avenue, Greater Noida West, Greater Noida",11059579.11,Unknown,Ready to Move,1 out of 4,Resale,Not specified,Road,Not specified,2,2,Noida, Gaur City 1st Avenue,8974,2,685.3131268,2004,Registered,No,Yes
"3 BHK Flat for Sale in Shree Vardhman Victoria, Sector 70, Gurgaon",31470347.05,Unknown,Ready to Move,2 out of 4,Resale,Not specified,Road,Not specified,3,2,Gurgaon, Shree Vardhman Victoria,16097,3,1087.159098,2004,Registered,No,Yes
"3 BHK Flat for Sale in Vijayant Enclave, Arun Vihar, Sector 37, Golf course Metro, Noida",62940694.11,Unknown,Ready to Move,2 out of 4,Resale,Not specified,Road,Not specified,3,2,Noida, Vijayant Enclave,13704,3,2553.998832,2004,Not Registered,No,Yes
"4 BHK Flat for Sale in Rohini Sector 16, New Delhi",33268652.6,Unknown,Ready to move,2 out of 4,New Property,Not specified,Road,Not specified,3,2,Delhi, Rohini Sector 16,7631,4,4359.671419,2004,Registered,Yes,Yes
"3 BHK Flat for Sale in New Rajendra Nagar, New Delhi",51251708.06,Happy Homes,Ready to Move,2 out of 4,New Property,North,Main Road,Freehold,3,2,Delhi, New Rajendra Nagar,21111,3,1350.007105,2004,Registered,Yes,No
"3 BHK Flat for Sale in Sector 31, Mathura Road, Faridabad",25176277.64,Anupam Properties,Ready to Move,3 out of 4,New Property,South,Main Road,Freehold,3,3,Faridabad, Sector 31,6222,3,2250.08036,2004,Registered,Yes,No
"6 BHK Flat for Sale in Raj Nagar, Ghaziabad",98906805.02,Skyera Real Estate,Poss. by Dec '23,1 out of 3,Resale,North - East,Main Road,Freehold,5,4,Ghaziabad, Raj Nagar,7639,6,7199.895274,2004,Registered,Yes,No
"1 BHK Flat for Sale in Dlf Dilshad Plaza, Shalimar Garden, Ghaziabad",3236949.983,Unknown,Ready to Move,2 out of 3,Resale,South,"Garden/Park, Main Road",Freehold,1,3,Ghaziabad, Dlf Dilshad Plaza,4000,1,450,2004,Registered,Yes,Yes
"1 BHK Flat for Sale in Vaishali Sector 2, Ghaziabad",4226018.033,Unknown,Ready to Move,Ground out of 3,Resale,East,"Garden/Park, Pool, Main Road",Freehold,2,3,Ghaziabad, Vaishali Sector 2,4700,1,500,2004,Registered,Yes,No
"4 BHK Flat for Sale in Ardee City, Sector 52, Gurgaon",28772888.73,Unknown,Ready to Move,Ground out of 3,Resale,East,"Garden/Park, Pool, Main Road",Freehold,4,3,Gurgaon, Ardee City,5926,4,2699.96625,2004,Not Registered,Yes,Yes
"2 BHK Flat for Sale in Ansal Plaza-Gr. Noida, Noida-Greater Noida Expressway, Greater Noida",8092374.957,Unknown,Ready to Move,2 out of 22,Resale,East,Main Road,Freehold,2,1,Noida, Ansal Plaza-Gr. Noida,3333,2,1350.135014,2004,Registered,Yes,Yes
"3 BHK Flat for Sale in Beta 2 Block G, Greater Noida",10789833.28,Unknown,Ready to Move,13 out of 13,Resale,North - East,Main Road,Freehold,3,2,Noida, Beta 2 Block G,3315,3,1809.954751,2004,Registered,Yes,Yes
"4 BHK Flat for Sale in Sector 28, Mathura Road, Faridabad",31470347.05,Unknown,Ready to Move,2 out of 4,New Property,North - East,Main Road,Freehold,4,1,Faridabad, Sector 28,5556,4,3149.74802,2004,Registered,Yes,Yes
2 BHK Flat for Sale in New Delhi,5394916.638,Unknown,Ready to Move,3 out of 3,Resale,North,Garden/Park,Freehold,2,3,Delhi, New Delhi,6479,2,463.0344189,2004,Registered,Yes,Yes
"2 BHK Flat for Sale in KDP Grand Savana, Raj Nagar Extension, Ghaziabad",8991527.729,Unknown,Ready to Move,8 out of 11,Resale,North - East,"Garden/Park, Pool, Main Road",Freehold,2,3,Ghaziabad, KDP Grand Savana,4000,2,1250,2004,Not Registered,Yes,No
"6 BHK Flat for Sale in Raghubarpura, New Delhi",80923749.57,Unknown,Ready to Move,5 out of 5,Resale,North,Main Road,Leasehold,4,3,Delhi, Raghubarpura,15000,6,3000,2004,Not Registered,Yes,Yes
4 BHK House for Sale in Raghubarpura New Delhi,68335610.74,Unknown,Ready to Move,3 out of 3,Resale,East,"Pool, Garden/Park, Main Road",Freehold,4,1,Delhi, Raghubarpura New Delhi,8796,4,4320.145521,2004,Registered,No,Yes
"4 BHK Flat for Sale in Safdarjung Enclave, New Delhi",98906805.02,Unknown,Ready to Move,2 out of 3,Resale,East,"Garden/Park, Main Road",Freehold,4,2,Delhi, Safdarjung Enclave,18333,4,3000.054546,2004,Registered,No,Yes
"4 BHK Flat for Sale in Neeti Khand 1, Indirapuram, Ghaziabad",43159333.1,Unknown,Ready to Move,3 out of 4,New Property,East,"Pool, Garden/Park",Leasehold,4,3,Ghaziabad, Neeti Khand 1,10135,4,2368.031574,2004,Registered,No,Yes
"4 BHK Flat for Sale in Adore Legend, Sector 84, Faridabad",10430172.17,Unknown,Ready to Move,5 out of 19,New Property,Not specified,Road,Not specified,4,2,Faridabad, Adore Legend,3222,4,1800.124146,2004,Registered,No,Yes
"3 BHK Flat for Sale in Paramount Floraville, Sector 137, Noida Express Way, Noida",17983055.46,Unknown,Ready to Move,10 out of 14,Resale,Not specified,Road,Not specified,4,3,Noida, Paramount Floraville,5935,3,1684.919966,2004,Registered,No,Yes
"2 BHK Flat for Sale in KLJ Greens, Sector 77, Faridabad",9351188.839,Unknown,Ready to Move,1 out of 15,Resale,Not specified,Road,Not specified,2,10,Faridabad, KLJ Greens,3749,2,1387.036543,2004,Registered,Yes,Yes
"2 BHK Flat for Sale in Aba Cherry County, Tech Zone, Gautam Budh Nagar, Yamuna Expressway, Greater Noida",12318392.99,Unknown,Ready to Move,1 out of 3,Resale,Not specified,Road,Not specified,2,2,Noida, Aba Cherry County,7688,2,890.9989594,2004,Registered,Yes,Yes
"2 BHK Flat for Sale in Shakti khand 1, Indirapuram, Ghaziabad",13487291.59,Unknown,Poss. by Jan '26,2 out of 4,Resale,Not specified,Road,Not specified,2,2,Ghaziabad, Shakti khand 1,6522,2,1149.954002,2004,Registered,Yes,Yes
"3 BHK Flat for Sale in Signature Global City 79B 1, Sector 79, Gurgaon",17983055.46,Unknown,Ready to Move,3 out of 19,New Property,Not specified,Road,Not specified,3,2,Gurgaon, Signature Global City 79B 1,7547,3,1325.029813,2004,Not Registered,No,Yes
"3 BHK Flat for Sale in Radicon Vedantam Emporio, Sector 16, Greater Noida",10430172.17,Unknown,Ready to Move,1 out of 4,Resale,Not specified,Road,Not specified,2,2,Noida, Radicon Vedantam Emporio,4727,3,1226.993865,2004,Registered,Yes,Yes
"> 10 BHK Villa for Sale in RWA Sector 39, Sector 39 Noida",145662749.2,Unknown,Ready to Move,19 out of 23,Resale,Not specified,Road,Not specified,2,2,Noida, RWA Sector 39,18812,10,4305.762279,2004,Registered,Yes,Yes
"2 BHK Flat for Sale in Raispur, Ghaziabad",4495763.865,Unknown,Ready to Move,2 out of 4,Resale,Not specified,Road,Not specified,2,2,Ghaziabad, Raispur,3858,2,648.0041472,2004,Registered,Yes,Yes
1 BHK House for Sale in Raispur Ghaziabad,4765509.697,Unknown,Ready to Move,2 out of 4,Resale,Not specified,Road,Not specified,1,2,Ghaziabad, Raispur Ghaziabad,5406,1,490.1960784,2004,Registered,Yes,Yes
"2 BHK Flat for Sale in ACE Divino , Greater Noida West, Greater Noida",16184749.91,Unknown,Ready to move,2 out of 4,Resale,Not specified,Road,Not specified,2,2,Noida, ACE Divino ,7229,2,1244.985475,2004,Registered,Yes,Yes
"2 BHK Flat for Sale in Bankey Bihari Sharnam, Garhi, Raj Nagar Extension, Ghaziabad",7732713.847,Homeway Realty,Ready to Move,2 out of 10,Resale,North - East,Main Road,Freehold,2,3,Ghaziabad, Bankey Bihari Sharnam,3601,2,1194.112746,2004,Registered,Yes,Yes
"3 BHK Flat for Sale in Trident Embassy Reso, Sector 1, Greater Noida",16670292.41,White Bricks,Poss. by Mar '24,16 out of 22,New Property,North - East,Garden/Park,Leasehold,2,4,Noida, Trident Embassy Reso,6600,3,1404.545455,2004,Registered,Yes,Yes
"3 BHK Flat for Sale in Essel Towers, Mehrauli Gurgaon Road, Gurgaon",39562722.01,Unknown,Ready to Move,3 out of 12,Resale,North - West,"Garden/Park, Pool, Main Road",Leasehold,4,5,Gurgaon, Essel Towers,9333,3,2357.227044,2004,Registered,No,Yes
"3 BHK Flat for Sale in M3M Marina, Sector 68, Gurgaon",29132549.84,Unknown,Ready to Move,11 out of 24,Resale,North,Main Road,Freehold,3,3,Gurgaon, M3M Marina,12222,3,1325.478645,2004,Registered,Yes,Yes
"9 BHK House for Sale in Patel Nagar, Delhi Gurgaon Expressway Gurgaon",19781361,Unknown,Ready to Move,1 out of 3,Resale,South,Garden/Park,Freehold,9,3,Gurgaon, Patel Nagar,4255,9,2585.19389,2004,Registered,Yes,Yes
"2 BHK Flat for Sale in Emaar MGF Palm Studios, Sector 66, Gurgaon",29672041.51,Unknown,Ready to Move,3 out of 4,Resale,East,"Pool, Garden/Park, Main Road",Freehold,2,2,Gurgaon, Emaar MGF Palm Studios,2578,2,6400.310318,2004,Not Registered,Yes,Yes
"3 BHK Flat for Sale in Signature Global Park 4 and 5, Sohna Sector 36, Gurgaon",14746105.48,Unknown,Ready to Move,1 out of 3,Resale,North - East,Main Road,Freehold,2,2,Gurgaon, Signature Global Park 4 and 5,3810,3,2152.230971,2004,Registered,Yes,Yes
"3 BHK Flat for Sale in Sector 83, Faridabad",10430172.17,Unknown,Ready to Move,11 out of 25,Resale,North,Main Road,Freehold,3,3,Faridabad, Sector 83,6937,3,836.0962952,2004,Registered,Yes,Yes
2 BHK House for Sale in Raispur Ghaziabad,7193222.184,Unknown,Ready to Move,Ground out of 19,Resale,North - East,"Garden/Park, Main Road",Freehold,3,3,Ghaziabad, Raispur Ghaziabad,17280,2,231.4814815,2004,Registered,Yes,Yes
"3 BHK Flat for Sale in Sikka Kimantra Greens, Sector 79, Dadri Road, Noida",16904072.13,Unknown,Poss. by Nov '23,3 out of 4,Resale,East,Garden/Park,Leasehold,2,1,Noida, Sikka Kimantra Greens,6449,3,1457.590324,2004,Not Registered,Yes,Yes
"4 BHK Flat for Sale in Bestech Park View Spa, Sector 47, Gurgaon",97108499.48,Unknown,Ready to Move,1 out of 4,Resale,North - East,"Garden/Park, Main Road",Leasehold,4,1,Gurgaon, Bestech Park View Spa,8889,4,6074.924063,2004,Registered,No,Yes
"3 BHK Flat for Sale in Sector 77, Faridabad",16004919.36,Unknown,Ready to Move,Ground out of 4,Resale,South - East,Main Road,Freehold,3,4,Faridabad, Sector 77,66176,3,134.4898453,2004,Registered,Yes,Yes
"4 BHK Flat for Sale in Ram Nagar, New Delhi",28772888.73,Unknown,Ready to Move,Ground out of 3,New Property,North - East,"Garden/Park, Main Road",Freehold,3,4,Delhi, Ram Nagar,8083,4,1979.463071,2004,Not Registered,Yes,Yes
"2 BHK Flat for Sale in Panchsheel Vihar, Sheikh Sarai, New Delhi",8092374.957,Unknown,Ready to Move,3 out of 12,Resale,North,"Garden/Park, Main Road",Co-operative Society,2,1,Delhi, Panchsheel Vihar,6587,2,683.1638075,2004,Registered,No,Yes
"3 BHK Flat for Sale in DDA Vivekananda Apartment, Rohini Sector 8, New Delhi",17443563.8,Unknown,Ready to Move,3 out of 20,Resale,North - East,"Garden/Park, Pool",Leasehold,2,3,Delhi, DDA Vivekananda Apartment,8058,3,1203.772648,2004,Registered,No,Yes
"2 BHK House for Sale in Gamma 1 Block A, Gamma 1 Greater Noida",14026783.26,Unknown,Ready to Move,7 out of 19,Resale,North,"Garden/Park, Pool",Freehold,2,2,Noida, Gamma 1 Block A,5494,2,1419.730615,2004,Registered,Yes,Yes
"2 BHK House for Sale in Gamma 1 Block C, Gamma 1 Greater Noida",15285597.14,Unknown,Ready to Move,2 out of 4,Resale,Not specified,Road,Not specified,2,4,Noida, Gamma 1 Block C,5556,2,1529.87761,2004,Registered,No,Yes
2 BHK Flat for Sale in Gurgaon,8991527.729,Unknown,Ready to Move,8 out of 17,Resale,Not specified,Road,Not specified,2,2,Gurgaon, Gurgaon,4875,2,1025.641026,2004,Registered,Yes,Yes
"4 BHK Flat for Sale in 11th Avenue Gaur City 2, Noida Extension, Noida",21579666.55,Unknown,Ready to Move,5 out of 12,Resale,Not specified,Road,Not specified,3,2,Noida, 11th Avenue Gaur City 2,27778,4,431.996544,2004,Registered,No,No
"3 BHK Flat for Sale in Aastha Greens, Sector 4, Noida",12228477.71,Unknown,Ready to Move,3 out of 10,New Property,Not specified,Road,Not specified,3,2,Noida, Aastha Greens,6429,3,1057.707264,2004,Not Registered,Yes,Yes
3 BHK House for Sale in Raja Garden New Delhi,89915277.29,Unknown,Ready to Move,2 out of 4,Resale,Not specified,Road,Not specified,2,2,Delhi, Raja Garden New Delhi,9000,3,5555.555556,2004,Registered,Yes,Yes
"3 BHK Flat for Sale in Chintamani, Sector 103, Gurgaon",37944247.02,Unknown,Poss. by Jan '26,2 out of 4,New Property,Not specified,Road,Not specified,3,2,Gurgaon, Chintamani,7500,3,2813.333333,2004,Registered,No,Yes
"3 BHK Flat for Sale in ATS Green Paradiso, Cassia Fistula Estate, Sector-Chi, Greater Noida",26974583.19,Unknown,Ready to Move,2 out of 4,Resale,Not specified,Road,Not specified,3,2,Noida, ATS Green Paradiso,7631,3,3534.868718,2004,Registered,Yes,Yes
"3 BHK Flat for Sale in Puri Pratham, Sector 84, Faridabad",12588138.82,Unknown,Ready to Move,2 out of 4,Resale,Not specified,Road,Not specified,3,2,Faridabad, Puri Pratham,7631,3,1649.605402,2004,Not Registered,Yes,Yes
"3 BHK Flat for Sale in Gaur City 2 Sanskriti Vihar, C-16, Greater Noida",12588138.82,Homez & Own,Ready to Move,Ground out of 28,Resale,East,"Garden/Park, Pool",Co-operative Society,2,2,Noida, Gaur City 2 Sanskriti Vihar,5490,3,1275.045537,2004,Registered,Yes,No
"3 BHK Flat for Sale in Gamri Village, New Delhi",8416069.955,Sky High Developers,Ready to Move,2 out of 4,Resale,East,Main Road,Power Of Attorney,2,1,Delhi, Gamri Village,5200,3,900,2004,Not Registered,Yes,Yes
"3 BHK Flat for Sale in Anand Vihar, New Delhi",44957638.65,Inderjit Singh,Ready to Move,1 out of 4,New Property,North - East,"Garden/Park, Main Road",Freehold,3,1,Delhi, Anand Vihar,18519,3,1349.964901,2004,Registered,No,Yes
"3 BHK Flat for Sale in NCR Monarch and Crown, Noida Extension, Noida",12588138.82,Urban Space,Ready to Move,1 out of 24,Resale,North,"Garden/Park, Pool, Main Road",Leasehold,3,3,Noida, NCR Monarch and Crown,3867,3,1810.188777,2004,Registered,Yes,Yes
"4 BHK Flat for Sale in DDA Flats Pocket E, Mayur Vihar 2, New Delhi",62940694.11,Unknown,Ready to Move,1 out of 4,Resale,North,Main Road,Freehold,4,3,Delhi, DDA Flats Pocket E,15909,4,2200.012572,2004,Registered,Yes,Yes
"4 BHK Flat for Sale in Adani Samsara, Sector 60, Gurgaon",79125444.02,Unknown,Ready to Move,2 out of 3,Resale,East,"Garden/Park, Pool, Main Road",Freehold,4,4,Gurgaon, Adani Samsara,16436,4,2677.050377,2004,Registered,Yes,Yes
"5 BHK Flat for Sale in Spaze Privy 72, Sector 72, Gurgaon",55747471.92,Unknown,Ready to Move,15 out of 15,Resale,North - East,Garden/Park,Leasehold,5,3,Gurgaon, Spaze Privy 72,8486,5,3653.075654,2004,Registered,Yes,Yes
"5 BHK House for Sale in Sector 44, Dadri Road Noida",170839026.9,Unknown,Ready to Move,3 out of 3,Resale,North - East,"Garden/Park, Main Road",Freehold,5,3,Noida, Sector 44,36773,5,2583.417181,2004,Registered,Yes,Yes
"3 BHK Flat for Sale in Mulberry County, Sector 70, Faridabad",10789833.28,Unknown,Ready to Move,2 out of 16,Resale,North - East,Main Road,Freehold,2,1,Faridabad, Mulberry County,3934,3,1525.165226,2004,Registered,Yes,Yes
"2 BHK Flat for Sale in Dwarka Sector 8, New Delhi",13487291.59,Unknown,Ready to Move,2 out of 4,New Property,North - East,"Garden/Park, Main Road",Freehold,2,1,Delhi, Dwarka Sector 8,11538,2,650.026001,2004,Not Registered,Yes,Yes
6 BHK House for Sale in Gamma 2 Block J Greater Noida,40461874.78,Unknown,Ready to Move,5 out of 10,Resale,North,"Garden/Park, Main Road",Freehold,5,3,Noida, Gamma 2 Block J Greater Noida,8036,6,2799.900448,2004,Registered,Yes,Yes
"2 BHK House for Sale in Khairpur Gurjar, Knowledge Park 5 Greater Noida",7193222.184,Unknown,Ready to Move,1 out of 4,Resale,North - East,Main Road,Freehold,1,3,Noida, Khairpur Gurjar,3454,2,1158.077591,2004,Registered,Yes,Yes
"4 BHK Flat for Sale in MK Residency, Dwarka Sector 11, New Delhi",45317299.76,Unknown,Ready to Move,1 out of 4,Resale,North - East,"Garden/Park, Main Road",Freehold,3,2,Delhi, MK Residency,10500,4,2400,2004,Not Registered,Yes,Yes
"4 BHK Flat for Sale in Bptp Eden Estate Sector 81, Sector 81, Faridabad",26075430.42,Unknown,Ready to Move,1 out of 12,New Property,East,"Garden/Park, Main Road",Freehold,3,2,Faridabad, Bptp Eden Estate Sector 81,5968,4,2429.624665,2004,Registered,Yes,Yes
"4 BHK Flat for Sale in Rajendra Nagar Sector 5, Ghaziabad",17983055.46,Unknown,Ready to Move,13 out of 19,New Property,North - West,"Garden/Park, Main Road",Power Of Attorney,3,4,Ghaziabad, Rajendra Nagar Sector 5,5000,4,2000,2004,Not Registered,Yes,Yes
"2 BHK Flat for Sale in Mahindra Aura, New Palam Vihar Phase 3, Sector 110A, Gurgaon",19601530.45,Unknown,Ready to Move,1 out of 2,Resale,East,"Garden/Park, Main Road",Freehold,2,2,Gurgaon, Mahindra Aura,9478,2,1150.031652,2004,Registered,Yes,Yes
"2 BHK Flat for Sale in Amrapali Princely Estate, Sector 76, Noida",7876578.291,Unknown,Ready to Move,1 out of 2,Resale,East,"Garden/Park, Pool, Main Road",Leasehold,2,4,Noida, Amrapali Princely Estate,5000,2,876,2004,Registered,Yes,Yes
"3 BHK Flat for Sale in Central Park, Gurgaon",22478819.32,Unknown,Ready to Move,2 out of 4,New Property,North,"Garden/Park, Main Road",Leasehold,3,2,Gurgaon, Central Park,10163,3,1229.951786,2004,Registered,No,Yes
5 BHK House for Sale in Sainik Farm New Delhi,102503416.1,Unknown,Ready to Move,12 out of 21,Resale,Not specified,Garden/Park,Leasehold,5,3,Delhi, Sainik Farm New Delhi,10962,5,5199.781062,2004,Registered,No,Yes
"2 BHK Flat for Sale in Rohini Sector 21, New Delhi",8272205.511,Unknown,Ready to Move,6 out of 18,Resale,Not specified,Garden/Park,Freehold,2,1,Delhi, Rohini Sector 21,5288,2,869.8940998,2004,Registered,Yes,Yes
"3 BHK Flat for Sale in Nimbus Express Park View 2, Chi 5, Greater Noida",14206613.81,Unknown,Ready to Move,7 out of 20,Resale,Not specified,Main Road,Freehold,3,4,Noida, Nimbus Express Park View 2,6779,3,1165.363623,2004,Not Registered,Yes,Yes
" Studio Apartment for Sale in Supertech Czar Suites, Omicron 1, Greater Noida",3956272.201,Unknown,Ready to Move,7 out of 26,Resale,Not specified,Main Road,Freehold,1,3,Noida, Supertech Czar Suites,12149,1,181.084863,2004,Registered,No,Yes
"3 BHK Flat for Sale in Kailash Colony, Greater Kailash, New Delhi",40461874.78,Unknown,Ready to Move,2 out of 4,Resale,Not specified,Road,Not specified,3,2,Delhi, Kailash Colony,19000,3,1184.210526,2004,Registered,No,Yes
"4 BHK Villa for Sale in Ansal Celebrity Homes, Palam Vihar Pocket A Gurgaon",98906805.02,Unknown,Ready to Move,2 out of 4,Resale,Not specified,Road,Not specified,5,2,Gurgaon, Ansal Celebrity Homes,7631,4,12961.1853,2004,Registered,Yes,Yes
"2 BHK House for Sale in Haji Colony, Jasola Vihar New Delhi",18186760.13,Unknown,Ready to Move,2 out of 4,Resale,Not specified,Road,Not specified,1,2,Delhi, Haji Colony,7631,2,2383.273507,2005,Registered,Yes,No
"2 BHK Flat for Sale in Signature Global City 92, Sector 92, Gurgaon",13400770.62,Aashray Realtech Pvt. Ltd.,Poss. by Feb '25,3 out of 4,Resale,East,"Garden/Park, Pool, Main Road",Freehold,2,2,Gurgaon, Signature Global City 92,6938,2,1008.936293,2005,Not Registered,Yes,Yes
4 BHK House for Sale in Sector 23A Gurgaon,107206165,Arun Associates,Ready to Move,Ground out of 1,Resale,North - East,Garden/Park,Freehold,4,2,Gurgaon, Sector 23A Gurgaon,22400,4,2500,2005,Registered,Yes,No
"4 BHK Flat for Sale in RWA POCKET 1 JASOLA, Jasola Vihar, New Delhi",69875446.82,Kanak Properties ,Ready to Move,1 out of 3,New Property,North - East,Garden/Park,Freehold,2,3,Delhi, RWA POCKET 1 JASOLA,13519,4,2699.903839,2005,Registered,Yes,Yes
"3 BHK Flat for Sale in Palm Resort, Raj Nagar Extension, Ghaziabad",13783649.78,Gargi Associates,Ready to Move,5 out of 14,Resale,North - East,Garden/Park,Freehold,2,5,Ghaziabad, Palm Resort,4881,3,1475.10756,2005,Registered,No,Yes
"2 BHK Flat for Sale in Paras Seasons, Sector 168, Noida Express Way, Noida",8806220.695,Unknown,Ready to Move,Ground out of 17,Resale,East,Main Road,Freehold,2,2,Noida, Paras Seasons,5786,2,795.022468,2005,Registered,Yes,Yes
"5 BHK House for Sale in New Mahavir Nagar, Tilak Nagar New Delhi",33501926.56,Unknown,Ready to Move,1 out of 5,Resale,North,"Garden/Park, Main Road",Freehold,5,3,Delhi, New Mahavir Nagar,6481,5,2700.200586,2005,Registered,Yes,Yes
3 BHK Flat for Sale in New Delhi,13400770.62,Unknown,Ready to Move,7 out of 7,New Property,East,"Garden/Park, Main Road",Co-operative Society,2,1,Delhi, New Delhi,7778,3,899.9742864,2005,Registered,Yes,No
"4 BHK Flat for Sale in Pitampura, New Delhi",80404623.73,Unknown,Ready to Move,4 out of 6,Resale,East,"Garden/Park, Main Road",Freehold,2,3,Delhi, Pitampura,25455,4,1649.970536,2005,Registered,Yes,Yes
"2 BHK Flat for Sale in Sector 21C, Mathura Road, Faridabad",13017891.46,Unknown,Ready to Move,1 out of 4,Resale,North - East,"Pool, Garden/Park, Main Road",Freehold,2,4,Faridabad, Sector 21C,5312,2,1280.120482,2005,Not Registered,No,Yes
"2 BHK Flat for Sale in Uttam Nagar, New Delhi",12443572.72,Unknown,Ready to Move,3 out of 10,Resale,North - East,"Pool, Garden/Park, Main Road",Leasehold,2,4,Delhi, Uttam Nagar,7949,2,817.7129199,2005,Registered,No,Yes
"3 BHK Flat for Sale in The Shabad Apartment, Dwarka Sector 13, New Delhi",29673134.95,Unknown,Ready to Move,2 out of 3,Resale,East,"Garden/Park, Main Road",Freehold,3,1,Delhi, The Shabad Apartment,7277,3,2129.998626,2005,Registered,Yes,Yes
1 BHK House for Sale in Phi 3 Greater Noida,8997660.275,Unknown,Ready to Move,10 out of 13,Resale,North,"Garden/Park, Pool, Main Road",Freehold,1,4,Noida, Phi 3 Greater Noida,3646,1,1289.083928,2005,Not Registered,Yes,Yes
6 BHK House for Sale in Phi 3 Greater Noida,33501926.56,Unknown,Ready to Move,1 out of 21,Resale,South - East,Garden/Park,Freehold,5,3,Noida, Phi 3 Greater Noida,3864,6,4528.985507,2005,Registered,No,Yes
"4 BHK Flat for Sale in Pocket 4 Phi 2, Greater Noida",16272364.33,Unknown,Ready to Move,2 out of 27,Resale,North - East,"Garden/Park, Main Road",Leasehold,2,2,Noida, Pocket 4 Phi 2,6250,4,1360,2005,Registered,Yes,No
"2 BHK Flat for Sale in Pocket 4 Phi 2, Greater Noida",13400770.62,Unknown,Ready to Move,1 out of 5,Resale,North - West,"Garden/Park, Pool, Main Road",Freehold,2,1,Noida, Pocket 4 Phi 2,6944,2,1008.064516,2005,Registered,Yes,Yes
"2 BHK Flat for Sale in Samridhi Grand Avenue, Noida Extension, Noida",14357968.52,Unknown,Ready to Move,11 out of 12,New Property,North - East,Garden/Park,Freehold,2,4,Noida, Samridhi Grand Avenue,14642,2,512.2251059,2005,Registered,Yes,No
"2 BHK Flat for Sale in Govindpuri Extension, Kalkaji, New Delhi",6317506.15,Unknown,Ready to Move,9 out of 19,Resale,East,"Garden/Park, Pool",Freehold,2,2,Delhi, Govindpuri Extension,10000,2,330,2005,Registered,No,No
"4 BHK Flat for Sale in Tulip Ivory, Sector 70, Gurgaon",45945499.28,Unknown,Ready to Move,1 out of 4,Resale,East,"Garden/Park, Main Road",Freehold,4,3,Gurgaon, Tulip Ivory,5536,4,4335.260116,2005,Registered,Yes,Yes
"3 BHK Flat for Sale in Ramprastha The Edge Towers, Sector 37D, Delhi Gurgaon Expressway, Gurgaon",18378199.71,Unknown,Ready to Move,2 out of 3,Resale,Not specified,Road,Leasehold,3,3,Gurgaon, Ramprastha The Edge Towers,8750,3,1097.142857,2005,Registered,Yes,Yes
"2 BHK Flat for Sale in Private Builders Independent Floor, Nirankari Colony, Mukherjee Nagar, New Delhi",13400770.62,Unknown,Ready to Move,1 out of 7,Resale,Not specified,Road,Not specified,2,2,Delhi, Private Builders Independent Floor,15854,2,441.5289517,2005,Registered,Yes,No
"2 BHK Flat for Sale in Lado Sarai, New Delhi",11486374.82,Unknown,Ready to Move,9 out of 12,Other,Not specified,Road,Not specified,2,2,Delhi, Lado Sarai,16774,2,357.696435,2005,Registered,Yes,Yes
"3 BHK Flat for Sale in Mahalaxmi Apartment, Dwarka Sector 2, New Delhi",32544728.65,Unknown,Ready to Move,Ground out of 5,Resale,Not specified,Road,Not specified,2,2,Delhi, Mahalaxmi Apartment,11499,3,1478.389425,2005,Registered,Yes,Yes
"3 BHK Flat for Sale in DDA Flats Sector B Pocket 5 & 6, Vasant Kunj, New Delhi",49774290.88,Unknown,Ready to Move,Ground out of 4,Resale,Not specified,Road,Not specified,2,2,Delhi, DDA Flats Sector B Pocket 5 & 6,8065,3,3223.806572,2005,Registered,Yes,No
"3 BHK Flat for Sale in orchid petals, Sector 49, Gurgaon",45371180.53,Unknown,Ready to Move,5 out of 20,Resale,Not specified,Road,Not specified,3,2,Gurgaon, orchid petals,7104,3,3336.148649,2005,Registered,Yes,Yes
"2 BHK Flat for Sale in Mahavir Enclave, New Delhi",14357968.52,Unknown,Ready to move,2 out of 4,Resale,Not specified,Road,Not specified,2,2,Delhi, Mahavir Enclave,7631,2,1881.531716,2005,Not Registered,Yes,Yes
"2 BHK Flat for Sale in Shivam Apartment, Rohini Sector 15, New Delhi",21058353.83,Unknown,Ready to move,2 out of 4,Resale,Not specified,Road,Not specified,2,2,Delhi, Shivam Apartment,7631,2,2759.57985,2005,Registered,Yes,No
"2 BHK Flat for Sale in The Hyde Park, Sector 78, Noida",12443572.72,Unknown,Ready to move,2 out of 4,Resale,Not specified,Road,Not specified,2,2,Noida, The Hyde Park,7631,2,1630.66082,2005,Registered,No,Yes
2 BHK Flat for Sale in Faridabad,12443572.72,United Homes,Ready to Move,2 out of 3,Resale,East,"Garden/Park, Main Road",Freehold,2,3,Faridabad, Faridabad,7222,2,900.0276932,2005,Registered,Yes,Yes
"2 BHK Flat for Sale in Indirapuram, Ghaziabad",6700385.311,Property Solution,Ready to Move,3 out of 4,Resale,North,"Garden/Park, Pool, Main Road",Freehold,2,2,Ghaziabad, Indirapuram,7124,2,491.2970241,2005,Not Registered,No,No
"3 BHK Flat for Sale in Aditya Mega City, Vaibhav Khand, Indirapuram, Ghaziabad",25844343.34,Unknown,Ready to Move,4 out of 14,Resale,East,Main Road,Freehold,4,2,Ghaziabad, Aditya Mega City,9055,3,1490.889012,2005,Not Registered,Yes,Yes
"3 BHK Flat for Sale in Hari Nagar, New Delhi",22015551.74,Unknown,Ready to Move,2 out of 4,Resale,North - East,"Garden/Park, Main Road",Freehold,2,1,Delhi, Hari Nagar,8615,3,1334.881021,2005,Registered,Yes,Yes
"1 BHK Flat for Sale in Bestech Park View Residency, Sector 3, Gurgaon",10720616.5,Unknown,Ready to Move,6 out of 8,Resale,North - East,"Garden/Park, Pool, Main Road",Freehold,1,2,Gurgaon, Bestech Park View Residency,14699,1,380.9782978,2005,Registered,Yes,Yes
"4 BHK Flat for Sale in DLF Nestle House, DLF City Phase 2, Gurgaon",63175061.5,Unknown,Ready to Move,8 out of 21,Resale,East,"Garden/Park, Pool, Main Road",Leasehold,4,2,Gurgaon, DLF Nestle House,6855,4,4814.004376,2005,Not Registered,No,Yes
"3 BHK Flat for Sale in Shivalik Colony, New Delhi",81361821.63,Unknown,Ready to Move,Ground out of 4,Resale,North - East,"Garden/Park, Main Road",Freehold,3,3,Delhi, Shivalik Colony,38314,3,1109.255103,2005,Not Registered,Yes,Yes
"2 BHK Flat for Sale in Vardaan Apartments, Indirapuram, Ghaziabad",16272364.33,Unknown,Ready to Move,1 out of 4,Resale,North - East,"Pool, Garden/Park, Main Road",Freehold,2,3,Ghaziabad, Vardaan Apartments,7030,2,1209.103841,2005,Registered,Yes,Yes
5 BHK Villa for Sale in Badshahpur Gurgaon,229727496.4,Unknown,Ready to Move,10 out of 22,Resale,North,Main Road,Freehold,6,2,Gurgaon, Badshahpur Gurgaon,8086,5,14840.465,2005,Registered,No,Yes
"3 BHK Flat for Sale in Griha Pravesh, Sector 77, Noida",30630332.85,Unknown,Ready to Move,4 out of 12,Resale,East,Main Road,Freehold,4,3,Noida, Griha Pravesh,4018,3,3982.080637,2005,Registered,No,Yes
"2 BHK Flat for Sale in Suncity Avenue 102, Sector 102, Gurgaon",9380539.435,Unknown,Ready to Move,24 out of 24,Resale,North - East,Main Road,Freehold,2,1,Gurgaon, Suncity Avenue 102,9877,2,496.1020553,2005,Registered,No,Yes
"2 BHK Flat for Sale in Paramount Symphony, Crossings Republik, Ghaziabad",7753303.003,Unknown,Ready to Move,2 out of 3,Other,South -West,"Garden/Park, Main Road",Freehold,3,1,Ghaziabad, Paramount Symphony,2593,2,1561.897416,2005,Registered,Yes,Yes
"2 BHK Flat for Sale in Rohini Sector 9, New Delhi",26801541.24,Unknown,Ready to Move,1 out of 4,Resale,East,Garden/Park,Leasehold,2,1,Delhi, Rohini Sector 9,4592,2,3048.780488,2005,Registered,No,Yes
"4 BHK Flat for Sale in Roshanpura, Najafgarh, New Delhi",15315166.43,Unknown,Ready to Move,1 out of 4,Resale,North - East,Main Road,Freehold,2,1,Delhi, Roshanpura,14783,4,541.1621457,2005,Registered,No,Yes
"3 BHK House for Sale in Roshanpura, Najafgarh New Delhi",6700385.311,Unknown,Ready to Move,4 out of 4,New Property,East,"Garden/Park, Main Road",Leasehold,2,2,Delhi, Roshanpura,6111,3,572.7376861,2005,Not Registered,Yes,Yes
"2 BHK Flat for Sale in Adarsh Apartment, Rohini Sector 9, New Delhi",32544728.65,Unknown,Ready to Move,3 out of 4,Resale,Not specified,"Garden/Park, Pool, Main Road",Not specified,2,3,Delhi, Adarsh Apartment,6222,2,2732.240437,2005,Registered,Yes,No
"1 BHK Flat for Sale in Empire Apartment, Sultanpur, New Delhi",5743187.409,Unknown,Ready to Move,7 out of 12,Resale,Not specified,Road,Not specified,1,1,Delhi, Empire Apartment,8696,1,344.9862006,2005,Registered,Yes,Yes
"2 BHK House for Sale in Khirki extension, Malviya Nagar New Delhi",8423341.534,Unknown,Ready to Move,3 out of 3,Resale,Not specified,Road,Not specified,2,4,Delhi, Khirki extension,14864,2,296.0172228,2005,Registered,Yes,No
"4 BHK Flat for Sale in Ashoka Enclave Part 2, Sector 37, Mathura Road, Faridabad",26801541.24,Unknown,Ready to Move,4 out of 4,Resale,Not specified,Road,Not specified,3,4,Faridabad, Ashoka Enclave Part 2,7199,4,1944.714544,2005,Registered,Yes,No
"3 BHK Flat for Sale in The Adarsh Apartment, Sector 55, Gurgaon",38287916.06,Unknown,Ready to Move,4 out of 5,Resale,Not specified,Road,Not specified,3,2,Gurgaon, The Adarsh Apartment,1806,3,11074.19712,2005,Registered,No,Yes
"5 BHK House for Sale in Gamma 1 Block C, Gamma 1 Greater Noida",45945499.28,Unknown,Ready to Move,1 out of 4,New Property,Not specified,Road,Not specified,5,2,Noida, Gamma 1 Block C,9909,5,2422.040569,2005,Not Registered,Yes,Yes
"3 BHK Flat for Sale in Rani Bagh, New Delhi",26801541.24,Unknown,Poss. by Dec '23,3 out of 22,New Property,Not specified,Road,Not specified,3,2,Delhi, Rani Bagh,10878,3,1287.001287,2005,Registered,Yes,Yes
"2 BHK Flat for Sale in Sikka Kaamna Greens, Sector 143, Noida Express Way, Noida",15851197.25,Unknown,Ready to Move,20 out of 32,New Property,Not specified,Road,Not specified,2,2,Noida, Sikka Kaamna Greens,14095,2,587.4423554,2005,Registered,Yes,No
"1 BHK Flat for Sale in Chhattarpur Enclave Phase2, New Delhi",2488714.544,Unknown,Ready to Move,2 out of 4,Resale,Not specified,Road,Not specified,1,2,Delhi, Chhattarpur Enclave Phase2,3333,1,390.0390039,2005,Not Registered,Yes,Yes
"2 BHK Flat for Sale in Dwarka Sector 16, Dwarka, New Delhi",15315166.43,Unknown,Ready to Move,2 out of 4,Resale,Not specified,Road,Not specified,2,2,Delhi, Dwarka Sector 16,7631,2,2006.967164,2005,Not Registered,Yes,Yes
"3 BHK Flat for Sale in Jaypee Greens Imperial Court, Sultanpur, Sector 128, Noida Express Way, Noida",54560280.39,Unknown,Ready to Move,2 out of 4,Resale,Not specified,Road,Not specified,3,2,Noida, Jaypee Greens Imperial Court,7631,3,7149.82052,2005,Not Registered,Yes,Yes
"4 BHK Flat for Sale in Tata Primanti, Sector 72, Gurgaon",70832644.72,Unknown,Ready to Move,2 out of 4,Resale,Not specified,Road,Not specified,4,2,Gurgaon, Tata Primanti,7631,4,9282.223132,2005,Registered,No,Yes
5 BHK House for Sale in Saboli New Delhi,11486374.82,Unknown,Ready to move,2 out of 4,Other,Not specified,Road,Not specified,2,2,Delhi, Saboli New Delhi,7631,5,1505.225373,2005,Registered,No,Yes
"2 BHK Flat for Sale in Sector 69, Gurgaon",15315166.43,New Gurgaon Propmart,Ready to Move,1 out of 5,Resale,West,Main Road,Freehold,2,2,Gurgaon, Sector 69,10000,2,800,2005,Registered,No,Yes
"2 BHK Flat for Sale in Mayfair Apartments, Indraprastha Extension, Patparganj, New Delhi",17229562.23,Shiv Kumar,Ready to Move,Ground out of 3,Resale,North - East,"Garden/Park, Main Road",Freehold,2,2,Delhi, Mayfair Apartments,8571,2,1050.052503,2005,Registered,Yes,Yes
"3 BHK Flat for Sale in DDA Flats Sarita Vihar, Sarita Vihar, Mathura Road, New Delhi",27758739.15,Unknown,Ready to Move,3 out of 4,Resale,East,Main Road,Freehold,3,1,Delhi, DDA Flats Sarita Vihar,8529,3,1700.082073,2005,Registered,Yes,Yes
"3 BHK Flat for Sale in Greater Kailash 1, New Delhi",51688686.69,Unknown,Ready to Move,2 out of 3,Resale,South -West,"Garden/Park, Main Road",Freehold,3,1,Delhi, Greater Kailash 1,14423,3,1872.009984,2005,Registered,Yes,Yes
"2 BHK Flat for Sale in Greater Noida West, Greater Noida",9571979.016,Unknown,Ready to Move,7 out of 19,Resale,West,Garden/Park,Freehold,2,1,Noida, Greater Noida West,5405,2,925.0693802,2005,Registered,Yes,No
"1 BHK Flat for Sale in Project Housing Board Colony, Sector 9, Gurgaon",8614781.114,Unknown,Ready to Move,Ground out of 1,Resale,North,Main Road,Freehold,1,1,Gurgaon, Project Housing Board Colony,6667,1,674.9662517,2005,Registered,Yes,Yes
2 BHK House for Sale in Sector 23 Sanjay Nagar Ghaziabad,25844343.34,Unknown,Ready to Move,Ground out of 2,Resale,East,Garden/Park,Freehold,3,4,Ghaziabad, Sector 23 Sanjay Nagar Ghaziabad,10000,2,1350,2005,Registered,Yes,Yes
"3 BHK Flat for Sale in SG Grand, Raj Nagar Extension, Ghaziabad",9667698.806,Unknown,Ready to Move,4 out of 19,Resale,East,Garden/Park,Leasehold,2,1,Ghaziabad, SG Grand,4391,3,1150.079708,2005,Registered,Yes,No
"3 BHK Flat for Sale in Gyan Khand 1, Indirapuram, Ghaziabad",22398430.9,Unknown,Ready to Move,1 out of 4,New Property,North - East,"Main Road, Garden/Park",Freehold,3,1,Ghaziabad, Gyan Khand 1,6372,3,1836.158192,2005,Registered,No,No
7 BHK House for Sale in Sector 22B Gurgaon,95719790.16,Unknown,Ready to Move,Ground out of 4,Resale,North - East,Main Road,Freehold,10,3,Gurgaon, Sector 22B Gurgaon,10000,7,5000,2005,Registered,Yes,Yes
"2 BHK Flat for Sale in Gaur Heights, Vaishali, Ghaziabad",15698045.59,Unknown,Ready to Move,14 out of 14,Resale,East,Main Road,Freehold,2,3,Ghaziabad, Gaur Heights,6212,2,1320.025757,2005,Registered,Yes,Yes
"3 BHK Flat for Sale in Promise Apartments, Vikaspuri, New Delhi",20101155.93,Unknown,Ready to Move,2 out of 3,Resale,North - East,"Garden/Park, Main Road",Leasehold,2,2,Delhi, Promise Apartments,8750,3,1200,2005,Registered,No,Yes
"4 BHK Flat for Sale in DLF Imperial Residences, DLF City Phase 3, Gurgaon",60112028.22,Unknown,Ready to Move,2 out of 4,Resale,Not specified,Garden/Park,Freehold,4,1,Gurgaon, DLF Imperial Residences,14952,4,2100.053505,2005,Registered,Yes,Yes
"4 BHK Flat for Sale in Punjabi Bagh West, New Delhi",143579685.2,Unknown,Ready to Move,Ground out of 4,New Property,Not specified,Road,Leasehold,4,2,Delhi, Punjabi Bagh West,16667,4,4499.910002,2005,Registered,Yes,No
"2 BHK Flat for Sale in Nirala Greenshire, Greater Noida West, Greater Noida",12386140.85,Unknown,Ready to Move,25 out of 26,Resale,Not specified,Road,Not specified,2,1,Noida, Nirala Greenshire,6099,2,1060.829644,2005,Registered,Yes,Yes
"3 BHK Flat for Sale in Ansals Palam Vihar, Palam Vihar, Gurgaon",43073905.57,Unknown,Ready to Move,2 out of 4,New Property,Not specified,Road,Not specified,3,3,Gurgaon, Ansals Palam Vihar,6944,3,3240.207373,2005,Registered,Yes,Yes
" Studio Apartment for Sale in One Key Resiments, Sector 67, Gurgaon",30821772.43,Unknown,Ready to Move,6 out of 14,Resale,Not specified,Road,Not specified,2,3,Gurgaon, One Key Resiments,14000,1,1150,2005,Registered,No,Yes
"3 BHK Flat for Sale in Stellar Sigma, Sigma 4, Greater Noida",14357968.52,Unknown,Ready to Move,4 out of 4,Resale,Not specified,Road,Not specified,3,2,Noida, Stellar Sigma,4167,3,1799.856012,2005,Registered,Yes,No
"3 BHK Flat for Sale in Mandi, New Delhi",12156413.35,Unknown,Ready to Move,1 out of 4,New Property,Not specified,Road,Not specified,3,2,Delhi, Mandi,4704,3,1349.914966,2005,Registered,No,No
"3 BHK Flat for Sale in Sarita Vihar, Mathura Road, New Delhi",38287916.06,Unknown,Ready to Move,2 out of 4,Resale,Not specified,Road,Not specified,3,2,Delhi, Sarita Vihar,13793,3,1450.010875,2005,Registered,Yes,Yes
"3 BHK Flat for Sale in Urban Oasis, Sector 62, Gurgaon",86147811.14,Unknown,Poss. by Apr '27,25 out of 30,Resale,Not specified,Road,Not specified,3,2,Gurgaon, Urban Oasis,18000,3,2500,2005,Registered,Yes,No
"3 BHK Flat for Sale in Defence Colony, New Delhi",110077758.7,Unknown,Ready to Move,2 out of 3,Resale,Not specified,Road,Not specified,3,2,Delhi, Defence Colony,30263,3,1900.009913,2005,Registered,No,Yes
"3 BHK Flat for Sale in Mahindra Enclave, Shastri Nagar, Ghaziabad",4785989.508,Unknown,Ready to Move,3 out of 4,Resale,Not specified,Road,Not specified,2,2,Ghaziabad, Mahindra Enclave,2000,3,1250,2005,Registered,Yes,No
2 BHK House for Sale in Uttam Nagar New Delhi,9571979.016,Unknown,Ready to Move,1 out of 2,Resale,Not specified,Road,Not specified,2,2,Delhi, Uttam Nagar New Delhi,3704,2,1349.892009,2005,Registered,Yes,Yes
"3 BHK Flat for Sale in Jaypee Aman, Sector 151, Noida Express Way, Noida",10529176.92,Realty Store,Ready to Move,12 out of 21,Resale,North - East,Garden/Park,Freehold,3,2,Noida, Jaypee Aman,4083,3,1347.048739,2005,Registered,Yes,Yes
"2 BHK Flat for Sale in Wave City, Ghaziabad",8040462.373,Vinod Kumar,Ready to Move,1 out of 3,Resale,East,Garden/Park,Freehold,2,2,Ghaziabad, Wave City,4506,2,932.0905459,2005,Not Registered,Yes,Yes
2 BHK House for Sale in Rajokri New Delhi,26801541.24,Global Proptech,Ready to Move,2 out of 3,Resale,North - East,"Garden/Park, Main Road",Freehold,3,3,Delhi, Rajokri New Delhi,12444,2,1125.04018,2005,Not Registered,Yes,Yes
3 BHK House for Sale in Rajokri New Delhi,14357968.52,Unknown,Ready to Move,1 out of 10,Resale,North - East,Garden/Park,Freehold,3,1,Delhi, Rajokri New Delhi,45455,3,164.99835,2005,Registered,Yes,No
"3 BHK Flat for Sale in Garden Estate, Dwarka Sector 22, New Delhi",44031103.47,Unknown,Ready to Move,1 out of 2,Resale,North - East,Garden/Park,Freehold,2,2,Delhi, Garden Estate,11500,3,2000,2005,Registered,Yes,Yes
"2 BHK Flat for Sale in Amritpuri, New Delhi",14932287.26,Unknown,Ready to Move,Ground out of 3,Resale,North - East,"Garden/Park, Pool, Main Road",Freehold,2,2,Delhi, Amritpuri,7959,2,980.0226159,2005,Registered,No,No
"3 BHK Flat for Sale in Sector 12 Pratap Vihar, Ghaziabad",9189099.855,Unknown,Ready to Move,5 out of 30,Resale,North - East,Garden/Park,Freehold,2,2,Ghaziabad, Sector 12 Pratap Vihar,3097,3,1549.886987,2005,Not Registered,Yes,Yes
"3 BHK Flat for Sale in Godrej Iria, Sector 79, Gurgaon",40202311.87,Unknown,Poss. by Apr '27,1 out of 4,New Property,North,"Garden/Park, Main Road",Freehold,3,4,Gurgaon, Godrej Iria,9545,3,2200.104767,2005,Registered,Yes,Yes
"2 BHK Flat for Sale in Sector 1, Greater Noida",4403110.347,Unknown,Ready to Move,3 out of 13,Resale,North - East,Main Road,Freehold,2,6,Noida, Sector 1,2396,2,959.933222,2005,Registered,No,Yes
"3 BHK Flat for Sale in Janakpuri, New Delhi",57431874.09,Unknown,Ready to Move,10 out of 14,New Property,North - West,"Garden/Park, Pool, Main Road",Freehold,3,4,Delhi, Janakpuri,10256,3,2925.117005,2005,Not Registered,No,Yes
"4 BHK Flat for Sale in Sector 19B Dwarka, New Delhi",105291769.2,Unknown,Poss. by Apr '26,Ground out of 3,New Property,East,"Garden/Park, Pool",Power Of Attorney,6,2,Delhi, Sector 19B Dwarka,17188,4,3199.906912,2005,Registered,Yes,No
"4 BHK Flat for Sale in Sarvodaya Enclave, New Delhi",143579685.2,Unknown,Ready to Move,1 out of 4,New Property,North - East,"Garden/Park, Pool, Main Road",Freehold,4,1,Delhi, Sarvodaya Enclave,30000,4,2500,2005,Not Registered,No,Yes
2 BHK Villa for Sale in UPSIDC Site C Block E Greater Noida,11869253.98,Unknown,Ready to Move,8 out of 9,Resale,North - East,Pool,Freehold,3,1,Noida, UPSIDC Site C Block E Greater Noida,4114,2,1507.049101,2005,Not Registered,Yes,Yes
"3 BHK Flat for Sale in UPSIDC Site C Block G, Greater Noida",8997660.275,Unknown,Ready to Move,3 out of 4,Resale,North - East,"Garden/Park, Pool, Main Road",Leasehold,2,2,Noida, UPSIDC Site C Block G,3629,3,1295.122623,2005,Registered,Yes,Yes
"6 BHK Flat for Sale in Janakpuri Block A3, New Delhi",181867601.3,Unknown,Poss. by Dec '23,1 out of 4,Resale,North - West,"Garden/Park, Main Road",Leasehold,6,4,Delhi, Janakpuri Block A3,35185,6,2700.014211,2005,Registered,Yes,Yes
"3 BHK Flat for Sale in Signature Global City 37D, Dwarka Expressway, Gurgaon",16636099.53,Unknown,Ready to Move,1 out of 4,New Property,East,"Garden/Park, Pool, Main Road",Freehold,3,3,Gurgaon, Signature Global City 37D,6649,3,1306.963453,2005,Registered,Yes,No
"2 BHK Flat for Sale in Omaxe Grandwoods, Sector 93B, Noida Express Way, Noida",17229562.23,Unknown,Ready to Move,10 out of 17,Resale,South - East,Road,Freehold,2,4,Noida, Omaxe Grandwoods,7895,2,1139.962001,2005,Registered,Yes,Yes
"2 BHK Flat for Sale in Paryavaran Complex, Sainik Farm, New Delhi",5570582.114,Unknown,Ready to Move,14 out of 15,Resale,Not specified,Road,Freehold,2,1,Delhi, Paryavaran Complex,3333,2,750.0750075,2006,Registered,Yes,Yes
"4 BHK Flat for Sale in Paschim Vihar, New Delhi",83558731.71,Unknown,Ready to Move,2 out of 2,Resale,Not specified,Road,Not specified,4,2,Delhi, Paschim Vihar,13889,4,2699.9784,2006,Registered,Yes,Yes
"3 BHK Flat for Sale in Panchsheel Pratishtha, Sector 75, Noida",27630087.29,Unknown,Ready to Move,3 out of 20,Resale,Not specified,Road,Not specified,2,2,Noida, Panchsheel Pratishtha,8324,3,1489.668429,2006,Registered,Yes,No
"2 BHK Flat for Sale in Aims Green Avenue, Greater Noida West, Greater Noida",9625965.893,Unknown,Ready to Move,2 out of 4,New Property,Not specified,Road,Not specified,2,2,Noida, Aims Green Avenue,4500,2,960,2006,Registered,Yes,Yes
"1 BHK Flat for Sale in Central Park The Room, Sector 48, Gurgaon",32309376.26,Unknown,Ready to Move,2 out of 4,Resale,Not specified,Road,Not specified,1,2,Gurgaon, Central Park The Room,17059,1,849.991207,2006,Registered,Yes,Yes
"4 BHK Villa for Sale in Tatvam Villas, Dhani, Sector 72, Sohna Road Gurgaon",155976299.2,Unknown,Ready to Move,2 out of 4,Resale,Not specified,Road,Not specified,5,2,Gurgaon, Tatvam Villas,17500,4,4000,2006,Registered,Yes,Yes
"1 BHK House for Sale in Jyoti Park, Sector 7 Gurgaon",7353168.391,Unknown,Ready to Move,2 out of 4,Resale,Not specified,Road,Not specified,2,2,Gurgaon, Jyoti Park,11000,1,300,2006,Registered,Yes,No
"3 BHK Flat for Sale in Emaar Gurgaon Greens, Sector 102, Gurgaon",30081143.42,Unknown,Ready to move,2 out of 4,New Property,Not specified,Road,Not specified,3,2,Gurgaon, Emaar Gurgaon Greens,8182,3,1649.963334,2006,Registered,Yes,Yes
"4 BHK Flat for Sale in Mahindra Luminare, Sector 59, Gurgaon",152633949.9,Real Estate,Ready to Move,16 out of 32,New Property,North - East,"Garden/Park, Pool, Main Road",Freehold,4,4,Gurgaon, Mahindra Luminare,18897,4,3624.914008,2006,Registered,Yes,Yes
"3 BHK Flat for Sale in Uppal Plumeria Garden Estate, Omicron, Greater Noida",18939979.19,Vasant Realtors A Capital Corpus Group,Ready to Move,10 out of 19,Resale,North - East,Garden/Park,Leasehold,4,3,Noida, Uppal Plumeria Garden Estate,4533,3,1875.137878,2006,Not Registered,Yes,Yes
"3 BHK Flat for Sale in Cleo County, Sector 121, Noida",57934053.99,Urban Flat,Ready to Move,5 out of 28,Resale,East,Garden/Park,Freehold,3,4,Noida, Cleo County,12560,3,2070.063694,2006,Registered,Yes,Yes
"4 BHK Flat for Sale in New Friends Colony Floors, New Friends Colony, New Delhi",167117463.4,Unknown,Ready to Move,1 out of 5,New Property,South,"Pool, Garden/Park",Freehold,4,2,Delhi, New Friends Colony Floors,16667,4,4499.910002,2006,Not Registered,No,Yes
"2 BHK Flat for Sale in Neb Sarai, New Delhi",6016228.683,Unknown,Ready to Move,16 out of 18,Resale,East,Main Road,Freehold,2,2,Delhi, Neb Sarai,4154,2,649.9759268,2006,Not Registered,Yes,No
2 BHK Flat for Sale in Ghaziabad,12478103.94,Unknown,Ready to Move,12 out of 18,Resale,East,"Garden/Park, Pool, Main Road",Freehold,2,2,Ghaziabad, Ghaziabad,4480,2,1250,2006,Registered,Yes,Yes
"2 BHK Flat for Sale in Jaipuria Sunrise Greens, Indirapuram, Ghaziabad",12255280.65,Unknown,Ready to Move,11 out of 24,Resale,North - East,"Garden/Park, Pool, Main Road",Freehold,2,2,Ghaziabad, Jaipuria Sunrise Greens,4799,2,1146.072098,2006,Not Registered,Yes,Yes
"2 BHK Flat for Sale in Saviour Greenisle, Crossings Republik, Ghaziabad",9804224.521,Unknown,Ready to Move,13 out of 13,Resale,North - East,"Garden/Park, Main Road",Freehold,2,3,Ghaziabad, Saviour Greenisle,3520,2,1250,2006,Registered,Yes,Yes
"2 BHK Flat for Sale in Panchsheel Primrose, Govindpuram, Ghaziabad",6239051.968,Unknown,Ready to Move,10 out of 29,Resale,North,"Garden/Park, Main Road",Freehold,4,4,Ghaziabad, Panchsheel Primrose,3415,2,819.9121523,2006,Registered,Yes,Yes
"3 BHK Flat for Sale in Smartworld One DXP, Sector 113, Gurgaon",51472178.73,Unknown,Poss. by Apr '27,3 out of 4,New Property,North,"Garden/Park, Pool, Main Road",Freehold,2,5,Gurgaon, Smartworld One DXP,12486,3,1850.072081,2006,Registered,Yes,Yes
"3 BHK Flat for Sale in Vandana Apartment, Raj Nagar, Ghaziabad",16043276.49,Unknown,Ready to Move,3 out of 4,Resale,North - East,"Garden/Park, Main Road",Leasehold,2,2,Ghaziabad, Vandana Apartment,8000,3,900,2006,Not Registered,Yes,No
"3 BHK Flat for Sale in Rana Pratap Bagh, Ashok Vihar North, New Delhi",33423492.68,Unknown,Ready to Move,4 out of 22,Resale,East,Garden/Park,Freehold,3,4,Delhi, Rana Pratap Bagh,10000,3,1500,2006,Registered,Yes,Yes
"2 BHK Flat for Sale in Paramount Mapple, NH 24, Ghaziabad",10027047.81,Unknown,Ready to Move,1 out of 3,Resale,North,Main Road,Freehold,2,4,Ghaziabad, Paramount Mapple,4018,2,1119.960179,2006,Registered,Yes,Yes
"3 BHK Flat for Sale in Vaishali Sector 6, Ghaziabad",16043276.49,Unknown,Ready to Move,4 out of 14,Resale,East,"Garden/Park, Main Road",Freehold,1,2,Ghaziabad, Vaishali Sector 6,6000,3,1200,2006,Registered,Yes,Yes
1 BHK House for Sale in Bhanauta Greater Noida,5570582.114,Unknown,Ready to Move,8 out of 15,Resale,North - West,Main Road,Freehold,2,5,Noida, Bhanauta Greater Noida,3968,1,630.0403226,2006,Registered,Yes,Yes
"3 BHK Flat for Sale in Rajnagar Residency, Raj Nagar Extension, Ghaziabad",15151983.35,Unknown,Ready to Move,18 out of 26,Resale,North - East,Garden/Park,Co-operative Society,2,1,Ghaziabad, Rajnagar Residency,4928,3,1379.87013,2006,Registered,No,Yes
"3 BHK Flat for Sale in BPTP park prime, Sector 66, Gurgaon",31195259.84,Unknown,Ready to Move,12 out of 34,Resale,North - West,"Garden/Park, Pool",Freehold,2,1,Gurgaon, BPTP park prime,9743,3,1436.929077,2006,Not Registered,No,No
"2 BHK Flat for Sale in Mahagun Mantra 2, Greater Noida West, Greater Noida",12923750.5,Unknown,Ready to Move,2 out of 4,Resale,Not specified,Road,Leasehold,5,2,Noida, Mahagun Mantra 2,5156,2,1124.903026,2006,Registered,Yes,Yes
"5 BHK Flat for Sale in County 107, Sector 107, Dadri Road, Noida",222823284.6,Unknown,Poss. by Jun '24,1 out of 1,New Property,Not specified,Road,Not specified,2,1,Noida, County 107,15221,5,6569.870574,2006,Registered,Yes,No
"1 BHK Flat for Sale in Dwarka Sector 26, Dwarka, New Delhi",6684698.537,Unknown,Ready to Move,1 out of 2,Resale,Not specified,Road,Not specified,2,3,Delhi, Dwarka Sector 26,8571,1,350.0175009,2006,Registered,Yes,Yes
"4 BHK Flat for Sale in Vaishali, Ghaziabad",24510561.3,Unknown,Ready to Move,7 out of 27,Resale,Not specified,Road,Not specified,2,3,Ghaziabad, Vaishali,6111,4,1800.032728,2006,Registered,Yes,No
"2 BHK Flat for Sale in DDA Flats Vasant Kunj, Vasant Kunj Sector A, New Delhi",32532199.55,Unknown,Ready to Move,8 out of 20,Resale,Not specified,Road,Not specified,3,3,Delhi, DDA Flats Vasant Kunj,17176,2,850.0232883,2006,Not Registered,No,No
"5 BHK Flat for Sale in Ram Prastha, Ghaziabad",63504636.1,Unknown,Ready to Move,10 out of 30,New Property,Not specified,Road,Not specified,2,2,Ghaziabad, Ram Prastha,8120,5,3509.852217,2006,Not Registered,Yes,Yes
"2 BHK Flat for Sale in Mahagun Mascot, Crossings Republik, Ghaziabad",9804224.521,Unknown,Ready to Move,3 out of 3,Resale,Not specified,Road,Not specified,3,2,Ghaziabad, Mahagun Mascot,4000,2,1100,2006,Not Registered,Yes,No
"3 BHK Flat for Sale in Mahagun Mezzaria, Sector 78, Noida",69075218.21,Unknown,Ready to Move,2 out of 4,Resale,Not specified,Road,Not specified,4,2,Noida, Mahagun Mezzaria,12400,3,2500,2006,Registered,No,No
"6 BHK House for Sale in Karawal Nagar West, Karawal Nagar New Delhi",11809634.08,Unknown,Ready to Move,2 out of 4,Resale,Not specified,Road,Not specified,2,2,Delhi, Karawal Nagar West,55789,6,95.00080661,2006,Registered,Yes,Yes
"3 BHK Flat for Sale in Mahavir Enclave, New Delhi",13369397.07,Lucky Homes,Ready to Move,3 out of 4,New Property,North - East,Garden/Park,Freehold,2,1,Delhi, Mahavir Enclave,7407,3,810.0445525,2006,Registered,No,Yes
"4 BHK Flat for Sale in Chorosia Estate, Sigma 4, Greater Noida",17825862.76,New Vastu Property,Ready to Move,2 out of 4,Resale,North,Garden/Park,Freehold,3,2,Noida, Chorosia Estate,3265,4,2450.229709,2006,Registered,Yes,Yes
"2 BHK House for Sale in Chorosia Estate, Sigma 4 Greater Noida",15597629.92,Reias India Real Estate Pvt. Ltd.,Ready to Move,Ground out of 4,Resale,South - East,"Garden/Park, Pool, Main Road",Freehold,2,1,Noida, Chorosia Estate,4335,2,1614.763552,2006,Registered,Yes,Yes
"5 BHK Villa for Sale in Stellar Sigma, Sigma 4 Greater Noida",59048170.41,Unknown,Ready to Move,2 out of 8,Resale,North - East,Main Road,Freehold,5,1,Noida, Stellar Sigma,4732,5,5600.169062,2006,Registered,No,Yes
"3 BHK Flat for Sale in Paschim Vihar, New Delhi",55705821.14,Unknown,Ready to Move,3 out of 3,New Property,North - East,Main Road,Freehold,4,2,Delhi, Paschim Vihar,13889,3,1799.9856,2006,Not Registered,No,Yes
"3 BHK Flat for Sale in Kanungo Apartments, Patparganj, New Delhi",59048170.41,Unknown,Ready to Move,17 out of 23,Resale,North - West,Main Road,Leasehold,2,3,Delhi, Kanungo Apartments,18929,3,1399.968303,2006,Registered,Yes,Yes
"1 BHK Flat for Sale in Sector 56, Gurgaon",11141164.23,Unknown,Ready to Move,2 out of 5,Resale,East,"Garden/Park, Main Road",Freehold,1,7,Gurgaon, Sector 56,8333,1,600.024001,2006,Registered,Yes,Yes
"2 BHK Flat for Sale in Saya Zion, Noida Extension, Noida",18939979.19,Unknown,Ready to Move,2 out of 4,Resale,North - East,Main Road,Freehold,2,2,Noida, Saya Zion,6000,2,1416.666667,2006,Not Registered,Yes,Yes
"1 BHK Flat for Sale in Rohini Sector 35, New Delhi",4010819.122,Unknown,Ready to Move,3 out of 3,Resale,East,"Garden/Park, Main Road",Freehold,1,1,Delhi, Rohini Sector 35,16593,1,108.4794793,2006,Registered,No,Yes
"2 BHK Flat for Sale in Vasant Kunj Sector C, New Delhi",49912415.74,Unknown,Ready to Move,4 out of 4,Resale,East,Garden/Park,Freehold,2,5,Delhi, Vasant Kunj Sector C,4667,2,4799.657167,2006,Registered,Yes,Yes
"2 BHK Flat for Sale in Sewak Park, Dwarka, New Delhi",5615146.771,Unknown,Ready to Move,1 out of 4,Resale,North,"Garden/Park, Main Road",Freehold,2,3,Delhi, Sewak Park,8000,2,315,2006,Registered,Yes,Yes
"4 BHK Flat for Sale in Kailash hills, East Of Kailash, New Delhi",100270478.1,Unknown,Ready to Move,2 out of 3,New Property,North - East,Road,Freehold,3,1,Delhi, Kailash hills,4473,4,10060.36217,2006,Not Registered,Yes,No
"3 BHK Flat for Sale in Paras Tierea, Sector 137, Noida Express Way, Noida",15597629.92,Unknown,Ready to Move,3 out of 12,Resale,North - East,Road,Freehold,3,3,Noida, Paras Tierea,43182,3,162.1045806,2006,Not Registered,Yes,Yes
"2 BHK Flat for Sale in Kaushambi, Ghaziabad",5570582.114,Unknown,Ready to Move,3 out of 4,Resale,Not specified,Road,Freehold,2,3,Ghaziabad, Kaushambi,10467,2,238.8458966,2006,Registered,Yes,Yes
7 BHK House for Sale in Rajokri New Delhi,21168212.03,Unknown,Ready to Move,Ground out of 2,Resale,Not specified,Road,Freehold,3,4,Delhi, Rajokri New Delhi,3016,7,3149.867374,2006,Not Registered,Yes,No
"3 BHK Flat for Sale in Ardee City, Sector 52, Gurgaon",34983255.68,Unknown,Ready to Move,23 out of 29,New Property,Not specified,Road,Not specified,3,2,Gurgaon, Ardee City,3964,3,3960.645812,2006,Registered,No,Yes
"1 BHK Flat for Sale in Noida Extention, Greater Noida",4233642.407,Unknown,Ready to Move,Ground out of 2,New Property,Not specified,Road,Not specified,1,2,Noida, Noida Extention,5312,1,357.6807229,2006,Registered,No,Yes
"1 BHK House for Sale in Gaur City Mall, Noida Extension Noida",5570582.114,Unknown,Ready to Move,1 out of 22,Resale,Not specified,Road,Not specified,1,2,Noida, Gaur City Mall,4000,1,625,2006,Registered,Yes,No
"1 BHK Flat for Sale in Prem enclave, Meerut Road, Ghaziabad",4902112.26,Unknown,Ready to Move,7 out of 21,Resale,Not specified,Road,Not specified,1,2,Ghaziabad, Prem enclave,4444,1,495.049505,2006,Registered,No,No
"3 BHK Flat for Sale in Landcraft Golf Links PH 2, NH 24, Ghaziabad",18939979.19,Unknown,Ready to Move,6 out of 7,New Property,Not specified,Road,Not specified,3,2,Ghaziabad, Landcraft Golf Links PH 2,4020,3,2114.427861,2006,Registered,Yes,No
"2 BHK Flat for Sale in Shakti Khand 3, Indirapuram, Ghaziabad",7575991.675,Unknown,Ready to Move,9 out of 20,New Property,Not specified,Road,Not specified,1,2,Ghaziabad, Shakti Khand 3,11579,2,293.6350289,2006,Not Registered,Yes,Yes
"2 BHK Flat for Sale in Gulistanpur, Greater Noida",8912931.382,Unknown,Ready to Move,3 out of 4,Resale,Not specified,Road,Not specified,2,2,Noida, Gulistanpur,6167,2,648.6135885,2006,Registered,Yes,Yes
"3 BHK Flat for Sale in Hilansh Apartments, Dwarka Sector 10, New Delhi",49021122.6,Unknown,Ready to Move,2 out of 4,Resale,Not specified,Road,Not specified,3,2,Delhi, Hilansh Apartments,10312,3,2133.436773,2006,Registered,Yes,Yes
"3 BHK Flat for Sale in Ajnara Daffodil, Sector 137, Noida Express Way, Noida",19719860.68,Unknown,Ready to Move,2 out of 4,Resale,Not specified,Road,Not specified,3,2,Noida, Ajnara Daffodil,7631,3,2584.177786,2006,Registered,Yes,Yes
"5 BHK Villa for Sale in Anant Raj Manor Villas, Sector 63 Gurgaon",245105613,Unknown,Ready to Move,2 out of 4,New Property,Not specified,Road,Not specified,5,2,Gurgaon, Anant Raj Manor Villas,7631,5,32119.72389,2006,Registered,Yes,No
"3 BHK Flat for Sale in Harsukh Apartment, Dwarka Sector 7, New Delhi",36765841.95,Unknown,Ready to move,2 out of 4,Resale,Not specified,Road,Not specified,2,2,Delhi, Harsukh Apartment,7631,3,4817.958584,2006,Not Registered,Yes,Yes
"3 BHK Flat for Sale in M3M Capital, Sector 113, Gurgaon",40108191.22,Original Vastu Properties & Interiors,Poss. by Mar '25,11 out of 36,Resale,North - East,"Garden/Park, Main Road",Freehold,3,3,Gurgaon, M3M Capital,10811,3,1664.970863,2006,Registered,Yes,No
"1 BHK Flat for Sale in UPSIDC Site C Block E, Greater Noida",5793405.399,LALIT VERMA,Ready to Move,14 out of 14,Resale,North - East,Garden/Park,Freehold,1,2,Noida, UPSIDC Site C Block E,4094,1,635.0757206,2006,Registered,Yes,Yes
"2 BHK Flat for Sale in M3M Skywalk, Begumpur Khatola, Sector 74, Gurgaon",43450540.49,Rohit Tanwar,Ready to Move,18 out of 33,New Property,East,Main Road,Freehold,2,1,Gurgaon, M3M Skywalk,13500,2,1444.444444,2006,Registered,Yes,Yes
"2 BHK Flat for Sale in Bhagwati Garden Extension, Nawada, New Delhi",7798814.96,Unknown,Ready to Move,2 out of 4,Resale,South - East,"Garden/Park, Main Road",Leasehold,2,2,Delhi, Bhagwati Garden Extension,4444,2,787.5787579,2006,Registered,Yes,Yes
4 BHK House for Sale in Lal Quarter Ghaziabad Ghaziabad,8912931.382,Unknown,Ready to Move,19 out of 19,Resale,North - East,Garden/Park,Freehold,4,1,Ghaziabad, Lal Quarter Ghaziabad Ghaziabad,18580,4,215.285253,2006,Registered,Yes,No
"3 BHK Villa for Sale in Vijayant Enclave, Sector 29 Noida",80216382.44,Unknown,Ready to Move,2 out of 4,Resale,North,"Garden/Park, Main Road",Freehold,6,1,Noida, Vijayant Enclave,5500,3,6545.454545,2006,Registered,No,Yes
"5 BHK Flat for Sale in Urbtech Xaviers, Sector 168, Noida Express Way, Noida",49021122.6,Unknown,Ready to Move,1 out of 4,Resale,East,"Garden/Park, Pool, Main Road",Freehold,1,1,Noida, Urbtech Xaviers,4110,5,5352.798054,2006,Registered,Yes,Yes
1 BHK Flat for Sale in Ghaziabad,3342349.268,Unknown,Ready to Move,1 out of 1,Resale,North - East,Garden/Park,Freehold,1,3,Ghaziabad, Ghaziabad,5000,1,300,2006,Not Registered,Yes,No
"2 BHK House for Sale in Jama Masjid, Chandni Chowk New Delhi",11141164.23,Unknown,Ready to Move,16 out of 19,Resale,West,"Garden/Park, Pool",Freehold,1,2,Delhi, Jama Masjid,6995,2,714.7962831,2006,Not Registered,No,Yes
"1 BHK Flat for Sale in Geeta Colony, New Delhi",3119525.984,Unknown,Ready to Move,3 out of 4,Resale,East,"Garden/Park, Main Road",Freehold,3,10,Delhi, Geeta Colony,2903,1,482.2597313,2006,Registered,Yes,Yes
"3 BHK Flat for Sale in DLF New Town Heights 1, Sector 90, Gurgaon",30081143.42,Unknown,Ready to Move,5 out of 15,Resale,North - West,"Garden/Park, Main Road",Freehold,1,3,Gurgaon, DLF New Town Heights 1,4444,3,3037.80378,2006,Registered,Yes,Yes
"2 BHK Flat for Sale in Sector MU 2, Greater Noida",2785291.057,Unknown,Ready to Move,2 out of 3,Resale,South -West,Garden/Park,Freehold,4,2,Noida, Sector MU 2,19697,2,63.46144083,2006,Registered,No,Yes
"4 BHK Flat for Sale in Satya The Hermitage, Sector 103, Gurgaon",26738794.15,Unknown,Ready to Move,5 out of 23,Resale,North - East,Main Road,Leasehold,3,3,Gurgaon, Satya The Hermitage,8188,4,1465.559355,2006,Registered,No,Yes
"3 BHK Flat for Sale in Jangpura Extension, Jangpura, New Delhi",72417567.48,Unknown,Ready to Move,12 out of 14,Resale,East,Main Road,Freehold,3,3,Delhi, Jangpura Extension,3942,3,8244.545916,2006,Not Registered,Yes,No
"3 BHK Flat for Sale in BPTP Terra, Sector 37D, Delhi Gurgaon Expressway, Gurgaon",33423492.68,Unknown,Ready to Move,3 out of 18,New Property,East,Road,Freehold,2,1,Gurgaon, BPTP Terra,12653,3,1185.489607,2006,Not Registered,Yes,No
"3 BHK Flat for Sale in Crossing Republic GH 7, Crossings Republik, Ghaziabad",15151983.35,Unknown,Ready to Move,4 out of 4,Resale,Not specified,Road,Not specified,4,2,Ghaziabad, Crossing Republic GH 7,6667,3,1019.949003,2006,Not Registered,No,Yes
"3 BHK Flat for Sale in Vipul Belmonte, Sector 53, Gurgaon",69075218.21,Unknown,Ready to Move,10 out of 34,Resale,Not specified,Road,Not specified,3,2,Gurgaon, Vipul Belmonte,2800,3,11071.42857,2006,Registered,Yes,Yes
3 BHK Flat for Sale in Ghaziabad,9358577.952,Unknown,Ready to Move,3 out of 5,Resale,Not specified,Road,Not specified,3,2,Ghaziabad, Ghaziabad,13590,3,309.0507726,2006,Registered,Yes,Yes
"3 BHK Flat for Sale in Guru Dronacharya Metro, Gurgaon",18271509.33,Unknown,Ready to Move,1 out of 3,Resale,Not specified,Road,Not specified,3,2,Gurgaon, Guru Dronacharya Metro,9333,3,878.6028072,2006,Registered,Yes,Yes
"3 BHK House for Sale in U Block, Sector 24, Delhi Gurgaon Expressway Gurgaon",31195259.84,Unknown,Ready to Move,1 out of 2,Resale,Not specified,Road,Not specified,2,2,Gurgaon, U Block,8796,3,1591.63256,2006,Registered,Yes,Yes
"2 BHK Flat for Sale in U Block, Sector 24, Delhi Gurgaon Expressway, Gurgaon",14483513.5,Unknown,Ready to Move,Ground out of 4,Resale,Not specified,Road,Not specified,4,2,Gurgaon, U Block,13935,2,466.4513814,2006,Registered,Yes,Yes
"5 BHK House for Sale in Chauma Village, Palam Vihar Gurgaon",21168212.03,Unknown,Ready to Move,3 out of 4,Resale,Not specified,Road,Not specified,7,2,Gurgaon, Chauma Village,16000,5,593.75,2006,Registered,No,Yes
"7 BHK House for Sale in Sector 49 Block A, Dadri Road Noida",93585779.52,Unknown,Ready to Move,2 out of 4,New Property,Not specified,Road,Not specified,3,2,Noida, Sector 49 Block A,7333,7,5727.53307,2006,Registered,Yes,Yes
"4 BHK Flat for Sale in Emaar MGF Emerald Hills, Sector 65, Gurgaon",62390519.68,Unknown,Ready to Move,2 out of 4,Resale,Not specified,Road,Not specified,1,2,Gurgaon, Emaar MGF Emerald Hills,5600,4,5000,2006,Registered,Yes,Yes
"1 BHK Flat for Sale in Narela, New Delhi",4902112.26,Unknown,Ready to Move,2 out of 4,Resale,Not specified,Road,Not specified,2,2,Delhi, Narela,7631,1,642.3944778,2006,Registered,Yes,No
"3 BHK Flat for Sale in Vaishali Sector 5, Ghaziabad",15597629.92,Unknown,Ready to move,2 out of 4,Resale,Not specified,Road,Not specified,2,2,Ghaziabad, Vaishali Sector 5,7631,3,2043.982429,2006,Registered,Yes,Yes
3 BHK Flat for Sale in Faridabad,21168212.03,Yug Realtech,Ready to Move,1 out of 3,Resale,East,"Pool, Garden/Park",Leasehold,3,1,Faridabad, Faridabad,6169,3,1539.957854,2006,Not Registered,Yes,Yes
"2 BHK Flat for Sale in Galaxy North Avenue 2, Noida Extension, Noida",10272153.42,Unknown,Ready to Move,16 out of 20,Resale,East,"Garden/Park, Pool, Main Road",Power Of Attorney,2,2,Noida, Galaxy North Avenue 2,4984,2,924.9598716,2006,Registered,No,Yes
"4 BHK Flat for Sale in Ramprasta AWHO, Sector 95, Gurgaon",31195259.84,Unknown,Ready to Move,1 out of 14,Resale,North,"Garden/Park, Main Road",Freehold,3,3,Gurgaon, Ramprasta AWHO,6512,4,2149.87715,2006,Registered,No,Yes
"2 BHK House for Sale in Om Vihar, Palam Vihar Extension, Old delhi gurgaon road Gurgaon",11141164.23,Unknown,Ready to Move,1 out of 4,Resale,South -West,Garden/Park,Freehold,1,2,Gurgaon, Om Vihar,6944,2,720.0460829,2006,Registered,Yes,Yes
5 BHK House for Sale in Krishna Nagar New Delhi,41222307.64,Unknown,Ready to Move,9 out of 14,Resale,North - East,Main Road,Freehold,4,3,Delhi, Krishna Nagar New Delhi,26696,5,692.9877135,2006,Registered,Yes,Yes
"2 BHK Flat for Sale in Apna Ghar, Pitampura, New Delhi",32309376.26,Unknown,Ready to Move,3 out of 3,Resale,East,"Garden/Park, Main Road",Co-operative Society,2,2,Delhi, Apna Ghar,17901,2,810.0106139,2006,Not Registered,Yes,Yes
"2 BHK Flat for Sale in Tech Chand Nagar, Sector 104, Gurgaon",6907521.821,Unknown,Ready to Move,7 out of 13,Resale,South - East,Main Road,Freehold,2,3,Gurgaon, Tech Chand Nagar,3875,2,800,2006,Registered,No,Yes
"4 BHK Flat for Sale in Rohini Sector 18, New Delhi",70189334.64,Unknown,Ready to Move,Ground out of 4,Resale,East,"Garden/Park, Pool, Main Road",Freehold,4,3,Delhi, Rohini Sector 18,14318,4,2200.027937,2006,Not Registered,Yes,Yes
"2 BHK Flat for Sale in Sector 113, Pusta Road, Noida",6862957.165,Unknown,Ready to Move,17 out of 42,Resale,East,"Garden/Park, Main Road",Freehold,2,3,Noida, Sector 113,3426,2,899.007589,2006,Registered,Yes,No
"2 BHK Flat for Sale in DDA Devdoot Apartment, Vikaspuri, New Delhi",31195259.84,Unknown,Ready to Move,4 out of 4,Resale,East,Main Road,Freehold,3,3,Delhi, DDA Devdoot Apartment,14000,2,1000,2006,Registered,No,Yes
"2 BHK Flat for Sale in Sikka Karnam Greens, Sector 143 B, Noida Express Way, Noida",14483513.5,Unknown,Ready to Move,1 out of 2,Resale,East,"Pool, Garden/Park, Main Road",Freehold,2,2,Noida, Sikka Karnam Greens,6915,2,939.9855387,2006,Not Registered,No,Yes
4 BHK House for Sale in Sector 1 Greater Noida,12217169.83,Unknown,Ready to Move,13 out of 18,New Property,North - East,"Garden/Park, Pool",Co-operative Society,4,2,Noida, Sector 1 Greater Noida,5333,4,1800.112507,2007,Not Registered,Yes,Yes
"3 BHK Flat for Sale in Dharampur, Sector 108, Gurgaon",21634571.57,Unknown,Ready to Move,3 out of 3,Resale,South - East,Road,Freehold,3,3,Gurgaon, Dharampur,7104,3,2393.018018,2007,Registered,Yes,Yes
"3 BHK Flat for Sale in Dwarka Sector 23, New Delhi",11326334.53,Unknown,Ready to Move,4 out of 4,Resale,Not specified,Road,Not specified,3,3,Delhi, Dwarka Sector 23,7542,3,1180.05834,2007,Registered,Yes,Yes
"2 BHK Flat for Sale in Palm Resort, Raj Nagar Extension, Ghaziabad",6999420.215,Unknown,Ready to Move,2 out of 2,New Property,Not specified,Road,Not specified,2,4,Ghaziabad, Palm Resort,4661,2,1180.004291,2007,Registered,Yes,No
"4 BHK Flat for Sale in Vatika India Next Plots, Sector 83, Gurgaon",20361949.72,Unknown,Ready to Move,Ground out of 2,New Property,Not specified,Road,Not specified,4,4,Gurgaon, Vatika India Next Plots,6667,4,2399.880006,2007,Not Registered,Yes,Yes
"3 BHK Flat for Sale in BPTP Park Elite Premium Villas, Sector 84, Faridabad",8017517.701,Unknown,Ready to Move,7 out of 14,New Property,Not specified,Road,Not specified,2,2,Faridabad, BPTP Park Elite Premium Villas,2520,3,2500,2007,Registered,No,Yes
4 BHK House for Sale in Indirapuram Ghaziabad,24688864.03,Unknown,Ready to Move,4 out of 4,New Property,Not specified,Road,Not specified,3,2,Ghaziabad, Indirapuram Ghaziabad,9082,4,2136.093372,2007,Registered,Yes,Yes
"1 BHK Flat for Sale in Housing Board Colony, Sector 10A, Delhi Gurgaon Expressway, Gurgaon",3436079.015,Unknown,Poss. by Jun '25,5 out of 9,Resale,Not specified,Road,Not specified,1,2,Gurgaon, Housing Board Colony,5400,1,500,2007,Not Registered,No,Yes
"3 BHK Flat for Sale in Bajghera, Gurgaon",19980163.16,Unknown,Ready to Move,Ground out of 3,Resale,Not specified,Road,Not specified,2,2,Gurgaon, Bajghera,9987,3,1572.043657,2007,Registered,No,No
"2 BHK Flat for Sale in Omaxe Heights, Sector 86, Faridabad",6363109.287,Unknown,Ready to Move,6 out of 8,Resale,Not specified,Road,Not specified,2,2,Faridabad, Omaxe Heights,4167,2,1199.904008,2007,Registered,No,Yes
5 BHK House for Sale in Sector 46 Block A Noida,82720420.73,Unknown,Ready to Move,1 out of 4,Resale,Not specified,Road,Not specified,5,2,Noida, Sector 46 Block A Noida,13000,5,5000,2007,Not Registered,No,No
"3 BHK Flat for Sale in Sunworld Vanalika, Sector 107, Dadri Road, Noida",17180395.07,Unknown,Ready to Move,Ground out of 2,Resale,Not specified,Road,Not specified,3,2,Noida, Sunworld Vanalika,7803,3,1730.103806,2007,Registered,Yes,Yes
"3 BHK Flat for Sale in Ganpati Apartment, Sector 56, Gurgaon",19089327.86,Unknown,Ready to Move,18 out of 30,Resale,Not specified,Road,Not specified,3,2,Gurgaon, Ganpati Apartment,6667,3,2249.887506,2007,Registered,Yes,Yes
"1 BHK Flat for Sale in LIG Colony, Gurgaon",21634571.57,Unknown,Ready to Move,2 out of 4,Resale,Not specified,Road,Not specified,1,2,Gurgaon, LIG Colony,16190,1,1050.030883,2007,Registered,Yes,Yes
"3 BHK Flat for Sale in LIG Colony, Gurgaon",14635151.36,Unknown,Ready to move,2 out of 4,Resale,Not specified,Road,Not specified,3,2,Gurgaon, LIG Colony,7419,3,1550.074134,2007,Registered,No,Yes
"1 BHK Flat for Sale in Molarband Block F, Molarband, New Delhi",5090487.429,Bansal Property,Ready to Move,3 out of 4,Resale,North - East,Main Road,Power Of Attorney,1,1,Delhi, Molarband Block F,7273,1,549.9793758,2007,Registered,No,No
"3 BHK Flat for Sale in Chander Vihar - Mandawali, New Delhi",4199652.129,Dial Property Pvt. Ltd.,Ready to Move,2 out of 5,Resale,North - East,"Garden/Park, Pool, Main Road",Leasehold,2,1,Delhi, Chander Vihar - Mandawali,3667,3,899.9181893,2007,Registered,Yes,Yes
"2 BHK Flat for Sale in Jaypee Greens Krescent Homes, Sector 129, Noida Express Way, Noida",6617633.658,Sharma Realtors Solutions,Ready to Move,12 out of 30,New Property,North - East,"Garden/Park, Main Road",Freehold,2,3,Noida, Jaypee Greens Krescent Homes,4228,2,1229.895932,2007,Registered,Yes,Yes
"3 BHK Flat for Sale in Jaypee Greens Krescent Homes, Sector 129, Noida Express Way, Noida",9544663.93,Gaurav Sharma,Ready to Move,5 out of 35,Resale,North - East,Main Road,Co-operative Society,3,4,Noida, Jaypee Greens Krescent Homes,4464,3,1680.107527,2007,Registered,No,Yes
"2 BHK Flat for Sale in VVIP Homes, Greater Noida West, Noida",8526566.444,Unknown,Ready to Move,8 out of 19,Resale,North,"Garden/Park, Pool, Main Road",Leasehold,2,6,Noida, VVIP Homes,5630,2,1190.053286,2007,Registered,Yes,Yes
"2 BHK Flat for Sale in Rajendra Nagar Sector 3, Ghaziabad",4072389.944,Unknown,Ready to Move,1 out of 3,Resale,North - East,"Garden/Park, Pool, Main Road",Freehold,2,1,Ghaziabad, Rajendra Nagar Sector 3,4000,2,800,2007,Not Registered,No,No
"4 BHK House for Sale in Supertech The Romano, Sector 118 Noida",12726218.57,Unknown,Ready to Move,6 out of 14,Resale,North - East,Garden/Park,Freehold,4,2,Noida, Supertech The Romano,5263,4,1900.057002,2007,Registered,No,Yes
"5 BHK Flat for Sale in Adani M2K Oyster Grande, Sector 102, Gurgaon",73175756.8,Unknown,Ready to Move,23 out of 24,New Property,East,Main Road,Freehold,5,1,Gurgaon, Adani M2K Oyster Grande,7787,5,7384.101708,2007,Registered,Yes,Yes
"2 BHK Flat for Sale in Laxman Vihar Industrial Area, Sector 3A, Gurgaon",5472273.987,Unknown,Ready to Move,1 out of 5,Resale,North,Main Road,Freehold,2,3,Gurgaon, Laxman Vihar Industrial Area,5496,2,782.3871907,2007,Registered,Yes,Yes
"3 BHK Flat for Sale in BPTP Pride, Sector 77, Faridabad",11708121.09,Unknown,Ready to Move,2 out of 5,Resale,West,Garden/Park,Freehold,2,1,Faridabad, BPTP Pride,4057,3,2267.685482,2007,Registered,Yes,No
"2 BHK Flat for Sale in Ranaji Enclave, Najafgarh, New Delhi",2736136.993,Unknown,Ready to Move,1 out of 4,Resale,North - East,"Garden/Park, Main Road",Freehold,1,3,Delhi, Ranaji Enclave,2793,2,769.7815968,2007,Registered,Yes,Yes
"3 BHK House for Sale in Ranaji Enclave, Najafgarh New Delhi",4454176.501,Unknown,Ready to Move,2 out of 9,Resale,East,"Garden/Park, Main Road",Leasehold,2,2,Delhi, Ranaji Enclave,17500,3,200,2007,Registered,No,No
3 BHK House for Sale in Urban Estate Sector 4 Gurgaon,44541765.01,Unknown,Ready to Move,5 out of 6,Resale,Not specified,Road,Freehold,3,4,Gurgaon, Urban Estate Sector 4 Gurgaon,9690,3,3611.971104,2007,Not Registered,Yes,No
"2 BHK Flat for Sale in PWO Appartments, Sector 43, DLF Golf Course Road, Gurgaon",15907773.22,Unknown,Ready to Move,3 out of 3,Resale,Not specified,Road,Freehold,2,2,Gurgaon, PWO Appartments,8788,2,1422.394174,2007,Not Registered,Yes,Yes
"3 BHK Flat for Sale in PWO Appartments, Sector 43, DLF Golf Course Road, Gurgaon",18453016.93,Unknown,Ready to Move,1 out of 1,Resale,Not specified,Road,Not specified,2,4,Gurgaon, PWO Appartments,16722,3,867.1211578,2007,Registered,Yes,Yes
"7 BHK House for Sale in RWA Sector 61, Sector 61 Block D, Ashok Marg Noida",57267983.58,Unknown,Poss. by Dec '23,2 out of 4,Resale,Not specified,Road,Not specified,5,3,Noida, RWA Sector 61,7692,7,5850.234009,2007,Not Registered,No,Yes
"3 BHK House for Sale in Turab Nagar, Naya Ganj Ghaziabad",6363109.287,Unknown,Ready to Move,2 out of 3,Resale,Not specified,Road,Not specified,2,2,Ghaziabad, Turab Nagar,5336,3,937.0314843,2007,Registered,Yes,Yes
"2 BHK Flat for Sale in Kailash Colony, Greater Kailash, New Delhi",20998260.65,Unknown,Ready to Move,4 out of 4,Resale,Not specified,Road,Not specified,2,2,Delhi, Kailash Colony,3587,2,4599.944243,2007,Registered,Yes,Yes
"3 BHK House for Sale in Om Sai Garden, Chipiyana Buzurg Ghaziabad",4072389.944,Unknown,Ready to Move,7 out of 9,Resale,Not specified,Road,Not specified,3,2,Ghaziabad, Om Sai Garden,3951,3,809.9215389,2007,Registered,Yes,Yes
"1 BHK Flat for Sale in JVTS Gardens, Chhattarpur, New Delhi",2036194.972,Unknown,Ready to Move,1 out of 2,Resale,Not specified,Road,Not specified,1,2,Delhi, JVTS Gardens,9833,1,162.7173803,2007,Registered,Yes,Yes
"4 BHK Flat for Sale in Ansals Palam Vihar, Palam Vihar Pocket H, Gurgaon",37542344.79,Unknown,Ready to Move,1 out of 4,New Property,Not specified,Road,Not specified,4,2,Gurgaon, Ansals Palam Vihar,6154,4,4793.630159,2007,Registered,Yes,Yes
"3 BHK Flat for Sale in Gaur Green City, Indirapuram, Ghaziabad",15271462.29,Unknown,Poss. by Dec '24,3 out of 3,Resale,Not specified,Road,Not specified,3,2,Ghaziabad, Gaur Green City,7055,3,1700.921332,2007,Registered,No,Yes
"3 BHK Flat for Sale in Greenfield Colony, Mathura Road, Faridabad",8272042.073,Unknown,Ready to Move,2 out of 4,Resale,Not specified,Road,Not specified,2,2,Faridabad, Greenfield Colony,18056,3,359.9911387,2007,Registered,Yes,Yes
"3 BHK Flat for Sale in Nehru Enclave, Kalkaji, New Delhi",41360210.36,Unknown,Ready to Move,2 out of 4,Resale,Not specified,Road,Not specified,3,2,Delhi, Nehru Enclave,9333,3,3482.267224,2007,Not Registered,Yes,Yes
2 BHK House for Sale in Bharat Nagar New Delhi,6299478.194,Unknown,Ready to Move,2 out of 4,Resale,Not specified,Road,Not specified,1,2,Delhi, Bharat Nagar New Delhi,14545,2,340.3231351,2007,Registered,Yes,No
"1 BHK Flat for Sale in DDA Pocket D, GTB Enclave, New Delhi",5345011.801,Unknown,Ready to Move,2 out of 4,Resale,Not specified,Road,Not specified,1,2,Delhi, DDA Pocket D,7619,1,551.2534453,2007,Registered,Yes,Yes
"3 BHK Flat for Sale in Kenwood, Sector 47, Sohna Road, Gurgaon",20361949.72,Unknown,Ready to move,2 out of 4,Resale,Not specified,Road,Not specified,3,2,Gurgaon, Kenwood,7631,3,2668.319973,2007,Registered,Yes,Yes
"3 BHK Flat for Sale in The Close South, Sector 50, Gurgaon",22907193.43,Symbiosis Infra Pvt Ltd,Ready to Move,14 out of 14,Resale,East,"Garden/Park, Pool, Main Road",Leasehold,3,3,Gurgaon, The Close South,7258,3,2480.022045,2007,Not Registered,Yes,Yes
"2 BHK Flat for Sale in Sector 1 Greater Noida West, Greater Noida",5599536.172,Landmount Consultancy Services,Ready to Move,11 out of 14,Resale,South - East,"Garden/Park, Pool, Main Road",Freehold,2,5,Noida, Sector 1 Greater Noida West,4284,2,1027.077498,2007,Registered,Yes,Yes
"1 BHK Flat for Sale in Neeti Khand 1, Indirapuram, Ghaziabad",3308816.829,Unknown,Ready to Move,2 out of 5,Resale,North - East,"Garden/Park, Main Road",Power Of Attorney,1,2,Ghaziabad, Neeti Khand 1,4333,1,600.0461574,2007,Registered,Yes,Yes
"4 BHK Flat for Sale in ATS Advantage, Ahinsa Khand, Indirapuram, Ghaziabad",47596057.46,Unknown,Ready to Move,Ground out of 3,Resale,East,Main Road,Freehold,4,2,Ghaziabad, ATS Advantage,12262,4,3050.073397,2007,Registered,No,Yes
"1 BHK Flat for Sale in Vaishali Sector 4, Ghaziabad",3563341.201,Unknown,Ready to Move,3 out of 4,Resale,East,Road,Freehold,2,2,Ghaziabad, Vaishali Sector 4,5091,1,549.9901787,2007,Registered,Yes,Yes
"2 BHK Flat for Sale in Paschim Vihar, New Delhi",10817285.79,Unknown,Ready to Move,8 out of 15,Resale,North - West,Road,Not specified,2,3,Delhi, Paschim Vihar,9444,2,900.0423549,2007,Registered,Yes,Yes
"3 BHK Flat for Sale in Noida Extension, Noida",6999420.215,Unknown,Ready to Move,6 out of 10,Resale,Not specified,Road,Not specified,3,4,Noida, Noida Extension,4583,3,1200.087279,2007,Registered,Yes,Yes
"4 BHK Flat for Sale in The Close South, Sector 50, Gurgaon",57267983.58,Unknown,Ready to Move,3 out of 3,Resale,Not specified,Road,Not specified,5,1,Gurgaon, The Close South,9677,4,4650.201509,2007,Registered,Yes,Yes
"3 BHK Flat for Sale in Orchid Island, Sector 51, Sohna Road, Gurgaon",16544084.15,Unknown,Ready to Move,3 out of 20,Resale,Not specified,Road,Not specified,4,2,Gurgaon, Orchid Island,8125,3,1600,2007,Registered,Yes,Yes
"2 BHK Flat for Sale in Hawelia Valenova Park, Noida Extension, Noida",5090487.429,Unknown,Ready to Move,3 out of 18,Resale,Not specified,Road,Not specified,2,2,Noida, Hawelia Valenova Park,4278,2,935.0163628,2007,Registered,Yes,Yes
"2 BHK Flat for Sale in Hawelia Valenova Park, Noida Extension Block B, Noida",5090487.429,Unknown,Ready to Move,5 out of 18,New Property,Not specified,Road,Not specified,2,2,Noida, Hawelia Valenova Park,3571,2,1120.134416,2007,Registered,No,No
7 BHK House for Sale in Jalalpur Ghaziabad,10880916.88,Unknown,Ready to Move,3 out of 4,Resale,Not specified,Road,Not specified,3,2,Ghaziabad, Jalalpur Ghaziabad,6359,7,1344.55103,2007,Registered,Yes,No
"3 BHK Flat for Sale in East Of Kailash, New Delhi",60449538.22,Unknown,Ready to Move,6 out of 14,New Property,Not specified,Road,Not specified,3,2,Delhi, East Of Kailash,26389,3,1799.992421,2007,Registered,Yes,No
"2 BHK Flat for Sale in Savy Ville De, Raj Nagar Extension, Ghaziabad",10180974.86,Unknown,Ready to Move,1 out of 3,Resale,Not specified,Road,Not specified,2,2,Ghaziabad, Savy Ville De,20906,2,382.6652636,2007,Registered,Yes,Yes
6 BHK House for Sale in Sitapuri New Delhi,22907193.43,Unknown,Ready to Move,2 out of 4,New Property,Not specified,Road,Not specified,5,2,Delhi, Sitapuri New Delhi,8434,6,2134.218639,2007,Not Registered,Yes,Yes
"4 BHK Flat for Sale in Essel Towers, Mehrauli Gurgaon Road, Gurgaon",23798028.73,Unknown,Ready to Move,19 out of 24,Resale,Not specified,Road,Not specified,5,2,Gurgaon, Essel Towers,13500,4,1385.185185,2007,Registered,Yes,Yes
"4 BHK Flat for Sale in Mayfield Garden, Sector 51, Gurgaon",26725059,Unknown,Ready to Move,2 out of 3,New Property,Not specified,Road,Not specified,2,2,Gurgaon, Mayfield Garden,6209,4,3382.187148,2007,Registered,Yes,Yes
2 BHK Flat for Sale in Noida,6108584.915,Unknown,Ready to Move,12 out of 25,Other,Not specified,Road,Not specified,3,2,Noida, Noida,11000,2,436.3636364,2007,Registered,Yes,Yes
"3 BHK Flat for Sale in Vasant Kunj Sector B, New Delhi",34360790.15,Unknown,Ready to Move,3 out of 4,Resale,Not specified,Road,Not specified,2,2,Delhi, Vasant Kunj Sector B,25455,3,1060.695345,2007,Registered,Yes,Yes
"2 BHK Flat for Sale in JM Florence, Noida Extension, Noida",9544663.93,Unknown,Ready to Move,3 out of 3,Resale,Not specified,Road,Not specified,2,2,Noida, JM Florence,12273,2,611.0975312,2007,Registered,No,No
"1 BHK Flat for Sale in Bindapur, New Delhi",1781670.6,Unknown,Ready to move,2 out of 4,Resale,Not specified,Road,Not specified,3,2,Delhi, Bindapur,7631,1,233.4779977,2007,Registered,Yes,Yes
"5 BHK House for Sale in Tagore Garden, Rajouri Garden, Najafgarh Road New Delhi",34360790.15,Unknown,Ready to move,2 out of 4,Resale,Not specified,Road,Not specified,2,2,Delhi, Tagore Garden,7631,5,4502.789955,2007,Registered,Yes,No
8 BHK Villa for Sale in Friends Colony New Delhi,890835300.1,AIANA FLOORS,Ready to Move,5 out of 14,Resale,North - East,"Garden/Park, Main Road",Power Of Attorney,8,2,Delhi, Friends Colony New Delhi,65728,8,10649.95131,2007,Registered,Yes,Yes
"2 BHK Flat for Sale in Diya Green City, Raj Nagar Extension, Ghaziabad",3817865.572,Ankit Singh,Ready to Move,2 out of 3,Resale,North - East,"Garden/Park, Pool, Main Road",Freehold,2,1,Ghaziabad, Diya Green City,3243,2,925.0693802,2007,Registered,No,Yes
"3 BHK Flat for Sale in Vaishali, Ghaziabad",7635731.144,Realty Check Advisory,Ready to Move,3 out of 3,New Property,North - East,"Garden/Park, Main Road",Freehold,2,2,Ghaziabad, Vaishali,4799,3,1250.260471,2007,Registered,Yes,Yes
"3 BHK Flat for Sale in RWA Builder Floor, DLF City Phase 2, Gurgaon",25961485.89,Unknown,Ready to Move,4 out of 5,New Property,East,Main Road,Freehold,3,1,Gurgaon, RWA Builder Floor,9488,3,2150.084317,2007,Registered,Yes,Yes
"3 BHK Flat for Sale in Panchsheel Wellington, Crossings Republik, Ghaziabad",9544663.93,Unknown,Ready to Move,1 out of 4,New Property,East,"Garden/Park, Main Road",Leasehold,3,5,Ghaziabad, Panchsheel Wellington,4412,3,1699.909338,2007,Registered,Yes,Yes
"3 BHK Flat for Sale in Samaj Kalyan Apartments, Vikaspuri, New Delhi",13362529.5,Unknown,Ready to Move,3 out of 4,Resale,North - East,Main Road,Leasehold,2,3,Delhi, Samaj Kalyan Apartments,8400,3,1250,2007,Registered,Yes,No
"4 BHK Flat for Sale in Luxury Floors, DLF City Phase 1, Gurgaon",94810328.37,Unknown,Ready to Move,3 out of 7,New Property,North,Garden/Park,Freehold,7,4,Gurgaon, Luxury Floors,9933,4,7500.251686,2007,Not Registered,Yes,Yes
"3 BHK Flat for Sale in Ambience Mall, Sector 24, NH 8, Gurgaon",50904874.29,Unknown,Ready to Move,Ground out of 18,Resale,North - East,"Main Road, Garden/Park",Freehold,3,1,Gurgaon, Ambience Mall,12415,3,3221.908981,2007,Registered,Yes,Yes
"2 BHK Flat for Sale in Trikuta Hills, C Block, Noida",9926450.487,Unknown,Ready to Move,11 out of 16,Resale,East,Road,Freehold,2,3,Noida, Trikuta Hills,7222,2,1080.033232,2007,Registered,Yes,No
"3 BHK Flat for Sale in Sector 41, Gurgaon",38178655.72,Unknown,Ready to Move,4 out of 4,Resale,Not specified,Road,Not specified,4,2,Gurgaon, Sector 41,14896,3,2013.96348,2007,Registered,Yes,No
"2 BHK Flat for Sale in Galaxy North Avenue, Noida Extension Block C, Noida",4199652.129,Unknown,Ready to Move,1 out of 1,Resale,Not specified,Road,Not specified,2,2,Noida, Galaxy North Avenue,3646,2,905.1014811,2007,Registered,No,Yes
"4 BHK Flat for Sale in Eldeco Utopia, Sector 93A, Noida Express Way, Noida",43905454.08,Unknown,Ready to Move,2 out of 2,Resale,Not specified,Road,Not specified,4,2,Noida, Eldeco Utopia,8846,4,3900.067827,2007,Registered,Yes,Yes
2 BHK House for Sale in Govindpuram Ghaziabad,4835963.058,Unknown,Ready to Move,1 out of 5,Resale,Not specified,Road,Not specified,1,2,Ghaziabad, Govindpuram Ghaziabad,5714,2,665.0332517,2007,Registered,Yes,Yes
"1 BHK Flat for Sale in Vaishali Sector 3, Ghaziabad",2545243.715,Unknown,Ready to Move,1 out of 4,Resale,Not specified,Road,Not specified,1,2,Ghaziabad, Vaishali Sector 3,11750,1,170.212766,2007,Registered,Yes,Yes
"4 BHK Flat for Sale in Aaron Ville, Tikri, Sector 48, Sohna Road, Gurgaon",29906613.65,Unknown,Ready to Move,7 out of 17,New Property,Not specified,Road,Not specified,4,2,Gurgaon, Aaron Ville,10800,4,2175.925926,2007,Registered,Yes,Yes
6 BHK House for Sale in Sector 41 Gurgaon,34997101.08,Unknown,Ready to Move,3 out of 4,Resale,Not specified,Road,Not specified,6,2,Gurgaon, Sector 41 Gurgaon,3739,6,7354.907729,2007,Registered,Yes,Yes
"2 BHK Flat for Sale in Wazirpur, Sector 95A, Pataudi Road, Gurgaon",6490371.472,Unknown,Ready to Move,2 out of 3,Resale,Not specified,Road,Not specified,2,2,Gurgaon, Wazirpur,5135,2,993.1840312,2007,Registered,Yes,Yes
"4 BHK Flat for Sale in Wazirpur, Sector 95A, Pataudi Road, Gurgaon",12089907.64,Unknown,Ready to Move,6 out of 20,Resale,Not specified,Road,Not specified,3,2,Gurgaon, Wazirpur,33333,4,285.00285,2007,Registered,Yes,No
2 BHK House for Sale in DLF City Phase 3 Gurgaon,34997101.08,Unknown,Ready to Move,1 out of 3,New Property,Not specified,Road,Not specified,2,2,Gurgaon, DLF City Phase 3 Gurgaon,96528,2,284.8914305,2007,Not Registered,No,Yes
5 BHK House for Sale in Panchsheela Park New Delhi,884472190.9,Unknown,Ready to Move,2 out of 4,Resale,Not specified,Road,Not specified,5,2,Delhi, Panchsheela Park New Delhi,3646,5,190619.8574,2007,Registered,Yes,Yes
"2 BHK Flat for Sale in DLF Ankur Vihar, Ghaziabad",2608874.808,Unknown,Ready to move,2 out of 4,Resale,Not specified,Road,Not specified,2,2,Ghaziabad, DLF Ankur Vihar,7631,2,341.8784966,2007,Registered,Yes,No
"2 BHK Flat for Sale in Sector-37, Greater Noida",2036194.972,New Defence Realtors,Ready to Move,Ground out of 2,Resale,East,"Garden/Park, Main Road",Freehold,1,2,Noida, Sector-37,2996,2,534.0453939,2007,Registered,Yes,Yes
"3 BHK House for Sale in Sector 31, Mathura Road Faridabad",20998260.65,Swastik Infrasolutions,Ready to Move,1 out of 3,Resale,East,"Garden/Park, Main Road",Freehold,3,2,Faridabad, Sector 31,6600,3,2500,2007,Registered,Yes,Yes
"3 BHK Flat for Sale in Mayur Vihar, New Delhi",12726218.57,Unknown,Ready to Move,2 out of 4,Resale,West,Garden/Park,Freehold,2,1,Delhi, Mayur Vihar,12903,3,775.0135627,2007,Registered,Yes,Yes
"2 BHK Flat for Sale in Janakpuri, New Delhi",13998840.43,Unknown,Ready to Move,1 out of 4,New Property,North - East,"Garden/Park, Main Road",Freehold,2,2,Delhi, Janakpuri,14194,2,774.9753417,2007,Not Registered,Yes,Yes
"2 BHK Flat for Sale in Ashok Puri, Sector 6, Gurgaon",8017517.701,Unknown,Ready to Move,3 out of 4,Resale,East,Main Road,Freehold,2,3,Gurgaon, Ashok Puri,4500,2,1400,2007,Registered,Yes,Yes
"4 BHK Flat for Sale in Vasundhara, Ghaziabad",13744316.06,Unknown,Ready to Move,2 out of 3,New Property,East,Garden/Park,Leasehold,3,2,Ghaziabad, Vasundhara,6545,4,1650.114591,2007,Registered,Yes,Yes
4 BHK Flat for Sale in Noida,12089907.64,Unknown,Ready to Move,10 out of 14,Resale,East,"Garden/Park, Main Road",Freehold,2,2,Noida, Noida,5429,4,1749.861853,2007,Registered,Yes,Yes
"2 BHK Flat for Sale in Dream Homes, NH 24, Ghaziabad",3308816.829,Unknown,Ready to Move,4 out of 8,Resale,East,"Garden/Park, Pool, Main Road",Freehold,3,2,Ghaziabad, Dream Homes,3218,2,807.9552517,2007,Registered,Yes,Yes
"3 BHK Flat for Sale in Suvidha Apartment, Sector 56, Gurgaon",18834803.49,Unknown,Ready to Move,2 out of 4,Resale,West,Main Road,Freehold,3,1,Gurgaon, Suvidha Apartment,8222,3,1800.04865,2007,Registered,Yes,Yes
"2 BHK Flat for Sale in Rajpur Khurd Extension, Rajpur, New Delhi",3754234.479,Unknown,Poss. by Nov '23,2 out of 5,Resale,North - East,Garden/Park,Freehold,3,3,Delhi, Rajpur Khurd Extension,4538,2,650.0661084,2007,Registered,Yes,No
"3 BHK Flat for Sale in Arun Vihar, Arun Vihar, Sector 37, Golf course Metro, Noida",17180395.07,Unknown,Ready to Move,4 out of 4,Resale,North,"Garden/Park, Pool, Main Road",Leasehold,1,3,Noida, Arun Vihar,7500,3,1800,2007,Registered,Yes,No
"1 BHK Flat for Sale in Dwarka Sector 23B, New Delhi",3550614.982,Unknown,Ready to Move,1 out of 4,Resale,North - East,"Garden/Park, Main Road",Freehold,2,3,Delhi, Dwarka Sector 23B,7342,1,380.0054481,2007,Not Registered,Yes,Yes
"3 BHK Flat for Sale in DLF New Town Heights 2, Sector 86, Gurgaon",25781033.42,Unknown,Ready to Move,5 out of 8,Resale,East,Main Road,Freehold,2,1,Gurgaon, DLF New Town Heights 2,6788,3,1929.876252,2008,Registered,No,Yes
"3 BHK Flat for Sale in DDA Atulya Apartment, Dwarka Sector 18, New Delhi",32472294,Unknown,Ready to Move,2 out of 2,Resale,East,"Garden/Park, Main Road",Power Of Attorney,2,2,Delhi, DDA Atulya Apartment,8919,3,1849.983182,2008,Registered,Yes,Yes
3 BHK House for Sale in SGM Nagar Faridabad,8265674.837,Unknown,Ready to Move,10 out of 11,Resale,Not specified,"Garden/Park, Main Road",Freehold,2,2,Faridabad, SGM Nagar Faridabad,4242,3,990.0990099,2008,Registered,Yes,Yes
"2 BHK Flat for Sale in Vatika India Next, Sector 82, Gurgaon",13972926.51,Unknown,Ready to Move,19 out of 24,Resale,Not specified,Road,Freehold,2,1,Gurgaon, Vatika India Next,7634,2,930.0497773,2008,Registered,No,Yes
"2 BHK Flat for Sale in Proview Shalimar City Phase I, Shalimar Garden Extension 1, Ghaziabad",7084864.146,Unknown,Poss. by Sep '23,Ground out of 8,Resale,Not specified,Road,Not specified,3,2,Ghaziabad, Proview Shalimar City Phase I,3830,2,939.9477807,2008,Registered,Yes,Yes
"3 BHK Flat for Sale in Purvanchal Royal City II, Chuharpur Khadar, Sector-Chi, Greater Noida",25781033.42,Unknown,Ready to Move,8 out of 9,New Property,Not specified,Road,Not specified,4,2,Noida, Purvanchal Royal City II,7178,3,1825.020897,2008,Registered,Yes,Yes
"3 BHK Flat for Sale in Chi 3, Greater Noida",20664187.09,Unknown,Ready to Move,5 out of 9,Resale,Not specified,Road,Not specified,3,2,Noida, Chi 3,4526,3,2319.929297,2008,Not Registered,Yes,Yes
"4 BHK Flat for Sale in Sector 42, Gurgaon",452644098.2,Unknown,Ready to Move,1 out of 4,Resale,Not specified,Road,Not specified,3,2,Gurgaon, Sector 42,42593,4,5399.948348,2008,Registered,Yes,Yes
" Studio Apartment for Sale in Vikaspuri, New Delhi",22632204.91,Unknown,Ready to Move,4 out of 4,Resale,Not specified,Road,Not specified,3,2,Delhi, Vikaspuri,12778,1,899.9843481,2008,Registered,Yes,Yes
"3 BHK Flat for Sale in Chattarpur Enclave, New Delhi",12988917.6,Unknown,Ready to Move,1 out of 4,New Property,Not specified,Road,Not specified,3,2,Delhi, Chattarpur Enclave,4714,3,1400.084854,2008,Registered,No,No
"3 BHK Flat for Sale in Paryavaran Complex, Sainik Farm, New Delhi",23616213.82,Unknown,Ready to Move,1 out of 3,Resale,Not specified,Road,Not specified,2,2,Delhi, Paryavaran Complex,8276,3,1449.975834,2008,Registered,Yes,No
"2 BHK Flat for Sale in Lajpat Nagar Sector 4, Rajendra Nagar, Ghaziabad",8856080.183,Unknown,Ready to move,2 out of 4,Resale,Not specified,Road,Not specified,2,2,Ghaziabad, Lajpat Nagar Sector 4,4500,2,1000,2008,Registered,Yes,Yes
1 BHK Villa for Sale in Sector XU 1 Greater Noida,18696169.27,Manoj Kumar,Ready to Move,3 out of 4,Resale,North - East,Garden/Park,Leasehold,1,1,Noida, Sector XU 1 Greater Noida,12258,1,775.004079,2008,Registered,Yes,Yes
"2 BHK Flat for Sale in 3C Lotus Boulevard, Sector 100, Noida",24600222.73,Sharma Associates,Ready to Move,3 out of 4,Resale,North,Garden/Park,Freehold,3,1,Noida, 3C Lotus Boulevard,11033,2,1132.964742,2008,Registered,Yes,Yes
"3 BHK Flat for Sale in Naraina Vihar, New Delhi",56088507.82,Sagar,Ready to Move,2 out of 3,Resale,East,Main Road,Leasehold,10,3,Delhi, Naraina Vihar,15833,3,1800.037896,2008,Registered,Yes,Yes
> 10 BHK House for Sale in Delta 3 Block M Greater Noida,63960579.1,Unknown,Ready to Move,8 out of 17,Resale,East,"Garden/Park, Pool, Main Road",Freehold,2,1,Noida, Delta 3 Block M Greater Noida,6500,10,5000,2008,Registered,Yes,Yes
"3 BHK Flat for Sale in Ajnara Homes, Greater Noida West, Noida",15153737.2,Unknown,Ready to Move,7 out of 13,Resale,North - East,Garden/Park,Leasehold,2,2,Noida, Ajnara Homes,5560,3,1384.892086,2008,Registered,Yes,No
"8 BHK Flat for Sale in Krishna Nagar, New Delhi",55104498.91,Unknown,Ready to Move,1 out of 2,Resale,East,"Garden/Park, Pool, Main Road",Freehold,1,3,Delhi, Krishna Nagar,6619,8,4230.246261,2008,Not Registered,Yes,Yes
"3 BHK Flat for Sale in Jaypee Kosmos, Sector 134, Noida Express Way, Noida",15744142.55,Unknown,Ready to Move,3 out of 3,Resale,East,"Pool, Garden/Park, Main Road",Freehold,1,2,Noida, Jaypee Kosmos,5900,3,1355.932203,2008,Not Registered,Yes,No
"2 BHK Flat for Sale in Chandni Chowk, New Delhi",19680178.18,Unknown,Ready to Move,10 out of 14,Resale,North - East,Main Road,Leasehold,3,3,Delhi, Chandni Chowk,10000,2,1000,2008,Registered,Yes,No
"3 BHK Flat for Sale in Sukh Sagar Apartment, Dwarka Sector 9, New Delhi",42312383.09,Unknown,Ready to Move,Ground out of 4,Resale,South,"Garden/Park, Main Road",Freehold,2,4,Delhi, Sukh Sagar Apartment,12647,3,1700.007907,2008,Registered,Yes,Yes
"1 BHK House for Sale in Gamma 1 Block E, Gamma 1 Greater Noida",9249683.746,Unknown,Ready to Move,3 out of 5,Resale,North - East,"Pool, Garden/Park, Main Road",Freehold,1,3,Noida, Gamma 1 Block E,7277,1,645.8705511,2008,Not Registered,Yes,Yes
"2 BHK Flat for Sale in Gamma 1 Block E, Gamma 1, Greater Noida",3266909.578,Unknown,Ready to Move,8 out of 29,Resale,Not specified,Road,Not specified,1,4,Noida, Gamma 1 Block E,2570,2,645.9143969,2008,Registered,Yes,Yes
"1 BHK Flat for Sale in Gamma 1 Block E, Gamma 1, Greater Noida",4723242.764,Unknown,Ready to Move,4 out of 5,Resale,Not specified,Road,Not specified,3,3,Noida, Gamma 1 Block E,3716,1,645.8557589,2008,Registered,Yes,No
"6 BHK House for Sale in Gamma 1 Block E, Gamma 1 Greater Noida",11414503.35,Unknown,Ready to Move,12 out of 28,Resale,Not specified,Road,Not specified,2,2,Noida, Gamma 1 Block E,8980,6,645.8797327,2008,Registered,Yes,Yes
"2 BHK Flat for Sale in Project Gangotri Enclave, Alaknanda, New Delhi",32472294,Unknown,Ready to Move,9 out of 20,Resale,Not specified,Road,Not specified,2,2,Delhi, Project Gangotri Enclave,5018,2,3288.162615,2008,Registered,Yes,No
"2 BHK Flat for Sale in Gaur Cascades, Raj Nagar Extension, Ghaziabad",13382521.16,Unknown,Ready to Move,2 out of 4,Resale,Not specified,Road,Not specified,4,2,Ghaziabad, Gaur Cascades,9545,2,712.4148769,2008,Registered,Yes,No
"3 BHK Flat for Sale in Samridhi Daksh Avenue, Sector 150, Pusta Road, Noida",37195536.77,Unknown,Poss. by Aug '26,2 out of 4,Resale,Not specified,Road,Not specified,2,2,Noida, Samridhi Daksh Avenue,10938,3,1727.921009,2008,Registered,No,Yes
"3 BHK Flat for Sale in Great India Apartment, Dwarka Sector 6, New Delhi",34440311.82,Unknown,Ready to Move,2 out of 4,Resale,Not specified,Road,Not specified,2,2,Delhi, Great India Apartment,16096,3,1087.22664,2008,Registered,Yes,Yes
"4 BHK Flat for Sale in Sobha International City, Sector 109 Block T, Gurgaon",76752694.92,Unknown,Poss. by Aug '28,2 out of 4,New Property,Not specified,Road,Not specified,3,2,Gurgaon, Sobha International City,3419,4,11406.84411,2008,Registered,Yes,Yes
"3 BHK Flat for Sale in DLF City Phase 1, Gurgaon",55104498.91,Unknown,Ready to Move,2 out of 4,Resale,Not specified,Road,Not specified,1,2,Gurgaon, DLF City Phase 1,7305,3,3832.991102,2008,Registered,No,Yes
3 BHK Flat for Sale in Greater Noida,19680178.18,Unknown,Ready to Move,2 out of 4,Resale,Not specified,Road,Not specified,2,2,Noida, Greater Noida,7631,3,2578.977615,2008,Registered,Yes,Yes
"3 BHK Flat for Sale in Purvanchal Silver City 2, Phi 2, Greater Noida",15744142.55,Property Linkers,Ready to Move,8 out of 9,Resale,South,"Garden/Park, Pool, Main Road",Leasehold,2,3,Noida, Purvanchal Silver City 2,6324,3,1265.022138,2008,Registered,Yes,No
2 BHK House for Sale in Phi 3 Noida,12792115.82,Unknown,Ready to Move,Ground out of 4,Resale,East,"Garden/Park, Main Road",Power Of Attorney,2,4,Noida, Phi 3 Noida,5392,2,1205.489614,2008,Not Registered,Yes,Yes
"6 BHK House for Sale in Sector 47, Dadri Road Noida",153505389.8,Unknown,Ready to Move,2 out of 4,New Property,North - West,"Garden/Park, Main Road",Freehold,6,1,Noida, Sector 47,24154,6,3229.278794,2008,Registered,Yes,Yes
"2 BHK Flat for Sale in Malviya Nagar, New Delhi",10233692.66,Unknown,Ready to Move,15 out of 15,Resale,East,Garden/Park,Co-operative Society,2,2,Delhi, Malviya Nagar,6118,2,849.9509644,2008,Registered,Yes,No
"2 BHK Flat for Sale in Amrapali Leisure Park, Greater Noida West, Greater Noida",6297657.019,Unknown,Ready to Move,3 out of 3,New Property,North - East,"Garden/Park, Pool",Freehold,2,2,Noida, Amrapali Leisure Park,3787,2,844.9960391,2008,Not Registered,Yes,No
"2 BHK Flat for Sale in Rail Vihar, Sector 56, Gurgaon",21648196,Unknown,Ready to Move,3 out of 14,Resale,East,Main Road,Co-operative Society,2,1,Gurgaon, Rail Vihar,9167,2,1199.956365,2008,Registered,No,Yes
"3 BHK Flat for Sale in Sector 3 Block C1, Gurgaon",22632204.91,Unknown,Ready to Move,7 out of 24,Resale,Not specified,"Garden/Park, Main Road",Freehold,3,2,Gurgaon, Sector 3 Block C1,6461,3,1779.910231,2008,Not Registered,Yes,No
"3 BHK Flat for Sale in Tech Chand Nagar, Sector 104, Gurgaon",17692480.19,Unknown,Ready to Move,6 out of 8,Resale,Not specified,Garden/Park,Freehold,2,3,Gurgaon, Tech Chand Nagar,6615,3,1359.032502,2008,Not Registered,Yes,Yes
"2 BHK Flat for Sale in Laxman Vihar, Sector 3A, Gurgaon",12792115.82,Unknown,Ready to Move,2 out of 4,Resale,Not specified,Road,Not specified,2,2,Gurgaon, Laxman Vihar,7647,2,850.0065385,2008,Registered,Yes,No
"2 BHK Flat for Sale in Krishna Colony, Sector 7, Gurgaon",8265674.837,Unknown,Ready to Move,11 out of 32,Resale,Not specified,Road,Not specified,2,2,Gurgaon, Krishna Colony,5600,2,750,2008,Registered,Yes,Yes
"2 BHK Flat for Sale in Gaurs Siddhartham, Siddhartha Vihar, NH 24, Ghaziabad",10233692.66,Unknown,Ready to Move,9 out of 10,Resale,Not specified,Road,Not specified,2,2,Ghaziabad, Gaurs Siddhartham,5445,2,955.0045914,2008,Registered,Yes,Yes
"3 BHK Flat for Sale in Highland Tower, Dwarka Sector 12, New Delhi",39360356.37,Unknown,Ready to Move,1 out of 5,Resale,Not specified,Road,Not specified,3,2,Delhi, Highland Tower,11765,3,1699.957501,2008,Registered,Yes,No
"4 BHK Flat for Sale in Rohini Sector 20, New Delhi",30110672.62,Unknown,Ready to Move,1 out of 1,Resale,Not specified,Road,Not specified,4,2,Delhi, Rohini Sector 20,7391,4,2070.085239,2008,Registered,Yes,Yes
"3 BHK House for Sale in Housing Board Colony, Sector 10A, Delhi Gurgaon Expressway Gurgaon",20664187.09,Unknown,Ready to Move,18 out of 26,Resale,Not specified,Road,Not specified,3,2,Gurgaon, Housing Board Colony,9722,3,1080.024686,2008,Registered,Yes,Yes
"2 BHK Flat for Sale in Housing Board Colony, Sector 10A, Delhi Gurgaon Expressway, Gurgaon",13776124.73,Unknown,Ready to Move,17 out of 17,Resale,Not specified,Road,Not specified,1,2,Gurgaon, Housing Board Colony,6364,2,1099.937146,2008,Registered,Yes,Yes
"1 BHK Flat for Sale in Paramount Golfmart, Zeta 1, Greater Noida",3837634.746,Unknown,Ready to Move,17 out of 17,Resale,Not specified,Road,Not specified,1,2,Noida, Paramount Golfmart,5821,1,334.9939873,2008,Not Registered,Yes,Yes
"2 BHK Flat for Sale in GRC Greenwoods, Vasundhara Sector 3, Ghaziabad",10489534.97,Unknown,Ready to Move,3 out of 17,New Property,Not specified,Road,Not specified,2,2,Ghaziabad, GRC Greenwoods,4195,2,1270.560191,2008,Not Registered,Yes,No
"3 BHK Flat for Sale in Sector 75, Noida",14169728.29,Unknown,Ready to Move,7 out of 18,Resale,Not specified,Road,Not specified,2,2,Noida, Sector 75,5434,3,1324.990799,2008,Not Registered,Yes,Yes
"4 BHK Flat for Sale in East Of Kailash, New Delhi",118081069.1,Unknown,Ready to move,2 out of 4,New Property,Not specified,Road,Not specified,5,2,Delhi, East Of Kailash,30000,4,2000,2008,Registered,Yes,No
"2 BHK Flat for Sale in Surya Apartment, Rohini Sector 13, New Delhi",23616213.82,Unknown,Ready to move,2 out of 4,Resale,Not specified,Road,Not specified,2,2,Delhi, Surya Apartment,13333,2,900.0225006,2008,Registered,Yes,No
"3 BHK Flat for Sale in Iec White House, PI 2, Greater Noida",11808106.91,VKK Infra Solutions Pvt. Ltd.,Ready to Move,15 out of 20,Resale,North - East,"Main Road, Garden/Park",Freehold,2,2,Noida, Iec White House,4444,3,1350.135014,2008,Not Registered,No,No
"3 BHK Flat for Sale in New Mahavir Nagar, Tilak Nagar, New Delhi",13776124.73,Square Homes,Ready to Move,1 out of 1,Resale,East,"Garden/Park, Main Road",Freehold,3,3,Delhi, New Mahavir Nagar,7071,3,989.9589874,2008,Registered,No,No
"3 BHK Flat for Sale in Pioneer Park, Sector 61, Gurgaon",41328374.19,Unknown,Ready to Move,10 out of 27,Resale,East,Garden/Park,Leasehold,3,2,Gurgaon, Pioneer Park,11699,3,1795.025216,2008,Registered,Yes,Yes
"2 BHK Flat for Sale in Bajghera, Gurgaon",50184454.37,Unknown,Ready to Move,24 out of 28,Resale,North - East,Main Road,Freehold,4,3,Gurgaon, Bajghera,10447,2,2440.892122,2008,Registered,No,No
"4 BHK Flat for Sale in Bajghera, Gurgaon",118081069.1,Unknown,Ready to Move,24 out of 24,Resale,East,"Garden/Park, Main Road",Leasehold,5,2,Gurgaon, Bajghera,10608,4,5656.108597,2008,Registered,No,No
"2 BHK Flat for Sale in Sukhrali, Sector 17, Delhi Gurgaon Expressway, Gurgaon",4920044.546,Unknown,Ready to Move,1 out of 5,Resale,North,"Garden/Park, Pool",Freehold,2,5,Gurgaon, Sukhrali,3571,2,700.0840101,2008,Registered,Yes,Yes
"3 BHK Flat for Sale in Ramprastha Greens Pearl Court, Ramprastha Greens, Vaishali, Ghaziabad",27158645.89,Unknown,Ready to Move,7 out of 17,Resale,North - East,Garden/Park,Freehold,3,2,Ghaziabad, Ramprastha Greens Pearl Court,9395,3,1468.866418,2008,Registered,Yes,Yes
"2 BHK Flat for Sale in Exotica Fresco, Sector 137, Noida Express Way, Noida",17121755.02,Unknown,Ready to Move,7 out of 18,Resale,North - East,Main Road,Freehold,2,2,Noida, Exotica Fresco,7838,2,1109.977035,2008,Registered,Yes,No
"1 BHK Flat for Sale in Jaypee Greens Kalypso Court, Goberdhanpur, Sector 128, Noida",17712160.37,Unknown,Ready to Move,4 out of 4,Resale,North - East,"Pool, Garden/Park",Leasehold,1,2,Noida, Jaypee Greens Kalypso Court,12857,1,700.0077779,2008,Registered,Yes,Yes
10 BHK House for Sale in Ambedkar Nagar New Delhi,15744142.55,Unknown,Ready to Move,20 out of 25,Resale,Not specified,Garden/Park,Not specified,5,3,Delhi, Ambedkar Nagar New Delhi,3556,10,2249.718785,2008,Registered,No,No
"2 BHK Flat for Sale in Mayur Vihar 1, New Delhi",28536258.37,Unknown,Ready to Move,12 out of 40,Resale,Not specified,Road,Not specified,2,4,Delhi, Mayur Vihar 1,14500,2,1000,2008,Registered,Yes,Yes
"2 BHK Flat for Sale in Panchsheel Pinnacle Green, Sector 16, Greater Noida",9052881.964,Unknown,Poss. by May '27,1 out of 3,Resale,Not specified,Road,Not specified,2,3,Noida, Panchsheel Pinnacle Green,5027,2,915.0586831,2008,Registered,Yes,No
"1 BHK Flat for Sale in Central Park 3, Sohna Sector 33, Gurgaon",29520267.28,Unknown,Ready to Move,5 out of 11,New Property,Not specified,Road,Not specified,1,2,Gurgaon, Central Park 3,17921,1,837.0068635,2008,Not Registered,Yes,Yes
5 BHK House for Sale in LIG Colony Gurgaon,57072516.73,Unknown,Ready to Move,14 out of 22,Resale,Not specified,Road,Not specified,5,2,Gurgaon, LIG Colony Gurgaon,10741,5,2699.934829,2008,Registered,Yes,No
"2 BHK Flat for Sale in Rajiv Colony, Sector 33, Delhi Gurgaon Expressway, Gurgaon",6297657.019,Unknown,Ready to Move,12 out of 24,Resale,Not specified,Road,Not specified,2,2,Gurgaon, Rajiv Colony,3765,2,849.9335989,2008,Registered,Yes,Yes
"2 BHK Flat for Sale in GLS Arawali Homes, Sohna Sector 4, Gurgaon",6888062.364,Unknown,Ready to Move,4 out of 4,New Property,Not specified,Road,Not specified,2,2,Gurgaon, GLS Arawali Homes,7000,2,500,2008,Registered,No,No
"2 BHK Flat for Sale in ATS Advantage, Indirapuram, Ghaziabad",28536258.37,Unknown,Ready to Move,2 out of 5,Resale,Not specified,Road,Not specified,2,2,Ghaziabad, ATS Advantage,10623,2,1364.962817,2008,Registered,Yes,No
"1 BHK Flat for Sale in Bijwasan, New Delhi",2952026.728,Unknown,Ready to Move,4 out of 5,Resale,Not specified,Road,Not specified,2,2,Delhi, Bijwasan,4167,1,359.9712023,2008,Not Registered,Yes,Yes
"3 BHK Flat for Sale in Shiv Colony, Gurgaon",16334547.89,Unknown,Ready to Move,11 out of 25,Resale,Not specified,Road,Not specified,3,2,Gurgaon, Shiv Colony,5929,3,1399.898802,2008,Registered,No,No
7 BHK House for Sale in Huda Colony Sector 4 Gurgaon,61008552.37,Unknown,Ready to Move,16 out of 25,Resale,Not specified,Road,Not specified,7,2,Gurgaon, Huda Colony Sector 4 Gurgaon,11481,7,2700.113231,2008,Not Registered,Yes,Yes
6 BHK House for Sale in Huda Colony Sector 4 Gurgaon,44280400.91,Unknown,Ready to Move,2 out of 4,Resale,Not specified,Road,Not specified,4,2,Gurgaon, Huda Colony Sector 4 Gurgaon,12255,6,1835.985312,2008,Registered,No,Yes
9 BHK House for Sale in Urban Estate Sector 4 Gurgaon,59040534.55,Unknown,Ready to Move,2 out of 4,Resale,Not specified,Road,Not specified,9,2,Gurgaon, Urban Estate Sector 4 Gurgaon,11019,9,2722.570106,2008,Registered,Yes,No
"1 BHK Flat for Sale in Rohini Sector 2, New Delhi",8068873.055,Unknown,Ready to Move,2 out of 4,Resale,Not specified,Road,Not specified,2,2,Delhi, Rohini Sector 2,9111,1,450.0054879,2008,Registered,Yes,Yes
"3 BHK Flat for Sale in ATS Pristine, Sector 150, Pusta Road, Noida",32472294,Unknown,Ready to Move,2 out of 4,Resale,Not specified,Road,Not specified,3,2,Noida, ATS Pristine,9429,3,1749.920458,2008,Registered,Yes,Yes
"2 BHK Flat for Sale in Supertech Eco Village 1, Greater Noida West, Greater Noida",5510449.891,Unknown,Ready to move,2 out of 4,Resale,Not specified,Road,Not specified,2,2,Noida, Supertech Eco Village 1,3146,2,890.0190718,2008,Registered,Yes,Yes
"3 BHK House for Sale in Chander Vihar, Nilothi New Delhi",6494458.801,Unknown,Ready to move,2 out of 4,Resale,Not specified,Road,Not specified,3,2,Delhi, Chander Vihar,26400,3,125,2008,Registered,Yes,Yes
"2 BHK Flat for Sale in Sector 70, Gurgaon",26568240.55,Property Clicks,Ready to Move,4 out of 30,Resale,North,Main Road,Freehold,2,3,Gurgaon, Sector 70,8438,2,1599.905191,2008,Registered,No,No
"3 BHK Flat for Sale in Gaur City 2 12th Avenue, Noida Extension, Noida",12792115.82,Unknown,Ready to Move,17 out of 28,Resale,North,"Garden/Park, Pool, Main Road",Freehold,2,1,Noida, Gaur City 2 12th Avenue,5306,3,1225.02827,2008,Registered,No,Yes
"5 BHK House for Sale in DLF Phase 1 Arjun Marg, DLF City Phase 1 Gurgaon",423123830.9,Unknown,Ready to Move,Lower Basement out of 2,Resale,North - East,"Garden/Park, Pool, Main Road",Freehold,4,3,Gurgaon, DLF Phase 1 Arjun Marg,29861,5,7200.026791,2008,Registered,Yes,Yes
"4 BHK Villa for Sale in Vista Vilas, Sector 46 Gurgaon",127921158.2,Unknown,Ready to Move,3 out of 4,Resale,North - East,"Garden/Park, Main Road",Freehold,4,2,Gurgaon, Vista Vilas,15476,4,4200.051693,2008,Registered,No,No
"5 BHK Villa for Sale in Vista Vilas, Sector 46 Gurgaon",167281514.6,Unknown,Ready to Move,3 out of 4,Resale,East,"Main Road, Garden/Park",Freehold,5,3,Gurgaon, Vista Vilas,10625,5,8000,2008,Registered,Yes,Yes
"4 BHK Flat for Sale in South City 2, Sector 49, Gurgaon",69864632.55,Unknown,Poss. by Oct '23,Ground out of 1,New Property,East,Road,Freehold,4,2,Gurgaon, South City 2,10957,4,3239.937939,2008,Registered,Yes,No
"2 BHK Flat for Sale in Neeti Khand 1, Indirapuram, Ghaziabad",6888062.364,Unknown,Ready to Move,8 out of 14,Resale,Not specified,Road,Not specified,2,2,Ghaziabad, Neeti Khand 1,3889,2,899.9742864,2008,Registered,No,No
2 BHK House for Sale in Gamma 1 Greater Noida,15547340.76,Unknown,Ready to Move,5 out of 12,Resale,Not specified,Road,Not specified,2,2,Noida, Gamma 1 Greater Noida,12232,2,645.8469588,2008,Not Registered,Yes,Yes
4 BHK Flat for Sale in Faridabad,17515358.58,Unknown,Ready to Move,1 out of 4,Resale,Not specified,Road,Not specified,3,2,Faridabad, Faridabad,5394,4,1649.981461,2008,Registered,Yes,Yes
"2 BHK Flat for Sale in Designarch eHomes, Surajpur, Greater Noida",7872071.273,Unknown,Ready to Move,2 out of 14,New Property,Not specified,Road,Not specified,2,2,Noida, Designarch eHomes,3636,2,1100.110011,2008,Registered,No,Yes
"3 BHK Flat for Sale in Signature Solera Apartment, Sector 107, Gurgaon",10824098,Unknown,Ready to Move,Ground out of 1,Resale,Not specified,Road,Not specified,2,2,Gurgaon, Signature Solera Apartment,4783,3,1149.905917,2008,Registered,Yes,No
"4 BHK Flat for Sale in Omaxe Heights, Sector 86, Faridabad",20860988.87,Unknown,Ready to Move,2 out of 4,Resale,Not specified,Road,Not specified,4,2,Faridabad, Omaxe Heights,4409,4,2404.173282,2008,Registered,Yes,Yes
"2 BHK Flat for Sale in Pitampura, New Delhi",24600222.73,Unknown,Ready to Move,3 out of 4,Resale,Not specified,Road,Not specified,2,2,Delhi, Pitampura,13889,2,899.9928001,2008,Registered,Yes,Yes
2 BHK House for Sale in Khajuri Khas New Delhi,16728151.46,Unknown,Ready to Move,1 out of 4,Resale,Not specified,Road,Not specified,1,2,Delhi, Khajuri Khas New Delhi,9444,2,900.0423549,2008,Registered,Yes,Yes
"2 BHK Flat for Sale in Smart World Gems, Sector 89, Gurgaon",16137746.11,Unknown,Ready to Move,2 out of 4,New Property,Not specified,Road,Not specified,2,2,Gurgaon, Smart World Gems,7434,2,1103.040086,2008,Registered,No,Yes
"3 BHK Flat for Sale in Luxurious Builder Floor, Sushant Lok 2, Gurgaon",31488285.09,Unknown,Ready to Move,2 out of 4,New Property,Not specified,Road,Not specified,3,2,Gurgaon, Luxurious Builder Floor,10000,3,1600,2008,Registered,Yes,Yes
"2 BHK Flat for Sale in Ghonda Patti, New Delhi",8856080.183,Unknown,Ready to Move,2 out of 4,Resale,Not specified,Road,Not specified,2,2,Delhi, Ghonda Patti,10000,2,450,2008,Registered,Yes,Yes
"1 BHK Flat for Sale in Paschimpuri, Paschim Vihar, New Delhi",6297657.019,Unknown,Ready to Move,2 out of 4,Resale,Not specified,Road,Not specified,1,2,Delhi, Paschimpuri,7529,1,425.0232435,2008,Registered,Yes,Yes
"2 BHK Flat for Sale in Maurya Enclave, Pitampura, New Delhi",35424320.73,Unknown,Ready to Move,2 out of 4,Resale,Not specified,Road,Not specified,2,2,Delhi, Maurya Enclave,12857,2,1400.015556,2008,Registered,Yes,Yes
"4 BHK Flat for Sale in Yojna Vihar, Anand Vihar, New Delhi",120970453.4,Unknown,Ready to Move,2 out of 4,New Property,Not specified,Road,Not specified,3,2,Delhi, Yojna Vihar,19608,4,2549.9796,2009,Registered,Yes,Yes
"1 BHK House for Sale in Sanjay Colony, Sohna Road Faridabad",3871054.508,M S Realtors,Ready to Move,2 out of 3,Resale,North - East,"Garden/Park, Main Road",Freehold,1,1,Faridabad, Sanjay Colony,4923,1,325.0050782,2009,Registered,Yes,Yes
"1 BHK Flat for Sale in Sector 31, Noida",9677636.269,Unknown,Ready to Move,8 out of 15,Resale,North,Main Road,Freehold,1,1,Noida, Sector 31,8000,1,500,2009,Registered,Yes,Yes
" Studio Apartment for Sale in Kaveri City Centre, Delta 1, Greater Noida",13306749.87,Unknown,Ready to Move,3 out of 4,New Property,North - East,Main Road,Freehold,1,1,Noida, Kaveri City Centre,7266,1,756.9501789,2009,Registered,Yes,Yes
"3 BHK Flat for Sale in Outram Lines, Mukherjee Nagar, New Delhi",50807590.41,Unknown,Ready to Move,Ground out of 4,New Property,North - East,Main Road,Leasehold,3,3,Delhi, Outram Lines,16204,3,1295.976302,2009,Registered,Yes,Yes
"3 BHK Flat for Sale in Sanjay Enclave, Bindapur, New Delhi",13306749.87,Unknown,Ready to Move,Ground out of 1,Resale,North - East,"Garden/Park, Pool, Main Road",Leasehold,2,5,Delhi, Sanjay Enclave,6875,3,800,2009,Registered,Yes,Yes
"3 BHK House for Sale in Project Sushant Lok 1 Block C, Sushant Lok 1 Block C Gurgaon",133067498.7,Unknown,Ready to Move,17 out of 22,Resale,North - West,Pool,Leasehold,2,2,Gurgaon, Project Sushant Lok 1 Block C,28424,3,1934.98452,2009,Registered,Yes,No
"3 BHK Flat for Sale in Saya Zion, Noida Extension, Noida",21774681.61,Unknown,Ready to Move,9 out of 19,Resale,East,Garden/Park,Freehold,2,2,Noida, Saya Zion,6716,3,1340.083383,2009,Registered,Yes,Yes
"4 BHK Flat for Sale in Amrapali Silicon City, Amarpali Silicon City, Noida",38710545.08,Unknown,Ready to Move,Ground out of 1,Resale,East,Main Road,Freehold,5,4,Noida, Amrapali Silicon City,6639,4,2410.001506,2009,Registered,Yes,Yes
2 BHK House for Sale in XU 3 Greater Noida,25403795.21,Unknown,Ready to Move,3 out of 4,Resale,North,Garden/Park,Freehold,1,2,Noida, XU 3 Greater Noida,8129,2,1291.671792,2009,Registered,Yes,Yes
"3 BHK Flat for Sale in Sant Nagar, New Delhi",13548690.78,Unknown,Ready to Move,2 out of 4,New Property,North,Main Road,Freehold,3,4,Delhi, Sant Nagar,5091,3,1099.980357,2009,Registered,Yes,Yes
"2 BHK Flat for Sale in Subhash Nagar, New Delhi",28549026.99,Unknown,Ready to Move,3 out of 14,New Property,North - East,"Pool, Garden/Park, Main Road",Leasehold,2,2,Delhi, Subhash Nagar,11919,2,990.0159409,2009,Registered,Yes,No
"2 BHK Flat for Sale in Sector-4, Greater Noida",8467931.735,Unknown,Ready to Move,1 out of 3,Resale,North - East,Garden/Park,Freehold,2,1,Noida, Sector-4,4192,2,834.9236641,2009,Registered,Yes,Yes
"2 BHK Flat for Sale in Vaishali, New Delhi",11613163.52,Unknown,Ready to Move,1 out of 3,Resale,East,Garden/Park,Freehold,2,6,Delhi, Vaishali,6667,2,719.9640018,2009,Not Registered,Yes,Yes
"3 BHK Flat for Sale in Emaar MGF Emerald Hills, Sector 65, Gurgaon",52017294.95,Unknown,Ready to Move,1 out of 5,Resale,East,"Pool, Garden/Park, Main Road",Freehold,3,3,Gurgaon, Emaar MGF Emerald Hills,15580,3,1379.974326,2009,Registered,Yes,Yes
"1 BHK Flat for Sale in Shalimar garden, Ghaziabad",4838818.134,Unknown,Ready to Move,4 out of 21,Resale,North - East,"Garden/Park, Pool, Main Road",Freehold,1,3,Ghaziabad, Shalimar garden,4167,1,479.9616031,2009,Registered,Yes,No
"3 BHK Flat for Sale in Mahagun Mascot, Sain Vihar, Ghaziabad",16935863.47,Unknown,Ready to Move,Upper Basement out of 4,Resale,East,"Garden/Park, Pool, Main Road",Freehold,3,5,Ghaziabad, Mahagun Mascot,3704,3,1889.848812,2009,Registered,Yes,Yes
"4 BHK Flat for Sale in Krishna Nagar, New Delhi",66533749.35,Unknown,Ready to Move,15 out of 32,Resale,North - East,Garden/Park,Freehold,3,2,Delhi, Krishna Nagar,7526,4,3653.999469,2009,Registered,No,Yes
"3 BHK Flat for Sale in SKA Orion, Sector 143 B, Noida Express Way, Noida",30726495.15,Unknown,Ready to Move,5 out of 18,Resale,South,"Garden/Park, Main Road",Freehold,3,6,Noida, SKA Orion,6604,3,1923.076923,2009,Registered,Yes,Yes
"3 BHK Flat for Sale in Chintels Serenity, Sector 109 Block T, Gurgaon",25403795.21,Unknown,Ready to Move,5 out of 21,New Property,Not specified,Road,Not specified,4,2,Gurgaon, Chintels Serenity,6604,3,1589.945488,2009,Registered,Yes,Yes
"3 BHK Flat for Sale in Chintels Serenity, Sector 109, Gurgaon",25403795.21,Unknown,Ready to Move,5 out of 21,New Property,Not specified,Road,Not specified,4,2,Gurgaon, Chintels Serenity,6604,3,1589.945488,2009,Registered,Yes,Yes
"2 BHK Flat for Sale in Greenarch Retail Shops, Greater Noida West, Greater Noida",18145568,Unknown,Ready to Move,2 out of 4,Resale,Not specified,Road,Not specified,2,2,Noida, Greenarch Retail Shops,77778,2,96.42829592,2009,Registered,Yes,Yes
"3 BHK Flat for Sale in Bhagwati Garden Extension, Nawada, New Delhi",8467931.735,Unknown,Ready to Move,7 out of 12,Resale,Not specified,Road,Not specified,3,2,Delhi, Bhagwati Garden Extension,3239,3,1080.580426,2009,Registered,Yes,Yes
6 BHK Villa for Sale in Safdarjung Enclave New Delhi,338717269.4,Unknown,Ready to Move,1 out of 4,Resale,Not specified,Road,Not specified,6,2,Delhi, Safdarjung Enclave New Delhi,5747,6,24360.53593,2009,Registered,Yes,Yes
"3 BHK Flat for Sale in SG Impression Plus, Raj Nagar Extension, Ghaziabad",13790631.68,Unknown,Ready to move,5 out of 11,Resale,Not specified,Road,Not specified,2,2,Ghaziabad, SG Impression Plus,18438,3,309.1441588,2009,Registered,No,Yes
"5 BHK Flat for Sale in Esencia, Sector 67, Sohna Road, Gurgaon",72582272.02,Unknown,Ready to move,4 out of 19,New Property,Not specified,Road,Not specified,6,2,Gurgaon, Esencia,4391,5,6832.156684,2009,Registered,Yes,Yes
"3 BHK Flat for Sale in Supertech Supernova, Sector 94, Noida Express Way, Noida",142745135,Unknown,Ready to move,5 out of 12,Resale,Not specified,Road,Not specified,4,2,Noida, Supertech Supernova,8836,3,6677.229516,2009,Registered,No,Yes
"4 BHK Flat for Sale in Sector 43 Block D, DLF Golf Course Road, Gurgaon",70162862.95,Unknown,Ready to move,2 out of 4,Resale,Not specified,Road,Not specified,5,2,Gurgaon, Sector 43 Block D,7631,4,9194.451966,2009,Registered,No,Yes
"2 BHK Flat for Sale in Gaur City 2, Noida Extension, Noida",8467931.735,Unknown,Ready to move,2 out of 4,Resale,Not specified,Road,Not specified,2,2,Noida, Gaur City 2,7631,2,1109.675237,2009,Registered,Yes,Yes
3 BHK House for Sale in Beta 1 Greater Noida,21048858.89,Krishna Associates & Builders,Ready to Move,Ground out of 3,New Property,North - East,"Garden/Park, Pool, Main Road",Leasehold,3,3,Noida, Beta 1 Greater Noida,13470,3,645.8797327,2009,Registered,Yes,Yes
"1 BHK Flat for Sale in Sector XU 1, Greater Noida",2540379.521,Unknown,Ready to Move,2 out of 4,Resale,North,Main Road,Leasehold,1,1,Noida, Sector XU 1,3252,1,322.8782288,2009,Registered,Yes,Yes
"3 BHK Flat for Sale in Unitech Vistas, Sector 70, Gurgaon",31452317.87,Unknown,Ready to Move,9 out of 14,Resale,South - East,"Garden/Park, Main Road",Freehold,3,4,Gurgaon, Unitech Vistas,8333,3,1560.062402,2009,Registered,Yes,No
"3 BHK Flat for Sale in Prateek Wisteria, Sector 77, Noida",36291136.01,Unknown,Ready to Move,20 out of 20,New Property,East,Garden/Park,Freehold,2,3,Noida, Prateek Wisteria,10830,3,1385.041551,2009,Registered,No,Yes
"2 BHK House for Sale in Azadpur, Ring Road New Delhi",9193754.456,Unknown,Ready to Move,Ground out of 2,Resale,West,"Garden/Park, Main Road",Freehold,1,2,Delhi, Azadpur,3800,2,1000,2009,Registered,Yes,Yes
"2 BHK Flat for Sale in Sant Nagar Vishnu Garden, Vishnu Garden, New Delhi",14516454.4,Unknown,Ready to Move,3 out of 4,Resale,North - East,Garden/Park,Freehold,2,2,Delhi, Sant Nagar Vishnu Garden,6667,2,899.9550022,2009,Registered,Yes,Yes
"1 BHK Flat for Sale in Sant Nagar Vishnu Garden, Vishnu Garden, New Delhi",5564640.855,Unknown,Ready to Move,2 out of 4,Resale,North - East,"Garden/Park, Main Road",Freehold,1,3,Delhi, Sant Nagar Vishnu Garden,5169,1,444.9603405,2009,Registered,Yes,Yes
"2 BHK Flat for Sale in Bharat City 2, Bhopura, Ghaziabad",8951813.549,Unknown,Ready to Move,6 out of 14,Resale,North - East,"Garden/Park, Pool",Freehold,2,3,Ghaziabad, Bharat City 2,3524,2,1049.943246,2009,Not Registered,No,Yes
4 BHK House for Sale in surajmal vihar Teacher colony Delhi New Delhi,181455680,Unknown,Ready to Move,1 out of 4,Resale,East,"Garden/Park, Pool, Main Road",Freehold,3,4,Delhi, surajmal vihar Teacher colony Delhi New Delhi,9804,4,7649.9388,2009,Registered,No,No
"3 BHK Flat for Sale in Sector 38, Gurgaon",43549363.21,Unknown,Ready to Move,8 out of 20,Resale,North - West,Main Road,Leasehold,4,3,Gurgaon, Sector 38,2589,3,6952.491309,2009,Registered,Yes,Yes
"3 BHK Flat for Sale in Noida Express Way, Noida",11105087.62,Unknown,Ready to Move,2 out of 4,New Property,South -West,"Garden/Park, Main Road",Leasehold,3,3,Noida, Noida Express Way,16364,3,280.4937668,2009,Not Registered,Yes,Yes
"2 BHK Flat for Sale in South Extension 2, South Ex 2, New Delhi",43549363.21,Unknown,Ready to Move,4 out of 18,Resale,North - West,Garden/Park,Leasehold,2,2,Delhi, South Extension 2,8667,2,2076.843198,2009,Registered,Yes,Yes
"3 BHK Flat for Sale in DDA Flats Pocket F, Sarita Vihar, Mathura Road, New Delhi",31452317.87,Unknown,Ready to Move,3 out of 3,Resale,North - East,Garden/Park,Freehold,2,1,Delhi, DDA Flats Pocket F,6024,3,2158.034529,2009,Registered,Yes,Yes
"4 BHK Flat for Sale in Pigeon Spring Meadows, Noida Extension Block A, Noida",30968436.06,Unknown,Ready to Move,1 out of 15,Resale,East,Garden/Park,Freehold,4,1,Noida, Pigeon Spring Meadows,8224,4,1556.420233,2009,Registered,Yes,Yes
"3 BHK Flat for Sale in 3C Lotus Panache, Sector 110, Dadri Road, Noida",30242613.34,Unknown,Ready to Move,1 out of 4,Resale,East,Garden/Park,Freehold,3,1,Noida, 3C Lotus Panache,4006,3,3120.319521,2009,Registered,Yes,No
"3 BHK Flat for Sale in Golf City, Sector 75, Noida",15024530.31,Unknown,Ready to Move,3 out of 3,Resale,East,Main Road,Freehold,3,4,Noida, Golf City,3889,3,1596.81152,2009,Registered,Yes,Yes
"8 BHK House for Sale in Sarai Jullena, New Friends Colony New Delhi",16935863.47,Unknown,Ready to Move,3 out of 5,Resale,East,Garden/Park,Leasehold,4,4,Delhi, Sarai Jullena,5761,8,1215.066829,2009,Registered,Yes,Yes
"4 BHK House for Sale in Sarai Jullena, New Friends Colony New Delhi",16935863.47,Unknown,Ready to Move,2 out of 4,Resale,East,Road,Leasehold,1,3,Delhi, Sarai Jullena,7727,4,905.9143264,2009,Registered,Yes,No
"4 BHK Flat for Sale in Roots Courtyard, Tikri, Sector 48, Sohna Road, Gurgaon",61694931.21,Unknown,Ready to Move,14 out of 27,New Property,North - East,Road,Freehold,4,3,Gurgaon, Roots Courtyard,62500,4,408,2009,Registered,No,Yes
"3 BHK Flat for Sale in Kewal Park, New Delhi",12097045.34,Unknown,Ready to Move,1 out of 4,Resale,South - East,Road,Freehold,1,2,Delhi, Kewal Park,3889,3,1285.677552,2009,Not Registered,Yes,Yes
2 BHK Flat for Sale in Greater Noida,8467931.735,Unknown,Ready to Move,3 out of 4,Resale,Not specified,Road,Freehold,2,4,Noida, Greater Noida,3462,2,1010.976314,2009,Registered,Yes,Yes
"1 BHK Flat for Sale in Green View Apartment, Vasundhara, Ghaziabad",5443670.401,Unknown,Ready to Move,2 out of 4,Resale,Not specified,Road,Not specified,1,1,Ghaziabad, Green View Apartment,7965,1,282.4858757,2009,Registered,Yes,Yes
"5 BHK Villa for Sale in Bestech Park View Ananda, Sector 81 Gurgaon",105486235.3,Unknown,Ready to Move,1 out of 4,Resale,Not specified,Road,Not specified,4,2,Gurgaon, Bestech Park View Ananda,8284,5,5263.157895,2009,Registered,Yes,Yes
"3 BHK Villa for Sale in Amrapali Dream Valley, Noida Extension Noida",33871726.94,Unknown,Poss. by Nov '23,2 out of 4,Resale,Not specified,Road,Not specified,4,2,Noida, Amrapali Dream Valley,8303,3,1686.137541,2009,Registered,No,Yes
"3 BHK Flat for Sale in ATS Homekraft Happy Trails, Noida Extension, Noida",27823204.27,Unknown,Ready to Move,2 out of 4,Resale,Not specified,Road,Not specified,3,2,Noida, ATS Homekraft Happy Trails,9596,3,1198.416007,2009,Registered,Yes,Yes
"3 BHK Flat for Sale in Ashok Nagar, New Delhi",22984386.14,Unknown,Poss. by Sep '23,2 out of 4,Resale,Not specified,Road,Not specified,2,2,Delhi, Ashok Nagar,14706,3,645.994832,2009,Registered,Yes,Yes
"4 BHK Flat for Sale in Janakpuri, New Delhi",60485226.68,Unknown,Ready to move,2 out of 4,Resale,Not specified,Road,Not specified,4,2,Delhi, Janakpuri,17273,4,1447.345568,2009,Registered,Yes,Yes
"3 BHK Flat for Sale in Rohini Sector 11, New Delhi",45968772.28,Unknown,Ready to move,2 out of 4,New Property,Not specified,Road,Not specified,3,2,Delhi, Rohini Sector 11,7631,3,6023.951288,2009,Registered,Yes,Yes
"3 BHK Flat for Sale in Sector-PI, Greater Noida",14032572.59,Stoneshed Realtors,Ready to Move,4 out of 4,Resale,North - West,"Garden/Park, Main Road",Leasehold,2,2,Noida, Sector-PI,4218,3,1375.05927,2009,Not Registered,Yes,Yes
"2 BHK Flat for Sale in Sanjay Enclave, Bindapur, New Delhi",7984049.922,Aggarwal Real Estate,Ready to Move,1 out of 4,Resale,North - East,Main Road,Freehold,2,1,Delhi, Sanjay Enclave,4889,2,674.9846594,2009,Registered,No,Yes
"2 BHK Flat for Sale in Greater Kailash 1, New Delhi",60485226.68,Unknown,Ready to Move,1 out of 1,Resale,South -West,Garden/Park,Leasehold,2,1,Delhi, Greater Kailash 1,25000,2,1000,2009,Registered,No,Yes
"3 BHK Flat for Sale in Sector 15, Mathura Road, Faridabad",48388181.34,Unknown,Ready to Move,1 out of 2,Resale,North - East,"Garden/Park, Pool, Main Road",Freehold,4,2,Faridabad, Sector 15,6349,3,3150.102378,2009,Registered,Yes,Yes
"2 BHK House for Sale in Sector 15, Noida sector 15 Metro Noida",10282488.54,Unknown,Ready to Move,1 out of 4,Resale,North,"Garden/Park, Main Road",Freehold,2,2,Noida, Sector 15,4250,2,1000,2009,Not Registered,Yes,Yes
"5 BHK Flat for Sale in Niti Khand-Indirapuram, Indirapuram, Ghaziabad",72340331.11,Unknown,Ready to Move,1 out of 4,New Property,North,Main Road,Freehold,5,2,Ghaziabad, Niti Khand-Indirapuram,7936,5,3767.641129,2009,Registered,Yes,Yes
"1 BHK Flat for Sale in Mahavir Enclave, New Delhi",5322699.948,Unknown,Ready to Move,3 out of 4,Resale,North,"Garden/Park, Main Road",Freehold,1,1,Delhi, Mahavir Enclave,4444,1,495.049505,2009,Registered,No,Yes
"2 BHK Flat for Sale in Vishnu Garden, New Delhi",8709872.642,Unknown,Ready to Move,3 out of 24,Resale,East,"Garden/Park, Main Road",Freehold,2,1,Delhi, Vishnu Garden,5714,2,630.0315016,2009,Registered,Yes,Yes
"2 BHK Flat for Sale in Today Ridge Residency, Sector 135, Noida Express Way, Noida",13306749.87,Unknown,Ready to Move,2 out of 2,Resale,South - East,"Garden/Park, Pool, Main Road",Freehold,2,2,Noida, Today Ridge Residency,4490,2,1224.944321,2009,Registered,No,Yes
"3 BHK Flat for Sale in South Extension 1, New Delhi",30000672.43,Unknown,Ready to Move,Ground,Resale,East,Garden/Park,Freehold,2,1,Delhi, South Extension 1,9185,3,1350.027218,2009,Registered,Yes,Yes
"5 BHK Flat for Sale in Sector 108, Noida Express Way, Noida",79840499.22,Unknown,Ready to Move,Ground out of 1,Resale,East,Road,Power Of Attorney,4,1,Noida, Sector 108,7261,5,4544.828536,2009,Not Registered,Yes,No
"5 BHK House for Sale in Sector 26 Block C, Noida sector 18 Metro Noida",81292144.66,Unknown,Ready to Move,9 out of 12,Resale,East,Road,Freehold,3,1,Noida, Sector 26 Block C,24972,5,1345.506968,2009,Registered,No,No
"3 BHK Flat for Sale in RWA E Block, Greater Kailash 2, New Delhi",163310112,Unknown,Ready to Move,1 out of 2,New Property,South -West,Road,Freehold,4,2,Delhi, RWA E Block,30000,3,2250,2009,Not Registered,Yes,Yes
1 BHK House for Sale in Sector 23 Sanjay Nagar Ghaziabad,6774345.388,Unknown,Ready to Move,1 out of 1,Resale,East,Road,Freehold,1,1,Ghaziabad, Sector 23 Sanjay Nagar Ghaziabad,8000,1,350,2009,Not Registered,Yes,Yes
2 BHK House for Sale in Data ram park Najafgarh New Delhi,18145568,Unknown,Ready to Move,1 out of 4,Resale,Not specified,Road,Freehold,2,4,Delhi, Data ram park Najafgarh New Delhi,10345,2,724.9879169,2009,Registered,Yes,Yes
"2 BHK Flat for Sale in Vaishali, Ghaziabad",8467931.735,Unknown,Poss. by Nov '23,1 out of 2,Resale,Not specified,Road,Not specified,2,2,Ghaziabad, Vaishali,9333,2,375.0133933,2009,Registered,Yes,Yes
"4 BHK Flat for Sale in Emerald Heights, Sector 88, Faridabad",25645736.11,Unknown,Ready to Move,1 out of 1,Resale,Not specified,Road,Not specified,3,2,Faridabad, Emerald Heights,4885,4,2169.907881,2009,Registered,Yes,Yes
"3 BHK Flat for Sale in Punjabi Bagh West, New Delhi",48388181.34,Unknown,Ready to Move,2 out of 3,Resale,Not specified,Road,Not specified,3,2,Delhi, Punjabi Bagh West,13889,3,1439.98848,2009,Registered,Yes,Yes
"3 BHK Flat for Sale in Dilshad Garden, New Delhi",26613499.74,Unknown,Ready to Move,2 out of 3,Resale,Not specified,Road,Not specified,2,2,Delhi, Dilshad Garden,9167,3,1199.956365,2009,Registered,Yes,Yes
"1 BHK Flat for Sale in Indraprastha Extension, Patparganj, New Delhi",7742109.015,Unknown,Ready to Move,1 out of 4,Resale,Not specified,Road,Not specified,1,2,Delhi, Indraprastha Extension,5333,1,600.0375023,2009,Registered,No,Yes
"3 BHK Flat for Sale in R V Homes, Gyan Khand 2, Indirapuram, Ghaziabad",27097381.55,Unknown,Ready to Move,Ground out of 3,New Property,Not specified,Road,Not specified,3,2,Ghaziabad, R V Homes,7111,3,1575.02461,2009,Registered,No,Yes
"2 BHK Flat for Sale in Gaur Atulyam, Omicron 1, Greater Noida",11129281.71,Unknown,Ready to Move,3 out of 4,Resale,Not specified,Road,Not specified,2,2,Noida, Gaur Atulyam,4817,2,954.9512144,2009,Registered,No,Yes
"3 BHK Flat for Sale in Balaji Enclave, Govindpuram, Ghaziabad",6048522.668,Unknown,Poss. by Aug '24,2 out of 4,Resale,Not specified,Road,Not specified,2,2,Ghaziabad, Balaji Enclave,2427,3,1030.078286,2009,Registered,Yes,Yes
"2 BHK Flat for Sale in BPTP Princess Park, Sector 86, Faridabad",10669593.99,Mahima Associates,Ready to Move,10 out of 20,Resale,East,Garden/Park,Freehold,2,3,Faridabad, BPTP Princess Park,3665,2,1203.274216,2009,Registered,Yes,Yes
"2 BHK Flat for Sale in Chiranjiv Vihar, Ghaziabad",7258227.202,RAVS Infratech Pvt. Ltd.,Ready to Move,3 out of 3,Resale,North - East,Main Road,Freehold,2,1,Ghaziabad, Chiranjiv Vihar,4286,2,699.9533364,2009,Registered,Yes,Yes
"2 BHK Flat for Sale in DLF Ankur Vihar, Loni, Ghaziabad",5443670.401,Dwarkadhish Group,Ready to Move,1 out of 3,Resale,North - West,Main Road,Power Of Attorney,2,2,Ghaziabad, DLF Ankur Vihar,3125,2,720,2009,Registered,Yes,Yes
"2 BHK Flat for Sale in New Ashok Nagar, New Delhi",5927552.215,Paramount ,Poss. by Feb '24,2 out of 5,New Property,North - East,"Garden/Park, Main Road",Freehold,1,1,Delhi, New Ashok Nagar,4900,2,500,2009,Registered,No,Yes
"3 BHK Flat for Sale in Greenfields Colony Block A, Sector 42, Mathura Road, Faridabad",22500504.33,Unknown,Ready to Move,3 out of 4,New Property,North - East,"Garden/Park, Pool, Main Road",Leasehold,3,2,Faridabad, Greenfields Colony Block A,5812,3,1600.137646,2009,Registered,Yes,No
"4 BHK Flat for Sale in Mahagun Mantra 2, Sector 10, Greater Noida",42339658.68,Unknown,Ready to Move,8 out of 19,Resale,East,"Garden/Park, Main Road",Freehold,5,3,Noida, Mahagun Mantra 2,5932,4,2950.101146,2009,Not Registered,Yes,Yes
"2 BHK Flat for Sale in Great Value Sharanam, Sector 107, Dadri Road, Noida",31210376.97,Unknown,Ready to Move,11 out of 21,Resale,East,Main Road,Freehold,2,2,Noida, Great Value Sharanam,9961,2,1295.050698,2009,Registered,No,Yes
"2 BHK Flat for Sale in Shastri Nagar, New Delhi",27823204.27,Unknown,Ready to Move,Ground out of 4,Resale,East,Garden/Park,Freehold,2,2,Delhi, Shastri Nagar,11616,2,990.0137741,2009,Registered,Yes,Yes
"3 BHK Flat for Sale in Fancy Apartments, Vasundhara Enclave, New Delhi",29032908.81,Unknown,Ready to Move,4 out of 7,Resale,East,"Garden/Park, Pool, Main Road",Freehold,3,2,Delhi, Fancy Apartments,7273,3,1649.938127,2009,Registered,Yes,Yes
"2 BHK Flat for Sale in Hari Nagar, New Delhi",15024530.31,Unknown,Ready to Move,1 out of 3,Resale,North - East,"Garden/Park, Pool",Freehold,1,1,Delhi, Hari Nagar,11695,2,530.9961522,2009,Registered,Yes,No
"3 BHK Flat for Sale in DDA LIG Apartment Dilshad Garden, Dilshad Garden, New Delhi",29516790.62,Unknown,Ready to Move,2 out of 3,Resale,West,"Garden/Park, Main Road",Freehold,2,3,Delhi, DDA LIG Apartment Dilshad Garden,10535,3,1158.044613,2009,Registered,Yes,Yes
"3 BHK Flat for Sale in M2K Oyster Grande, Sector 102, Gurgaon",48146240.44,Unknown,Ready to Move,17 out of 21,Resale,East,Main Road,Freehold,3,2,Gurgaon, M2K Oyster Grande,9615,3,2069.682787,2009,Registered,Yes,Yes
"4 BHK Flat for Sale in Vaishali Sector 3, Ghaziabad",120970453.4,Unknown,Ready to Move,13 out of 13,Resale,East,Garden/Park,Power Of Attorney,4,2,Ghaziabad, Vaishali Sector 3,6600,4,7575.757576,2009,Registered,Yes,Yes
"4 BHK Flat for Sale in Esencia, Sector 67, Sohna Road, Gurgaon",39920249.61,Unknown,Ready to Move,10 out of 15,New Property,East,Garden/Park,Freehold,5,1,Gurgaon, Esencia,8596,4,1919.497441,2009,Not Registered,Yes,Yes
"2 BHK Flat for Sale in Pyramid Urban67A, Sector 67A, Gurgaon",14516454.4,Unknown,Ready to Move,4 out of 9,Resale,East,"Pool, Garden/Park, Main Road",Leasehold,2,3,Gurgaon, Pyramid Urban67A,11964,2,501.5045135,2009,Registered,No,No
"4 BHK Flat for Sale in Kunj Vihar Apartment, Dwarka Sector 12, New Delhi",81050203.75,Unknown,Ready to Move,14 out of 14,Resale,North,"Garden/Park, Pool, Main Road",Freehold,4,4,Delhi, Kunj Vihar Apartment,6345,4,5279.747833,2009,Registered,No,No
"4 BHK Flat for Sale in DLF New Town Heights 1, Sector 90, Gurgaon",36291136.01,Unknown,Ready to Move,2 out of 3,Resale,East,"Garden/Park, Pool",Freehold,4,2,Gurgaon, DLF New Town Heights 1,10101,4,1485.001485,2009,Registered,Yes,Yes
"4 BHK Flat for Sale in Greater Kailash 2, New Delhi",134738393.7,Unknown,Ready to Move,17 out of 25,Resale,Not specified,Road,Not specified,4,4,Delhi, Greater Kailash 2,5000,4,14000,2010,Registered,Yes,Yes
"3 BHK Flat for Sale in Bironda, Sector-PI, Greater Noida",17708474.6,Unknown,Ready to Move,2 out of 4,Resale,Not specified,Road,Not specified,3,2,Noida, Bironda,18580,3,495.1560818,2010,Registered,No,No
"2 BHK Flat for Sale in M3M Antalya Hills Phase I, Sector 79, Gurgaon",20788209.31,Unknown,Poss. by Jul '26,24 out of 24,New Property,Not specified,Road,Not specified,2,4,Gurgaon, M3M Antalya Hills Phase I,10000,2,1080,2010,Registered,No,Yes
5 BHK House for Sale in Sector 20 Noida,96241709.77,Unknown,Ready to Move,14 out of 25,Resale,Not specified,Road,Not specified,6,2,Noida, Sector 20 Noida,5970,5,8375.20938,2010,Registered,Yes,No
6 BHK Villa for Sale in Sector 20 Noida,78918202.01,Unknown,Ready to Move,Ground out of 4,Resale,Not specified,Road,Not specified,2,2,Noida, Sector 20 Noida,6171,6,6643.979906,2010,Registered,Yes,No
4 BHK House for Sale in Rohini Sector 4 New Delhi,13858806.21,Unknown,Ready to Move,2 out of 4,Resale,Not specified,Road,Not specified,4,2,Delhi, Rohini Sector 4 New Delhi,7742,4,929.9922501,2010,Registered,Yes,Yes
"3 BHK Flat for Sale in Lotus Boulevard, Sector 100 Block A, Noida",20788209.31,Unknown,Poss. by Sep '23,2 out of 4,Resale,Not specified,Road,Not specified,2,2,Noida, Lotus Boulevard,4990,3,2164.328657,2010,Registered,Yes,Yes
"3 BHK Flat for Sale in Metro Suites Glitz, Vasundhara Sector 2C, Ghaziabad",20788209.31,Unknown,Ready to Move,2 out of 4,New Property,Not specified,Road,Not specified,2,2,Ghaziabad, Metro Suites Glitz,7631,3,2724.178916,2010,Registered,Yes,Yes
"2 BHK Flat for Sale in Venetia Heights, UPSIDC Site C Block H, Greater Noida",7699336.781,Unknown,Ready to Move,9 out of 14,Resale,South,Main Road,Power Of Attorney,2,2,Noida, Venetia Heights,4706,2,849.9787505,2010,Registered,Yes,Yes
"3 BHK Flat for Sale in Satya Niketan, Moti Bagh, New Delhi",28872512.93,Unknown,Ready to Move,3 out of 4,Resale,North,"Pool, Garden/Park, Main Road",Freehold,1,1,Delhi, Satya Niketan,15000,3,1000,2010,Registered,Yes,Yes
2 BHK House for Sale in Sector 7 Gurgaon,43308769.39,Unknown,Ready to Move,6 out of 8,Resale,South - East,"Garden/Park, Main Road",Freehold,2,2,Gurgaon, Sector 7 Gurgaon,16071,2,1400.037334,2010,Not Registered,No,Yes
"3 BHK Flat for Sale in Park Royal Apartment, Sector 56, Gurgaon",33684598.42,Unknown,Ready to Move,9 out of 19,Resale,East,Garden/Park,Freehold,4,4,Gurgaon, Park Royal Apartment,8140,3,2149.87715,2010,Registered,Yes,Yes
"2 BHK Flat for Sale in Godrej Meridien, Sector 106, Gurgaon",33107148.16,Unknown,Poss. by Sep '23,4 out of 21,Resale,North - East,"Garden/Park, Pool, Main Road",Leasehold,2,4,Gurgaon, Godrej Meridien,13108,2,1312.175771,2010,Registered,Yes,Yes
"3 BHK Flat for Sale in White Orchid, Noida Extension Block A, Noida",13666322.79,Unknown,Ready to Move,10 out of 16,Resale,North - East,Garden/Park,Leasehold,2,4,Noida, White Orchid,5491,3,1293.02495,2010,Registered,Yes,Yes
"3 BHK Flat for Sale in Spaze Privy 72, Sector 72, Gurgaon",36571849.71,Unknown,Ready to Move,1 out of 3,Resale,West,Main Road,Freehold,3,3,Gurgaon, Spaze Privy 72,9620,3,1975.051975,2010,Registered,Yes,No
10 BHK Villa for Sale in Sector 70 Noida,163610906.6,Unknown,Ready to Move,1 out of 1,Resale,North - East,"Pool, Garden/Park, Main Road",Freehold,10,10,Noida, Sector 70 Noida,25721,10,3304.692664,2010,Registered,Yes,Yes
"> 10 BHK Villa for Sale in Safdarjung Development Area, Hauz Khas New Delhi",317597642.2,Unknown,Ready to Move,1 out of 3,Resale,North - East,"Garden/Park, Pool, Main Road",Leasehold,2,1,Delhi, Safdarjung Development Area,22000,10,7500,2010,Registered,No,Yes
"2 BHK Flat for Sale in Vikaspuri, New Delhi",8661753.879,Unknown,Ready to Move,4 out of 4,New Property,East,"Pool, Garden/Park, Main Road",Freehold,1,2,Delhi, Vikaspuri,7489,2,600.8812926,2010,Registered,No,Yes
"3 BHK Flat for Sale in Eutopia, Siddhartha Vihar, NH 24, Ghaziabad",31567280.8,Unknown,Poss. by Aug '26,7 out of 24,New Property,East,"Garden/Park, Main Road",Freehold,3,4,Ghaziabad, Eutopia,6250,3,2624,2010,Registered,Yes,No
2 BHK House for Sale in Raj Nagar Extension Ghaziabad,8661753.879,Unknown,Ready to Move,Ground out of 3,Resale,North - West,Garden/Park,Freehold,2,4,Ghaziabad, Raj Nagar Extension Ghaziabad,7750,2,580.6451613,2010,Not Registered,No,No
"2 BHK Flat for Sale in Yamuna Vihar, New Delhi",11933972.01,Unknown,Ready to Move,3 out of 4,New Property,East,"Pool, Garden/Park, Main Road",Freehold,2,2,Delhi, Yamuna Vihar,13500,2,459.2592593,2010,Registered,Yes,Yes
"4 BHK Flat for Sale in Mapsko Mount Ville, Sector 79, Gurgaon",50045689.08,Unknown,Ready to Move,15 out of 30,Resale,South,Garden/Park,Freehold,4,3,Gurgaon, Mapsko Mount Ville,7407,4,3510.193061,2010,Registered,No,No
4 BHK House for Sale in Sagarpur New Delhi,28872512.93,Unknown,Ready to Move,1 out of 3,Resale,South - East,Garden/Park,Leasehold,4,2,Delhi, Sagarpur New Delhi,6000,4,2500,2010,Registered,Yes,Yes
"4 BHK Flat for Sale in Aakash Kunj Apartment, Sahibabad, Ghaziabad",23098010.34,Unknown,Ready to Move,4 out of 16,Resale,East,Garden/Park,Freehold,4,1,Ghaziabad, Aakash Kunj Apartment,16667,4,719.9856003,2010,Registered,Yes,Yes
"2 BHK Flat for Sale in Lajpat Nagar 2, New Delhi",28872512.93,Unknown,Ready to Move,1 out of 25,Resale,North - East,Pool,Freehold,2,2,Delhi, Lajpat Nagar 2,12000,2,1250,2010,Registered,Yes,No
"2 BHK Flat for Sale in Neethi Apartments, Indraprastha Extension, Patparganj, New Delhi",23098010.34,Unknown,Ready to Move,2 out of 15,Resale,North,"Garden/Park, Main Road",Freehold,2,2,Delhi, Neethi Apartments,14306,2,838.8088914,2010,Registered,Yes,Yes
"3 BHK Flat for Sale in Hauz Khas, New Delhi",53895357.47,Unknown,Ready to Move,Ground out of 4,Resale,Not specified,Road,Not specified,4,6,Delhi, Hauz Khas,4173,3,6709.801102,2010,Registered,Yes,No
"2 BHK Flat for Sale in DLF Express Greens, Manesar, Gurgaon",11164038.33,Unknown,Ready to Move,4 out of 4,Resale,Not specified,Road,Not specified,2,3,Gurgaon, DLF Express Greens,5405,2,1073.080481,2010,Not Registered,Yes,No
"3 BHK Flat for Sale in Gyan Khand 3, Ghaziabad",14436256.46,Unknown,Ready to Move,2 out of 4,Resale,Not specified,Road,Not specified,2,2,Ghaziabad, Gyan Khand 3,6471,3,1159.017153,2010,Registered,Yes,Yes
"2 BHK Flat for Sale in Panchachuli Apartments, Sector 61, Ashok Marg, Noida",10586588.07,Unknown,Ready to Move,2 out of 4,Resale,Not specified,Road,Not specified,1,2,Noida, Panchachuli Apartments,8333,2,660.0264011,2010,Registered,No,Yes
"5 BHK Villa for Sale in Nirvana Country, Sector 50 Gurgaon",192483419.5,Unknown,Ready to Move,2 out of 4,Resale,Not specified,Road,Not specified,6,2,Gurgaon, Nirvana Country,3939,5,25387.1541,2010,Registered,Yes,Yes
"3 BHK Flat for Sale in Sector 65, Faridabad",12511422.27,Unknown,Ready to Move,2 out of 4,Resale,Not specified,Road,Not specified,3,2,Faridabad, Sector 65,7631,3,1639.552125,2010,Not Registered,Yes,No
"4 BHK Flat for Sale in Dwarka, New Delhi",44271186.49,Munirka Properties Pvt Ltd,Ready to Move,2 out of 7,New Property,South - East,"Main Road, Garden/Park, Pool",Freehold,3,4,Delhi, Dwarka,11795,4,1949.978805,2010,Registered,Yes,Yes
3 BHK House for Sale in Fatehpur Beri New Delhi,19248341.95,Anupam Estate Agency,Ready to Move,Ground out of 1,Resale,South - East,Main Road,Leasehold,2,1,Delhi, Fatehpur Beri New Delhi,11111,3,900.0090001,2010,Registered,Yes,Yes
"2 BHK Flat for Sale in Nehru Ground, New Industrial Township, Mathura Road, Faridabad",8084303.62,A J Estates,Ready to Move,2 out of 3,Resale,North - East,"Garden/Park, Main Road",Freehold,2,5,Faridabad, Nehru Ground,4667,2,899.9357189,2010,Registered,Yes,Yes
"3 BHK Villa for Sale in Gaur 2nd Parkview, Yamuna Expressway Greater Noida",16361090.66,Unknown,Ready to Move,1 out of 4,Resale,East,Main Road,Freehold,4,1,Noida, Gaur 2nd Parkview,5139,3,1654.018291,2010,Not Registered,No,Yes
"2 BHK Flat for Sale in DDA Flats Munirka, Munirka, New Delhi",31952247.64,Unknown,Ready to Move,20 out of 31,Resale,East,"Garden/Park, Main Road",Freehold,2,2,Delhi, DDA Flats Munirka,12769,2,1300.023494,2010,Registered,No,Yes
"3 BHK Flat for Sale in Migsun Kiaan, Vasundhara Sector 14, Ghaziabad",14436256.46,Unknown,Ready to Move,1 out of 4,Resale,North - East,"Pool, Garden/Park, Main Road",Leasehold,2,4,Ghaziabad, Migsun Kiaan,6250,3,1200,2010,Registered,No,Yes
"3 BHK Flat for Sale in Sector 81, Faridabad",27910095.83,Unknown,Ready to Move,4 out of 8,Resale,East,"Garden/Park, Main Road",Freehold,3,4,Faridabad, Sector 81,5859,3,2474.825055,2010,Registered,No,Yes
"2 BHK Flat for Sale in Parsvnath Regalia, Grand Trunk Road, Ghaziabad",10586588.07,Unknown,Ready to Move,9 out of 27,Resale,North - East,Main Road,Leasehold,2,1,Ghaziabad, Parsvnath Regalia,4889,2,1124.974432,2010,Registered,Yes,Yes
"3 BHK Flat for Sale in ATS Nobility, Noida Extension, Noida",24252910.86,Unknown,Ready to Move,2 out of 4,Resale,North,"Garden/Park, Main Road",Freehold,3,1,Noida, ATS Nobility,7522,3,1675.086413,2010,Not Registered,Yes,Yes
3 BHK House for Sale in Mahavir Enclave Part 1 New Delhi,17323507.76,Unknown,Ready to Move,1 out of 3,Resale,South -West,Garden/Park,Freehold,3,1,Delhi, Mahavir Enclave Part 1 New Delhi,5000,3,1800,2010,Registered,No,Yes
"3 BHK Flat for Sale in Vaishali Sector 4, Ghaziabad",11144789.99,Unknown,Ready to Move,20 out of 20,New Property,East,Garden/Park,Freehold,2,4,Ghaziabad, Vaishali Sector 4,4257,3,1360.112755,2010,Registered,Yes,Yes
"1 BHK Flat for Sale in Sahibabad, Ghaziabad",4619602.069,Unknown,Ready to Move,1 out of 15,Resale,North,"Garden/Park, Main Road",Leasehold,1,2,Ghaziabad, Sahibabad,4800,1,500,2010,Registered,Yes,Yes
"4 BHK Flat for Sale in Amrapali Silicon City, Sector 76, Noida",43308769.39,Unknown,Ready to Move,Ground out of 2,Resale,North,"Garden/Park, Main Road",Freehold,4,2,Noida, Amrapali Silicon City,5114,4,4399.687133,2010,Registered,Yes,Yes
"1 BHK Flat for Sale in NH 24, Ghaziabad",3464701.552,Unknown,Ready to Move,Ground out of 2,Resale,Not specified,Garden/Park,Freehold,1,1,Ghaziabad, NH 24,3448,1,522.0417633,2010,Registered,No,Yes
2 BHK House for Sale in Sainik Enclave New Delhi,6929403.103,Unknown,Ready to Move,1 out of 2,Resale,Not specified,Road,Freehold,2,3,Delhi, Sainik Enclave New Delhi,8000,2,450,2010,Registered,No,Yes
"3 BHK Flat for Sale in Sainik Vihar, New Delhi",30797347.13,Unknown,Ready to Move,Ground out of 1,Resale,Not specified,Road,Freehold,2,3,Delhi, Sainik Vihar,14222,3,1125.017578,2010,Registered,Yes,Yes
5 BHK House for Sale in Surajmal Vihar New Delhi,230980103.4,Unknown,Ready to Move,Ground out of 3,Resale,Not specified,Road,Not specified,3,2,Delhi, Surajmal Vihar New Delhi,68729,5,1745.987865,2010,Registered,Yes,Yes
"4 BHK House for Sale in Ram Dutt Enclave, Uttam Nagar New Delhi",50045689.08,Unknown,Ready to Move,8 out of 19,Resale,Not specified,Road,Not specified,2,2,Delhi, Ram Dutt Enclave,216667,4,119.9998154,2010,Registered,No,No
"2 BHK Flat for Sale in Indraprastha Flat, Loni, Ghaziabad",4812085.488,Unknown,Ready to Move,2 out of 3,Resale,Not specified,Road,Not specified,2,2,Ghaziabad, Indraprastha Flat,2551,2,980.0078401,2010,Registered,Yes,Yes
"6 BHK House for Sale in Sector 41 Block J, Dadri Road Noida",86617538.79,Unknown,Ready to Move,3 out of 4,Resale,Not specified,Road,Not specified,6,2,Noida, Sector 41 Block J,9000,6,5000,2010,Registered,No,No
"3 BHK Flat for Sale in Unitech Harmony, Sector 50, Gurgaon",51970523.27,Unknown,Ready to Move,18 out of 19,Resale,Not specified,Road,Not specified,4,2,Gurgaon, Unitech Harmony,10000,3,2700,2010,Registered,No,No
"2 BHK Flat for Sale in Migsun Twiinz, Eta 2, Eta, Greater Noida",6409697.87,Unknown,Ready to Move,2 out of 4,New Property,Not specified,Road,Not specified,2,2,Noida, Migsun Twiinz,3145,2,1058.823529,2010,Registered,Yes,Yes
"3 BHK Flat for Sale in DDA DTC Colony, Rana Pratap Bagh, Ashok Vihar North, New Delhi",19248341.95,Unknown,Ready to Move,2 out of 4,Resale,Not specified,Road,Not specified,2,2,Delhi, DDA DTC Colony,8969,3,1114.9515,2010,Registered,Yes,No
"2 BHK Flat for Sale in Vatika Gurgaon 21, Sector 83, Gurgaon",17323507.76,Unknown,Ready to move,2 out of 4,Resale,Not specified,Road,Not specified,2,2,Gurgaon, Vatika Gurgaon 21,6316,2,1424.952502,2010,Registered,Yes,Yes
"3 BHK Flat for Sale in Advitya Homes, Sector 143, Faridabad",5351039.063,City Realtors,Ready to Move,Lower Basement out of 14,Resale,South - East,Main Road,Freehold,2,3,Faridabad, Advitya Homes,4494,3,618.6025812,2010,Registered,No,No
"2 BHK Flat for Sale in Supertech Eco Village, Greater Noida West, Noida",7699336.781,Media Estate ,Ready to Move,17 out of 20,Resale,East,"Garden/Park, Main Road",Leasehold,2,1,Noida, Supertech Eco Village,20000,2,200,2010,Registered,Yes,Yes
" Studio Apartment for Sale in Supertech Supernova, Sector 94, Noida Express Way, Noida",23098010.34,Unknown,Ready to Move,Ground out of 2,Resale,North - East,"Garden/Park, Main Road",Freehold,1,1,Noida, Supertech Supernova,11370,1,1055.408971,2010,Registered,Yes,Yes
2 BHK House for Sale in Hauz Khas New Delhi,17323507.76,Unknown,Ready to Move,2 out of 27,Resale,North,"Garden/Park, Pool",Freehold,1,4,Delhi, Hauz Khas New Delhi,9444,2,952.9860229,2010,Registered,Yes,Yes
"3 BHK Flat for Sale in ATS One Hamlet, Sector 104, Noida Express Way, Noida",38496683.91,Unknown,Ready to Move,Ground out of 4,Resale,East,"Garden/Park, Main Road",Freehold,3,1,Noida, ATS One Hamlet,4429,3,4515.69203,2010,Registered,Yes,Yes
3 BHK House for Sale in Laxmi Nagar New Delhi,16361090.66,Unknown,Ready to Move,4 out of 4,Resale,North - West,"Garden/Park, Main Road",Freehold,3,1,Delhi, Laxmi Nagar New Delhi,13000,3,653.8461538,2010,Not Registered,Yes,Yes
"2 BHK Flat for Sale in Om Vihar, Nawada, New Delhi",5370287.405,Unknown,Ready to Move,Ground out of 3,New Property,East,"Garden/Park, Main Road",Freehold,2,3,Delhi, Om Vihar,9545,2,292.2996333,2010,Registered,No,No
"3 BHK Flat for Sale in Arun Vihar, Sector 28, Noida Sector 18 Metro, Noida",50045689.08,Unknown,Ready to Move,2 out of 4,Resale,East,"Garden/Park, Main Road",Freehold,3,4,Noida, Arun Vihar,5111,3,5087.06711,2010,Registered,Yes,Yes
"3 BHK Flat for Sale in Rohini Sector 21, New Delhi",20210759.05,Unknown,Ready to Move,1 out of 3,Resale,East,Garden/Park,Freehold,2,2,Delhi, Rohini Sector 21,4444,3,2362.736274,2010,Registered,No,Yes
"2 BHK Flat for Sale in Sagarpur, New Delhi",4427118.649,Unknown,Ready to Move,3 out of 3,Resale,North - East,Main Road,Freehold,1,2,Delhi, Sagarpur,7059,2,325.8251877,2010,Registered,No,Yes
"3 BHK Flat for Sale in NBCC Heights, Sector 89, Gurgaon",28872512.93,Unknown,Ready to Move,5 out of 8,Resale,North - East,"Garden/Park, Main Road",Freehold,4,1,Gurgaon, NBCC Heights,4741,3,3163.889475,2010,Registered,Yes,Yes
"3 BHK Flat for Sale in Shri Balaji Residency, Indirapuram, Ghaziabad",16361090.66,Unknown,Ready to Move,3 out of 3,Resale,North - East,Garden/Park,Leasehold,2,3,Ghaziabad, Shri Balaji Residency,5740,3,1480.836237,2010,Registered,Yes,Yes
"2 BHK Flat for Sale in Savarkar Apartments, Indraprastha Extension, Patparganj, New Delhi",19248341.95,Unknown,Ready to Move,3 out of 4,Resale,North - East,Garden/Park,Freehold,1,2,Delhi, Savarkar Apartments,10455,2,956.480153,2010,Registered,Yes,Yes
"2 BHK Flat for Sale in ILD Grand, Sector 37C, Delhi Gurgaon Expressway, Gurgaon",14474753.15,Unknown,Ready to Move,2 out of 3,Resale,Not specified,Road,Not specified,2,2,Gurgaon, ILD Grand,9091,2,827.1917281,2010,Registered,Yes,Yes
"2 BHK Flat for Sale in Mansarover Garden, New Delhi",22135593.25,Unknown,Ready to Move,1 out of 4,Resale,Not specified,Road,Not specified,2,2,Delhi, Mansarover Garden,6944,2,1656.105991,2010,Registered,Yes,Yes
"3 BHK Flat for Sale in BPTP Park Central, Sector 85, Faridabad",25022844.54,Unknown,Ready to Move,1 out of 4,New Property,Not specified,Road,Not specified,3,1,Faridabad, BPTP Park Central,5455,3,2383.134739,2010,Registered,Yes,Yes
"3 BHK Flat for Sale in DDA Golf Link Residency, Dwarka Sector 23, New Delhi",28872512.93,Unknown,Ready to Move,5 out of 13,Resale,Not specified,Road,Not specified,3,2,Delhi, DDA Golf Link Residency,6000,3,2500,2010,Registered,Yes,No
"3 BHK Flat for Sale in Sector 37C, Delhi Gurgaon Expressway, Gurgaon",17323507.76,Unknown,Ready to Move,3 out of 3,Resale,Not specified,Road,Not specified,3,2,Gurgaon, Sector 37C,4375,3,2057.142857,2010,Not Registered,Yes,Yes
"3 BHK Flat for Sale in Rampuri, Surya Nagar, Ghaziabad",15013706.72,Unknown,Ready to Move,12 out of 12,Resale,Not specified,Road,Not specified,2,2,Ghaziabad, Rampuri,8322,3,937.2746936,2010,Not Registered,Yes,Yes
"3 BHK Flat for Sale in Parx Laureate, Sector 108, Noida Express Way, Noida",42346352.3,Unknown,Ready to Move,Ground out of 2,New Property,Not specified,Road,Not specified,3,2,Noida, Parx Laureate,5615,3,3918.076581,2010,Registered,Yes,No
"3 BHK Flat for Sale in Sahibabad Industrial Area Site 4, Ghaziabad",13473839.37,Unknown,Ready to Move,2 out of 3,Resale,Not specified,Road,Not specified,3,2,Ghaziabad, Sahibabad Industrial Area Site 4,11612,3,602.8246641,2010,Registered,Yes,Yes
"1 BHK Flat for Sale in Rohini Sector 6, New Delhi",8276787.04,Unknown,Ready to Move,Lower Basement out of 1,Resale,Not specified,Road,Not specified,1,2,Delhi, Rohini Sector 6,16346,1,263.0612994,2010,Not Registered,Yes,Yes
"2 BHK Flat for Sale in Vatika Primrose Floors, Sector 82, Gurgaon",14051289.63,Unknown,Ready to Move,Ground out of 4,Resale,Not specified,Road,Not specified,2,2,Gurgaon, Vatika Primrose Floors,3889,2,1877.089226,2010,Registered,Yes,Yes
2 BHK House for Sale in Beta 1 Block E Greater Noida,14436256.46,Unknown,Ready to Move,1 out of 4,Resale,Not specified,Road,Not specified,1,2,Noida, Beta 1 Block E Greater Noida,7631,2,1891.790914,2010,Not Registered,No,Yes
"2 BHK Flat for Sale in Sainik Enclave, New Delhi",3368459.842,Unknown,Ready to move,2 out of 4,Resale,Not specified,Road,Not specified,1,2,Delhi, Sainik Enclave,7631,2,441.4178799,2010,Registered,Yes,Yes
"4 BHK Flat for Sale in Mahagun Moderne, Sector 78, Noida",40421518.1,Unknown,Ready to Move,3 out of 22,Resale,South - East,Garden/Park,Freehold,3,1,Noida, Mahagun Moderne,8571,4,2450.122506,2010,Registered,Yes,Yes
"2 BHK Flat for Sale in SVP Gulmohur Residency, Ahinsa Khand-2, Indirapuram, Ghaziabad",12511422.27,Unknown,Ready to Move,12 out of 19,Resale,East,Garden/Park,Freehold,2,2,Ghaziabad, SVP Gulmohur Residency,4473,2,1453.163425,2010,Registered,Yes,No
"3 BHK Flat for Sale in Ansal Heights, Sector 92, Gurgaon",13473839.37,Unknown,Ready to Move,8 out of 13,Resale,North - East,Garden/Park,Leasehold,2,2,Gurgaon, Ansal Heights,2647,3,2644.503211,2010,Registered,Yes,No
"3 BHK Flat for Sale in Mansha Luxury Floors, Faridabad",8661753.879,Unknown,Ready to Move,Ground out of 3,Resale,North - West,"Garden/Park, Main Road",Freehold,2,3,Faridabad, Mansha Luxury Floors,53333,3,84.37552735,2010,Registered,Yes,Yes
> 10 BHK House for Sale in New Friends Colony New Delhi,461960206.9,Unknown,Ready to Move,10 out of 14,New Property,North,Garden/Park,Leasehold,2,3,Delhi, New Friends Colony New Delhi,8000,10,30000,2010,Not Registered,Yes,Yes
"1 BHK Flat for Sale in Sector 117, Noida",5774502.586,Unknown,Ready to Move,Ground out of 2,Resale,North - East,"Garden/Park, Main Road",Freehold,1,2,Noida, Sector 117,12941,1,231.821343,2010,Registered,No,Yes
6 BHK House for Sale in Rohini Sector 17 New Delhi,42346352.3,Unknown,Ready to Move,4 out of 4,Resale,East,"Garden/Park, Pool, Main Road",Freehold,5,2,Delhi, Rohini Sector 17 New Delhi,4000,6,5500,2010,Not Registered,Yes,Yes
"2 BHK Flat for Sale in Kst Chattarpur Villas, Chhattarpur, New Delhi",7891820.201,Unknown,Ready to Move,3 out of 4,Resale,North - East,"Garden/Park, Main Road",Power Of Attorney,2,1,Delhi, Kst Chattarpur Villas,15833,2,258.9528201,2010,Registered,Yes,Yes
"3 BHK Flat for Sale in Rajouri Garden, New Delhi",54857774.57,Unknown,Ready to Move,1 out of 1,Resale,North,"Garden/Park, Main Road",Freehold,3,4,Delhi, Rajouri Garden,11111,3,2565.02565,2010,Registered,Yes,Yes
10 BHK Villa for Sale in Ram Nagar Ghaziabad,96241709.77,Unknown,Ready to Move,Upper Basement out of 4,Resale,North - East,Garden/Park,Freehold,5,1,Ghaziabad, Ram Nagar Ghaziabad,5000,10,10000,2010,Registered,Yes,No
1 BHK Flat for Sale in Noida,3079734.713,Unknown,Ready to Move,1 out of 4,Resale,Not specified,Road,Freehold,1,3,Noida, Noida,15551,1,102.8872741,2010,Registered,Yes,Yes
"3 BHK Flat for Sale in DDA Freedom Fighter Enclave, Saket, New Delhi",24060427.44,Unknown,Ready to Move,Ground out of 3,New Property,Not specified,Road,Not specified,3,2,Delhi, DDA Freedom Fighter Enclave,6370,3,1962.323391,2010,Registered,No,Yes
"3 BHK Flat for Sale in Raja Puri, New Delhi",7449108.336,Unknown,Ready to Move,Ground out of 4,Resale,Not specified,Road,Not specified,2,3,Delhi, Raja Puri,8459,3,457.5008866,2010,Registered,Yes,Yes
"3 BHK Flat for Sale in Sarvodaya Enclave, New Delhi",67369196.84,Unknown,Ready to Move,1 out of 3,Resale,Not specified,Road,Not specified,3,2,Delhi, Sarvodaya Enclave,20964,3,1669.528716,2010,Not Registered,Yes,Yes
2 BHK House for Sale in Sonia Vihar New Delhi,38496683.91,Unknown,Ready to Move,1 out of 10,Resale,Not specified,Road,Not specified,2,2,Delhi, Sonia Vihar New Delhi,4429,2,4515.69203,2010,Registered,Yes,Yes
"3 BHK Flat for Sale in Bhairav Bharti Apartment, Dwarka Sector 12, New Delhi",39844067.84,Unknown,Ready to Move,7 out of 10,Resale,Not specified,Road,Not specified,3,2,Delhi, Bhairav Bharti Apartment,12847,3,1611.271114,2010,Registered,Yes,No
"4 BHK House for Sale in Sector 21D, Mathura Road Faridabad",44007422.52,Unknown,Ready to Move,2 out of 4,Resale,Not specified,Road,Not specified,4,2,Faridabad, Sector 21D,8800,4,2102.272727,2011,Registered,Yes,Yes
"3 BHK Flat for Sale in Uppal Southend, Sector 49, Gurgaon",31399890.67,Unknown,Ready to Move,1 out of 3,Resale,Not specified,Road,Not specified,2,2,Gurgaon, Uppal Southend,7773,3,1698.186029,2011,Not Registered,Yes,Yes
"3 BHK Flat for Sale in Supertech Emerald Court, Sector 93A, Noida Express Way, Noida",42342276.81,Unknown,Ready to move,2 out of 4,Resale,Not specified,Road,Not specified,3,2,Noida, Supertech Emerald Court,11111,3,1602.01602,2011,Registered,Yes,Yes
"4 BHK Flat for Sale in Kibithu Villas, Sector 47 Block A, Sohna Road, Gurgaon",71363387.88,Unknown,Ready to move,2 out of 4,New Property,Not specified,Road,Not specified,4,2,Gurgaon, Kibithu Villas,6292,4,4767.959313,2011,Registered,Yes,Yes
"1 BHK Flat for Sale in Uttam Nagar West, New Delhi",6660582.869,Unknown,Ready to move,2 out of 4,Resale,Not specified,Road,Not specified,1,2,Delhi, Uttam Nagar West,7631,1,872.8322459,2011,Registered,No,Yes
"3 BHK Flat for Sale in Rajendra Nagar, Ghaziabad",11893897.98,A S Associates,Ready to Move,2 out of 5,Resale,East,"Garden/Park, Main Road",Freehold,2,1,Ghaziabad, Rajendra Nagar,5051,3,989.9029895,2011,Not Registered,Yes,No
 Studio Apartment for Sale in Greater Noida,5946948.99,Vedi Realtors,Ready to Move,Ground out of 11,Resale,North - East,"Garden/Park, Pool, Main Road",Leasehold,1,2,Noida, Greater Noida,5682,1,439.9859205,2011,Registered,Yes,Yes
"3 BHK Flat for Sale in SBI Apartment, Vikaspuri Block H, New Delhi",39249863.33,Unknown,Ready to Move,4 out of 12,Resale,East,"Garden/Park, Main Road",Freehold,3,2,Delhi, SBI Apartment,12692,3,1300.031516,2011,Registered,Yes,Yes
"3 BHK Flat for Sale in Maitri Apartments, Indraprastha Extension, Patparganj, New Delhi",24977185.76,Unknown,Ready to Move,3 out of 4,Resale,South - East,Main Road,Freehold,2,1,Delhi, Maitri Apartments,7836,3,1339.969372,2011,Registered,Yes,Yes
"4 BHK Villa for Sale in Rise Resort Residences, Techzone 4 Greater Noida",44007422.52,Unknown,Ready to Move,2 out of 4,New Property,East,"Main Road, Garden/Park, Pool",Freehold,5,2,Noida, Rise Resort Residences,6026,4,3070.029871,2011,Registered,Yes,No
"2 BHK Flat for Sale in Sector 78, Noida",5233315.111,Unknown,Ready to Move,Ground out of 5,New Property,North - West,"Main Road, Garden/Park, Pool",Freehold,1,2,Noida, Sector 78,2933,2,750.085237,2011,Registered,No,Yes
"1 BHK Flat for Sale in DDA Flats Sector 23, Dwarka Sector 23, New Delhi",17840846.97,Unknown,Ready to Move,Upper Basement out of 4,Resale,North - East,Main Road,Freehold,1,2,Delhi, DDA Flats Sector 23,18750,1,400,2011,Registered,Yes,Yes
"2 BHK Flat for Sale in Wave Executive Floors, NH 24, Ghaziabad",9515118.384,Unknown,Ready to Move,3 out of 4,Resale,North,"Garden/Park, Main Road",Freehold,2,1,Ghaziabad, Wave Executive Floors,4444,2,900.090009,2011,Registered,No,Yes
"3 BHK Flat for Sale in Derawal Nagar, Model Town, New Delhi",49954371.51,Unknown,Ready to Move,2 out of 4,New Property,North - East,Garden/Park,Freehold,3,2,Delhi, Derawal Nagar,17413,3,1205.995521,2011,Not Registered,Yes,Yes
"3 BHK House for Sale in Sarvodaya Nagar, Pratap Vihar Ghaziabad",10466630.22,Unknown,Ready to Move,3 out of 4,Resale,West,Garden/Park,Leasehold,2,5,Ghaziabad, Sarvodaya Nagar,4889,3,899.9795459,2011,Registered,Yes,Yes
"3 BHK Flat for Sale in Balbir Nagar, New Delhi",8563606.545,Unknown,Ready to Move,2 out of 3,Resale,East,Main Road,Freehold,2,3,Delhi, Balbir Nagar,3704,3,971.9222462,2011,Registered,No,Yes
"3 BHK Flat for Sale in Sector 61, Ashok Marg, Noida",29734744.95,Unknown,Ready to Move,5 out of 15,Resale,North - East,"Pool, Garden/Park, Main Road",Freehold,3,2,Noida, Sector 61,9470,3,1319.957761,2011,Not Registered,Yes,Yes
"3 BHK Flat for Sale in RWA Residential Society, Sector 31, Gurgaon",63037659.29,Unknown,Ready to Move,1 out of 4,New Property,North - East,"Garden/Park, Main Road",Freehold,3,4,Gurgaon, RWA Residential Society,11196,3,2366.916756,2011,Registered,No,Yes
"4 BHK Flat for Sale in Parsvnath Exotica, Golf Course Road, Gurgaon",117749590,Unknown,Ready to Move,Ground out of 4,Resale,North - East,"Garden/Park, Pool",Freehold,4,2,Gurgaon, Parsvnath Exotica,14602,4,3389.946583,2011,Registered,Yes,Yes
"3 BHK Flat for Sale in Parsvnath Residency, Sector 51, Noida",30924134.75,Unknown,Ready to Move,3 out of 4,Resale,North,Pool,Leasehold,3,1,Noida, Parsvnath Residency,7647,3,1700.013077,2011,Registered,Yes,Yes
"3 BHK Flat for Sale in Chittaranjan Park Block E, New Delhi",70173998.08,Unknown,Ready to Move,2 out of 4,New Property,North - East,Road,Freehold,3,3,Delhi, Chittaranjan Park Block E,25877,3,1140.008502,2011,Registered,Yes,Yes
"2 BHK Flat for Sale in Gautam Budh Nagar, Greater Noida",7493155.727,Unknown,Ready to Move,3 out of 4,Resale,Not specified,Road,Not specified,2,3,Noida, Gautam Budh Nagar,3500,2,900,2011,Not Registered,Yes,Yes
"3 BHK Flat for Sale in M3M Skywalk, Sector 74, Delhi Gurgaon Expressway, Gurgaon",58280100.1,Unknown,Poss. by Dec '23,16 out of 29,New Property,Not specified,Road,Not specified,3,1,Gurgaon, M3M Skywalk,12057,3,2032.014597,2011,Registered,Yes,Yes
"2 BHK Flat for Sale in Bptp District, Sector 81, Faridabad",15129038.23,Unknown,Ready to Move,Ground out of 2,Resale,Not specified,Road,Not specified,2,2,Faridabad, Bptp District,6199,2,1025.971931,2011,Registered,Yes,Yes
"3 BHK Flat for Sale in Pushpanjali, Anand Vihar, New Delhi",63037659.29,Unknown,Ready to Move,5 out of 9,Resale,Not specified,Road,Not specified,3,2,Delhi, Pushpanjali,14722,3,1800.02717,2011,Registered,No,Yes
10 BHK House for Sale in Lohia Nagar Ghaziabad,77310336.87,Unknown,Ready to Move,2 out of 4,Resale,Not specified,Road,Not specified,5,2,Ghaziabad, Lohia Nagar Ghaziabad,8598,10,3779.948825,2011,Registered,No,No
"2 BHK Flat for Sale in CRC Sublimis, Greater Noida West, Greater Noida",18792358.81,Unknown,Ready to Move,2 out of 4,New Property,Not specified,Road,Not specified,2,2,Noida, CRC Sublimis,6752,2,1170.023697,2011,Registered,Yes,Yes
 Studio Apartment for Sale in Ghaziabad,11299203.08,Unknown,Ready to Move,2 out of 4,Resale,Not specified,Road,Not specified,1,2,Ghaziabad, Ghaziabad,11628,1,408.496732,2011,Registered,No,Yes
" Studio Apartment for Sale in Sector 94, Noida Express Way, Noida",17840846.97,Unknown,Ready to move,2 out of 4,Resale,Not specified,Road,Not specified,1,2,Noida, Sector 94,7631,1,2337.943516,2011,Registered,Yes,No
"2 BHK Flat for Sale in Reotech Builder Floors Sec 21, Rohini Sector 21, New Delhi",9515118.384,Trinetra Realtors,Ready to Move,2 out of 4,Resale,North - West,Garden/Park,Freehold,2,1,Delhi, Reotech Builder Floors Sec 21,5263,2,760.0228007,2011,Registered,No,Yes
"2 BHK Flat for Sale in Noida Extension, Noida",7136338.788,Himachali Properties,Ready to Move,3 out of 24,Resale,North - East,"Garden/Park, Main Road",Freehold,2,3,Noida, Noida Extension,3390,2,884.9557522,2011,Registered,Yes,No
"3 BHK Flat for Sale in DLF Regency Park 2, Sector 27, Gurgaon",54711930.71,Unknown,Ready to Move,10 out of 21,Resale,East,Garden/Park,Freehold,4,2,Gurgaon, DLF Regency Park 2,12943,3,1777.022329,2011,Registered,No,No
"2 BHK Flat for Sale in DDA Pocket F, Mayur Vihar 2, New Delhi",20695382.48,Unknown,Ready to Move,2 out of 3,Resale,East,"Garden/Park, Main Road",Freehold,1,1,Delhi, DDA Pocket F,8700,2,1000,2011,Registered,Yes,Yes
"4 BHK Flat for Sale in BSNL Apartments, Sector 65, Faridabad",20219626.57,Unknown,Ready to Move,9 out of 9,Resale,East,Garden/Park,Leasehold,4,5,Faridabad, BSNL Apartments,3953,4,2150.265621,2011,Registered,Yes,Yes
"6 BHK House for Sale in Sector 44, Dadri Road Noida",380604735.3,Unknown,Ready to Move,1 out of 4,Resale,West,"Garden/Park, Main Road",Leasehold,7,3,Noida, Sector 44,42469,6,3767.453908,2011,Registered,No,Yes
"3 BHK House for Sale in Mohan Garden, Razapur Khurd New Delhi",7136338.788,Unknown,Ready to Move,3 out of 4,Resale,North - East,Garden/Park,Freehold,3,2,Delhi, Mohan Garden,4167,3,719.9424046,2011,Registered,Yes,Yes
"1 BHK Flat for Sale in Sector 71, Noida",9515118.384,Unknown,Ready to Move,2 out of 3,Resale,North - West,Main Road,Freehold,1,3,Noida, Sector 71,6667,1,599.9700015,2011,Registered,Yes,Yes
"3 BHK Flat for Sale in Dhawalgiri Apartments, Sector 11, Noida",12369653.9,Unknown,Ready to Move,5 out of 12,Resale,East,"Garden/Park, Main Road",Power Of Attorney,2,1,Noida, Dhawalgiri Apartments,4333,3,1200.092315,2011,Registered,Yes,Yes
"3 BHK Flat for Sale in Woodbury Tower, Suraj Kund, Sector 37, Faridabad",29734744.95,Unknown,Ready to Move,3 out of 3,Resale,East,Garden/Park,Freehold,2,2,Faridabad, Woodbury Tower,7645,3,1635.055592,2011,Registered,No,Yes
"1 BHK Flat for Sale in Rohini Sector 5, New Delhi",7136338.788,Unknown,Ready to Move,10 out of 13,Resale,East,Garden/Park,Leasehold,1,1,Delhi, Rohini Sector 5,6796,1,441.4361389,2011,Registered,Yes,Yes
"3 BHK Flat for Sale in Kashish Manor, Sector 110, Gurgaon",37584717.62,Unknown,Ready to Move,3 out of 13,Resale,East,Garden/Park,Freehold,3,3,Gurgaon, Kashish Manor,13909,3,1135.955137,2011,Registered,Yes,No
"3 BHK Flat for Sale in Lajpat Nagar 2, New Delhi",45196812.32,Unknown,Ready to Move,1 out of 4,Resale,North - East,Road,Freehold,3,1,Delhi, Lajpat Nagar 2,6372,3,2981.795355,2011,Registered,Yes,Yes
"2 BHK Flat for Sale in Banke Bihari Kunj, Sahibabad, Ghaziabad",9039362.464,Unknown,Ready to Move,8 out of 22,Resale,Not specified,Road,Freehold,1,1,Ghaziabad, Banke Bihari Kunj,5250,2,723.8095238,2011,Registered,Yes,No
"1 BHK Flat for Sale in Paramount Golf Foreste , Sector-Zeta, Greater Noida",4995437.151,Unknown,Ready to Move,2 out of 4,Resale,Not specified,Road,Not specified,1,3,Noida, Paramount Golf Foreste ,7146,1,293.8706969,2011,Registered,Yes,Yes
"1 BHK Flat for Sale in Vasundhara Sector 17, Ghaziabad",9515118.384,Unknown,Ready to Move,8 out of 17,Resale,Not specified,Road,Not specified,3,2,Ghaziabad, Vasundhara Sector 17,8115,1,492.9143561,2011,Registered,Yes,Yes
"1 BHK Flat for Sale in Sahid Bhagat Singh Apartment, Dwarka Sector 14, New Delhi",11418142.06,Unknown,Ready to Move,2 out of 4,Resale,Not specified,Road,Not specified,3,2,Delhi, Sahid Bhagat Singh Apartment,18776,1,255.6455049,2011,Not Registered,Yes,No
"3 BHK Flat for Sale in Prakriti Apartments, Dwarka Sector 6, New Delhi",44007422.52,Unknown,Ready to Move,2 out of 4,Resale,Not specified,Road,Not specified,3,2,Delhi, Prakriti Apartments,13056,3,1416.973039,2011,Registered,Yes,Yes
"4 BHK Flat for Sale in DDA Flats Sarita Vihar, Sarita Vihar Pocket C, New Delhi",55901320.5,Unknown,Ready to Move,8 out of 20,Resale,Not specified,Road,Not specified,2,2,Delhi, DDA Flats Sarita Vihar,2667,4,8811.398575,2011,Registered,No,No
"3 BHK Flat for Sale in Greater Kailash 3, New Delhi",92772404.24,Unknown,Ready to Move,2 out of 4,New Property,Not specified,Road,Not specified,3,2,Delhi, Greater Kailash 3,6604,3,5905.511811,2011,Registered,Yes,Yes
4 BHK Villa for Sale in Sector P4 Greater Noida,66367950.73,Gupta Realtors,Ready to Move,4 out of 4,Resale,North - East,"Garden/Park, Main Road",Freehold,4,3,Noida, Sector P4 Greater Noida,8611,4,3240.041807,2011,Registered,Yes,Yes
"3 BHK Flat for Sale in Green Wood Unitech, Green Woods City Sector 45, Gurgaon",49954371.51,Unknown,Ready to Move,2 out of 4,New Property,East,Garden/Park,Freehold,3,2,Gurgaon, Green Wood Unitech,10500,3,2000,2011,Not Registered,Yes,Yes
"4 BHK Flat for Sale in Anand Vihar, New Delhi",77310336.87,Unknown,Ready to Move,2 out of 2,New Property,West,"Garden/Park, Main Road",Freehold,3,2,Delhi, Anand Vihar,14444,4,2250.069233,2011,Registered,No,No
"3 BHK Flat for Sale in Suncity Township Independent floor, Sector 54, Gurgaon",36871083.74,Unknown,Ready to Move,Ground out of 3,Resale,East,Garden/Park,Freehold,3,4,Gurgaon, Suncity Township Independent floor,11232,3,1379.985755,2011,Registered,No,Yes
"4 BHK Flat for Sale in BPTP Pride, Sector 77, Faridabad",20457504.52,Unknown,Ready to Move,Upper Basement out of 4,Resale,North - East,"Garden/Park, Main Road",Freehold,3,5,Faridabad, BPTP Pride,6370,4,1350.078493,2011,Registered,No,No
5 BHK House for Sale in Sector 75 Faridabad,23787795.96,Unknown,Ready to Move,10 out of 18,Resale,East,Garden/Park,Leasehold,5,3,Faridabad, Sector 75 Faridabad,3704,5,2699.784017,2011,Registered,Yes,Yes
"3 BHK Flat for Sale in Indiabulls Centrum Park, Sector 103, Gurgaon",41628642.93,Unknown,Ready to Move,24 out of 24,Resale,North - East,Main Road,Leasehold,3,3,Gurgaon, Indiabulls Centrum Park,8750,3,2000,2011,Not Registered,Yes,Yes
"3 BHK Flat for Sale in Eldeco Aamantran, Sector 119, Pusta Road, Noida",35681693.94,Unknown,Ready to Move,10 out of 25,Resale,South,"Garden/Park, Main Road",Power Of Attorney,3,2,Noida, Eldeco Aamantran,9141,3,1640.95832,2011,Registered,Yes,Yes
"3 BHK Flat for Sale in Gaur Yamuna City, Tech Zone, Gautam Budh Nagar, Yamuna Expressway, Greater Noida",14272677.58,Unknown,Ready to Move,1 out of 3,Resale,South - East,Garden/Park,Freehold,3,1,Noida, Gaur Yamuna City,4364,3,1374.885426,2011,Registered,No,Yes
"2 BHK Flat for Sale in Vishwakarma Colony, Mehrauli Badarpur Road, New Delhi",5946948.99,Unknown,Ready to Move,2 out of 4,Resale,West,"Garden/Park, Main Road",Freehold,1,3,Delhi, Vishwakarma Colony,4146,2,602.9908345,2011,Registered,Yes,No
1 BHK House for Sale in Modinagar Ghaziabad,10704508.18,Unknown,Ready to Move,17 out of 18,Resale,East,Main Road,Freehold,2,1,Ghaziabad, Modinagar Ghaziabad,12953,1,347.4098664,2011,Registered,No,Yes
"2 BHK Flat for Sale in IREO Uptown, Badshahpur, Gurgaon",35681693.94,Unknown,Ready to Move,Ground out of 3,Resale,North - West,Garden/Park,Freehold,2,1,Gurgaon, IREO Uptown,3701,2,4052.95866,2011,Registered,No,Yes
"3 BHK Flat for Sale in Panchsheel Primrose, Govindpuram, Ghaziabad",11418142.06,Unknown,Ready to Move,Ground out of 2,Resale,North - East,"Garden/Park, Pool",Freehold,3,5,Ghaziabad, Panchsheel Primrose,7407,3,648.035642,2011,Registered,Yes,No
"1 BHK Flat for Sale in Saraswati Garden, Ramesh Nagar, New Delhi",9515118.384,Unknown,Ready to Move,3 out of 3,Resale,North - East,"Garden/Park, Pool, Main Road",Freehold,1,3,Delhi, Saraswati Garden,9444,1,423.5493435,2011,Not Registered,No,Yes
6 BHK House for Sale in Najafgarh New Delhi,20219626.57,Unknown,Ready to Move,Ground out of 2,Resale,North - East,Road,Freehold,2,4,Delhi, Najafgarh New Delhi,8709,6,976.0018372,2011,Registered,Yes,Yes
"1 BHK Flat for Sale in Rohini Sector 3, New Delhi",10704508.18,Unknown,Ready to Move,1 out of 4,Resale,East,Road,Freehold,1,1,Delhi, Rohini Sector 3,4177,1,1077.328226,2011,Not Registered,Yes,Yes
"2 BHK Flat for Sale in Lal Kuan, Ghaziabad",7493155.727,Unknown,Ready to Move,10 out of 45,Resale,East,Road,Freehold,2,3,Ghaziabad, Lal Kuan,19630,2,160.4686704,2011,Registered,No,Yes
"4 BHK Flat for Sale in Trump Tower, Sector 65, Gurgaon",206953824.8,Unknown,Ready to Move,15 out of 15,Resale,Not specified,Road,Not specified,5,2,Gurgaon, Trump Tower,12897,4,6745.754827,2011,Registered,No,Yes
"3 BHK Flat for Sale in Tata Gurgaon Gateway, Sector 112, Gurgaon",77310336.87,Unknown,Ready to Move,3 out of 3,Resale,Not specified,Road,Not specified,3,2,Gurgaon, Tata Gurgaon Gateway,4870,3,6673.511294,2011,Registered,No,No
"3 BHK Flat for Sale in BPTP PARK SERENE, Sector 37D, Delhi Gurgaon Expressway, Gurgaon",17840846.97,Unknown,Ready to Move,1 out of 4,Resale,Not specified,Road,Not specified,2,2,Gurgaon, BPTP PARK SERENE,8741,3,858.0253976,2011,Registered,No,Yes
"3 BHK Flat for Sale in Saraswati Garden, Ramesh Nagar, New Delhi",28069599.23,Unknown,Ready to Move,8 out of 9,Resale,Not specified,Road,Not specified,3,2,Delhi, Saraswati Garden,10000,3,1180,2011,Registered,Yes,Yes
"3 BHK Flat for Sale in Sector 47, Gurgaon",71363387.88,Unknown,Poss. by Mar '25,6 out of 19,Resale,Not specified,Road,Not specified,4,2,Gurgaon, Sector 47,5441,3,5513.692336,2011,Registered,Yes,Yes
"2 BHK Flat for Sale in Ansal Height 86, Sector 86, Gurgaon",17602969.01,Unknown,Ready to move,2 out of 4,Resale,Not specified,Road,Not specified,2,2,Gurgaon, Ansal Height 86,8333,2,888.0355214,2011,Registered,No,Yes
3 BHK House for Sale in Mori Gate New Delhi,35681693.94,Unknown,Ready to move,2 out of 4,Resale,Not specified,Road,Not specified,1,2,Delhi, Mori Gate New Delhi,7199,3,2083.622725,2011,Not Registered,Yes,Yes
"3 BHK Flat for Sale in Eldeco Acclaim, Sohna Sector 2, Gurgaon",21646894.32,Unknown,Ready to move,2 out of 4,New Property,Not specified,Road,Not specified,2,2,Gurgaon, Eldeco Acclaim,7631,3,2836.704799,2011,Registered,Yes,No
"3 BHK Flat for Sale in BPTP PARK SERENE, Garauli Khurd, Sector 37D, Delhi Gurgaon Expressway, Gurgaon",17602969.01,Realty Shopee,Ready to Move,5 out of 20,Resale,North - East,"Garden/Park, Main Road",Freehold,3,1,Gurgaon, BPTP PARK SERENE,4805,3,1540.062435,2011,Not Registered,No,Yes
"2 BHK Flat for Sale in BPTP PARK SERENE, Garauli Khurd, Sector 37D, Delhi Gurgaon Expressway, Gurgaon",17840846.97,Unknown,Ready to Move,8 out of 14,Resale,North,Garden/Park,Freehold,2,2,Gurgaon, BPTP PARK SERENE,4870,2,1540.041068,2011,Registered,Yes,Yes
"2 BHK Flat for Sale in Vasundhara, Ghaziabad",6184826.949,Unknown,Ready to Move,4 out of 4,New Property,East,Main Road,Freehold,2,1,Ghaziabad, Vasundhara,3421,2,760.0116925,2011,Registered,Yes,No
"2 BHK Flat for Sale in Sector 76, Faridabad",7302853.359,Unknown,Ready to Move,5 out of 22,Resale,East,"Garden/Park, Main Road",Freehold,2,3,Faridabad, Sector 76,3050,2,1006.557377,2011,Registered,Yes,Yes
"2 BHK Flat for Sale in Dwarka Sector 10, New Delhi",22598406.16,Unknown,Ready to Move,4 out of 4,New Property,East,"Main Road, Garden/Park",Freehold,2,5,Delhi, Dwarka Sector 10,13194,2,720.0242534,2011,Registered,Yes,Yes
"3 BHK Flat for Sale in Kirti Nagar, New Delhi",73742167.47,Unknown,Ready to Move,1 out of 4,Resale,North - East,"Garden/Park, Pool, Main Road",Freehold,3,3,Delhi, Kirti Nagar,17222,3,1800.023226,2011,Registered,Yes,No
"3 BHK Flat for Sale in Orchid Mayfield Gardens , Sector 50, Gurgaon",27355965.35,Unknown,Ready to Move,2 out of 4,Resale,North - East,Main Road,Freehold,3,3,Gurgaon, Orchid Mayfield Gardens ,7931,3,1450.006304,2011,Registered,Yes,Yes
"1 BHK Flat for Sale in Mehrawali Apartment, Mehrauli, New Delhi",4995437.151,Unknown,Poss. by Dec '24,Ground out of 5,Resale,North - East,Main Road,Freehold,2,3,Delhi, Mehrawali Apartment,3763,1,558.0653734,2011,Registered,Yes,No
"2 BHK Flat for Sale in Prideville , Yamuna Expressway, Greater Noida",15485855.17,Unknown,Ready to Move,2 out of 14,Resale,North,Garden/Park,Freehold,2,5,Noida, Prideville ,6200,2,1050,2011,Registered,Yes,Yes
"3 BHK Flat for Sale in Lajpat Nagar III, New Delhi",58280100.1,Unknown,Ready to Move,3 out of 3,Resale,South -West,Garden/Park,Leasehold,3,2,Delhi, Lajpat Nagar III,13243,3,1850.03398,2011,Registered,Yes,Yes
"5 BHK Flat for Sale in Ibiza Town, Suraj Kund, Sector 37, Faridabad",105142058.1,Unknown,Ready to Move,21 out of 21,New Property,North,"Garden/Park, Pool",Freehold,6,1,Faridabad, Ibiza Town,7492,5,5899.626268,2011,Not Registered,No,No
"2 BHK Flat for Sale in Gulshan Botnia, Sector 144, Noida Express Way, Noida",19505992.69,Unknown,Ready to Move,14 out of 14,Resale,North,"Garden/Park, Pool, Main Road",Freehold,2,4,Noida, Gulshan Botnia,8000,2,1025,2011,Registered,No,Yes
"3 BHK Flat for Sale in Le Solitairian, Yamuna Expressway, Greater Noida",26166575.55,Unknown,Ready to Move,16 out of 20,Resale,East,"Garden/Park, Main Road",Freehold,3,6,Noida, Le Solitairian,5685,3,1934.916447,2011,Registered,No,No
"4 BHK Flat for Sale in Nirala Aspire, Noida Extension Block C, Noida",41866520.89,Unknown,Ready to Move,8 out of 22,Resale,North - East,Garden/Park,Freehold,4,2,Noida, Nirala Aspire,7863,4,2238.331426,2011,Registered,Yes,Yes
"1 BHK Flat for Sale in Model Town, New Delhi",10704508.18,Unknown,Ready to Move,2 out of 5,Resale,East,Main Road,Freehold,1,5,Delhi, Model Town,12500,1,360,2011,Registered,No,Yes
"3 BHK Flat for Sale in Noida Extention, Greater Noida",16175701.25,Unknown,Ready to Move,11 out of 23,Resale,East,Garden/Park,Freehold,2,2,Noida, Noida Extention,4840,3,1404.958678,2011,Not Registered,Yes,No
"3 BHK Flat for Sale in Punjabi Bagh East, New Delhi",42818032.73,Unknown,Ready to Move,1 out of 4,Resale,Not specified,Road,Not specified,2,1,Delhi, Punjabi Bagh East,12698,3,1417.54607,2011,Registered,Yes,No
"1 BHK Flat for Sale in Gaurs Plaza, Shalimar Garden Extension 2, Rajendra Nagar, Ghaziabad",4757559.192,Unknown,Ready to Move,3 out of 3,Resale,Not specified,Road,Not specified,1,1,Ghaziabad, Gaurs Plaza,3008,1,664.893617,2011,Registered,Yes,Yes
"4 BHK Flat for Sale in Emaar The Palm Drive, Sector 66, Gurgaon",128454098.2,Unknown,Poss. by Sep '26,3 out of 17,Resale,Not specified,Road,Not specified,4,4,Gurgaon, Emaar The Palm Drive,14211,4,3799.873338,2011,Registered,Yes,Yes
"5 BHK Villa for Sale in Uniworld Resorts, Sector 48, Delhi Gurgaon Expressway Gurgaon",225984061.6,Unknown,Ready to Move,2 out of 3,Resale,Not specified,Road,Not specified,7,2,Gurgaon, Uniworld Resorts,12667,5,7499.802637,2011,Registered,Yes,Yes
"3 BHK Flat for Sale in Sector 49, Faridabad",14986311.45,Unknown,Ready to Move,3 out of 4,Resale,Not specified,Road,Not specified,2,2,Faridabad, Sector 49,4846,3,1300.041271,2011,Registered,Yes,No
"4 BHK Flat for Sale in Adani Samsara Vilasa, Sector 63, Gurgaon",107045081.8,Unknown,Ready to Move,1 out of 10,New Property,Not specified,Road,Not specified,5,2,Gurgaon, Adani Samsara Vilasa,10204,4,4410.03528,2011,Not Registered,No,No
"2 BHK Flat for Sale in Harmony Apartment, Dwarka Sector 4, New Delhi",28069599.23,Unknown,Ready to Move,2 out of 3,Resale,Not specified,Road,Not specified,2,2,Delhi, Harmony Apartment,9833,2,1200.040679,2011,Registered,Yes,Yes
"2 BHK Flat for Sale in Rajouri Garden, New Delhi",7494334.512,Unknown,Ready to move,1 out of 5,Resale,Not specified,Road,Not specified,2,2,Delhi, Rajouri Garden,7639,2,647.9905747,2012,Registered,No,Yes
"3 BHK Flat for Sale in Luxury Floors by Mark Developers, Chattarpur Extension, New Delhi",10628328.94,Unknown,Ready to move,17 out of 22,New Property,Not specified,Road,Not specified,2,2,Delhi, Luxury Floors by Mark Developers,5572,3,1259.870782,2012,Registered,No,No
"3 BHK Flat for Sale in Gaur Saundaryam, Greater Noida West, Greater Noida",19682090.64,Unknown,Ready to move,2 out of 4,Resale,Not specified,Road,Not specified,2,2,Noida, Gaur Saundaryam,8387,3,1550.017885,2012,Registered,No,Yes
"2 BHK Flat for Sale in Gobind Apartment, Vasundhara Enclave, New Delhi",16654076.69,Vision Realtech,Ready to Move,3 out of 8,Resale,East,Garden/Park,Leasehold,2,3,Delhi, Gobind Apartment,9700,2,1134.020619,2012,Registered,No,Yes
"5 BHK Flat for Sale in Sidharth Enclave, Kilokri, Ring Road, New Delhi",40121184.76,Noble Property,Ready to Move,2 out of 3,Resale,North - East,Garden/Park,Freehold,4,4,Delhi, Sidharth Enclave,9464,5,2800.084531,2012,Registered,Yes,Yes
"3 BHK Flat for Sale in Sector 105, Gurgaon",7267233.467,Unknown,Ready to Move,1 out of 5,Resale,North,Garden/Park,Freehold,2,3,Gurgaon, Sector 105,4800,3,1000,2012,Registered,Yes,Yes
"2 BHK Flat for Sale in Bharat City, Bhopura, Ghaziabad",4087818.825,Unknown,Ready to Move,10 out of 13,Resale,West,Main Road,Freehold,2,1,Ghaziabad, Bharat City,2798,2,964.9749821,2012,Not Registered,Yes,No
"4 BHK Flat for Sale in May Field Gardens Sector 51, Gurgaon",43906202.19,Unknown,Ready to Move,1 out of 4,New Property,North - East,"Garden/Park, Pool",Freehold,4,4,Gurgaon, May Field Gardens Sector 51,9206,4,3150.119487,2012,Registered,Yes,No
"4 BHK Flat for Sale in DLF The Belaire, Sector 54, Gurgaon",102195470.6,Unknown,Ready to Move,12 out of 28,Resale,East,"Garden/Park, Main Road",Freehold,5,1,Gurgaon, DLF The Belaire,23140,4,2917.026793,2012,Registered,Yes,Yes
"4 BHK Flat for Sale in Golf Course Road, Gurgaon",16351275.3,Unknown,Ready to Move,2 out of 4,Resale,East,"Main Road, Garden/Park, Pool",Freehold,4,2,Gurgaon, Golf Course Road,3635,4,2971.114168,2012,Registered,No,Yes
"2 BHK Flat for Sale in Euro Apartment RWA, Sahibabad, Ghaziabad",7570034.861,Unknown,Ready to Move,1 out of 4,Resale,East,Main Road,Freehold,2,3,Ghaziabad, Euro Apartment RWA,4762,2,1049.979,2012,Registered,Yes,Yes
"5 BHK Flat for Sale in Shakti Nagar, New Delhi",56775261.46,Unknown,Ready to Move,Ground out of 2,Resale,East,Garden/Park,Freehold,5,3,Delhi, Shakti Nagar,14098,5,2659.951766,2012,Registered,Yes,Yes
3 BHK House for Sale in Anand Vihar New Delhi,78728362.56,Unknown,Ready to Move,1 out of 2,Resale,North - East,Garden/Park,Freehold,2,2,Delhi, Anand Vihar New Delhi,45217,3,1150.009952,2012,Registered,Yes,Yes
"4 BHK Flat for Sale in RWA Residential Society, New Colony, Sector 7, Gurgaon",37850174.31,Unknown,Ready to Move,4 out of 10,Resale,Not specified,Main Road,Freehold,3,3,Gurgaon, RWA Residential Society,6944,4,3600.230415,2012,Not Registered,Yes,Yes
2 BHK Villa for Sale in Rohini Sector 7 New Delhi,45420209.17,Unknown,Ready to Move,1 out of 3,Resale,Not specified,"Garden/Park, Main Road",Freehold,2,1,Delhi, Rohini Sector 7 New Delhi,46450,2,645.8557589,2012,Registered,Yes,Yes
"1 BHK Flat for Sale in Baani City Center, Sector 63, Gurgaon",13323261.36,Unknown,Ready to Move,5 out of 5,New Property,Not specified,Road,Freehold,1,4,Gurgaon, Baani City Center,10945,1,804.0201005,2012,Registered,No,Yes
"2 BHK Flat for Sale in Salarpur, Dadri Road, Noida",2271010.458,Unknown,Ready to Move,13 out of 14,Resale,Not specified,Road,Not specified,1,2,Noida, Salarpur,3029,2,495.2129416,2012,Registered,Yes,Yes
"4 BHK Flat for Sale in Maple Heights, Sector 43, Gurgaon",49205226.6,Unknown,Ready to Move,6 out of 22,Resale,Not specified,Road,Not specified,3,2,Gurgaon, Maple Heights,7222,4,4500.138466,2012,Not Registered,Yes,Yes
"6 BHK Villa for Sale in DDA Central Government Housing Complex, Vasant Vihar New Delhi",1362606275,Unknown,Ready to Move,Ground out of 1,Resale,Not specified,Road,Not specified,5,2,Delhi, DDA Central Government Housing Complex,90000,6,10000,2012,Registered,Yes,No
"2 BHK Flat for Sale in Amrapali Green Valley, Noida Extension, Noida",6358829.283,Unknown,Ready to Move,11 out of 21,Resale,Not specified,Road,Not specified,2,2,Noida, Amrapali Green Valley,3767,2,1114.94558,2012,Registered,Yes,Yes
2 BHK House for Sale in Sigma 4 Greater Noida,29523135.96,Unknown,Ready to Move,Ground out of 4,Resale,Not specified,Road,Not specified,1,2,Noida, Sigma 4 Greater Noida,8234,2,2368.229293,2012,Registered,Yes,Yes
"3 BHK Flat for Sale in ATS Advantage, Indirapuram, Ghaziabad",21196097.61,Unknown,Ready to Move,8 out of 33,New Property,Not specified,Road,Not specified,3,2,Ghaziabad, ATS Advantage,6542,3,2140.018343,2012,Registered,Yes,No
"2 BHK Flat for Sale in Godrej Air, Sector 85, Gurgaon",20439094.12,Unknown,Ready to move,2 out of 4,Resale,Not specified,Road,Not specified,2,2,Gurgaon, Godrej Air,9609,2,1404.932875,2012,Registered,No,Yes
" House for Sale in Sector 15, Noida sector 15 Metro Noida",69644320.72,Unknown,Ready to move,2 out of 4,Resale,Not specified,Road,Not specified,2,2,Noida, Sector 15,21803,1,2109.801403,2012,Not Registered,Yes,Yes
"5 BHK House for Sale in Sector 15, Mathura Road Faridabad",83270383.47,Maya Buidcon Pvt. Ltd.,Ready to Move,10 out of 20,Resale,North - East,"Garden/Park, Pool, Main Road",Leasehold,5,4,Faridabad, Sector 15,11000,5,5000,2012,Registered,Yes,Yes
"3 BHK Flat for Sale in Gaur City 16th Avenue, Noida Extension, Noida",11657853.69,Unknown,Ready to Move,8 out of 8,Resale,North,"Main Road, Garden/Park",Freehold,3,1,Noida, Gaur City 16th Avenue,5560,3,1384.892086,2012,Registered,No,Yes
"3 BHK Flat for Sale in Sector 62, NH 24, Noida",14383066.24,Unknown,Ready to Move,Upper Basement out of 4,Resale,North - East,"Garden/Park, Main Road",Freehold,3,1,Noida, Sector 62,6105,3,1556.101556,2012,Not Registered,Yes,No
"2 BHK Flat for Sale in Techer Colony, Mehrauli, New Delhi",4693421.614,Unknown,Ready to Move,2 out of 5,Resale,South - East,Garden/Park,Freehold,2,2,Delhi, Techer Colony,3851,2,804.985718,2012,Registered,Yes,Yes
"3 BHK Flat for Sale in Ashram, New Delhi",15140069.72,Unknown,Poss. by Aug '24,2 out of 3,Resale,North - East,Garden/Park,Leasehold,3,1,Delhi, Ashram,7143,3,1399.972001,2012,Registered,Yes,Yes
"2 BHK Flat for Sale in SS Southend, Sector 49, Gurgaon",9084041.833,Unknown,Ready to Move,Ground out of 3,Resale,North - East,"Garden/Park, Main Road",Power Of Attorney,2,2,Gurgaon, SS Southend,9286,2,646.1339651,2012,Registered,Yes,Yes
"7 BHK Villa for Sale in Sector 15, Noida sector 15 Metro Noida",39364181.28,Unknown,Ready to Move,Ground out of 4,Resale,East,Main Road,Freehold,7,3,Noida, Sector 15,3710,7,7008.086253,2012,Registered,No,No
"3 BHK Flat for Sale in Sector 15A, Noida Express Way, Noida",11233931.73,Unknown,Ready to Move,Ground out of 3,Resale,North - East,Main Road,Leasehold,3,1,Noida, Sector 15A,3077,3,2411.439714,2012,Registered,Yes,Yes
2 BHK House for Sale in Shahdara New Delhi,2755492.689,Unknown,Ready to Move,2 out of 2,Resale,East,"Garden/Park, Main Road, Pool",Leasehold,1,2,Delhi, Shahdara New Delhi,13889,2,131.0389517,2012,Registered,No,Yes
" Studio Apartment for Sale in Mahagun Sarovar Portico, Vaishali, Ghaziabad",18925087.15,Unknown,Ready to Move,7 out of 7,Resale,Not specified,"Garden/Park, Pool, Main Road",Freehold,1,2,Ghaziabad, Mahagun Sarovar Portico,15000,1,833.3333333,2012,Registered,Yes,Yes
"6 BHK Villa for Sale in Sector 15A, Noida Express Way Noida",113550522.9,Unknown,Ready to Move,8 out of 23,Resale,Not specified,Main Road,Not specified,6,3,Noida, Sector 15A,5455,6,13748.85426,2012,Registered,Yes,Yes
"3 BHK Flat for Sale in Sector 16, Mathura Road, Faridabad",18168083.67,Unknown,Ready to Move,Ground out of 2,Resale,Not specified,Road,Not specified,2,1,Faridabad, Sector 16,5556,3,2159.827214,2012,Registered,No,Yes
"3 BHK Villa for Sale in Sector 16, Mathura Road Faridabad",16654076.69,Unknown,Ready to Move,1 out of 4,Resale,Not specified,Road,Not specified,3,5,Faridabad, Sector 16,21250,3,517.6470588,2012,Registered,Yes,Yes
"4 BHK Flat for Sale in Neelkanth Apartment, Rohini Sector 13, New Delhi",64345296.32,Unknown,Ready to Move,1 out of 3,Resale,Not specified,Road,Not specified,4,5,Delhi, Neelkanth Apartment,7778,4,5464.129596,2012,Registered,Yes,Yes
"4 BHK Flat for Sale in Tatvam Villas, Tikri, Sector 48, Sohna Road, Gurgaon",128690592.6,Unknown,Ready to Move,17 out of 25,Resale,Not specified,Road,Not specified,5,2,Gurgaon, Tatvam Villas,5263,4,16150.48451,2012,Registered,Yes,Yes
"2 BHK Flat for Sale in DDA Freedom Fighter Enclave, Freedom Fighters Enclave, New Delhi",7570034.861,Unknown,Ready to Move,3 out of 4,New Property,Not specified,Road,Not specified,2,2,Delhi, DDA Freedom Fighter Enclave,25695,2,194.5903872,2012,Registered,Yes,Yes
"3 BHK Flat for Sale in Sector 76, Delhi Gurgaon Expressway, Gurgaon",28009128.99,Unknown,Ready to Move,5 out of 12,Resale,Not specified,Road,Not specified,3,2,Gurgaon, Sector 76,3896,3,4748.459959,2012,Not Registered,Yes,Yes
"2 BHK Flat for Sale in Sector 17, Noida",6813031.375,Unknown,Ready to Move,2 out of 4,Resale,Not specified,Road,Not specified,2,2,Noida, Sector 17,6043,2,744.6632467,2012,Registered,Yes,Yes
"2 BHK Flat for Sale in Shipra Krishna Vista, Indirapuram, Ghaziabad",10522348.46,Unknown,Ready to Move,1 out of 4,Resale,Not specified,Road,Not specified,2,2,Ghaziabad, Shipra Krishna Vista,8122,2,855.7005664,2012,Registered,No,Yes
"3 BHK Flat for Sale in Noida Royale City, Aurangabad, Noida",14958388.89,Unknown,Ready to Move,2 out of 4,Resale,Not specified,Road,Not specified,3,2,Noida, Noida Royale City,8014,3,1232.842526,2012,Registered,No,Yes
"1 BHK Flat for Sale in Rajendra Nagar Sector 3, Ghaziabad",3330815.339,Unknown,Ready to move,2 out of 4,Resale,Not specified,Road,Not specified,1,2,Ghaziabad, Rajendra Nagar Sector 3,6074,1,362.199539,2012,Registered,Yes,Yes
"4 BHK Flat for Sale in Mahagun Morpheus, Sector 50, Noida",30128738.75,Unknown,Ready to move,2 out of 4,Resale,Not specified,Road,Not specified,5,2,Noida, Mahagun Morpheus,7631,4,3948.203217,2012,Registered,Yes,No
"3 BHK Flat for Sale in Sector 137, Noida Express Way, Noida",17411080.18,Unknown,Ready to move,2 out of 4,New Property,Not specified,Road,Not specified,2,2,Noida, Sector 137,7631,3,2281.624975,2012,Registered,Yes,Yes
"3 BHK Flat for Sale in TARC Tripundra, Bijwasan, New Delhi",65102299.81,Saigal Consultancy,Poss. by Dec '25,5 out of 10,New Property,North - East,"Garden/Park, Pool",Freehold,3,4,Delhi, TARC Tripundra,19500,3,2205.128205,2012,Registered,Yes,Yes
"4 BHK Flat for Sale in DLF City Phase 3, Gurgaon",68130313.75,Unknown,Ready to Move,1 out of 4,Resale,North,Garden/Park,Freehold,4,3,Gurgaon, DLF City Phase 3,16100,4,2795.031056,2012,Registered,Yes,Yes
8 BHK Villa for Sale in Sector 17 Noida,158970732.1,Unknown,Ready to Move,9 out of 21,Resale,South,"Garden/Park, Pool, Main Road",Leasehold,7,4,Noida, Sector 17 Noida,16406,8,6400.097525,2012,Registered,Yes,Yes
"3 BHK Flat for Sale in Ajnara Homes, Noida Extension, Noida",9386843.228,Unknown,Ready to Move,4 out of 7,Resale,East,"Garden/Park, Main Road",Freehold,2,2,Noida, Ajnara Homes,4806,3,1290.054099,2012,Registered,Yes,No
"3 BHK Flat for Sale in Satyam Apartment, Vasundhara Enclave, New Delhi",20439094.12,Unknown,Ready to Move,4 out of 4,Resale,North - East,Main Road,Leasehold,3,1,Delhi, Satyam Apartment,9310,3,1450.053706,2012,Registered,Yes,Yes
"2 BHK Flat for Sale in Keshav Puram, Tri Nagar, New Delhi",7570034.861,Unknown,Ready to Move,2 out of 3,Resale,North,Garden/Park,Freehold,1,2,Delhi, Keshav Puram,7692,2,650.026001,2012,Not Registered,No,Yes
"4 BHK Flat for Sale in Sector 2, Gurgaon",33308153.39,Unknown,Ready to Move,4 out of 12,New Property,North - East,Main Road,Freehold,4,3,Gurgaon, Sector 2,8000,4,2750,2012,Registered,Yes,Yes
"4 BHK Flat for Sale in Noida Royale City, Noida Express Way, Noida",18622285.76,Unknown,Ready to Move,1 out of 4,Resale,North - East,"Garden/Park, Main Road",Freehold,3,2,Noida, Noida Royale City,9180,4,1339.869281,2012,Registered,Yes,Yes
"2 BHK Flat for Sale in Jangpura B, Jangpura, New Delhi",16654076.69,Unknown,Ready to Move,1 out of 4,Resale,East,"Pool, Garden/Park",Leasehold,3,2,Delhi, Jangpura B,11111,2,990.0099001,2012,Not Registered,Yes,Yes
"1 BHK Flat for Sale in Sector 20, Noida",2165029.97,Unknown,Ready to Move,2 out of 4,Resale,North - East,"Garden/Park, Pool, Main Road",Leasehold,1,3,Noida, Sector 20,2600,1,550,2012,Not Registered,Yes,Yes
4 BHK House for Sale in Sector 20 Noida,26495122.01,Unknown,Ready to Move,1 out of 4,Resale,North,"Garden/Park, Main Road",Leasehold,4,2,Noida, Sector 20 Noida,7292,4,2399.890291,2012,Registered,Yes,Yes
"3 BHK Flat for Sale in Keshav Puram, Tri Nagar, New Delhi",12869059.26,Unknown,Ready to Move,9 out of 14,Resale,North - West,Garden/Park,Leasehold,2,2,Delhi, Keshav Puram,9444,3,900.0423549,2012,Registered,Yes,No
"3 BHK House for Sale in Jyoti Park, Sector 7 Gurgaon",23012905.98,Unknown,Ready to Move,1 out of 4,Resale,Not specified,"Garden/Park, Pool, Main Road",Freehold,3,3,Gurgaon, Jyoti Park,11185,3,1358.962897,2012,Registered,Yes,Yes
3 BHK House for Sale in Sector 46 Gurgaon,35579163.85,Unknown,Ready to Move,3 out of 4,Resale,Not specified,Road,Not specified,3,3,Gurgaon, Sector 46 Gurgaon,9792,3,2399.918301,2012,Registered,Yes,Yes
"3 BHK Flat for Sale in Sector 117, Noida",24224111.56,Unknown,Ready to Move,24 out of 24,New Property,Not specified,Road,Not specified,3,1,Noida, Sector 117,12075,3,1325.05176,2012,Registered,No,Yes
"3 BHK Flat for Sale in Dlf City Phase 4, Sector 28, Gurgaon",49205226.6,Unknown,Ready to Move,Ground out of 2,New Property,Not specified,Road,Not specified,4,2,Gurgaon, Dlf City Phase 4,13374,3,2430.088231,2012,Registered,Yes,No
"3 BHK Flat for Sale in Amrapali Silicon City, Sector 76, Noida",26495122.01,Unknown,Ready to Move,8 out of 25,New Property,Not specified,Road,Not specified,3,2,Noida, Amrapali Silicon City,5682,3,3079.901443,2012,Registered,Yes,Yes
"4 BHK Flat for Sale in Indirapuram, Ghaziabad",16654076.69,Unknown,Ready to Move,1 out of 5,Resale,Not specified,Road,Not specified,3,2,Ghaziabad, Indirapuram,6471,4,1699.891825,2012,Not Registered,Yes,Yes
"2 BHK Flat for Sale in DLF Centre , Connaught Place, New Delhi",15140069.72,Unknown,Poss. by Aug '26,2 out of 2,Resale,Not specified,Road,Not specified,2,2,Delhi, DLF Centre ,7596,2,1316.482359,2012,Registered,Yes,Yes
2 BHK House for Sale in Beta 2 Block I Greater Noida,11203651.59,Unknown,Ready to Move,2 out of 4,Resale,Not specified,Road,Not specified,2,2,Noida, Beta 2 Block I Greater Noida,8486,2,872.024511,2012,Registered,Yes,Yes
"3 BHK Flat for Sale in Ss Hibiscus 2 , Sector 83, Gurgaon",23769909.46,Unknown,Ready to Move,2 out of 4,New Property,Not specified,Road,Not specified,3,2,Gurgaon, Ss Hibiscus 2 ,6098,3,2574.614628,2012,Registered,Yes,Yes
"1 BHK Flat for Sale in Private Colony, Sri Niwaspuri, New Delhi",3785017.431,Unknown,Ready to move,2 out of 4,Resale,Not specified,Road,Not specified,1,2,Delhi, Private Colony,7631,1,496.0054292,2012,Registered,No,No
"4 BHK House for Sale in Private Colony, Sri Niwaspuri New Delhi",9084041.833,Golden BRX,Ready to Move,1 out of 3,Resale,South -West,Main Road,Leasehold,2,2,Delhi, Private Colony,12245,4,489.9959167,2012,Not Registered,No,Yes
"2 BHK Flat for Sale in Eldeco Residency Greens, Sector-PI, Greater Noida",11355052.29,Sachin Gambhir,Ready to Move,5 out of 20,Resale,North,"Garden/Park, Main Road",Freehold,2,2,Noida, Eldeco Residency Greens,6000,2,1250,2012,Registered,Yes,Yes
"3 BHK Flat for Sale in Paras Irene, Sector 70A, Gurgaon",23467108.07,Dewan Associates,Ready to Move,12 out of 14,Resale,East,Main Road,Freehold,3,3,Gurgaon, Paras Irene,8470,3,1829.988194,2012,Registered,No,Yes
"2 BHK Flat for Sale in Imperia Esfera, Sector 37C, Delhi Gurgaon Expressway, Gurgaon",13353541.49,Unknown,Ready to Move,2 out of 4,Resale,North - East,"Garden/Park, Main Road",Freehold,3,1,Gurgaon, Imperia Esfera,6210,2,1420.289855,2012,Registered,Yes,Yes
2 BHK House for Sale in vasundhra ghaziabad Ghaziabad,8327038.347,Unknown,Ready to Move,4 out of 7,Resale,North - West,"Garden/Park, Main Road",Freehold,2,1,Ghaziabad, vasundhra ghaziabad Ghaziabad,4583,2,1200.087279,2012,Registered,Yes,Yes
"2 BHK Flat for Sale in Signature Global City 81, Sector 81, Gurgaon",14837268.33,Unknown,Poss. by Oct '25,6 out of 12,New Property,East,"Garden/Park, Pool, Main Road",Freehold,2,1,Gurgaon, Signature Global City 81,8991,2,1089.978868,2012,Registered,Yes,Yes
" Studio Apartment for Sale in Satya Element One, Sector 49, Gurgaon",22710104.58,Unknown,Ready to Move,14 out of 25,New Property,South,Main Road,Power Of Attorney,1,5,Gurgaon, Satya Element One,10714,1,1400.037334,2012,Registered,Yes,Yes
"3 BHK Flat for Sale in Krishna Apra Gardens, Vaibhav Khand, Indirapuram, Ghaziabad",20741895.52,Unknown,Ready to Move,12 out of 14,Resale,North,"Pool, Garden/Park, Main Road",Freehold,3,2,Ghaziabad, Krishna Apra Gardens,8068,3,1698.066435,2012,Registered,Yes,Yes
3 BHK House for Sale in sector 10 HBC Faridabad,6813031.375,Unknown,Ready to Move,2 out of 4,Resale,East,"Pool, Garden/Park, Main Road",Freehold,3,3,Faridabad, sector 10 HBC Faridabad,12500,3,360,2012,Registered,Yes,No
"2 BHK Flat for Sale in Rishabh Cloud 9 Towers Vaishali, Vaishali, Ghaziabad",8478439.044,Unknown,Ready to Move,8 out of 13,New Property,North - East,Garden/Park,Leasehold,2,1,Ghaziabad, Rishabh Cloud 9 Towers Vaishali,5945,2,941.9680404,2012,Registered,Yes,Yes
2 BHK House for Sale in Sector 118 Noida,7570034.861,Unknown,Ready to Move,1 out of 4,New Property,North - East,"Garden/Park, Pool, Main Road",Freehold,2,3,Noida, Sector 118 Noida,4115,2,1215.066829,2012,Not Registered,No,Yes
"2 BHK Flat for Sale in Tashee Capital Gateway, Sector 111, Gurgaon",11355052.29,Unknown,Ready to Move,4 out of 10,Resale,West,Main Road,Freehold,2,1,Gurgaon, Tashee Capital Gateway,5274,2,1422.070535,2012,Registered,No,Yes
"3 BHK Flat for Sale in ATS Green Paradiso, Lagerstroemia Estate, Sector-Chi, Greater Noida",22710104.58,Unknown,Ready to Move,5 out of 10,Resale,North,Garden/Park,Freehold,4,3,Noida, ATS Green Paradiso,6977,3,2149.92117,2012,Registered,Yes,Yes
"4 BHK Flat for Sale in Palam Vihar, Gurgaon",33308153.39,Unknown,Ready to Move,3 out of 3,Resale,East,Road,Not specified,4,4,Gurgaon, Palam Vihar,8302,4,2649.963864,2012,Registered,Yes,Yes
5 BHK House for Sale in Sector 52 Noida,42392195.22,Unknown,Ready to Move,4 out of 4,Resale,Not specified,Road,Not specified,3,2,Noida, Sector 52 Noida,23225,5,1205.597417,2012,Registered,Yes,Yes
"3 BHK Flat for Sale in Nav Sanjivan, Dwarka Sector 12, New Delhi",18925087.15,Unknown,Ready to Move,3 out of 4,Resale,Not specified,Road,Not specified,3,2,Delhi, Nav Sanjivan,7576,3,1649.947202,2012,Registered,Yes,No
"2 BHK Flat for Sale in Shatabdi Vihar, Sector 52 Block E, Noida",7872836.256,Unknown,Ready to Move,2 out of 4,Resale,Not specified,Road,Not specified,2,2,Noida, Shatabdi Vihar,5474,2,949.9451955,2012,Not Registered,Yes,Yes
"2 BHK Flat for Sale in Shatabdi Vihar, Sector 52, Noida",8024236.953,Unknown,Poss. by Mar '24,2 out of 4,New Property,Not specified,Road,Not specified,2,2,Noida, Shatabdi Vihar,5300,2,1000,2012,Registered,Yes,Yes
"2 BHK Flat for Sale in Shatabdi Vihar, Sector 52 Block F, Noida",8327038.347,Unknown,Poss. by Mar '27,2 out of 4,Resale,Not specified,Road,Not specified,2,2,Noida, Shatabdi Vihar,5500,2,1000,2012,Registered,No,No
"6 BHK Flat for Sale in DLF Alameda, Sector 73, Delhi Gurgaon Expressway, Gurgaon",90840418.33,Unknown,Ready to Move,2 out of 4,Resale,Not specified,Road,Not specified,5,2,Gurgaon, DLF Alameda,15789,6,3800.114003,2012,Registered,Yes,Yes
"3 BHK Flat for Sale in M3M Golf Hills Phase 1, Sector 79, Gurgaon",27706327.59,Unknown,Ready to Move,2 out of 4,New Property,Not specified,Road,Not specified,3,2,Gurgaon, M3M Golf Hills Phase 1,9621,3,1902.08918,2012,Registered,No,Yes
"4 BHK Flat for Sale in SRS Luxury Floors, South City 2, Sector 49, Gurgaon",71915331.18,Unknown,Ready to move,2 out of 4,New Property,Not specified,Road,Not specified,4,2,Gurgaon, SRS Luxury Floors,13971,4,3399.899792,2012,Not Registered,No,Yes
"4 BHK Flat for Sale in Sree Badrinath Apartment, Dwarka, New Delhi",33308153.39,Iskon Properties,Ready to Move,1 out of 5,Resale,North - East,"Garden/Park, Main Road",Freehold,3,1,Delhi, Sree Badrinath Apartment,11000,4,2000,2012,Registered,Yes,Yes
"6 BHK House for Sale in Ansal East End, Tronica City Ghaziabad",5980327.54,Cushman and Wakefield,Ready to Move,2 out of 4,Resale,North - East,"Garden/Park, Main Road",Leasehold,5,4,Ghaziabad, Ansal East End,3762,6,1049.973418,2012,Registered,Yes,Yes
"2 BHK Flat for Sale in Ramprastha Greens, Vaishali, Ghaziabad",12717658.57,Unknown,Ready to Move,1 out of 3,Resale,East,"Pool, Garden/Park, Main Road",Leasehold,2,2,Ghaziabad, Ramprastha Greens,8400,2,1000,2012,Registered,Yes,Yes
"2 BHK Flat for Sale in Grand Ajnara Heritage, Sector 74, Noida",12717658.57,Unknown,Ready to Move,2 out of 2,Resale,North - East,"Garden/Park, Pool, Main Road",Freehold,2,5,Noida, Grand Ajnara Heritage,7029,2,1195.049082,2012,Not Registered,No,Yes
"3 BHK Flat for Sale in Sector 37, Mathura Road, Faridabad",12112055.78,Unknown,Ready to Move,3 out of 3,Resale,North,Main Road,Freehold,2,1,Faridabad, Sector 37,5079,3,1575.113211,2012,Not Registered,Yes,Yes
"2 BHK Flat for Sale in Shipra Sun City, Indirapuram, Ghaziabad",6813031.375,Unknown,Ready to Move,3 out of 3,Resale,West,Garden/Park,Freehold,2,3,Ghaziabad, Shipra Sun City,5357,2,840.0224006,2012,Registered,No,Yes
5 BHK Villa for Sale in Sector 56 Gurgaon,79223720.7,Unknown,Ready to Move,Ground out of 2,Resale,North - East,"Garden/Park, Pool",Leasehold,5,3,Gurgaon, Sector 56 Gurgaon,11111,5,3600.036,2013,Registered,Yes,No
"1 BHK Flat for Sale in Kamna Apartments, Vaishali Sector 5, Ghaziabad",3565067.431,Unknown,Ready to Move,2 out of 2,Resale,North - East,Garden/Park,Freehold,1,2,Ghaziabad, Kamna Apartments,4500,1,400,2013,Registered,Yes,No
"2 BHK Flat for Sale in Sector 3 Block C1, Gurgaon",19805930.17,Unknown,Ready to Move,5 out of 14,Resale,Not specified,Road,Not specified,2,4,Gurgaon, Sector 3 Block C1,7067,2,1415.027593,2013,Registered,No,No
"2 BHK Flat for Sale in Vivekanand Puri, Sarai Rohilla, New Delhi",15072312.86,Unknown,Ready to Move,3 out of 3,Resale,Not specified,Road,Not specified,1,2,Delhi, Vivekanand Puri,8456,2,899.9526963,2013,Not Registered,Yes,No
"4 BHK House for Sale in Vivekanand Puri, Sarai Rohilla New Delhi",128738546.1,Unknown,Ready to Move,7 out of 19,Resale,Not specified,Road,Not specified,3,2,Delhi, Vivekanand Puri,45139,4,1439.996455,2013,Registered,No,Yes
"2 BHK House for Sale in Vivekanand Puri, Sarai Rohilla New Delhi",31689488.28,Unknown,Ready to Move,2 out of 3,Resale,Not specified,Road,Not specified,2,2,Delhi, Vivekanand Puri,11429,2,1399.947502,2013,Registered,Yes,Yes
"4 BHK Flat for Sale in Tilak Marg, New Delhi",50307062.64,Unknown,Ready to Move,4 out of 4,Resale,Not specified,Road,Not specified,4,2,Delhi, Tilak Marg,8462,4,3001.654455,2013,Not Registered,Yes,Yes
"2 BHK Flat for Sale in Tilak Marg, New Delhi",12279676.71,Unknown,Ready to Move,2 out of 4,Resale,Not specified,Road,Not specified,1,2,Delhi, Tilak Marg,8112,2,764.2998028,2013,Registered,Yes,Yes
"2 BHK Flat for Sale in Ramprastha The Edge Towers, Garauli Khurd, Sector 37D, Delhi Gurgaon Expressway, Gurgaon",16240862.74,Unknown,Ready to Move,3 out of 4,Resale,Not specified,Road,Not specified,2,2,Gurgaon, Ramprastha The Edge Towers,6260,2,1309.904153,2013,Registered,No,No
7 BHK House for Sale in New Delhi,198059301.7,Unknown,Ready to Move,9 out of 23,Resale,Not specified,Road,Not specified,7,2,Delhi, New Delhi,33333,7,3000.03,2013,Registered,Yes,No
"3 BHK Flat for Sale in South City 1, Sector 41, Gurgaon",30699191.77,Unknown,Ready to Move,Ground out of 16,Resale,Not specified,Road,Not specified,3,2,Gurgaon, South City 1,7176,3,2159.977703,2013,Registered,No,Yes
"4 BHK Flat for Sale in ACE Divino, Sector 1, Noida",29708895.26,Unknown,Ready to Move,14 out of 17,Resale,Not specified,Road,Not specified,3,2,Noida, ACE Divino,8000,4,1875,2013,Registered,Yes,No
"4 BHK Flat for Sale in Puri The Aravallis, Golf course Extension Road, Gurgaon",103981133.4,Unknown,Ready to Move,2 out of 4,Resale,Not specified,Road,Not specified,4,2,Gurgaon, Puri The Aravallis,19444,4,2700.061716,2013,Registered,Yes,No
"2 BHK Flat for Sale in Sarvome Shree Homes, Sector 45, Mathura Road, Faridabad",6932075.561,Unknown,Ready to move,2 out of 4,Resale,Not specified,Road,Not specified,2,2,Faridabad, Sarvome Shree Homes,4698,2,744.9978714,2013,Registered,No,Yes
"1 BHK Flat for Sale in Raj Nagar 2, New Delhi",3367008.13,Bluecrumbs,Ready to Move,3 out of 3,Resale,East,Garden/Park,Freehold,1,3,Delhi, Raj Nagar 2,4722,1,360.016942,2013,Registered,Yes,No
"3 BHK Flat for Sale in Nice Group Housing, Sector 2, Mathura Road, Faridabad",19805930.17,Charitra Realty Pvt Ltd,Ready to Move,1 out of 8,Resale,North,Garden/Park,Freehold,4,2,Faridabad, Nice Group Housing,5263,3,1900.057002,2013,Not Registered,No,Yes
"> 10 BHK Villa for Sale in Jagriti Enclave, Anand Vihar New Delhi",197069005.2,Unknown,Ready to Move,4 out of 18,New Property,East,"Garden/Park, Pool, Main Road",Freehold,2,2,Delhi, Jagriti Enclave,11706,10,8499.914574,2013,Registered,Yes,Yes
"4 BHK Flat for Sale in CGEWHO Phase 1, Phi 2, Greater Noida",24757412.72,Unknown,Ready to Move,1 out of 3,Resale,North - East,"Garden/Park, Main Road",Leasehold,3,3,Noida, CGEWHO Phase 1,5952,4,2100.134409,2013,Registered,Yes,No
"3 BHK Flat for Sale in Nirala Estate Phase 2, Noida Extension, Noida",23172938.3,Unknown,Poss. by Aug '23,12 out of 14,New Property,East,Garden/Park,Freehold,3,3,Noida, Nirala Estate Phase 2,7143,3,1637.967241,2013,Registered,No,No
"2 BHK Flat for Sale in Chittaranjan Park, New Delhi",28718598.75,Unknown,Ready to Move,12 out of 30,Resale,East,"Garden/Park, Pool, Main Road",Freehold,2,4,Delhi, Chittaranjan Park,13182,2,1099.984828,2013,Registered,Yes,No
"3 BHK Flat for Sale in Mahagun Mansion 1 and 2, Vaibhav Khand, Indirapuram, Ghaziabad",19805930.17,Unknown,Ready to Move,1 out of 4,Resale,East,"Garden/Park, Pool, Main Road",Leasehold,3,3,Ghaziabad, Mahagun Mansion 1 and 2,5128,3,1950.078003,2013,Registered,Yes,No
"4 BHK Villa for Sale in Godrej Golf Links, Sector 27 Greater Noida",108932616,Unknown,Poss. by Jun '24,7 out of 22,Resale,East,Main Road,Freehold,4,4,Noida, Godrej Golf Links,11727,4,4690.031551,2013,Registered,Yes,Yes
"3 BHK Flat for Sale in The Orchard, Sohna Sector 32, Gurgaon",42582749.87,Unknown,Poss. by Dec '24,2 out of 4,New Property,West,Garden/Park,Freehold,3,1,Gurgaon, The Orchard,10099,3,2128.923656,2013,Not Registered,No,Yes
"2 BHK Flat for Sale in Puri Emerald Bay, Dhanwanpur Village, Sector 104, Gurgaon",29510835.96,Unknown,Ready to Move,1 out of 5,Resale,North - East,"Garden/Park, Main Road",Freehold,2,1,Gurgaon, Puri Emerald Bay,9613,2,1549.984396,2013,Registered,No,Yes
"3 BHK Flat for Sale in Arihant Arden, Noida Extension, Noida",16636981.35,Unknown,Ready to Move,2 out of 5,New Property,East,Main Road,Freehold,2,1,Noida, Arihant Arden,6109,3,1375.020462,2013,Registered,Yes,No
"2 BHK Flat for Sale in Vihaan Vista, Sector 1 Greater Noida West, Greater Noida",5347601.147,Unknown,Ready to Move,3 out of 4,New Property,West,"Garden/Park, Main Road",Freehold,2,1,Noida, Vihaan Vista,3176,2,850.1259446,2013,Not Registered,Yes,Yes
"1 BHK Flat for Sale in Mayur Vihar 1, New Delhi",5347601.147,Unknown,Ready to Move,5 out of 6,Resale,East,Main Road,Leasehold,1,1,Delhi, Mayur Vihar 1,3750,1,720,2013,Registered,Yes,Yes
"1 BHK Flat for Sale in Jasola, New Delhi",11091320.9,Unknown,Ready to Move,2 out of 4,Resale,North - East,"Pool, Garden/Park",Freehold,2,1,Delhi, Jasola,9655,1,580.0103573,2013,Registered,Yes,Yes
"4 BHK Flat for Sale in Unitech Independent Floors, South City 2, Sector 49, Gurgaon",69320755.61,Unknown,Ready to Move,2 out of 8,New Property,West,Garden/Park,Freehold,5,3,Gurgaon, Unitech Independent Floors,10938,4,3199.853721,2013,Registered,Yes,Yes
"3 BHK Flat for Sale in Aditi Apartment, Indraprastha Extension, Patparganj, New Delhi",34660377.8,Unknown,Ready to Move,2 out of 3,Resale,West,"Pool, Garden/Park",Freehold,3,2,Delhi, Aditi Apartment,10606,3,1650.009429,2013,Not Registered,Yes,Yes
"3 BHK Flat for Sale in Tilak Nagar, New Delhi",7526253.466,Unknown,Ready to Move,4 out of 23,Resale,North - West,Road,Leasehold,1,2,Delhi, Tilak Nagar,2533,3,1500.197394,2013,Registered,No,No
"4 BHK Flat for Sale in C Dot Co operative Group Housing Society, Sector 56, Gurgaon",32679784.79,Unknown,Ready to Move,5 out of 24,Resale,East,Road,Not specified,3,2,Gurgaon, C Dot Co operative Group Housing Society,6735,4,2449.888641,2013,Registered,Yes,Yes
"2 BHK Flat for Sale in Gyan Khand 1, Indirapuram, Ghaziabad",7922372.07,Unknown,Ready to Move,1 out of 3,Resale,Not specified,Road,Not specified,2,1,Ghaziabad, Gyan Khand 1,4000,2,1000,2013,Registered,Yes,Yes
"3 BHK Flat for Sale in ATS Advantage Phase 2, Ahinsa Khand, Indirapuram, Ghaziabad",25747709.23,Unknown,Ready to Move,2 out of 4,Resale,Not specified,Road,Not specified,3,2,Ghaziabad, ATS Advantage Phase 2,7715,3,1685.029164,2013,Registered,Yes,Yes
"2 BHK Flat for Sale in Gaur City 2 Sanskriti Vihar, C-16, Greater Noida",10299083.69,Unknown,Ready to Move,13 out of 14,Resale,Not specified,Road,Not specified,2,4,Noida, Gaur City 2 Sanskriti Vihar,6420,2,809.9688474,2013,Registered,Yes,No
"2 BHK Flat for Sale in DDA Ekta Apartments, Paschim Vihar, New Delhi",28718598.75,Unknown,Ready to Move,Ground out of 4,Resale,Not specified,Road,Not specified,2,4,Delhi, DDA Ekta Apartments,13182,2,1099.984828,2013,Not Registered,Yes,Yes
"4 BHK Flat for Sale in Green Woods City, Sector 45, Gurgaon",70311052.12,Unknown,Ready to Move,15 out of 22,Resale,Not specified,Road,Not specified,4,2,Gurgaon, Green Woods City,10597,4,3350.004718,2013,Registered,Yes,Yes
"2 BHK Flat for Sale in Agrasain Aagman 2, Sector 70, Faridabad",5347601.147,Unknown,Ready to Move,10 out of 19,Resale,Not specified,Road,Not specified,2,2,Faridabad, Agrasa Aagman 2,4601,2,586.8289502,2013,Registered,Yes,No
"3 BHK Flat for Sale in Shivalik, Malviya Nagar, New Delhi",62388680.05,Unknown,Ready to Move,2 out of 4,Resale,Not specified,Road,Not specified,3,2,Delhi, Shivalik,17500,3,1800,2013,Not Registered,Yes,Yes
"3 BHK Flat for Sale in Nirala Estate Phase 1, Techzone 4, Greater Noida",14854447.63,Unknown,Ready to Move,2 out of 4,Resale,Not specified,Road,Not specified,2,2,Noida, Nirala Estate Phase 1,6024,3,1245.01992,2013,Registered,Yes,Yes
"3 BHK Flat for Sale in Eros Belvedere Tower, Charmwood Village, Sector 39, Suraj Kund Badkhal Road, Faridabad",29708895.26,Unknown,Ready to Move,5 out of 9,Resale,West,"Garden/Park, Main Road",Freehold,3,2,Faridabad, Eros Belvedere Tower,9572,3,1567.070623,2013,Not Registered,Yes,Yes
" Studio Apartment for Sale in Greater Noida West, Noida",10893261.6,Unknown,Poss. by Mar '25,7 out of 25,New Property,North - East,Main Road,Leasehold,1,1,Noida, Greater Noida West,7990,1,688.3604506,2013,Registered,Yes,Yes
"2 BHK Flat for Sale in Shatabdi Rail Vihar, Sector 62, NH 24, Noida",10358501.48,Unknown,Ready to Move,3 out of 3,Resale,North - East,Main Road,Leasehold,2,2,Noida, Shatabdi Rail Vihar,4354,2,1201.194304,2013,Registered,Yes,Yes
"1 BHK Flat for Sale in Om Vihar, Nawada, New Delhi",1822145.576,Unknown,Ready to Move,Ground out of 4,New Property,North - East,"Garden/Park, Main Road",Freehold,1,3,Delhi, Om Vihar,4089,1,224.993886,2013,Registered,No,Yes
"3 BHK Flat for Sale in Kalka Apartments, Dwarka Sector 6, New Delhi",36640970.82,Unknown,Ready to Move,1 out of 8,Resale,South,"Garden/Park, Pool, Main Road",Freehold,2,2,Delhi, Kalka Apartments,10571,3,1750.070949,2013,Registered,Yes,Yes
"4 BHK Flat for Sale in DLF Oakwood Estate, DLF City Phase 2, Gurgaon",44761402.19,Unknown,Ready to Move,11 out of 15,Resale,North - West,"Pool, Garden/Park, Main Road",Leasehold,4,1,Gurgaon, DLF Oakwood Estate,12718,4,1777.008964,2013,Registered,Yes,Yes
2 BHK House for Sale in Delta 1 Greater Noida,15844744.14,Unknown,Ready to Move,Ground out of 1,Resale,North,"Garden/Park, Main Road",Power Of Attorney,1,1,Noida, Delta 1 Greater Noida,16516,2,484.3787842,2013,Registered,Yes,Yes
" Studio Apartment for Sale in Dwarka, New Delhi",5149541.845,Unknown,Ready to Move,2 out of 4,Resale,North - West,Garden/Park,Power Of Attorney,1,3,Delhi, Dwarka,10000,1,260,2013,Registered,Yes,Yes
"3 BHK Flat for Sale in JVTS Gardens, Chhattarpur, New Delhi",10160442.18,Unknown,Ready to Move,1 out of 4,Resale,North - West,Main Road,Freehold,2,2,Delhi, JVTS Gardens,3677,3,1395.159097,2013,Registered,Yes,No
"4 BHK Flat for Sale in Gupta Ji Floors, Greenfield Colony, Mathura Road, Faridabad",29708895.26,Unknown,Ready to Move,1 out of 4,New Property,East,Main Road,Freehold,4,2,Faridabad, Gupta Ji Floors,3876,4,3869.96904,2013,Registered,Yes,Yes
"1 BHK Flat for Sale in Narela Sector A9, New Delhi",3367008.13,Unknown,Ready to Move,3 out of 4,Resale,North - East,"Garden/Park, Pool, Main Road",Freehold,1,5,Delhi, Narela Sector A9,3935,1,432.0203304,2013,Registered,Yes,Yes
"1 BHK Flat for Sale in Pragya Kunj Apartments, Vasundhara Sector 4C, Ghaziabad",6337897.656,Unknown,Ready to Move,Ground out of 4,Resale,East,"Garden/Park, Pool, Main Road",Leasehold,1,2,Ghaziabad, Pragya Kunj Apartments,6325,1,505.9288538,2013,Registered,Yes,Yes
"2 BHK Flat for Sale in Windsor and Nova Society, Vaibhav Khand, Indirapuram, Ghaziabad",9506846.483,Unknown,Ready to Move,Ground out of 4,Resale,North,"Garden/Park, Main Road",Freehold,2,3,Ghaziabad, Windsor and Nova Society,6316,2,759.9746675,2013,Registered,No,No
"5 BHK Flat for Sale in ATS Tourmaline, Sector 109, Gurgaon",99029650.87,Unknown,Ready to Move,23 out of 24,Resale,East,"Garden/Park, Main Road",Freehold,5,2,Gurgaon, ATS Tourmaline,8621,5,5799.791208,2013,Registered,Yes,Yes
"1 BHK Flat for Sale in ADITYA CELEBRITY HOMES, Sector 76, Noida",7724312.768,Unknown,Ready to Move,3 out of 15,Resale,South -West,"Garden/Park, Pool, Main Road",Leasehold,1,5,Noida, ADITYA CELEBRITY HOMES,7091,1,549.9929488,2013,Not Registered,Yes,Yes
"2 BHK Flat for Sale in Zara Aavaas, Sector 104, Gurgaon",7922372.07,Unknown,Ready to Move,9 out of 14,Resale,East,Main Road,Freehold,2,4,Gurgaon, Zara Aavaas,7042,2,568.0204487,2013,Not Registered,Yes,Yes
"3 BHK Flat for Sale in DLF Garden City The Primus, Sector 82A, Gurgaon",37631267.33,Unknown,Ready to Move,25 out of 31,Resale,North - West,Road,Freehold,3,1,Gurgaon, DLF Garden City The Primus,10451,3,1818.007846,2013,Registered,Yes,Yes
"4 BHK Flat for Sale in Panchsheel Park, New Delhi",351555260.6,Unknown,Ready to Move,2 out of 4,Resale,Not specified,Road,Not specified,5,1,Delhi, Panchsheel Park,24653,4,7199.935099,2013,Registered,Yes,No
"2 BHK Flat for Sale in Shri Radha Sky Gardens, Noida Extension Block B, Noida",11289380.2,Unknown,Ready to Move,10 out of 19,Resale,Not specified,Road,Not specified,2,2,Noida, Shri Radha Sky Gardens,4161,2,1369.863014,2013,Registered,Yes,Yes
"3 BHK Flat for Sale in Vikaspuri, New Delhi",24757412.72,Unknown,Ready to Move,2 out of 4,Resale,Not specified,Road,Not specified,2,2,Delhi, Vikaspuri,4167,3,2999.760019,2013,Registered,Yes,Yes
"1 BHK Flat for Sale in Indirapuram, Ghaziabad",2970889.526,Unknown,Ready to Move,Ground out of 5,Resale,Not specified,Road,Not specified,1,2,Ghaziabad, Indirapuram,4394,1,341.3746017,2013,Registered,Yes,Yes
"3 BHK Flat for Sale in Sector 120, Noida",15448625.54,Unknown,Ready to Move,14 out of 17,Resale,Not specified,Road,Not specified,3,2,Noida, Sector 120,4444,3,1755.175518,2013,Registered,Yes,Yes
"2 BHK Flat for Sale in Mohan Garden, Razapur Khurd, New Delhi",5941779.052,Unknown,Ready to Move,2 out of 4,Resale,Not specified,Road,Not specified,2,2,Delhi, Mohan Garden,12698,2,236.2576784,2013,Registered,No,No
"7 BHK House for Sale in Bhogal, Jangpura New Delhi",118835581,Unknown,Ready to Move,Ground out of 3,Resale,Not specified,Road,Not specified,4,2,Delhi, Bhogal,7228,7,8301.051467,2013,Registered,Yes,Yes
2 BHK House for Sale in Aya Nagar Extension New Delhi,15745714.49,Unknown,Ready to move,2 out of 4,Resale,Not specified,Road,Not specified,1,2,Delhi, Aya Nagar Extension New Delhi,7631,2,2063.388087,2013,Not Registered,Yes,Yes
"2 BHK Flat for Sale in Telecom City Door Sanchar Sehkari Awas Samiti Limited, Sector 62, NH 24, Noida",12873854.61,Aiana Realtors,Ready to Move,4 out of 4,Resale,East,Garden/Park,Leasehold,2,2,Noida, Telecom City Door Sanchar Sehkari Awas Samiti Limited,6190,2,1050.080775,2013,Registered,Yes,No
"2 BHK Flat for Sale in Vrindavan Green, Sahibabad, Ghaziabad",11883558.1,Pramod,Ready to Move,Ground out of 11,Resale,North - West,Garden/Park,Freehold,2,3,Ghaziabad, Vrindavan Green,4615,2,1300.108342,2013,Registered,Yes,Yes
"4 BHK Flat for Sale in Safdarjung, New Delhi",193107819.2,Globic Homes Consulting,Ready to Move,Ground out of 4,New Property,North - West,Main Road,Freehold,5,1,Delhi, Safdarjung,30469,4,3199.973744,2013,Registered,Yes,No
5 BHK Villa for Sale in Palam Vihar Gurgaon,89126685.78,Unknown,Ready to Move,4 out of 32,Resale,East,Garden/Park,Freehold,5,2,Gurgaon, Palam Vihar Gurgaon,14516,5,3100.027556,2013,Registered,Yes,Yes
"3 BHK Villa for Sale in Rosewood City, Sector 49 Gurgaon",55456604.49,Unknown,Ready to Move,8 out of 15,Resale,North - West,"Garden/Park, Main Road",Leasehold,3,4,Gurgaon, Rosewood City,20334,3,1377.004033,2013,Registered,Yes,No
"4 BHK Flat for Sale in Mahagun Mezzaria, Sector 78, Noida",83184906.73,Unknown,Ready to Move,10 out of 22,Resale,North,Main Road,Freehold,3,3,Noida, Mahagun Mezzaria,12245,4,3429.971417,2013,Not Registered,Yes,No
"3 BHK Flat for Sale in Ozone Park Apartments, Sector 86, Faridabad",15448625.54,Unknown,Ready to Move,2 out of 4,Resale,East,"Garden/Park, Main Road",Leasehold,3,2,Faridabad, Ozone Park Apartments,4298,3,1814.79758,2013,Registered,No,Yes
> 10 BHK House for Sale in DLF City Phase 3 Gurgaon,110913209,Unknown,Ready to Move,1 out of 3,Resale,North,Main Road,Freehold,2,3,Gurgaon, DLF City Phase 3 Gurgaon,4617,10,12129.08815,2013,Not Registered,Yes,Yes
"2 BHK Flat for Sale in Jaypee Aman, Sector 151, Noida Express Way, Noida",8714609.277,Unknown,Ready to Move,1 out of 4,Resale,West,"Garden/Park, Pool, Main Road",Freehold,2,2,Noida, Jaypee Aman,5939,2,740.8654656,2013,Registered,Yes,Yes
"4 BHK Flat for Sale in Shyam Park Extension, Rajendra Nagar, Ghaziabad",19409811.57,Unknown,Ready to Move,2 out of 9,Resale,South,Garden/Park,Freehold,3,1,Ghaziabad, Shyam Park Extension,2667,4,3674.540682,2013,Registered,Yes,Yes
"1 BHK Flat for Sale in DLF Ankur Vihar, Ghaziabad",2376711.621,Unknown,Ready to Move,3 out of 4,Resale,North - East,"Garden/Park, Main Road",Freehold,1,2,Ghaziabad, DLF Ankur Vihar,10652,1,112.6549005,2013,Registered,No,Yes
"5 BHK Flat for Sale in Experion Windchants, Sector 112, Gurgaon",137651214.7,Unknown,Ready to Move,2 out of 4,New Property,East,"Garden/Park, Main Road",Freehold,5,3,Gurgaon, Experion Windchants,5000,5,13900,2013,Registered,Yes,Yes
"3 BHK Flat for Sale in Chittaranjan Park Block D, New Delhi",42582749.87,Unknown,Ready to Move,Ground out of 2,Resale,East,Garden/Park,Freehold,3,2,Delhi, Chittaranjan Park Block D,6053,3,3551.957707,2013,Registered,Yes,Yes
"3 BHK Flat for Sale in Mahesh Apartment, Sector 21, Mathura Road, Faridabad",17825337.16,Unknown,Ready to Move,2 out of 3,Resale,East,"Pool, Garden/Park, Main Road",Freehold,3,1,Faridabad, Mahesh Apartment,8461,3,1063.704054,2013,Registered,Yes,No
"3 BHK Flat for Sale in New Industrial Township 3, Mathura Road, Faridabad",22776819.7,Unknown,Ready to Move,10 out of 19,Resale,North,"Garden/Park, Main Road",Leasehold,3,3,Faridabad, New Industrial Township 3,9538,3,1205.703502,2013,Registered,Yes,Yes
"3 BHK Flat for Sale in Vinoba Puri, Lajpat Nagar, New Delhi",30105013.86,Unknown,Ready to Move,1 out of 4,Resale,East,Main Road,Freehold,3,4,Delhi, Vinoba Puri,4235,3,3589.138135,2013,Registered,Yes,Yes
"3 BHK Flat for Sale in Progressive Apartment, Sector 55, Gurgaon",21786523.19,Unknown,Ready to Move,2 out of 3,Resale,North - East,Main Road,Freehold,3,5,Gurgaon, Progressive Apartment,30357,3,362.3546464,2013,Registered,Yes,Yes
"3 BHK Flat for Sale in Panchsheel Greens, Noida Extension, Noida",13864151.12,Unknown,Ready to Move,1 out of 6,Resale,South - East,"Garden/Park, Main Road",Freehold,2,1,Noida, Panchsheel Greens,5238,3,1336.387934,2013,Registered,Yes,No
"4 BHK Flat for Sale in Rajendra Place, New Delhi",168350406.5,Unknown,Ready to Move,2 out of 4,New Property,North - East,Main Road,Freehold,4,1,Delhi, Rajendra Place,8146,4,10434.56911,2013,Not Registered,Yes,Yes
"3 BHK Flat for Sale in Vasundhara Sector 2B, Ghaziabad",10893261.6,Unknown,Ready to Move,5 out of 8,New Property,East,Road,Freehold,2,2,Ghaziabad, Vasundhara Sector 2B,11546,3,476.3554478,2013,Registered,Yes,Yes
"1 BHK Flat for Sale in DDA Lig Flats, Paschim Vihar, New Delhi",17231159.25,Unknown,Ready to Move,2 out of 4,Resale,North,Road,Not specified,2,1,Delhi, DDA Lig Flats,20333,1,427.8758668,2013,Not Registered,Yes,Yes
"3 BHK Flat for Sale in IFCI Park View Apartments, Sector 46, Mathura Road, Faridabad",14854447.63,Unknown,Ready to Move,2 out of 4,Resale,Not specified,Road,Not specified,3,2,Faridabad, IFCI Park View Apartments,7631,3,1946.592534,2013,Registered,Yes,Yes
"3 BHK Flat for Sale in Mansarovar garden, New Delhi",24757412.72,Unknown,Ready to Move,2 out of 4,Resale,Not specified,Road,Not specified,2,2,Delhi, Mansarovar garden,7631,3,3244.320891,2013,Registered,Yes,Yes
"4 BHK Flat for Sale in Chittaranjan Park, New Delhi",94078168.33,Star Reality Group,Ready to Move,1 out of 4,New Property,North - East,"Garden/Park, Main Road",Freehold,5,3,Delhi, Chittaranjan Park,21111,4,2250.011842,2013,Registered,No,Yes
"3 BHK Flat for Sale in Gulmohar Enclave, Gulmohar Park, New Delhi",52485714.96,Unknown,Ready to Move,2 out of 3,Resale,North - East,"Garden/Park, Pool, Main Road",Freehold,3,2,Delhi, Gulmohar Enclave,3125,3,8480,2013,Registered,Yes,No
"4 BHK Flat for Sale in Ireo Victory Valley, Sector 67, Gurgaon",89126685.78,Unknown,Ready to Move,15 out of 35,Resale,North - East,Garden/Park,Leasehold,4,3,Gurgaon, Ireo Victory Valley,8667,4,5192.107996,2013,Registered,Yes,Yes
"2 BHK Flat for Sale in Orange County, Ahinsa Khand-1, Indirapuram, Ghaziabad",23172938.3,Unknown,Ready to Move,7 out of 18,Resale,South - East,Main Road,Freehold,2,3,Ghaziabad, Orange County,15244,2,767.5150879,2013,Not Registered,Yes,Yes
"3 BHK Flat for Sale in Godrej Woods, Sector 43, Noida",46345876.61,Unknown,Poss. by May '26,3 out of 27,New Property,East,"Garden/Park, Main Road, Pool",Freehold,3,2,Noida, Godrej Woods,8073,3,2898.550725,2013,Not Registered,Yes,Yes
"2 BHK Flat for Sale in Vatika Emilia floors, Sector 82, Gurgaon",14854447.63,Unknown,Ready to Move,Ground out of 3,Resale,North - West,Garden/Park,Freehold,2,3,Gurgaon, Vatika Emilia floors,7193,2,1042.680384,2013,Registered,No,Yes
"4 BHK Flat for Sale in South City, Gurgaon",64369273.07,Unknown,Ready to Move,1 out of 4,Resale,South,"Garden/Park, Main Road",Power Of Attorney,4,3,Gurgaon, South City,6739,4,4822.673987,2013,Not Registered,Yes,Yes
"3 BHK Flat for Sale in Sector 95, Gurgaon",22776819.7,Unknown,Poss. by Aug '24,2 out of 4,New Property,North,Garden/Park,Freehold,2,2,Gurgaon, Sector 95,18750,3,613.3333333,2013,Not Registered,No,Yes
"2 BHK Flat for Sale in Signature The Roselia, Sector 95A, Pataudi Road, Gurgaon",7922372.07,Unknown,Ready to Move,4 out of 14,Resale,East,"Garden/Park, Main Road",Freehold,2,1,Gurgaon, Signature The Roselia,5000,2,800,2013,Registered,Yes,Yes
3 BHK Flat for Sale in Noida,10115470.52,Unknown,Ready to Move,10 out of 16,Resale,North - East,"Garden/Park, Main Road",Power Of Attorney,2,2,Noida, Noida,3806,3,1313.715187,2014,Registered,No,Yes
"2 BHK Flat for Sale in SRS Pearl Heights, Sector 76, Faridabad",9387156.644,Unknown,Ready to Move,Ground out of 2,Resale,North - East,Garden/Park,Freehold,4,2,Faridabad, SRS Pearl Heights,6818,2,680.5514814,2014,Registered,Yes,Yes
"4 BHK House for Sale in Vipin Garden, Dwarka Mor New Delhi",45519617.35,Unknown,Ready to Move,Ground out of 3,Resale,North - East,"Garden/Park, Main Road",Leasehold,2,2,Delhi, Vip Garden,3882,4,5795.981453,2014,Registered,Yes,Yes
"2 BHK Flat for Sale in Gyan Khand 3, Ghaziabad",6676210.544,Unknown,Ready to Move,2 out of 4,Resale,East,Garden/Park,Freehold,3,4,Ghaziabad, Gyan Khand 3,5590,2,590.3398927,2014,Not Registered,Yes,No
"3 BHK Flat for Sale in Skyom Apartment, Mahavir Enclave, New Delhi",12239719.33,Unknown,Ready to Move,Ground out of 3,New Property,North - East,"Garden/Park, Main Road",Freehold,3,7,Delhi, Skyom Apartment,2000,3,3025,2014,Registered,Yes,Yes
"3 BHK Flat for Sale in East Of Kailash Block D, New Delhi",72831387.76,Unknown,Ready to Move,3 out of 3,New Property,Not specified,Road,Not specified,3,2,Delhi, East Of Kailash Block D,5926,3,6074.924063,2014,Registered,No,Yes
"3 BHK House for Sale in Khyala, Vishnu Garden New Delhi",8092376.417,Unknown,Ready to Move,19 out of 22,Resale,Not specified,Road,Not specified,4,2,Delhi, Khyala,15487,3,258.281139,2014,Registered,Yes,No
4 BHK Villa for Sale in Sainik Farm New Delhi,106212440.5,Unknown,Ready to Move,1 out of 2,Resale,Not specified,Road,Not specified,5,2,Delhi, Sainik Farm New Delhi,38889,4,1349.996143,2014,Not Registered,No,Yes
"2 BHK Flat for Sale in Niti Khand-Indirapuram, Indirapuram, Ghaziabad",9103923.47,Unknown,Ready to Move,1 out of 1,Resale,Not specified,Road,Not specified,4,2,Ghaziabad, Niti Khand-Indirapuram,5417,2,830.7181097,2014,Registered,No,Yes
4 BHK Villa for Sale in Kirti Nagar New Delhi,283233174.6,Unknown,Ready to Move,2 out of 2,Resale,Not specified,Road,Not specified,5,2,Delhi, Kirti Nagar New Delhi,7419,4,18870.46772,2014,Registered,Yes,No
"6 BHK Flat for Sale in Golf Gardenia, Alpha 2, Greater Noida",39450335.03,Unknown,Ready to Move,3 out of 14,Resale,Not specified,Road,Not specified,2,2,Noida, Golf Gardenia,10838,6,1799.224949,2014,Not Registered,Yes,Yes
"3 BHK House for Sale in RWA Sector 122, Sector 122, Noida Express Way Noida",70808293.65,Unknown,Ready to Move,2 out of 4,Resale,Not specified,Road,Not specified,2,2,Noida, RWA Sector 122,4000,3,8750,2014,Registered,Yes,Yes
"2 BHK Flat for Sale in Paramount Emotions, Noida Extension, Noida",12138564.63,Unknown,Ready to Move,2 out of 4,New Property,Not specified,Road,Not specified,2,2,Noida, Paramount Emotions,7631,2,1590.69121,2014,Registered,No,No
"2 BHK Flat for Sale in Raj Nagar Extension, Ghaziabad",7687757.597,Unknown,Ready to Move,2 out of 4,New Property,Not specified,Road,Not specified,2,2,Ghaziabad, Raj Nagar Extension,7631,2,1007.437767,2014,Registered,Yes,No
"3 BHK Flat for Sale in Sector 5, Gurgaon",34392599.77,Rajan Pathak,Ready to Move,2 out of 4,New Property,North - West,Main Road,Freehold,3,2,Gurgaon, Sector 5,8095,3,2100.061767,2014,Not Registered,Yes,Yes
"3 BHK Flat for Sale in JM Florence, Noida Extension, Noida",12543183.45,Aakash Sharma Sharma,Ready to Move,10 out of 18,Resale,East,Main Road,Leasehold,2,4,Noida, JM Florence,5180,3,1196.911197,2014,Registered,Yes,Yes
"1 BHK Flat for Sale in Rani Bagh, Pitampura, New Delhi",6069282.313,Unknown,Ready to Move,Ground out of 4,Resale,South,Main Road,Freehold,1,2,Delhi, Rani Bagh,6652,1,450.9921828,2014,Registered,Yes,No
"3 BHK Flat for Sale in Fusion The Brook, Sector 12, Greater Noida",15840826.84,Unknown,Ready to Move,4 out of 24,New Property,South - East,Garden/Park,Leasehold,2,1,Noida, Fusion The Brook,5800,3,1350,2014,Not Registered,Yes,Yes
"3 BHK House for Sale in Shiva Enclave, Paschim Vihar New Delhi",8092376.417,Unknown,Ready to Move,Ground out of 1,Resale,North - East,"Garden/Park, Main Road",Power Of Attorney,2,2,Delhi, Shiva Enclave,4444,3,900.090009,2014,Registered,No,Yes
"2 BHK Flat for Sale in Palam, New Delhi",7080829.365,Unknown,Ready to Move,1 out of 4,New Property,North - East,"Garden/Park, Pool",Leasehold,2,3,Delhi, Palam,3532,2,990.9399773,2014,Registered,Yes,Yes
"2 BHK Flat for Sale in Wave Trucia, Wave City Center, Sector 32, Noida City centre Metro, Noida",24277129.25,Unknown,Ready to Move,11 out of 20,Resale,North - West,"Garden/Park, Main Road",Freehold,2,3,Noida, Wave Trucia,7747,2,1548.986705,2014,Registered,Yes,No
3 BHK House for Sale in Sigma 3 Greater Noida,40461882.09,Unknown,Ready to Move,Ground out of 1,Resale,East,"Pool, Garden/Park, Main Road",Freehold,2,2,Noida, Sigma 3 Greater Noida,9290,3,2152.85253,2014,Registered,Yes,Yes
"3 BHK Flat for Sale in SG Shikhar Height, Siddhartha Vihar, NH 24, Ghaziabad",18268539.76,Unknown,Ready to Move,3 out of 5,New Property,North - East,"Garden/Park, Main Road",Freehold,3,2,Ghaziabad, SG Shikhar Height,6450,3,1400,2014,Not Registered,No,No
"4 BHK Flat for Sale in Bank Vihar Apartments, Pitampura, New Delhi",45519617.35,Unknown,Ready to Move,2 out of 4,Resale,North - East,"Garden/Park, Pool, Main Road",Freehold,3,1,Delhi, Bank Vihar Apartments,17308,4,1299.976889,2014,Registered,Yes,Yes
"4 BHK Flat for Sale in West End, New Delhi",145662775.5,Unknown,Ready to Move,1 out of 3,Resale,South -West,Garden/Park,Freehold,4,4,Delhi, West End,18000,4,4000,2014,Registered,Yes,Yes
"3 BHK Flat for Sale in Suncity, Sector 54, DLF Golf Course Road, Gurgaon",50577352.61,Unknown,Poss. by Jun '25,5 out of 10,New Property,North - East,Main Road,Leasehold,3,4,Gurgaon, Suncity,13889,3,1799.9856,2014,Registered,Yes,Yes
"3 BHK Flat for Sale in SPS Residency, Vaibhav Khand, Indirapuram, Ghaziabad",15173205.78,Unknown,Ready to Move,Ground out of 4,Resale,Not specified,Road,Power Of Attorney,3,2,Ghaziabad, SPS Residency,5769,3,1300.052002,2014,Registered,Yes,Yes
5 BHK House for Sale in Rohini New Delhi,36415693.88,Unknown,Ready to Move,2 out of 4,Resale,Not specified,Road,Not specified,5,1,Delhi, Rohini New Delhi,10588,5,1700.037779,2014,Registered,Yes,Yes
"3 BHK Flat for Sale in DDA Shanti Kunj Apartment, Dwarka Sector 9, New Delhi",27311770.41,Unknown,Ready to Move,5 out of 10,Resale,Not specified,Road,Not specified,2,2,Delhi, DDA Shanti Kunj Apartment,8710,3,1549.942595,2014,Not Registered,Yes,No
" Studio Apartment for Sale in Paragon Code 57, Sector 57, Gurgaon",30346411.57,Unknown,Ready to Move,1 out of 3,Resale,Not specified,Road,Not specified,2,2,Gurgaon, Paragon Code 57,12397,1,1209.970154,2014,Not Registered,Yes,Yes
"4 BHK Flat for Sale in Chhattarpur, New Delhi",11127017.57,Unknown,Ready to Move,6 out of 10,Resale,Not specified,Road,Not specified,3,2,Delhi, Chhattarpur,2500,4,2200,2014,Registered,Yes,Yes
"4 BHK Flat for Sale in Palm Green Apartment, Dwarka, New Delhi",51588899.66,Unknown,Ready to Move,15 out of 16,Resale,Not specified,Road,Not specified,3,2,Delhi, Palm Green Apartment,10851,4,2350.013824,2014,Not Registered,Yes,Yes
"3 BHK Flat for Sale in Paramount Golfforeste Premium Apartments, Sector-Zeta, Greater Noida",12907340.39,Unknown,Ready to Move,6 out of 9,New Property,Not specified,Road,Not specified,2,2,Noida, Paramount Golfforeste Premium Apartments,4100,3,1556.097561,2014,Registered,Yes,Yes
"4 BHK Flat for Sale in Rajnagar Residency, Raj Nagar Extension, Ghaziabad",93062328.8,Unknown,Ready to Move,8 out of 19,New Property,Not specified,Road,Not specified,4,2,Ghaziabad, Rajnagar Residency,7302,4,6299.643933,2014,Registered,Yes,No
"3 BHK Flat for Sale in New CRPF CGHS, Sector 9A, Gurgaon",15173205.78,Unknown,Ready to Move,1 out of 4,Resale,Not specified,Road,Not specified,3,2,Gurgaon, New CRPF CGHS,4717,3,1589.99364,2014,Registered,No,Yes
"2 BHK Flat for Sale in Supertech Capetown, Sector 74, Noida",13150111.68,Unknown,Ready to Move,Ground out of 3,Resale,Not specified,Road,Not specified,2,2,Noida, Supertech Capetown,6989,2,930.0329089,2014,Registered,No,No
"2 BHK Flat for Sale in Shakti Khand 2, Indirapuram, Ghaziabad",10520089.34,Unknown,Ready to Move,4 out of 22,Resale,Not specified,Road,Not specified,2,2,Ghaziabad, Shakti Khand 2,5200,2,1000,2014,Registered,Yes,Yes
"4 BHK Flat for Sale in Irish Pearls, Greater Noida West, Greater Noida",26097913.95,Unknown,Ready to move,2 out of 3,Resale,Not specified,Road,Not specified,4,2,Noida, Irish Pearls,6500,4,1984.615385,2014,Not Registered,Yes,Yes
"3 BHK Flat for Sale in Model Town Phase 2, New Delhi",56646634.92,Unknown,Ready to move,2 out of 4,Resale,Not specified,Road,Not specified,3,2,Delhi, Model Town Phase 2,15556,3,1799.948573,2014,Registered,Yes,Yes
"3 BHK Flat for Sale in Build Wick Iconic Homes, Chhattarpur Enclave Phase2, New Delhi",13959349.32,Unknown,Ready to move,2 out of 4,New Property,Not specified,Road,Not specified,2,2,Delhi, Build Wick Iconic Homes,5750,3,1200,2014,Registered,No,Yes
"3 BHK Flat for Sale in Vasundhara Sector 14, Ghaziabad",20230941.04,Saransh Realtors,Ready to Move,1 out of 3,New Property,West,Main Road,Freehold,2,1,Ghaziabad, Vasundhara Sector 14,5556,3,1799.856012,2014,Registered,Yes,No
"3 BHK Flat for Sale in Jagriti Enclave, Anand Vihar, New Delhi",22658653.97,Unknown,Ready to Move,Ground out of 4,New Property,North,Garden/Park,Freehold,2,1,Delhi, Jagriti Enclave,13099,3,855.0271013,2014,Registered,Yes,Yes
5 BHK House for Sale in Rani Bagh New Delhi,80923764.17,Unknown,Ready to Move,3 out of 4,Resale,East,Garden/Park,Leasehold,2,3,Delhi, Rani Bagh New Delhi,160000,5,250,2014,Registered,No,No
"10 BHK House for Sale in Sector 52 RWA, Sector 52 Block B Noida",161645218.9,Unknown,Ready to Move,Lower Basement out of 4,Resale,North - West,"Garden/Park, Pool",Leasehold,2,2,Noida, Sector 52 RWA,16516,10,4837.733107,2014,Not Registered,Yes,No
"1 BHK Flat for Sale in Sector 135, Noida Express Way, Noida",8496995.238,Unknown,Ready to Move,2 out of 4,Resale,East,"Garden/Park, Main Road",Freehold,1,2,Noida, Sector 135,5419,1,775.0507474,2014,Registered,Yes,No
"3 BHK Flat for Sale in Hero Homes, Sector 104, Gurgaon",26300223.36,Unknown,Poss. by Dec '24,11 out of 35,Resale,North - East,"Garden/Park, Pool, Main Road",Freehold,3,3,Gurgaon, Hero Homes,9566,3,1358.97972,2014,Registered,No,Yes
2 BHK House for Sale in Vivek Vihar New Delhi,10520089.34,Unknown,Ready to Move,12 out of 24,Resale,West,"Garden/Park, Pool",Leasehold,2,5,Delhi, Vivek Vihar New Delhi,5503,2,944.9391241,2014,Registered,No,Yes
"3 BHK Flat for Sale in ACE Golfshire, Sector 150, Pusta Road, Noida",29334864.51,Unknown,Ready to Move,Ground out of 3,Resale,North - East,"Garden/Park, Main Road",Freehold,2,2,Noida, ACE Golfshire,8657,3,1674.945131,2014,Registered,Yes,Yes
1 BHK Flat for Sale in New Delhi,11127017.57,Unknown,Ready to Move,2 out of 4,Resale,North,"Garden/Park, Main Road",Freehold,2,4,Delhi, New Delhi,12222,1,450.008182,2014,Registered,Yes,Yes
"2 BHK Flat for Sale in Rohini Sector 7, New Delhi",30346411.57,Unknown,Ready to Move,8 out of 23,Resale,North,Garden/Park,Leasehold,1,1,Delhi, Rohini Sector 7,18750,2,800,2014,Registered,No,Yes
"3 BHK Flat for Sale in ATS Le Grandiose, Sector 150, Pusta Road, Noida",38438787.98,Unknown,Ready to Move,4 out of 7,Resale,North - East,Garden/Park,Freehold,3,5,Noida, ATS Le Grandiose,8261,3,2299.963685,2014,Registered,Yes,Yes
"3 BHK Flat for Sale in DDA Azad Apartment, Sri Aurobindo Marg, New Delhi",40259572.68,Unknown,Ready to Move,14 out of 15,Resale,East,Road,Freehold,2,3,Delhi, DDA Azad Apartment,15920,3,1250,2014,Registered,Yes,Yes
"3 BHK Flat for Sale in Ansal Royal Heritage, Sector 70, Faridabad",14768586.96,Unknown,Ready to Move,1 out of 5,Resale,Not specified,Road,Freehold,3,2,Faridabad, Ansal Royal Heritage,4022,3,1815.017404,2014,Registered,Yes,Yes
"2 BHK Flat for Sale in Mehrauli, New Delhi",20230941.04,Unknown,Ready to Move,9 out of 37,Resale,Not specified,Road,Freehold,2,3,Delhi, Mehrauli,12500,2,800,2014,Registered,Yes,Yes
"3 BHK Flat for Sale in Wave Amore, Wave City Center, Sector 32, Noida City centre Metro, Noida",45317307.94,Unknown,Ready to Move,27 out of 27,Resale,Not specified,Road,Not specified,4,2,Noida, Wave Amore,10501,3,2133.130178,2014,Registered,No,Yes
"5 BHK Flat for Sale in Sundar Nagar, New Delhi",404618820.9,Unknown,Ready to Move,1 out of 14,Resale,Not specified,Road,Not specified,5,2,Delhi, Sundar Nagar,4889,5,40908.16118,2014,Registered,Yes,Yes
"3 BHK Flat for Sale in NH 24, Ghaziabad",11127017.57,Unknown,Ready to Move,14 out of 14,Resale,Not specified,Road,Not specified,2,2,Ghaziabad, NH 24,5581,3,985.486472,2014,Registered,No,No
"2 BHK Flat for Sale in Panchsheel Greens, Noida Extension, Noida",12138564.63,Unknown,Ready to Move,Ground out of 4,Resale,Not specified,Road,Not specified,2,2,Noida, Panchsheel Greens,8460,2,709.2198582,2014,Registered,Yes,No
4 BHK Villa for Sale in West End New Delhi,526004467.1,Unknown,Ready to Move,2 out of 4,Resale,Not specified,Road,Not specified,4,2,Delhi, West End New Delhi,8889,4,29249.63438,2014,Registered,Yes,No
"3 BHK Flat for Sale in West Rohtash Nagar, New Delhi",17803228.12,Unknown,Ready to Move,1 out of 4,Resale,Not specified,Road,Not specified,2,2,Delhi, West Rohtash Nagar,7200,3,1222.222222,2014,Not Registered,Yes,Yes
"2 BHK Flat for Sale in Dwarka Sector 3, New Delhi",14566277.55,Unknown,Ready to Move,4 out of 10,Resale,Not specified,Road,Not specified,2,2,Delhi, Dwarka Sector 3,6667,2,1079.946003,2014,Registered,Yes,No
"2 BHK Flat for Sale in Shalimar City, Shalimar Garden Extension 1, Ghaziabad",6676210.544,Unknown,Ready to Move,Ground out of 3,Resale,Not specified,Road,Not specified,2,2,Ghaziabad, Shalimar City,9400,2,351.0638298,2014,Registered,Yes,Yes
"3 BHK Flat for Sale in Amarpali Group, Greater Noida",18207846.94,Unknown,Ready to Move,1 out of 4,Resale,Not specified,Road,Not specified,3,2,Noida, Amarpali Group,15000,3,600,2014,Registered,Yes,No
"4 BHK Flat for Sale in Orchid Island, Orchid Island, Sector 51, Sohna Road, Gurgaon",47542711.45,Unknown,Ready to Move,3 out of 3,New Property,Not specified,Road,Not specified,4,2,Gurgaon, Orchid Island,11000,4,2136.363636,2014,Registered,Yes,Yes
"2 BHK Flat for Sale in Malka Ganj, New Delhi",60692823.13,Unknown,Ready to Move,2 out of 4,Resale,Not specified,Road,Not specified,2,2,Delhi, Malka Ganj,7631,2,7953.456052,2014,Not Registered,Yes,Yes
"2 BHK Flat for Sale in Ramesh Nagar, New Delhi",22254035.15,Unknown,Ready to move,2 out of 4,New Property,Not specified,Road,Not specified,2,2,Delhi, Ramesh Nagar,7631,2,2916.267219,2014,Registered,Yes,No
"2 BHK Flat for Sale in DDA Azad Apartment, Sri Aurobindo Marg, New Delhi",45519617.35,HR Real Estate,Ready to Move,1 out of 7,Resale,East,"Pool, Garden/Park, Main Road",Freehold,2,1,Delhi, DDA Azad Apartment,18750,2,1200,2014,Not Registered,Yes,Yes
"2 BHK Flat for Sale in Ajnara Le Garden, Greater Noida West, Greater Noida",8092376.417,Unknown,Ready to Move,8 out of 22,Resale,South -West,Main Road,Leasehold,2,3,Noida, Ajnara Le Garden,4020,2,995.0248756,2014,Registered,Yes,No
"8 BHK House for Sale in Vijay Enclave, Mahavir Enclave New Delhi",30346411.57,Unknown,Ready to Move,2 out of 2,Resale,North - East,"Garden/Park, Main Road",Leasehold,6,2,Delhi, Vijay Enclave,125000,8,120,2014,Registered,Yes,Yes
"10 BHK House for Sale in Khora Colony, Sector 62A Noida",13150111.68,Unknown,Ready to Move,1 out of 3,Resale,North - East,"Garden/Park, Pool, Main Road",Leasehold,3,3,Noida, Khora Colony,2736,10,2375.730994,2014,Not Registered,No,Yes
"2 BHK Flat for Sale in Aditya Urban Casa, Sector 78, Noida",10924708.16,Unknown,Ready to Move,12 out of 14,Resale,West,Main Road,Freehold,2,5,Noida, Aditya Urban Casa,6171,2,875.0607681,2014,Registered,Yes,Yes
"3 BHK Flat for Sale in Neelkanth Apartments, Sector 62, NH 24, Noida",19219393.99,Unknown,Ready to Move,1 out of 8,Resale,East,"Garden/Park, Main Road",Freehold,3,2,Noida, Neelkanth Apartments,5135,3,1850.048685,2014,Registered,No,Yes
"4 BHK Flat for Sale in The Islands by Gaurs, Jaypee Greens, Greater Noida",81935311.23,Unknown,Poss. by Sep '25,26 out of 40,New Property,North - West,"Garden/Park, Pool",Freehold,4,2,Noida, The Islands by Gaurs,11008,4,3679.142442,2014,Not Registered,Yes,No
"3 BHK Flat for Sale in SRS Royal Hills Phase 1, Sector 87, Faridabad",12138564.63,Unknown,Ready to Move,Ground out of 14,Resale,North - East,Main Road,Freehold,2,4,Faridabad, SRS Royal Hills Phase 1,5455,3,1099.908341,2014,Not Registered,No,No
"1 BHK Flat for Sale in Loni Road Main Durga Puri, Ghaziabad",5260044.671,Unknown,Ready to Move,2 out of 12,New Property,North - East,Garden/Park,Freehold,1,1,Ghaziabad, Loni Road Ma Durga Puri,4971,1,523.0335949,2014,Registered,Yes,Yes
"2 BHK Flat for Sale in Avantika Colony, Shastri Nagar, Ghaziabad",7384293.481,Unknown,Ready to Move,1 out of 3,New Property,North - West,"Garden/Park, Pool",Freehold,2,2,Ghaziabad, Avantika Colony,3174,2,1149.968494,2014,Registered,Yes,Yes
"2 BHK Flat for Sale in Vasundhara Sector 17, Ghaziabad",10924708.16,Unknown,Ready to Move,2 out of 4,Resale,East,Main Road,Freehold,2,5,Ghaziabad, Vasundhara Sector 17,5902,2,914.9440868,2014,Not Registered,Yes,Yes
"4 BHK Flat for Sale in Omaxe The Forest SPA, Suraj Kund, Sector 37, Faridabad",57051253.74,Unknown,Ready to Move,8 out of 17,Resale,East,"Garden/Park, Main Road",Leasehold,4,1,Faridabad, Omaxe The Forest SPA,6773,4,4163.590728,2014,Not Registered,No,Yes
"3 BHK House for Sale in Sector 21A, Mathura Road Faridabad",113293269.8,Unknown,Ready to Move,1 out of 1,Resale,North,"Garden/Park, Main Road",Freehold,3,6,Faridabad, Sector 21A,11630,3,4815.133276,2014,Registered,Yes,Yes
"4 BHK Flat for Sale in Judges Enclave, Indirapuram, Ghaziabad",16184752.83,Unknown,Ready to Move,Ground out of 3,Resale,East,Main Road,Freehold,3,5,Ghaziabad, Judges Enclave,8663,4,923.4676209,2014,Not Registered,Yes,Yes
"3 BHK Flat for Sale in JMD Gardens, Sector 33, Gurgaon",35404146.83,Unknown,Ready to Move,6 out of 18,Resale,North - East,Main Road,Leasehold,4,2,Gurgaon, JMD Gardens,7105,3,2463.054187,2014,Not Registered,Yes,Yes
"4 BHK Flat for Sale in Saviour Park, Mohan Nagar, Rajendra Nagar, Ghaziabad",27311770.41,Unknown,Ready to Move,7 out of 12,Resale,East,Road,Freehold,3,4,Ghaziabad, Saviour Park,6544,4,2062.958435,2014,Registered,Yes,No
"1 BHK Flat for Sale in Pimpri Chinchwad, Noida",7283138.776,Unknown,Ready to Move,10 out of 17,Resale,North - East,Road,Freehold,1,2,Noida, Pimpri Chinchwad,7906,1,455.3503668,2014,Registered,Yes,Yes
"3 BHK Flat for Sale in Gaur Homes, Govindpuram, Ghaziabad",11733945.81,Unknown,Ready to Move,3 out of 12,Resale,Not specified,Road,Not specified,2,3,Ghaziabad, Gaur Homes,13889,3,417.5966592,2014,Registered,Yes,Yes
"4 BHK Flat for Sale in Omaxe Forest Spa, Sector 93B, Noida Express Way, Noida",121385646.3,Unknown,Ready to Move,14 out of 18,Resale,Not specified,Road,Not specified,4,2,Noida, Omaxe Forest Spa,21600,4,2777.777778,2014,Registered,No,No
"3 BHK Flat for Sale in Gagan Vihar CGHS Ltd, Krishna Nagar, New Delhi",34392599.77,Unknown,Ready to Move,4 out of 4,New Property,Not specified,Road,Not specified,2,2,Delhi, Gagan Vihar CGHS Ltd,8250,3,2060.606061,2014,Registered,Yes,Yes
"3 BHK Flat for Sale in Vijayant Enclave, Sector 29, Noida",33381052.72,Unknown,Ready to Move,1 out of 3,Resale,Not specified,Road,Not specified,3,2,Noida, Vijayant Enclave,6799,3,2426.827475,2014,Registered,Yes,Yes
"3 BHK Flat for Sale in Ramprastha The Rise, Sector 37D, Delhi Gurgaon Expressway, Gurgaon",24277129.25,Unknown,Ready to Move,11 out of 25,New Property,Not specified,Road,Not specified,3,2,Gurgaon, Ramprastha The Rise,10904,3,1100.513573,2014,Not Registered,Yes,Yes
"3 BHK Flat for Sale in Daryaganj, New Delhi",34392599.77,Unknown,Ready to Move,2 out of 3,Resale,Not specified,Road,Not specified,2,2,Delhi, Daryaganj,18148,3,936.7423408,2014,Not Registered,Yes,Yes
5 BHK House for Sale in Rohini sec 11 New Delhi,99131611.11,Unknown,Ready to Move,2 out of 4,Resale,Not specified,Road,Not specified,5,2,Delhi, Rohini sec 11 New Delhi,3000,5,16333.33333,2014,Registered,Yes,No
"3 BHK Flat for Sale in Shalimar garden, Ghaziabad",8496995.238,Unknown,Ready to move,1 out of 4,Resale,Not specified,Road,Not specified,2,2,Ghaziabad, Shalimar garden,7631,3,1113.483847,2014,Registered,Yes,Yes
"2 BHK Flat for Sale in Aggarwal Builder Floors, Uttam Nagar, New Delhi",4551961.735,Unknown,Ready to Move,2 out of 4,Resale,North,Main Road,Freehold,2,1,Delhi, Aggarwal Builder Floors,4091,2,549.987778,2014,Registered,Yes,Yes
"1 BHK Flat for Sale in Dilshad Colony, New Delhi",5361199.377,Unknown,Ready to Move,Ground out of 4,Resale,East,"Garden/Park, Main Road",Freehold,1,1,Delhi, Dilshad Colony,7361,1,360.005434,2014,Registered,Yes,No
"3 BHK Flat for Sale in Arihant Apartment, Sector 56, Gurgaon",27109461,Unknown,Ready to Move,4 out of 8,Resale,North,"Garden/Park, Main Road",Freehold,3,3,Gurgaon, Arihant Apartment,6700,3,2000,2014,Registered,No,No
"3 BHK Flat for Sale in RWA Greater Kailash 1, Greater Kailash 1, New Delhi",52398137.3,Unknown,Ready to Move,2 out of 4,Resale,North,Garden/Park,Freehold,3,2,Delhi, RWA Greater Kailash 1,13835,3,1872.063607,2014,Registered,Yes,No
"1 BHK Flat for Sale in GDA Block C, Lajpat Nagar Sector 4, Rajendra Nagar, Ghaziabad",4046188.209,Unknown,Ready to Move,Ground out of 4,Resale,South,Main Road,Freehold,1,2,Ghaziabad, GDA Block C,2778,1,719.9424046,2014,Registered,Yes,Yes
"4 BHK House for Sale in Khanpur Colony, null New Delhi",9103923.47,Unknown,Ready to Move,Ground out of 4,Resale,North,"Main Road, Garden/Park",Freehold,4,2,Delhi, Khanpur Colony,20000,4,225,2014,Registered,No,Yes
"2 BHK Flat for Sale in Shahdara, New Delhi",7332581.605,Unknown,Ready to Move,5 out of 6,Resale,East,"Garden/Park, Pool, Main Road",Freehold,1,3,Delhi, Shahdara,4853,2,783.0208119,2015,Registered,Yes,No
"1 BHK Flat for Sale in East Avenue, Sector 73, Noida Express Way, Noida",2894440.107,Unknown,Ready to Move,8 out of 15,Resale,East,"Garden/Park, Pool, Main Road",Freehold,1,3,Noida, East Avenue,3750,1,400,2015,Not Registered,Yes,No
"2 BHK Flat for Sale in Sector 102, Gurgaon",15437013.9,Unknown,Ready to Move,3 out of 4,Resale,North - East,Garden/Park,Freehold,2,1,Gurgaon, Sector 102,8743,2,915.0177285,2015,Registered,Yes,Yes
3 BHK House for Sale in Sultanpur New Delhi,154370139,Unknown,Ready to Move,15 out of 20,Resale,Not specified,Road,Freehold,3,3,Delhi, Sultanpur New Delhi,21333,3,3750.058595,2015,Not Registered,No,Yes
"3 BHK Flat for Sale in Park View Sanskruti, Dhorka, Sector 92, Pataudi Road, Gurgaon",31838841.18,Unknown,Poss. by Jan '24,13 out of 21,Resale,Not specified,Road,Not specified,3,2,Gurgaon, Park View Sanskruti,7783,3,2120.005139,2015,Registered,No,Yes
"2 BHK Flat for Sale in Ace Platinum, Zeta 1, Greater Noida",10612947.06,Unknown,Ready to Move,2 out of 4,New Property,Not specified,Road,Not specified,2,1,Noida, Ace Platinum,4783,2,1149.905917,2015,Registered,No,Yes
"1 BHK Flat for Sale in DDA LIG Flats Rohini, Rohini, New Delhi",12542573.8,Unknown,Ready to Move,10 out of 27,New Property,Not specified,Road,Not specified,1,2,Delhi, DDA LIG Flats Rohini,10078,1,644.9692399,2015,Registered,Yes,Yes
"2 BHK Flat for Sale in Godrej Woods, Sector 43, Noida",31838841.18,Unknown,Ready to Move,2 out of 3,Resale,Not specified,Road,Not specified,2,1,Noida, Godrej Woods,15670,2,1052.967454,2015,Registered,Yes,Yes
"3 BHK Flat for Sale in Orchid Island, Sector 51, Gurgaon",31838841.18,Unknown,Ready to Move,14 out of 16,Resale,Not specified,Road,Not specified,3,3,Gurgaon, Orchid Island,10312,3,1600.07758,2015,Registered,Yes,Yes
"2 BHK Flat for Sale in Madhuban Bapudham, Ghaziabad",10419984.39,Unknown,Poss. by Aug '26,4 out of 4,Resale,Not specified,Road,Not specified,2,1,Ghaziabad, Madhuban Bapudham,4013,2,1345.626713,2015,Registered,Yes,Yes
"1 BHK Flat for Sale in Lajpat Nagar 2, New Delhi",14472200.54,Unknown,Ready to Move,8 out of 14,Resale,Not specified,Road,Not specified,1,2,Delhi, Lajpat Nagar 2,16667,1,449.9910002,2015,Registered,No,Yes
"4 BHK Flat for Sale in Orchid IVY, Sector 51, Gurgaon",67536935.83,Unknown,Ready to Move,2 out of 2,New Property,Not specified,Road,Not specified,4,2,Gurgaon, Orchid IVY,10938,4,3199.853721,2015,Registered,Yes,Yes
"3 BHK Flat for Sale in Panchsheel Greens Mart , Sector 16, Greater Noida",14472200.54,Unknown,Ready to move,2 out of 4,Resale,Not specified,Road,Not specified,3,2,Noida, Panchsheel Greens Mart ,5556,3,1349.892009,2015,Registered,Yes,No
"2 BHK House for Sale in St Nagar Burari, Burari New Delhi",12542573.8,Unknown,Ready to move,2 out of 4,Resale,Not specified,Road,Not specified,1,2,Delhi, St Nagar Burari,9000,2,722.2222222,2015,Registered,Yes,Yes
"2 BHK Flat for Sale in Saya Gold Avenue, Indirapuram, Ghaziabad",18755971.89,Unknown,Ready to move,2 out of 4,New Property,Not specified,Road,Not specified,2,2,Ghaziabad, Saya Gold Avenue,8464,2,1148.393195,2015,Registered,Yes,No
"2 BHK Flat for Sale in Charmwood Village, Sector 39, Suraj Kund Badkhal Road, Faridabad",13507387.17,Unknown,Ready to move,2 out of 4,Resale,Not specified,Road,Not specified,2,2,Faridabad, Charmwood Village,7631,2,1770.067772,2015,Not Registered,Yes,No
"1 BHK House for Sale in Mohan Garden, Razapur Khurd New Delhi",8683320.321,Mark Real Esstate,Ready to Move,3 out of 3,Resale,South - East,Garden/Park,Freehold,3,1,Delhi, Mohan Garden,12500,1,360,2015,Not Registered,Yes,Yes
"3 BHK Flat for Sale in Asian Games Village Complex, Siri Fort, New Delhi",106129470.6,GMT Realtors,Ready to Move,1 out of 3,Resale,North,"Garden/Park, Pool, Main Road",Leasehold,3,4,Delhi, Asian Games Village Complex,27778,3,1979.98416,2015,Not Registered,No,Yes
"5 BHK House for Sale in DLF City Plot Phase 1, DLF City Phase 1 Gurgaon",264358863.1,Sai Kripa Associates,Ready to Move,Ground out of 2,Resale,North - East,Garden/Park,Freehold,5,3,Gurgaon, DLF City Plot Phase 1,21077,5,6499.976277,2015,Registered,Yes,Yes
"4 BHK Flat for Sale in Rwa GK 1, Greater Kailash 1, New Delhi",125425738,Unknown,Ready to Move,1 out of 3,New Property,North - East,"Garden/Park, Main Road",Freehold,2,3,Delhi, Rwa GK 1,14444,4,4500.138466,2015,Registered,Yes,No
"4 BHK Flat for Sale in Trehan Luxury Floors, Golf course Extension Road, Gurgaon",32224766.53,Unknown,Ready to Move,4 out of 4,New Property,East,Garden/Park,Freehold,3,3,Gurgaon, Trehan Luxury Floors,7131,4,2341.887533,2015,Registered,No,No
3 BHK Villa for Sale in Noida Extension Noida,25085147.6,Unknown,Ready to Move,20 out of 28,Resale,North - East,Main Road,Freehold,2,3,Noida, Noida Extension Noida,10833,3,1200.036924,2015,Registered,Yes,Yes
> 10 BHK Villa for Sale in New Friends Colony New Delhi,482406684.5,Unknown,Ready to Move,1 out of 5,Resale,North - East,Garden/Park,Freehold,2,5,Delhi, New Friends Colony New Delhi,8400,10,29761.90476,2015,Registered,Yes,Yes
"1 BHK Flat for Sale in Beri Wala Bagh-Hari Nagar, New Delhi",8104432.3,Unknown,Ready to Move,12 out of 31,Resale,East,"Garden/Park, Main Road",Freehold,1,3,Delhi, Beri Wala Bagh-Hari Nagar,4308,1,974.9303621,2015,Registered,No,No
"3 BHK Flat for Sale in Devika Apartments, Vaishali, Ghaziabad",21611819.47,Unknown,Ready to Move,2 out of 4,Resale,East,Garden/Park,Freehold,4,1,Ghaziabad, Devika Apartments,11534,3,971.0421363,2015,Registered,Yes,No
"4 BHK Flat for Sale in UGCC Burgundy, Sector 96, Noida",89534680.65,Unknown,Ready to Move,17 out of 30,Resale,South - East,"Garden/Park, Main Road",Freehold,6,2,Noida, UGCC Burgundy,5473,4,8477.982825,2015,Registered,Yes,No
"5 BHK Flat for Sale in Laxmi Nagar, New Delhi",19296267.38,Unknown,Ready to Move,6 out of 9,Resale,North - East,Garden/Park,Leasehold,2,4,Delhi, Laxmi Nagar,15193,5,658.1978543,2015,Registered,No,Yes
"3 BHK Flat for Sale in Emaar Digi Homes, Sector 62, Gurgaon",75255442.79,Unknown,Ready to Move,3 out of 3,New Property,North - East,Road,Freehold,2,2,Gurgaon, Emaar Digi Homes,12549,3,3107.817356,2015,Registered,Yes,No
"4 BHK Flat for Sale in Surbhi Apartment, Sushant Lok, Gurgaon",61748055.62,Unknown,Ready to Move,Ground out of 4,Resale,North - East,Road,Not specified,3,5,Gurgaon, Surbhi Apartment,8333,4,3840.153606,2015,Registered,Yes,Yes
"7 BHK House for Sale in Sector 53 Block A, Ashok Marg Noida",67536935.83,Unknown,Ready to Move,2 out of 3,Resale,Not specified,Road,Not specified,6,2,Noida, Sector 53 Block A,4519,7,7745.076344,2015,Registered,Yes,No
"3 BHK Flat for Sale in Vaishnavi Kunj, Rajendra Nagar Sector 2, Ghaziabad",11770723.1,Unknown,Ready to Move,Ground out of 2,Resale,Not specified,Road,Not specified,2,2,Ghaziabad, Vaishnavi Kunj,11966,3,509.7777035,2015,Registered,Yes,Yes
4 BHK House for Sale in Vivek Vihar Phase 1 New Delhi,67536935.83,Unknown,Ready to Move,3 out of 3,Resale,Not specified,Road,Not specified,3,2,Delhi, Vivek Vihar Phase 1 New Delhi,28673,4,1220.660552,2015,Registered,No,Yes
9 BHK House for Sale in P block sector 12 Noida,96481336.9,Unknown,Ready to Move,6 out of 14,Resale,Not specified,Road,Not specified,9,2,Noida, P block sector 12 Noida,3294,9,15179.11354,2015,Registered,Yes,Yes
"2 BHK Flat for Sale in Shastri Nagar, Ghaziabad",5402954.867,Unknown,Ready to Move,Ground out of 4,New Property,Not specified,Road,Not specified,2,2,Ghaziabad, Shastri Nagar,3913,2,715.5635063,2015,Registered,Yes,No
"2 BHK Flat for Sale in Highend Paradise, Raj Nagar Extension, Ghaziabad",6251990.631,Unknown,Ready to Move,2 out of 5,Resale,Not specified,Road,Not specified,2,2,Ghaziabad, Highend Paradise,24074,2,134.5850295,2015,Registered,Yes,Yes
"4 BHK Flat for Sale in Mahagun Manorialle, Sector 128, Noida Express Way, Noida",150703848.2,Unknown,Ready to move,2 out of 4,Resale,Not specified,Road,Not specified,5,2,Noida, Mahagun Manorialle,19097,4,4089.647589,2015,Not Registered,Yes,Yes
"2 BHK Flat for Sale in Mandi, New Delhi",8683320.321,Unknown,Ready to Move,1 out of 4,Resale,East,"Pool, Garden/Park, Main Road",Freehold,2,4,Delhi, Mandi,5294,2,850.0188893,2015,Registered,Yes,Yes
"1 BHK Flat for Sale in Mayur Vihar, New Delhi",5209992.193,Unknown,Ready to Move,Ground out of 2,Resale,North,"Garden/Park, Main Road",Freehold,1,2,Delhi, Mayur Vihar,6667,1,404.979751,2015,Registered,No,Yes
"4 BHK Flat for Sale in The Orchard, Sohna Gurgaon Road, Gurgaon",67536935.83,Unknown,Poss. by Nov '24,2 out of 4,Resale,North,"Garden/Park, Main Road",Freehold,4,1,Gurgaon, The Orchard,16516,4,2119.157181,2015,Registered,Yes,No
> 10 BHK Villa for Sale in Sector 92 Noida,154370139,Unknown,Ready to Move,1 out of 3,Resale,North,Garden/Park,Freehold,2,2,Noida, Sector 92 Noida,4180,10,19138.75598,2015,Registered,No,Yes
"3 BHK Flat for Sale in Mahendra Park, Jhangir Puri, New Delhi",8683320.321,Unknown,Ready to Move,Upper Basement out of 2,Resale,South -West,Main Road,Leasehold,1,2,Delhi, Mahendra Park,4706,3,956.2260943,2015,Registered,No,Yes
"2 BHK Flat for Sale in Shalimar garden, Ghaziabad",7718506.952,Unknown,Ready to Move,2 out of 3,Resale,North - East,"Garden/Park, Main Road",Freehold,2,4,Ghaziabad, Shalimar garden,2647,2,1511.144692,2015,Registered,Yes,No
"3 BHK Flat for Sale in Aastha Kunj Apartments, Rohini, New Delhi",25085147.6,Unknown,Ready to Move,2 out of 4,New Property,East,"Garden/Park, Pool",Freehold,2,1,Delhi, Aastha Kunj Apartments,7449,3,1745.200698,2015,Not Registered,No,Yes
"3 BHK Flat for Sale in Supertech ORB Noida, Sector 74, Noida",38592534.76,Unknown,Ready to Move,2 out of 3,Resale,North,Main Road,Leasehold,3,3,Noida, Supertech ORB Noida,17647,3,1133.337111,2015,Registered,Yes,Yes
"2 BHK Flat for Sale in Nangloi Saiyed, Paschim Vihar, New Delhi",10419984.39,Unknown,Ready to Move,1 out of 1,Resale,East,Garden/Park,Freehold,2,2,Delhi, Nangloi Saiyed,5556,2,971.9222462,2015,Registered,Yes,Yes
"4 BHK Flat for Sale in Sector 21C, Mathura Road, Faridabad",48240668.45,Unknown,Ready to Move,3 out of 4,New Property,Not specified,"Garden/Park, Pool, Main Road",Freehold,4,2,Faridabad, Sector 21C,17708,4,1411.791281,2015,Registered,Yes,No
"3 BHK Flat for Sale in Laxmi Nagar, New Delhi",9648133.69,Unknown,Ready to Move,2 out of 4,Resale,Not specified,Main Road,Freehold,2,1,Delhi, Laxmi Nagar,6968,3,717.5660161,2015,Registered,No,Yes
"4 BHK Flat for Sale in Sushant Lok Builder Floors, Sushant Lok-I, Sector 43, Gurgaon",82009136.37,Unknown,Ready to Move,Ground out of 3,New Property,Not specified,Road,Freehold,4,1,Gurgaon, Sushant Lok Builder Floors,4840,4,8780.991736,2015,Registered,No,Yes
"1 BHK Flat for Sale in Vaishali Sector 1, Ghaziabad",3917142.278,Unknown,Ready to Move,7 out of 30,Resale,Not specified,Road,Not specified,1,4,Ghaziabad, Vaishali Sector 1,7434,1,273.0696798,2015,Registered,Yes,Yes
" Studio Apartment for Sale in Supertech North Eye, Sector 74, Noida",8104432.3,Unknown,Ready to Move,6 out of 12,Resale,Not specified,Road,Not specified,1,3,Noida, Supertech North Eye,4053,1,1036.26943,2015,Registered,No,Yes
"2 BHK Flat for Sale in sai park Apartment sector 87, Sector 87, Faridabad",8876282.995,Unknown,Ready to Move,1 out of 6,Resale,Not specified,Road,Not specified,2,2,Faridabad, sai park Apartment sector 87,4875,2,943.5897436,2015,Not Registered,Yes,Yes
"3 BHK Flat for Sale in Stellar Sigma Apartments, Sigma 4, Greater Noida",16401827.27,Unknown,Ready to Move,10 out of 14,Resale,Not specified,Road,Not specified,3,2,Noida, Stellar Sigma Apartments,6468,3,1314.162028,2015,Registered,Yes,Yes
"1 BHK Flat for Sale in Surya Heights, NH 24, Ghaziabad",3762772.139,Unknown,Ready to Move,Ground out of 2,New Property,Not specified,Road,Not specified,1,2,Ghaziabad, Surya Heights,10889,1,179.0798053,2015,Registered,Yes,No
"2 BHK Flat for Sale in Sethi Max Royal, Sector 76, Noida",12542573.8,Unknown,Ready to Move,3 out of 7,Resale,Not specified,Road,Not specified,2,2,Noida, Sethi Max Royal,9950,2,653.2663317,2015,Registered,No,Yes
"3 BHK Flat for Sale in Royal Garden Estate, Sector 61, Ashok Marg, Noida",26049960.96,Unknown,Ready to Move,3 out of 4,Other,Not specified,Road,Not specified,4,2,Noida, Royal Garden Estate,12346,3,1093.47157,2015,Registered,No,No
"4 BHK Flat for Sale in Anant Raj Estate, Sector 63A, Gurgaon",38399572.09,Unknown,Ready to Move,4 out of 4,New Property,Not specified,Road,Not specified,3,2,Gurgaon, Anant Raj Estate,4444,4,4477.947795,2015,Registered,Yes,Yes
"4 BHK House for Sale in Braham Puri, Sagarpur New Delhi",18331454.01,Unknown,Ready to Move,13 out of 14,Resale,Not specified,Road,Not specified,4,2,Delhi, Braham Puri,7631,4,2402.234833,2015,Registered,No,No
"4 BHK Flat for Sale in Luxury Builder Floors, South City 1 Block K, Sector 41, Gurgaon",77185069.52,Unknown,Ready to Move,2 out of 3,New Property,Not specified,Road,Not specified,4,2,Gurgaon, Luxury Builder Floors,7631,4,10114.67298,2015,Registered,Yes,Yes
"2 BHK Flat for Sale in Vasu Fortune Residency, Raj Nagar Extension, Ghaziabad",8104432.3,Unknown,Ready to Move,2 out of 4,Resale,Not specified,Road,Not specified,2,2,Ghaziabad, Vasu Fortune Residency,7631,2,1062.040663,2015,Registered,No,Yes
"2 BHK Flat for Sale in Vikaspuri Extension Pocket A Part 1, Vikaspuri, New Delhi",18331454.01,Unknown,Ready to Move,2 out of 4,Resale,Not specified,Road,Not specified,2,2,Delhi, Vikaspuri Extension Pocket A Part 1,7631,2,2402.234833,2015,Registered,Yes,Yes
6 BHK House for Sale in Sector 33 Block C Noida,101305403.8,Gaurav Associates,Ready to Move,1 out of 4,Resale,North - West,"Garden/Park, Main Road",Leasehold,6,4,Noida, Sector 33 Block C Noida,16258,6,3229.179481,2015,Registered,Yes,Yes
"4 BHK Flat for Sale in Chirag Enclave, Chirag Enclave, Greater Kailash, New Delhi",212258941.2,Unknown,Ready to Move,2 out of 3,New Property,North,"Garden/Park, Main Road",Freehold,5,3,Delhi, Chirag Enclave,44000,4,2500,2015,Registered,Yes,Yes
"3 BHK Flat for Sale in Green Park, New Delhi",62712868.99,Unknown,Ready to Move,Ground out of 3,Resale,North,"Garden/Park, Main Road",Freehold,3,2,Delhi, Green Park,19118,3,1699.968616,2015,Not Registered,Yes,Yes
"3 BHK Flat for Sale in Adani M2K Oyster Grande, Sector 102, Gurgaon",50170295.19,Unknown,Ready to Move,6 out of 15,Resale,North - East,Garden/Park,Freehold,4,5,Gurgaon, Adani M2K Oyster Grande,10000,3,2600,2015,Registered,No,No
"3 BHK Flat for Sale in Skytech Evergreen Homes, Chhapraula, Ghaziabad",9648133.69,Unknown,Ready to Move,3 out of 4,Resale,East,"Garden/Park, Main Road",Freehold,2,1,Ghaziabad, Skytech Evergreen Homes,3571,3,1400.16802,2015,Registered,Yes,Yes
"3 BHK House for Sale in Vigyan Vihar, Surajmal Vihar New Delhi",57888802.14,Unknown,Ready to Move,3 out of 4,Resale,North - East,Garden/Park,Freehold,2,3,Delhi, Vigyan Vihar,18519,3,1619.957881,2015,Not Registered,Yes,Yes
"1 BHK Flat for Sale in Shahabad Mohamad Pur, New Delhi",4824066.845,Unknown,Ready to Move,4 out of 7,Resale,North - East,Main Road,Freehold,1,6,Delhi, Shahabad Mohamad Pur,5556,1,449.9640029,2015,Registered,Yes,Yes
"2 BHK Flat for Sale in Kalkaji, New Delhi",16787752.62,Unknown,Ready to Move,23 out of 33,Resale,East,"Garden/Park, Main Road",Leasehold,2,2,Delhi, Kalkaji,17273,2,503.6762577,2015,Registered,Yes,Yes
"4 BHK Flat for Sale in DDA Azad Apartment, Sri Aurobindo Marg, New Delhi",73325816.05,Unknown,Ready to Move,Ground out of 3,Resale,South -West,"Main Road, Garden/Park",Freehold,3,3,Delhi, DDA Azad Apartment,4974,4,7639.726578,2015,Registered,No,Yes
7 BHK House for Sale in Sector 26 Noida,146651632.1,Unknown,Ready to Move,3 out of 16,Resale,North - East,"Garden/Park, Main Road",Freehold,5,1,Noida, Sector 26 Noida,3264,7,23284.31373,2015,Registered,Yes,Yes
"2 BHK Flat for Sale in Vijay Park, New Delhi",2315552.086,Unknown,Ready to Move,Ground out of 4,Resale,North - East,"Garden/Park, Pool",Freehold,1,1,Delhi, Vijay Park,21087,2,56.90709916,2015,Not Registered,Yes,Yes
"4 BHK Flat for Sale in Meenakshi Garden, Ashok Nagar, New Delhi",43416601.61,Unknown,Ready to Move,4 out of 4,Resale,Not specified,Road,Freehold,3,3,Delhi, Meenakshi Garden,5751,4,3912.363067,2015,Registered,Yes,Yes
3 BHK House for Sale in Vijay Park New Delhi,19296267.38,Unknown,Ready to Move,4 out of 4,Resale,Not specified,Road,Not specified,3,2,Delhi, Vijay Park New Delhi,10000,3,1000,2015,Registered,Yes,Yes
4 BHK House for Sale in Delhi Gurgaon Expressway Gurgaon,19296267.38,Unknown,Ready to Move,6 out of 7,Resale,Not specified,Road,Not specified,4,2,Gurgaon, Delhi Gurgaon Expressway Gurgaon,2353,4,4249.893753,2015,Registered,Yes,Yes
"3 BHK Flat for Sale in Vipul World, Sector 48, Gurgaon",28944401.07,Unknown,Ready to Move,5 out of 5,Resale,Not specified,Road,Not specified,3,2,Gurgaon, Vipul World,9722,3,1542.892409,2015,Registered,Yes,Yes
"3 BHK Flat for Sale in Young Aheria Apartment, Dwarka Sector 7, New Delhi",33768467.92,Unknown,Ready to Move,5 out of 18,Resale,Not specified,Road,Not specified,2,2,Delhi, Young Aheria Apartment,9851,3,1776.469394,2015,Registered,Yes,Yes
"4 BHK Flat for Sale in Indiabulls Enigma, Sector 110, Gurgaon",63677682.36,Unknown,Ready to Move,3 out of 3,Resale,Not specified,Road,Not specified,4,2,Gurgaon, Indiabulls Enigma,6020,4,5481.727575,2015,Registered,Yes,No
"2 BHK Flat for Sale in Sector 73, Noida Express Way, Noida",5788880.214,Unknown,Ready to Move,3 out of 3,Resale,Not specified,Road,Not specified,2,2,Noida, Sector 73,6545,2,458.3651642,2015,Not Registered,No,Yes
"4 BHK Flat for Sale in Tashee Capital Gateway, Sector 111, Gurgaon",34733281.29,Unknown,Ready to Move,8 out of 9,Resale,Not specified,Road,Not specified,4,2,Gurgaon, Tashee Capital Gateway,11111,4,1620.0162,2015,Registered,No,No
"3 BHK Flat for Sale in Sohna, Gurgaon",17366640.64,Unknown,Ready to Move,2 out of 4,Resale,Not specified,Road,Not specified,2,2,Gurgaon, Sohna,3816,3,2358.490566,2015,Registered,Yes,Yes
"3 BHK Flat for Sale in Malviya Nagar, New Delhi",28944401.07,Unknown,Ready to Move,2 out of 4,Resale,Not specified,Road,Not specified,3,2,Delhi, Malviya Nagar,7631,3,3793.002368,2015,Registered,Yes,Yes
"2 BHK Flat for Sale in Omaxe New Heights, Sector 78, Faridabad",8490357.648,Unknown,Ready to Move,2 out of 4,Resale,Not specified,Road,Not specified,2,2,Faridabad, Omaxe New Heights,7631,2,1112.614028,2015,Registered,Yes,Yes
"2 BHK Flat for Sale in Adarsh Nagar Extension, New Delhi",20261080.75,Club Road Properties,Ready to Move,Ground out of 1,Resale,East,Garden/Park,Freehold,2,1,Delhi, Adarsh Nagar Extension,11667,2,899.9742864,2015,Registered,Yes,Yes
"1 BHK Flat for Sale in Kalkaji, New Delhi",5788880.214,Sukhmani Properties,Ready to Move,1 out of 3,Resale,West,Garden/Park,Freehold,1,2,Delhi, Kalkaji,5474,1,548.0453051,2015,Registered,Yes,Yes
"3 BHK Flat for Sale in Dwarika 25, Shalimar Garden Extension 1, Ghaziabad",10034059.04,Unknown,Ready to Move,2 out of 7,New Property,North - East,Main Road,Freehold,2,2,Ghaziabad, Dwarika 25,10507,3,494.9081565,2015,Registered,Yes,No
"2 BHK Flat for Sale in Vikaspuri Pocket DG2, New Delhi",18331454.01,Unknown,Ready to Move,Ground out of 4,Resale,North,"Garden/Park, Main Road",Freehold,2,3,Delhi, Vikaspuri Pocket DG2,10636,2,893.1929297,2015,Registered,Yes,No
"3 BHK Flat for Sale in Sector 85, Faridabad",22190707.49,Unknown,Ready to Move,4 out of 4,New Property,East,"Garden/Park, Main Road",Freehold,3,1,Faridabad, Sector 85,9127,3,1259.997809,2015,Registered,Yes,Yes
"2 BHK Flat for Sale in The Lilac, Sector 49, Gurgaon",22190707.49,Unknown,Ready to Move,1 out of 3,Resale,East,Garden/Park,Freehold,2,2,Gurgaon, The Lilac,4434,2,2593.594948,2015,Not Registered,No,Yes
"2 BHK Flat for Sale in Logix Blossom Greens, Sector 143, Noida Express Way, Noida",8471061.38,Unknown,Poss. by May '24,4 out of 15,Resale,North - East,"Garden/Park, Main Road",Freehold,2,3,Noida, Logix Blossom Greens,10120,2,433.7944664,2015,Registered,Yes,No
"3 BHK Flat for Sale in DLF Exclusive Floors, Sector 54, Gurgaon",44381414.98,Unknown,Ready to Move,2 out of 2,Resale,East,"Garden/Park, Pool, Main Road",Freehold,3,1,Gurgaon, DLF Exclusive Floors,14000,3,1642.857143,2015,Not Registered,Yes,Yes
"3 BHK Flat for Sale in Sunder Vihar, Paschim Vihar, New Delhi",33768467.92,Unknown,Ready to Move,Upper Basement out of 4,New Property,West,Main Road,Power Of Attorney,2,2,Delhi, Sunder Vihar,5000,3,3500,2015,Registered,Yes,No
"1 BHK Flat for Sale in Kilokri, Sunlight Colony, New Delhi",5788880.214,Unknown,Ready to Move,1 out of 4,Resale,North - East,"Garden/Park, Pool, Main Road",Freehold,1,2,Delhi, Kilokri,5819,1,515.5525004,2015,Registered,Yes,No
"2 BHK Flat for Sale in Abhay Khand 3, Ghaziabad",12542573.8,Unknown,Ready to Move,3 out of 4,Resale,East,Main Road,Freehold,2,2,Ghaziabad, Abhay Khand 3,6038,2,1076.515402,2015,Registered,Yes,Yes
"5 BHK Flat for Sale in DDA Gaurav Apartment, Saket, New Delhi",57888802.14,Unknown,Ready to Move,2 out of 2,New Property,Not specified,Road,Not specified,5,1,Delhi, DDA Gaurav Apartment,8000,5,3750,2015,Registered,Yes,Yes
"2 BHK Flat for Sale in Inderpuri, New Delhi",6174805.562,Unknown,Ready to Move,1 out of 4,Resale,Not specified,Road,Not specified,2,2,Delhi, Inderpuri,12667,2,252.6249309,2015,Registered,No,Yes
"3 BHK Flat for Sale in Sushant Lok-I, Sector 43, Gurgaon",54994362.04,Unknown,Ready to Move,1 out of 4,New Property,Not specified,Road,Not specified,3,2,Gurgaon, Sushant Lok-I,26389,3,1079.995453,2015,Registered,Yes,Yes
3 BHK House for Sale in Sushant Lok 1 Block C Gurgaon,54029548.67,Unknown,Poss. by Oct '23,1 out of 4,Resale,Not specified,Road,Not specified,3,2,Gurgaon, Sushant Lok 1 Block C Gurgaon,2826,3,9907.997169,2015,Registered,Yes,No
"3 BHK Flat for Sale in Meera Bagh, Paschim Vihar, New Delhi",61062984.7,Unknown,Ready to Move,2 out of 4,Resale,Not specified,Road,Not specified,3,2,Delhi, Meera Bagh,7222,3,3115.480476,2016,Registered,Yes,Yes
"2 BHK Flat for Sale in Advitya Homes, Sector 143, Faridabad",7273279.955,Unknown,Ready to Move,12 out of 14,Resale,Not specified,Road,Not specified,2,2,Faridabad, Advitya Homes,5312,2,504.5180723,2016,Registered,Yes,Yes
"4 BHK Flat for Sale in Chander Nagar, Surya Nagar, Ghaziabad",23068238.66,Unknown,Ready to Move,3 out of 7,Resale,Not specified,Road,Not specified,4,2,Ghaziabad, Chander Nagar,5556,4,1529.87761,2016,Registered,Yes,Yes
"2 BHK Flat for Sale in SRS Royal Hills, Sector 87, Faridabad",11941205.9,Unknown,Ready to Move,5 out of 18,Resale,Not specified,Road,Not specified,2,2,Faridabad, SRS Royal Hills,14500,2,303.4482759,2016,Registered,Yes,Yes
"1 BHK Flat for Sale in Laxmi Nagar, New Delhi",6784776.078,Unknown,Ready to Move,3 out of 3,Resale,Not specified,Road,Not specified,1,2,Delhi, Laxmi Nagar,5625,1,444.4444444,2016,Registered,Yes,Yes
"2 BHK Flat for Sale in Ratan Pearls, Greater Noida West, Greater Noida",12212596.94,Unknown,Ready to move,2 out of 22,Resale,Not specified,Road,Not specified,1,2,Noida, Ratan Pearls,7631,2,1600.392732,2016,Registered,Yes,Yes
"2 BHK Flat for Sale in Supertech Livingstone, NH 24, Ghaziabad",12212596.94,Varg Realty,Ready to Move,3 out of 26,Resale,North - East,"Garden/Park, Pool",Freehold,2,2,Ghaziabad, Supertech Livingstone,4500,2,1000,2016,Not Registered,Yes,No
"3 BHK Flat for Sale in Assotech Springfields, Sector-Zeta, Greater Noida",16283462.59,Dream Homes,Ready to Move,6 out of 19,Resale,East,Garden/Park,Leasehold,4,2,Noida, Assotech Springfields,3023,3,1984.783328,2016,Registered,Yes,Yes
"3 BHK Flat for Sale in Assotech Springfields, Zeta 1, Greater Noida",18183199.89,Unknown,Ready to Move,2 out of 21,Resale,North - East,"Pool, Garden/Park",Freehold,4,3,Noida, Assotech Springfields,3375,3,1985.185185,2016,Registered,Yes,Yes
"2 BHK Flat for Sale in Amrapali Leisure Valley, Noida Extension Block A, Noida",13026770.07,Unknown,Ready to Move,10 out of 14,Resale,North - West,Main Road,Leasehold,2,2,Noida, Amrapali Leisure Valley,5680,2,845.0704225,2016,Registered,Yes,No
"3 BHK Flat for Sale in Godrej Woods, Sector 43 Block A, Noida",63776895.13,Unknown,Poss. by Oct '23,25 out of 28,Resale,North - East,Garden/Park,Leasehold,3,2,Noida, Godrej Woods,15210,3,1545.03616,2016,Registered,Yes,Yes
"2 BHK Flat for Sale in Lotus Homz, Sector 111, Gurgaon",17640417.8,Unknown,Ready to Move,6 out of 10,Resale,East,"Garden/Park, Pool, Main Road",Leasehold,2,2,Gurgaon, Lotus Homz,9286,2,699.9784622,2016,Registered,Yes,Yes
"3 BHK Flat for Sale in Unitech Ivory Tower, South City 1, Sector 41, Gurgaon",46136477.33,Unknown,Ready to Move,5 out of 20,Resale,North - East,Garden/Park,Freehold,3,3,Gurgaon, Unitech Ivory Tower,10303,3,1650.004853,2016,Registered,No,Yes
"3 BHK Flat for Sale in ATS Greens 2, Sector 50 Block A, Noida",28496059.53,Unknown,Ready to Move,7 out of 9,Resale,North - East,Main Road,Freehold,2,2,Noida, ATS Greens 2,8077,3,1299.987619,2016,Registered,No,Yes
"4 BHK House for Sale in Sector 22, Mathura Road Faridabad",203543282.3,Unknown,Ready to Move,Ground out of 2,Resale,Not specified,"Garden/Park, Main Road",Freehold,3,3,Faridabad, Sector 22,18750,4,4000,2016,Registered,No,Yes
"4 BHK Flat for Sale in Mayapuri, New Delhi",43422566.9,Unknown,Ready to Move,1 out of 3,Resale,Not specified,Road,Freehold,3,2,Delhi, Mayapuri,4848,4,3300.330033,2016,Not Registered,Yes,Yes
"4 BHK Flat for Sale in Emaar Emrald Floors Select, Sector 65, Gurgaon",86845133.8,Unknown,Ready to Move,1 out of 2,Resale,Not specified,Road,Not specified,3,2,Gurgaon, Emaar Emrald Floors Select,10159,4,3149.91633,2016,Registered,No,Yes
"1 BHK Flat for Sale in Vaishali Sector 6, Ghaziabad",5862046.531,Unknown,Ready to Move,2 out of 3,Resale,Not specified,Road,Not specified,1,1,Ghaziabad, Vaishali Sector 6,8214,1,262.9656684,2016,Registered,Yes,Yes
"3 BHK Flat for Sale in Migsun Twiinz, Eta 2, Eta, Greater Noida",14383725.28,Unknown,Ready to Move,8 out of 18,Resale,Not specified,Road,Not specified,2,2,Noida, Migsun Twiinz,10833,3,489.2458229,2016,Registered,No,Yes
"5 BHK House for Sale in Sector 61 Block D, Ashok Marg Noida",176404178,Unknown,Ready to Move,Ground out of 3,Resale,Not specified,Road,Not specified,5,2,Noida, Sector 61 Block D,18580,5,3498.385361,2016,Registered,Yes,Yes
"10 BHK House for Sale in Sector 55 RWA, Sector 55 Noida",135695521.6,Unknown,Ready to Move,18 out of 18,Resale,Not specified,Road,Not specified,10,2,Noida, Sector 55 RWA,7342,10,6810.133479,2016,Registered,Yes,Yes
"4 BHK Flat for Sale in SS The Leaf, Sector 85, Gurgaon",78703402.5,Unknown,Ready to Move,Ground out of 1,Resale,Not specified,Road,Not specified,5,2,Gurgaon, SS The Leaf,5079,4,5709.785391,2016,Registered,No,No
1 BHK House for Sale in Pahar Ganj New Delhi,4342256.69,Unknown,Ready to Move,9 out of 10,Resale,Not specified,Road,Not specified,1,2,Delhi, Pahar Ganj New Delhi,10294,1,155.4303478,2016,Registered,No,Yes
"3 BHK Flat for Sale in DDA Sanskriti Apartments Dwarka, Dwarka Sector 12, New Delhi",47493432.54,Unknown,Ready to Move,2 out of 3,Resale,Not specified,Road,Not specified,2,2,Delhi, DDA Sanskriti Apartments Dwarka,14433,3,1212.499134,2016,Not Registered,Yes,Yes
"2 BHK Flat for Sale in Ayodhya Enclave, Rohini Sector 13, New Delhi",37994746.04,Unknown,Ready to Move,1 out of 3,Resale,Not specified,Road,Not specified,2,2,Delhi, Ayodhya Enclave,2723,2,5141.388175,2016,Registered,Yes,No
"2 BHK Flat for Sale in Ansal Sushant Lok CI, Sushant Lok 1 Block C, Gurgaon",35280835.6,Unknown,Ready to Move,1 out of 4,Resale,Not specified,Road,Not specified,2,2,Gurgaon, Ansal Sushant Lok CI,11556,2,1124.956732,2016,Not Registered,Yes,Yes
"2 BHK Flat for Sale in Palm Sunrise, NH 24, Ghaziabad",7056167.121,Unknown,Ready to Move,2 out of 3,New Property,Not specified,Road,Not specified,2,2,Ghaziabad, Palm Sunrise,22917,2,113.4528952,2016,Not Registered,No,Yes
"3 BHK Flat for Sale in Jawahar Nagar, Kamla Nagar, New Delhi",31752752.04,Unknown,Ready to Move,Ground out of 4,Resale,Not specified,Road,Not specified,3,2,Delhi, Jawahar Nagar,7631,3,4161.021104,2016,Registered,Yes,Yes
"4 BHK Flat for Sale in DDA Flats Vasant Kunj, Vasant Kunj Sector B, New Delhi",149265073.7,Unknown,Ready to Move,2 out of 4,Resale,Not specified,Road,Not specified,5,2,Delhi, DDA Flats Vasant Kunj,7631,4,19560.35562,2016,Registered,Yes,No
"2 BHK Flat for Sale in Shahberi, Greater Noida",5699211.905,GK Global Realty,Ready to Move,2 out of 5,Resale,East,Main Road,Freehold,2,1,Noida, Shahberi,3000,2,700,2016,Registered,Yes,Yes
3 BHK House for Sale in Patel Nagar 1 Ghaziabad,33923880.39,Unknown,Ready to Move,4 out of 19,Resale,North - East,Main Road,Leasehold,3,1,Ghaziabad, Patel Nagar 1 Ghaziabad,3684,3,3393.051031,2016,Registered,No,Yes
"2 BHK Flat for Sale in Aditya City Apartments, NH 24, Ghaziabad",9498686.509,Unknown,Ready to Move,1 out of 2,Resale,East,Main Road,Freehold,2,4,Ghaziabad, Aditya City Apartments,13750,2,254.5454545,2016,Registered,No,Yes
"3 BHK Flat for Sale in Ashok Vihar Phase 1, New Delhi",74632536.86,Unknown,Ready to Move,22 out of 26,Resale,East,"Garden/Park, Main Road",Freehold,3,4,Delhi, Ashok Vihar Phase 1,6402,3,4295.532646,2016,Registered,No,Yes
"2 BHK Flat for Sale in Ramprastha Colony, Ghaziabad",14112334.24,Unknown,Ready to Move,1 out of 3,Resale,East,Main Road,Leasehold,2,4,Ghaziabad, Ramprastha Colony,13741,2,378.4295175,2016,Not Registered,Yes,Yes
7 BHK Villa for Sale in Sector 51 Block B Noida,372891293.2,Unknown,Ready to Move,3 out of 4,Resale,East,Garden/Park,Freehold,7,1,Noida, Sector 51 Block B Noida,11429,7,12022.04917,2016,Registered,Yes,Yes
"2 BHK Flat for Sale in Vasundhara Enclave, New Delhi",32566925.17,Unknown,Ready to Move,2 out of 3,Resale,South -West,"Garden/Park, Main Road",Leasehold,2,3,Delhi, Vasundhara Enclave,10125,2,1185.185185,2016,Registered,Yes,No
"3 BHK Flat for Sale in Anarkali Colony South, New Delhi",43965348.98,Unknown,Ready to Move,14 out of 19,New Property,East,Garden/Park,Freehold,3,2,Delhi, Anarkali Colony South,6503,3,2491.157927,2016,Registered,Yes,Yes
" Studio Apartment for Sale in Nyay Khand 1, Ghaziabad",3799474.604,Unknown,Ready to Move,6 out of 16,Resale,North,"Pool, Garden/Park, Main Road",Freehold,1,2,Ghaziabad, Nyay Khand 1,5485,1,255.2415679,2016,Registered,Yes,Yes
"2 BHK Flat for Sale in Himalaya Pride, Greater Noida West, Greater Noida",14112334.24,Unknown,Ready to Move,Ground out of 3,Resale,North - East,Road,Freehold,2,4,Noida, Himalaya Pride,4140,2,1256.038647,2016,Not Registered,No,Yes
"2 BHK Flat for Sale in Chi 5, Greater Noida",12212596.94,Unknown,Ready to Move,3 out of 3,Resale,Not specified,Road,Leasehold,2,3,Noida, Chi 5,9058,2,496.7984102,2016,Registered,Yes,Yes
"2 BHK Flat for Sale in Vinoba Puri, Lajpat Nagar, New Delhi",20354328.23,Unknown,Ready to Move,3 out of 3,Resale,Not specified,Road,Freehold,2,1,Delhi, Vinoba Puri,11111,2,675.0067501,2016,Registered,Yes,Yes
4 BHK House for Sale in Sector 12 Block C Noida,44779522.11,Unknown,Ready to Move,10 out of 21,New Property,Not specified,Road,Not specified,4,2,Noida, Sector 12 Block C Noida,4167,4,3959.683225,2016,Registered,Yes,Yes
"2 BHK Flat for Sale in Sector 88, Faridabad",12755379.03,Unknown,Ready to Move,1 out of 4,Resale,Not specified,Road,Not specified,2,2,Faridabad, Sector 88,3580,2,1312.849162,2016,Not Registered,Yes,Yes
"1 BHK Flat for Sale in Gulmohar Estate, Eta, Greater Noida",4885038.776,Unknown,Ready to Move,3 out of 3,Resale,Not specified,Road,Not specified,1,2,Noida, Gulmohar Estate,10800,1,166.6666667,2016,Registered,Yes,Yes
"2 BHK Flat for Sale in Amrapali Empire, NH 24, Ghaziabad",11805510.38,Unknown,Ready to Move,2 out of 4,Resale,Not specified,Road,Not specified,2,2,Ghaziabad, Amrapali Empire,16714,2,260.2608592,2016,Registered,Yes,Yes
"1 BHK Flat for Sale in Molarband, New Delhi",13189604.7,Unknown,Ready to Move,3 out of 3,Resale,Not specified,Road,Not specified,1,2,Delhi, Molarband,4530,1,1072.847682,2016,Registered,No,Yes
"6 BHK House for Sale in Sector 14, Mathura Road Faridabad",158763760.2,Unknown,Ready to Move,15 out of 25,Resale,Not specified,Road,Not specified,5,2,Faridabad, Sector 14,7000,6,8357.142857,2016,Registered,Yes,Yes
"2 BHK Flat for Sale in Panchsheel Greens 2, Noida Extension, Noida",14655116.33,Unknown,Ready to Move,2 out of 5,New Property,Not specified,Road,Not specified,2,2,Noida, Panchsheel Greens 2,5319,2,1015.228426,2016,Registered,Yes,Yes
"2 BHK House for Sale in Jain Nagar, Rohini New Delhi",9227295.466,Unknown,Ready to Move,1 out of 3,Resale,Not specified,Road,Not specified,2,2,Delhi, Ja Nagar,4429,2,767.6676451,2016,Registered,Yes,Yes
"2 BHK Flat for Sale in Indraprastha Apartments 1, Sector 30, Mathura Road, Faridabad",18997373.02,Unknown,Ready to move,2 out of 4,Resale,Not specified,Road,Not specified,2,2,Faridabad, Indraprastha Apartments 1,7455,2,938.9671362,2016,Not Registered,Yes,Yes
"2 BHK Flat for Sale in Victoryone Amara, Greater Noida West, Greater Noida",17070496.61,Nisha Bhatia,Poss. by Dec '23,7 out of 19,New Property,North - East,Garden/Park,Leasehold,2,3,Noida, Victoryone Amara,5200,2,1209.615385,2016,Registered,Yes,Yes
3 BHK House for Sale in Govindpuram Ghaziabad,23068238.66,Unknown,Ready to Move,6 out of 29,Resale,East,"Garden/Park, Main Road",Freehold,4,3,Ghaziabad, Govindpuram Ghaziabad,9444,3,900.0423549,2016,Registered,Yes,Yes
"2 BHK Flat for Sale in Puri Emerald Bay, Sector 104, Gurgaon",44508131.07,Unknown,Ready to Move,3 out of 4,Resale,North,"Garden/Park, Main Road",Freehold,2,3,Gurgaon, Puri Emerald Bay,9647,2,1700.010366,2016,Registered,Yes,Yes
"4 BHK Flat for Sale in Anant Raj Estate Plots, Sector 63, Gurgaon",59706029.48,Unknown,Ready to Move,1 out of 2,New Property,North - East,Main Road,Freehold,3,2,Gurgaon, Anant Raj Estate Plots,10536,4,2088.078967,2016,Not Registered,Yes,No
"1 BHK Flat for Sale in Brahmaputra Enclave, Siddhartha Vihar, NH 24, Ghaziabad",6513385.035,Unknown,Ready to Move,12 out of 27,New Property,North - East,Main Road,Leasehold,1,1,Ghaziabad, Brahmaputra Enclave,4027,1,595.9771542,2016,Not Registered,Yes,Yes
"2 BHK Flat for Sale in Sector 2 Block A, Noida sector 15 Metro, Noida",8141731.293,Unknown,Ready to Move,Ground out of 3,Resale,North - East,"Garden/Park, Main Road",Leasehold,1,3,Noida, Sector 2 Block A,2500,2,1200,2016,Registered,Yes,Yes
"3 BHK Flat for Sale in Jyoti Park, Sector 7, Gurgaon",19540155.1,Unknown,Ready to Move,5 out of 16,Resale,West,Main Road,Freehold,2,3,Gurgaon, Jyoti Park,6316,3,1139.962001,2016,Not Registered,Yes,Yes
"4 BHK Flat for Sale in Vishal Enclave, Tagore Garden Extension, New Delhi",101771641.2,Unknown,Ready to Move,1 out of 4,Resale,North - East,Garden/Park,Freehold,4,2,Delhi, Vishal Enclave,13228,4,2834.895676,2016,Registered,Yes,Yes
"1 BHK Flat for Sale in Vishal Enclave, Tagore Garden Extension, New Delhi",6784776.078,Unknown,Ready to Move,3 out of 4,Resale,East,"Garden/Park, Main Road",Freehold,1,5,Delhi, Vishal Enclave,9579,1,260.987577,2016,Registered,Yes,Yes
"2 BHK Flat for Sale in Vishal Enclave, Tagore Garden Extension, New Delhi",9498686.509,Unknown,Ready to Move,2 out of 2,Resale,North - East,Garden/Park,Leasehold,1,3,Delhi, Vishal Enclave,8750,2,400,2016,Registered,Yes,Yes
6 BHK House for Sale in Karol Bagh New Delhi,325669251.7,Unknown,Ready to Move,Ground out of 5,Resale,East,Garden/Park,Freehold,3,3,Delhi, Karol Bagh New Delhi,3506,6,34227.03936,2016,Registered,No,Yes
"2 BHK Flat for Sale in Sukh Sagar Apartment, Sector 72, Noida",10312859.64,Unknown,Ready to Move,1 out of 4,Resale,East,"Garden/Park, Main Road",Freehold,2,1,Noida, Sukh Sagar Apartment,10000,2,380,2016,Registered,Yes,Yes
"4 BHK Flat for Sale in Mayfield Garden, Sector 50, Gurgaon",59706029.48,Unknown,Ready to Move,5 out of 19,New Property,North - East,"Garden/Park, Pool, Main Road",Freehold,4,1,Gurgaon, Mayfield Garden,3684,4,5971.769815,2016,Not Registered,Yes,Yes
"2 BHK Flat for Sale in NH 24, Ghaziabad",8548817.858,Unknown,Ready to Move,3 out of 4,Resale,North - East,Road,Freehold,2,2,Ghaziabad, NH 24,6970,2,451.9368723,2016,Registered,Yes,Yes
"3 BHK Flat for Sale in Guru Angad Nagar West, Laxmi Nagar, New Delhi",18725981.97,Unknown,Ready to Move,3 out of 4,Resale,East,Road,Freehold,2,2,Delhi, Guru Angad Nagar West,5556,3,1241.900648,2016,Registered,Yes,No
"5 BHK Flat for Sale in Sector 11, Mathura Road, Faridabad",67847760.78,Unknown,Ready to Move,8 out of 22,Resale,East,Road,Freehold,5,2,Faridabad, Sector 11,7277,5,3435.481655,2016,Registered,Yes,Yes
"1 BHK Flat for Sale in Shastri Nagar, New Delhi",10312859.64,Unknown,Ready to Move,Ground out of 3,Resale,Not specified,Road,Not specified,1,1,Delhi, Shastri Nagar,8000,1,475,2016,Registered,Yes,Yes
"2 BHK Flat for Sale in Laiha Apartment, Vasundhara Enclave, New Delhi",19540155.1,Unknown,Ready to Move,1 out of 4,Resale,Not specified,Road,Not specified,1,4,Delhi, Laiha Apartment,15972,2,450.7888805,2016,Registered,Yes,No
"2 BHK House for Sale in Patel Nagar, Delhi Gurgaon Expressway Gurgaon",62419939.92,Unknown,Ready to Move,Ground out of 4,Resale,Not specified,Road,Not specified,2,2,Gurgaon, Patel Nagar,24324,2,945.5681631,2016,Not Registered,No,Yes
"3 BHK Flat for Sale in Uday Park, South Extension, New Delhi",122125969.4,Unknown,Ready to Move,3 out of 3,New Property,Not specified,Road,Not specified,3,2,Delhi, Uday Park,9622,3,4676.782374,2016,Registered,Yes,Yes
"3 BHK Flat for Sale in Shaman Apartments, Dwarka Sector 23, New Delhi",48307605.67,Unknown,Ready to Move,17 out of 24,Resale,Not specified,Road,Not specified,2,2,Delhi, Shaman Apartments,4237,3,4201.085674,2016,Registered,Yes,Yes
3 BHK Villa for Sale in Alpha 2 Greater Noida,24425193.88,Unknown,Ready to Move,3 out of 4,Resale,Not specified,Road,Not specified,3,2,Noida, Alpha 2 Greater Noida,41111,3,218.9195106,2016,Registered,Yes,Yes
"3 BHK Flat for Sale in Defence colony Villas, Defence Colony, New Delhi",200829371.9,Unknown,Ready to Move,6 out of 14,Resale,Not specified,Road,Not specified,3,2,Delhi, Defence colony Villas,6250,3,11840,2016,Registered,Yes,Yes
"2 BHK Flat for Sale in Ajnara Homes, Noida Extension Block B, Noida",14926507.37,Unknown,Ready to Move,12 out of 24,Resale,Not specified,Road,Not specified,2,2,Noida, Ajnara Homes,2366,2,2324.598478,2016,Registered,Yes,Yes
"2 BHK Flat for Sale in Migsun Ultimo, Omicron 3, Greater Noida",12212596.94,Unknown,Ready to move,2 out of 4,Resale,Not specified,Road,Not specified,2,2,Noida, Migsun Ultimo,7631,2,1600.392732,2016,Registered,Yes,Yes
"1 BHK Flat for Sale in Vasant Kunj, New Delhi",23068238.66,K D Property,Ready to Move,3 out of 3,Resale,East,"Garden/Park, Main Road",Freehold,2,1,Delhi, Vasant Kunj,13077,1,649.9961765,2016,Registered,Yes,Yes
"2 BHK Flat for Sale in GDA Block P, Sanjay Nagar, Ghaziabad",13569552.16,Unknown,Ready to Move,4 out of 4,Resale,East,Garden/Park,Freehold,2,1,Ghaziabad, GDA Block P,5161,2,968.8044953,2016,Registered,Yes,No
2 BHK House for Sale in Manglam Place Rohini New Delhi,43422566.9,Unknown,Ready to Move,2 out of 3,Resale,North - West,Main Road,Freehold,2,1,Delhi, Manglam Place Rohini New Delhi,16334,2,979.551855,2016,Registered,Yes,Yes
"4 BHK Flat for Sale in ATS Advantage Phase 2, Indirapuram, Ghaziabad",21711283.45,Unknown,Ready to Move,14 out of 23,New Property,North - East,"Garden/Park, Pool, Main Road",Freehold,3,3,Ghaziabad, ATS Advantage Phase 2,4848,4,1650.165017,2016,Registered,Yes,Yes
"2 BHK Flat for Sale in ATS Advantage Phase 2, Indirapuram, Ghaziabad",25782149.1,Unknown,Ready to Move,7 out of 24,Resale,South - East,Main Road,Freehold,2,3,Ghaziabad, ATS Advantage Phase 2,6960,2,1364.942529,2016,Registered,Yes,Yes
"3 BHK Flat for Sale in ATS Advantage Phase 2, Indirapuram, Ghaziabad",35280835.6,Unknown,Ready to Move,21 out of 24,Resale,East,Garden/Park,Freehold,2,1,Ghaziabad, ATS Advantage Phase 2,9524,3,1364.972701,2016,Registered,Yes,Yes
"2 BHK Flat for Sale in ATS green 1, Sector 50 Block B, Noida",16283462.59,Unknown,Ready to Move,1 out of 1,New Property,Not specified,Road,Not specified,2,2,Noida, ATS green 1,6000,2,1000,2016,Registered,No,Yes
"2 BHK Flat for Sale in ATS green 1, Sector 50, Noida",16500575.42,Unknown,Ready to Move,4 out of 9,Resale,Not specified,Road,Not specified,4,2,Noida, ATS green 1,6080,2,1000,2016,Registered,Yes,Yes
"3 BHK Flat for Sale in Govindpuri Main, New Delhi",14926507.37,Unknown,Ready to Move,10 out of 21,New Property,Not specified,Road,Not specified,2,2,Delhi, Govindpuri Main,6111,3,900.0163639,2016,Registered,Yes,Yes
"2 BHK Flat for Sale in Yamuna Expressway, Greater Noida",12212596.94,Unknown,Ready to Move,2 out of 2,Resale,Not specified,Road,Not specified,2,2,Noida, Yamuna Expressway,4036,2,1114.965312,2016,Registered,Yes,Yes
"3 BHK Flat for Sale in Yojna Vihar, Anand Vihar, New Delhi",74632536.86,Unknown,Ready to Move,5 out of 10,Resale,Not specified,Road,Not specified,2,2,Delhi, Yojna Vihar,17188,3,1599.953456,2016,Registered,No,Yes
" Studio Apartment for Sale in Imperia Residency, Knowledge Park 5, Greater Noida",4070865.647,Unknown,Ready to Move,Ground out of 4,Resale,Not specified,Road,Not specified,3,2,Noida, Imperia Residency,3158,1,474.9841672,2016,Not Registered,No,Yes
"3 BHK Flat for Sale in The Estate Floors, Sector 63, Gurgaon",58349074.27,Unknown,Ready to Move,Lower Basement out of 2,Resale,Not specified,Road,Not specified,3,2,Gurgaon, The Estate Floors,10142,3,2119.897456,2016,Registered,Yes,Yes
"4 BHK Flat for Sale in Emaar Emerald Hills, Sector 65, Gurgaon",94986865.09,Unknown,Ready to Move,2 out of 4,Resale,Not specified,Road,Not specified,2,2,Gurgaon, Emaar Emerald Hills,7292,4,4799.780581,2016,Registered,Yes,Yes
"2 BHK Flat for Sale in Mahalakshmi Buildcon, Indirapuram, Ghaziabad",10991337.25,Unknown,Ready to Move,1 out of 4,Resale,Not specified,Road,Not specified,5,2,Ghaziabad, Mahalakshmi Buildcon,4091,2,989.9780005,2016,Registered,No,Yes
"4 BHK Flat for Sale in Luxury Floors Gurgaon, Sector 57, Gurgaon",67847760.78,Unknown,Ready to Move,1 out of 4,New Property,Not specified,Road,Not specified,1,2,Gurgaon, Luxury Floors Gurgaon,10040,4,2490.039841,2016,Registered,No,No
"1 BHK Flat for Sale in Siddhartha Vihar, NH 24, Ghaziabad",5970602.948,Unknown,Ready to Move,Ground out of 4,Resale,Not specified,Road,Not specified,4,2,Ghaziabad, Siddhartha Vihar,4280,1,514.0186916,2016,Registered,Yes,Yes
"4 BHK Flat for Sale in Sector 21, Mathura Road, Faridabad",43151175.85,Unknown,Ready to Move,Ground out of 1,Resale,Not specified,Road,Not specified,1,2,Faridabad, Sector 21,3975,4,4000,2016,Not Registered,Yes,Yes
2 BHK House for Sale in Sangam Vihar New Delhi,10258581.43,Unknown,Ready to Move,2 out of 4,Resale,Not specified,Road,Not specified,3,2,Delhi, Sangam Vihar New Delhi,9333,2,405.0144648,2016,Registered,Yes,Yes
"4 BHK Flat for Sale in Unitech Greenwood City, Sector 45, Gurgaon",111270327.7,Unknown,Ready to move,4 out of 7,Resale,Not specified,Road,Not specified,3,2,Gurgaon, Unitech Greenwood City,13667,4,2999.926831,2016,Registered,No,Yes
"3 BHK Flat for Sale in Sector 21, Mathura Road, Faridabad",27139104.31,Unknown,Ready to move,2 out of 4,Resale,Not specified,Road,Not specified,2,2,Faridabad, Sector 21,5882,3,1700.102006,2016,Registered,Yes,Yes
"3 BHK House for Sale in Sector 21, Mathura Road Faridabad",24425193.88,Unknown,Ready to move,2 out of 4,Resale,Not specified,Road,Not specified,2,2,Faridabad, Sector 21,5000,3,1800,2016,Registered,No,Yes
"2 BHK Flat for Sale in Sector 22, Noida",7621208.207,Shree Vinayak Estate,Ready to Move,Ground out of 2,Resale,East,Garden/Park,Freehold,2,2,Noida, Sector 22,2600,2,1250,2017,Registered,Yes,Yes
"3 BHK Flat for Sale in Premium Builder Floors, Defence Colony, New Delhi",128974292.7,Unknown,Ready to Move,2 out of 4,Resale,South,"Garden/Park, Pool, Main Road",Freehold,3,4,Delhi, Premium Builder Floors,28162,3,1952.986294,2017,Registered,No,Yes
"3 BHK Flat for Sale in Sector 30, Gurgaon",82074549.92,Unknown,Ready to Move,15 out of 19,Resale,North - East,Garden/Park,Leasehold,4,2,Gurgaon, Sector 30,14780,3,2368.064953,2017,Registered,No,Yes
"2 BHK Flat for Sale in Dev Heights, NH 24, Ghaziabad",5627969.137,Unknown,Ready to Move,11 out of 12,Resale,East,Main Road,Power Of Attorney,2,2,Ghaziabad, Dev Heights,2550,2,941.1764706,2017,Not Registered,No,Yes
"2 BHK Flat for Sale in Bhopura, Ghaziabad",6800462.707,Unknown,Ready to Move,11,Resale,South,"Garden/Park, Main Road",Freehold,2,1,Ghaziabad, Bhopura,2589,2,1120.1236,2017,Registered,Yes,Yes
"2 BHK Flat for Sale in ADITYA GARDEN CITY, Vasundhara Sector 6, Ghaziabad",15242416.41,Unknown,Ready to Move,6 out of 8,Resale,North - East,"Garden/Park, Pool, Main Road",Freehold,2,1,Ghaziabad, ADITYA GARDEN CITY,4985,2,1303.911735,2017,Registered,Yes,Yes
"2 BHK Flat for Sale in ADITYA GARDEN CITY, Vasundhara, Ghaziabad",15242416.41,Unknown,Ready to Move,2 out of 8,Resale,East,"Pool, Garden/Park",Freehold,2,1,Ghaziabad, ADITYA GARDEN CITY,5263,2,1235.037051,2017,Registered,Yes,Yes
7 BHK House for Sale in Sector 22 Block B Noida,107869408.5,Unknown,Ready to Move,3 out of 4,Resale,North - East,Garden/Park,Freehold,5,2,Noida, Sector 22 Block B Noida,25437,7,1808.389354,2017,Not Registered,Yes,No
"2 BHK Flat for Sale in Harit Vihar, New Delhi",5862467.851,Unknown,Ready to Move,3 out of 4,Resale,North - East,"Garden/Park, Main Road",Freehold,2,3,Delhi, Harit Vihar,4167,2,599.9520038,2017,Registered,Yes,Yes
"2 BHK Flat for Sale in Kotla Mubarakpur, South Extension, New Delhi",14069922.84,Unknown,Ready to Move,Ground out of 1,New Property,North,"Garden/Park, Main Road",Freehold,2,1,Delhi, Kotla Mubarakpur,10929,2,548.9980785,2017,Registered,No,Yes
"3 BHK Flat for Sale in Kalkaji, New Delhi",93799485.62,Unknown,Ready to Move,2 out of 4,Resale,North - East,"Garden/Park, Main Road",Freehold,3,1,Delhi, Kalkaji,57143,3,699.99825,2017,Registered,Yes,Yes
"1 BHK Flat for Sale in Lajpat Nagar 1, New Delhi",10552442.13,Unknown,Ready to Move,10 out of 10,Resale,Not specified,Road,Freehold,1,3,Delhi, Lajpat Nagar 1,10000,1,450,2017,Registered,Yes,Yes
"3 BHK Flat for Sale in Tulip White, Sector 69, Gurgaon",19932390.69,Unknown,Ready to Move,17 out of 19,Resale,Not specified,Road,Freehold,2,1,Gurgaon, Tulip White,6410,3,1326.053042,2017,Registered,Yes,Yes
" Studio Apartment for Sale in Jaypee Greens Moon Court, Pari Chowk, Greater Noida",11724935.7,Unknown,Ready to Move,2 out of 4,Resale,Not specified,Road,Not specified,1,1,Noida, Jaypee Greens Moon Court,10917,1,458.0012824,2017,Registered,No,No
"4 BHK Flat for Sale in RWA DLF City Phase III, DLF City Phase 3, Gurgaon",50417223.52,Unknown,Ready to Move,2 out of 2,Resale,Not specified,Road,Not specified,4,4,Gurgaon, RWA DLF City Phase III,12286,4,1749.959303,2017,Registered,No,Yes
"5 BHK Flat for Sale in Shalimar Bagh West BE Block, New Delhi",152424164.1,Unknown,Ready to Move,1 out of 2,Resale,Not specified,Road,Not specified,4,2,Delhi, Shalimar Bagh West BE Block,16250,5,4000,2017,Registered,Yes,Yes
"2 BHK Flat for Sale in Lovely Apartments, Mayur Vihar 1, New Delhi",29312339.26,Unknown,Ready to Move,Ground out of 4,Resale,Not specified,Road,Not specified,2,2,Delhi, Lovely Apartments,13158,2,949.9924001,2017,Registered,Yes,Yes
"2 BHK Flat for Sale in New Panchwati Colony, Ghaziabad",6096966.565,Unknown,Ready to Move,1 out of 4,Resale,Not specified,Road,Not specified,2,2,Ghaziabad, New Panchwati Colony,34000,2,76.47058824,2017,Not Registered,Yes,Yes
"3 BHK Flat for Sale in Neeti Bagh, New Delhi",159459125.6,Unknown,Ready to Move,2 out of 2,Resale,Not specified,Road,Not specified,4,2,Delhi, Neeti Bagh,3017,3,22538.94597,2017,Not Registered,No,No
"2 BHK Flat for Sale in Mayfair Residency, Tech Zone, Gautam Budh Nagar, Yamuna Expressway, Greater Noida",6331465.279,Unknown,Ready to Move,13 out of 15,Resale,Not specified,Road,Not specified,2,2,Noida, Mayfair Residency,3575,2,755.2447552,2017,Not Registered,Yes,Yes
"3 BHK Flat for Sale in Mayfair Residency, Tech Zone, Gautam Budh Nagar, Yamuna Expressway, Greater Noida",8676452.42,Unknown,Ready to Move,5 out of 16,Resale,Not specified,Road,Not specified,2,2,Noida, Mayfair Residency,3020,3,1225.165563,2017,Registered,Yes,No
"3 BHK Flat for Sale in DLF Crest, Sector 54, Gurgaon",205186374.8,Unknown,Ready to Move,3 out of 4,Resale,Not specified,Road,Not specified,4,2,Gurgaon, DLF Crest,4222,3,20724.77499,2017,Registered,Yes,Yes
"1 BHK Flat for Sale in Bhajanpura, New Delhi",4455475.567,Unknown,Ready to Move,1 out of 3,Resale,Not specified,Road,Not specified,1,2,Delhi, Bhajanpura,5000,1,380,2017,Registered,Yes,Yes
"2 BHK Flat for Sale in Shipra Riviera, Indirapuram, Ghaziabad",8441953.706,Unknown,Ready to move,4 out of 9,Resale,Not specified,Road,Not specified,1,2,Ghaziabad, Shipra Riviera,10588,2,340.0075557,2017,Registered,Yes,Yes
"3 BHK Flat for Sale in Batukji Apartment, Dwarka Sector 3, New Delhi",42209768.53,Unknown,Ready to move,2 out of 4,Resale,Not specified,Road,Not specified,3,2,Delhi, Batukji Apartment,7631,3,5531.354807,2017,Registered,Yes,Yes
"3 BHK Flat for Sale in Krishna Nagar-Safdarjung Enclave, New Delhi",29312339.26,Mukesh,Ready to Move,2 out of 3,New Property,East,Main Road,Freehold,3,2,Delhi, Krishna Nagar-Safdarjung Enclave,12077,3,1035.025255,2017,Registered,No,No
"3 BHK Flat for Sale in Purvanchal Royal City, Chi 5, Greater Noida",18290899.7,Builder Floors Specialist,Ready to Move,Ground out of 25,New Property,North,Main Road,Freehold,3,1,Noida, Purvanchal Royal City,4522,3,1724.900487,2017,Registered,Yes,Yes
"1 BHK Flat for Sale in Anmol, Sector 88, Faridabad",3986478.139,Unknown,Poss. by Apr '24,Ground out of 4,New Property,East,Main Road,Freehold,1,1,Faridabad, Anmol,2574,1,660.4506605,2017,Registered,Yes,Yes
"4 BHK Flat for Sale in DLF The Pinnacle, DLF City Phase 5, Gurgaon",164149099.8,Unknown,Ready to Move,2 out of 3,Resale,North - West,"Garden/Park, Pool, Main Road",Leasehold,5,4,Gurgaon, DLF The Pinnacle,17500,4,4000,2017,Registered,No,Yes
"3 BHK Flat for Sale in Sector 25, Noida",8324704.349,Unknown,Ready to Move,3 out of 3,Resale,East,"Garden/Park, Main Road",Freehold,2,4,Noida, Sector 25,2601,3,1364.859669,2017,Registered,Yes,Yes
"2 BHK Flat for Sale in RWA Jalvayu Vihar, Sector 25, Noida",20260688.89,Unknown,Ready to Move,14 out of 17,Resale,North,Main Road,Freehold,2,2,Noida, RWA Jalvayu Vihar,7200,2,1200,2017,Registered,Yes,No
"1 BHK Flat for Sale in Oasis Grandstand, Greater Noida",7503958.85,Unknown,Ready to Move,20 out of 25,Resale,North - West,"Garden/Park, Main Road",Freehold,1,1,Noida, Oasis Grandstand,4604,1,695.0477845,2017,Registered,No,Yes
"5 BHK Villa for Sale in Unitech Espace Nirvana Country, Nirvana Country, Sector 50 Gurgaon",539347042.3,Unknown,Ready to Move,12 out of 29,Resale,North - East,"Garden/Park, Main Road",Freehold,6,2,Gurgaon, Unitech Espace Nirvana Country,46000,5,5000,2017,Registered,Yes,Yes
"4 BHK Flat for Sale in 3C Lotus Panache, Sector 110, Dadri Road, Noida",45727249.24,Unknown,Poss. by Oct '23,8 out of 23,Resale,East,Road,Not specified,5,2,Noida, 3C Lotus Panache,6979,4,2794.096575,2017,Registered,Yes,Yes
"3 BHK Flat for Sale in Sector 27, Gurgaon",42209768.53,Unknown,Ready to Move,9 out of 14,Resale,Not specified,Road,Not specified,3,2,Gurgaon, Sector 27,10129,3,1777.075723,2017,Registered,Yes,No
"3 BHK Flat for Sale in Supertech Eco Village 1, Sector 1, Greater Noida",14069922.84,Unknown,Ready to Move,1 out of 4,Resale,Not specified,Road,Not specified,3,2,Noida, Supertech Eco Village 1,3883,3,1545.197013,2017,Registered,Yes,Yes
"2 BHK Flat for Sale in Bhai Parmanand Colony, Mukherjee Nagar, New Delhi",24622364.97,Unknown,Ready to Move,3 out of 4,Resale,Not specified,Road,Not specified,2,2,Delhi, Bhai Parmanand Colony,14583,2,720.0164575,2017,Registered,Yes,Yes
2 BHK House for Sale in Govindpuri Main New Delhi,10552442.13,Unknown,Ready to Move,1 out of 3,New Property,Not specified,Road,Not specified,2,2,Delhi, Govindpuri Ma New Delhi,5556,2,809.9352052,2017,Registered,Yes,Yes
"4 BHK Flat for Sale in Gurgaon Floors, DLF City Phase 1, Gurgaon",114904369.9,Unknown,Ready to Move,1 out of 4,New Property,Not specified,Road,Not specified,4,2,Gurgaon, Gurgaon Floors,10652,4,4600.075103,2017,Registered,Yes,Yes
"1 BHK Flat for Sale in Inderpuri, New Delhi",3376781.482,Unknown,Ready to Move,Ground out of 2,Resale,Not specified,Road,Not specified,1,2,Delhi, Inderpuri,4000,1,360,2017,Registered,Yes,Yes
2 BHK House for Sale in Yamuna Vihar New Delhi,14069922.84,Unknown,Ready to Move,5 out of 23,Resale,Not specified,Road,Not specified,2,2,Delhi, Yamuna Vihar New Delhi,6667,2,899.9550022,2017,Registered,Yes,Yes
"3 BHK Flat for Sale in Emaar Emerald Hills, Sector 65, Gurgaon",56279691.37,Unknown,Ready to move,2 out of 4,Resale,Not specified,Road,Not specified,3,2,Gurgaon, Emaar Emerald Hills,12000,3,2000,2017,Registered,No,Yes
"2 BHK Flat for Sale in ACE Divino , Sector 1 Greater Noida West, Greater Noida",15945912.56,Unknown,Ready to move,2 out of 4,Resale,Not specified,Road,Not specified,2,2,Noida, ACE Divino ,6834,2,995.0248756,2017,Not Registered,No,No
2 BHK Villa for Sale in Sector XU 3 Greater Noida,25794858.55,Suresh Properties (Lamba JI),Ready to Move,2 out of 4,Resale,North - East,Garden/Park,Leasehold,2,1,Noida, Sector XU 3 Greater Noida,8521,2,1290.928295,2017,Registered,Yes,No
"2 BHK Flat for Sale in Savitri Nagar Village, Sheikh Sarai, New Delhi",25794858.55,Sector 49 Affordable Homes,Ready to Move,2 out of 19,Resale,East,Main Road,Freehold,2,1,Delhi, Savitri Nagar Village,7857,2,1400.025455,2017,Not Registered,No,Yes
"3 BHK Flat for Sale in Dwarka Expressway, Gurgaon",30484832.83,Unknown,Ready to Move,3 out of 4,New Property,North - East,Garden/Park,Freehold,3,3,Gurgaon, Dwarka Expressway,7429,3,1749.899044,2017,Registered,Yes,Yes
"2 BHK Flat for Sale in DS 19, New Delhi",21104884.26,Unknown,Ready to Move,3 out of 4,Resale,North,"Garden/Park, Main Road",Freehold,2,1,Delhi, DS 19,11111,2,810.0081001,2017,Registered,No,Yes
"1 BHK Flat for Sale in New Ashok Nagar, New Delhi",3517480.711,Unknown,Ready to Move,1 out of 1,Resale,North - East,"Garden/Park, Pool, Main Road",Freehold,1,2,Delhi, New Ashok Nagar,3000,1,500,2017,Not Registered,Yes,Yes
8 BHK Villa for Sale in Sector 27 Noida,211048842.6,Unknown,Ready to Move,Ground out of 1,Resale,North,"Garden/Park, Pool, Main Road",Freehold,8,2,Noida, Sector 27 Noida,12000,8,7500,2017,Registered,Yes,Yes
"3 BHK Flat for Sale in Yamuna Enclave, Sector 28, Noida Sector 18 Metro, Noida",37519794.25,Unknown,Ready to Move,1 out of 4,Resale,East,"Pool, Garden/Park, Main Road",Leasehold,2,1,Noida, Yamuna Enclave,8889,3,1799.9775,2017,Registered,Yes,Yes
"2 BHK Flat for Sale in Varun Enclave, Sector 28, Noida Sector 18 Metro, Noida",28139845.69,Unknown,Ready to Move,1 out of 3,Resale,North - East,Main Road,Leasehold,2,3,Noida, Varun Enclave,9554,2,1256.018422,2017,Not Registered,Yes,Yes
"2 BHK Flat for Sale in Noida Authority Plots, Sector 105 Block B, Noida Express Way, Noida",11724935.7,Unknown,Ready to Move,2 out of 4,Resale,East,"Garden/Park, Pool",Freehold,2,4,Noida, Noida Authority Plots,4167,2,1199.904008,2017,Not Registered,Yes,Yes
"3 BHK Flat for Sale in DDA Ekta Apartment, Dwarka Sector 3, New Delhi",30484832.83,Unknown,Ready to Move,4 out of 5,Resale,East,"Pool, Garden/Park, Main Road",Freehold,2,3,Delhi, DDA Ekta Apartment,8966,3,1449.921927,2017,Not Registered,Yes,Yes
"4 BHK Flat for Sale in Sector 28, Noida Sector 18 Metro, Noida",40099280.1,Unknown,Ready to Move,3 out of 4,Resale,North - East,Road,Leasehold,3,5,Noida, Sector 28,7773,4,2199.92281,2017,Registered,No,No
"1 BHK Flat for Sale in Bahrampur, Ghaziabad",3282981.997,Unknown,Ready to Move,7 out of 22,Resale,Not specified,Road,Freehold,1,3,Ghaziabad, Bahrampur,3111,1,450.016072,2017,Registered,Yes,Yes
"3 BHK Flat for Sale in Mahavir Enclave Part 1, New Delhi",14069922.84,Unknown,Ready to Move,2 out of 4,Resale,Not specified,Road,Freehold,2,2,Delhi, Mahavir Enclave Part 1,9559,3,627.6807197,2017,Not Registered,Yes,Yes
"3 BHK Flat for Sale in Amrapali Eden Park, Sector 50 Block F, Noida",30484832.83,Unknown,Ready to Move,Ground out of 1,Resale,Not specified,Road,Not specified,3,1,Noida, Amrapali Eden Park,5415,3,2400.738689,2017,Registered,Yes,No
"3 BHK Flat for Sale in gaur City 2 16th Avenue, Sector 16, Greater Noida",17587403.55,Unknown,Ready to Move,Ground out of 5,Resale,Not specified,Road,Not specified,3,2,Noida, gaur City 2 16th Avenue,7037,3,1065.795083,2017,Registered,No,Yes
"2 BHK Flat for Sale in Sudarshan Park, New Delhi",8910951.134,Unknown,Ready to Move,2 out of 4,Resale,Not specified,Road,Not specified,2,2,Delhi, Sudarshan Park,8182,2,464.4341237,2017,Not Registered,No,Yes
"3 BHK Flat for Sale in Sector 30, Mathura Road, Faridabad",21104884.26,Unknown,Ready to Move,2 out of 2,Resale,Not specified,Road,Not specified,3,2,Faridabad, Sector 30,6402,3,1405.810684,2017,Not Registered,Yes,Yes
"2 BHK Flat for Sale in Sector 30 RWA, Sector 30, Golf Course Metro, Noida",18525398.41,Unknown,Ready to Move,10 out of 30,Resale,Not specified,Road,Not specified,2,2,Noida, Sector 30 RWA,8671,2,911.0829201,2017,Registered,Yes,Yes
"2 BHK Flat for Sale in Sector 30, Golf Course Metro, Noida",17587403.55,Unknown,Ready to Move,9 out of 14,Resale,Not specified,Road,Not specified,2,2,Noida, Sector 30,20000,2,375,2017,Registered,Yes,Yes
4 BHK House for Sale in Sector 47 Gurgaon,42209768.53,Unknown,Poss. by Feb '26,Ground out of 3,Resale,Not specified,Road,Not specified,4,2,Gurgaon, Sector 47 Gurgaon,6325,4,2845.849802,2017,Registered,Yes,Yes
"3 BHK Flat for Sale in Sushant Lok 3, Sushant Lok 3 Block B, Sector 57, Golf Course Extension Road, Gurgaon",24622364.97,Unknown,Ready to Move,1 out of 4,Resale,Not specified,Road,Not specified,2,2,Gurgaon, Sushant Lok 3,9043,3,1161.119098,2017,Registered,Yes,Yes
"2 BHK Flat for Sale in Panchsheel Greens Mart , Sector 16, Greater Noida",10317943.42,Unknown,Ready to Move,2 out of 4,Resale,Not specified,Road,Not specified,2,2,Noida, Panchsheel Greens Mart ,4040,2,1089.108911,2017,Registered,Yes,Yes
"2 BHK Flat for Sale in Sainik Colony, Sector 49, Faridabad",6917712.064,Unknown,Ready to Move,2 out of 4,Resale,Not specified,Road,Not specified,2,2,Faridabad, Sainik Colony,7238,2,407.5711523,2017,Registered,No,No
"2 BHK Flat for Sale in Cgewho Kendriya Vihar 2 , Sector 82, Dadri Road, Noida",17821902.27,Unknown,Ready to move,2 out of 4,Resale,Not specified,Road,Not specified,2,2,Noida, Cgewho Kendriya Vihar 2Â ,7631,2,2335.460918,2017,Registered,Yes,Yes
"3 BHK House for Sale in Sector 30, Golf Course Metro Noida",64487146.36,Unknown,Ready to Move,9 out of 14,Resale,North,Pool,Freehold,3,6,Noida, Sector 30,10185,3,2700.049092,2017,Registered,No,Yes
"3 BHK Flat for Sale in Nilaya Greens, Raj Nagar Extension, Ghaziabad",10552442.13,Unknown,Ready to Move,7 out of 23,New Property,North,"Garden/Park, Pool, Main Road",Power Of Attorney,2,1,Ghaziabad, Nilaya Greens,3583,3,1255.930784,2017,Registered,Yes,Yes
"4 BHK Flat for Sale in Suncity Platinum Towers, Dlf City Phase 4, Sector 28, Gurgaon",229808739.8,Unknown,Ready to Move,Ground out of 5,New Property,South -West,Main Road,Freehold,7,1,Gurgaon, Suncity Platinum Towers,23473,4,4175.009585,2017,Registered,Yes,Yes
2 BHK House for Sale in Najafgarh New Delhi,6800462.707,Unknown,Ready to Move,17 out of 23,Resale,East,"Garden/Park, Pool, Main Road",Leasehold,1,6,Delhi, Najafgarh New Delhi,5686,2,510.0246219,2017,Registered,Yes,Yes
"3 BHK Flat for Sale in Chhattarpur Enclave Phase2, New Delhi",17587403.55,Unknown,Ready to Move,Ground out of 2,Resale,East,Main Road,Leasehold,2,2,Delhi, Chhattarpur Enclave Phase2,6667,3,1124.943753,2017,Registered,Yes,Yes
"4 BHK Flat for Sale in Suncity Platinum Towers, Sector 28, Gurgaon",242706169,Unknown,Ready to Move,8 out of 12,New Property,North,"Garden/Park, Main Road",Freehold,7,6,Gurgaon, Suncity Platinum Towers,24790,4,4175.070593,2017,Registered,No,Yes
"3 BHK Flat for Sale in DDA EWS Housing Project, Manglapuri, New Delhi",9848945.99,Unknown,Ready to Move,5 out of 10,New Property,East,Main Road,Freehold,1,2,Delhi, DDA EWS Housing Project,8485,3,494.9911609,2017,Not Registered,No,Yes
"2 BHK Flat for Sale in Oxy Homez, Bhopura, Ghaziabad",7034961.421,Unknown,Ready to Move,Ground out of 3,Resale,East,"Pool, Main Road",Freehold,2,1,Ghaziabad, Oxy Homez,3158,2,949.9683344,2017,Registered,No,Yes
"5 BHK Villa for Sale in Jaypee Greens Kallisto Townhomes, Sector 128, Noida Express Way Noida",164149099.8,Unknown,Ready to Move,1 out of 4,New Property,North - East,Garden/Park,Freehold,5,1,Noida, Jaypee Greens Kallisto Townhomes,14000,5,5000,2017,Registered,Yes,Yes
"2 BHK Flat for Sale in KDP MGI Gharaunda, Raj Nagar Extension, Ghaziabad",5393470.423,Unknown,Ready to Move,3 out of 3,Resale,South - East,"Garden/Park, Pool, Main Road",Leasehold,2,1,Ghaziabad, KDP MGI Gharaunda,2875,2,800,2017,Registered,No,Yes
"2 BHK House for Sale in South City 1, Sector 41 Gurgaon",76212082.07,Unknown,Ready to Move,29 out of 78,Resale,East,Garden/Park,Freehold,2,1,Gurgaon, South City 1,27083,2,1200.014769,2017,Registered,Yes,Yes
5 BHK House for Sale in Sanjay Enclave Colony Faridabad,9848945.99,Unknown,Ready to Move,4 out of 4,Resale,East,"Garden/Park, Main Road",Freehold,2,3,Faridabad, Sanjay Enclave Colony Faridabad,4200,5,1000,2017,Registered,Yes,Yes
"3 BHK Flat for Sale in Manavsthali Apartment, Paryatan Vihar, Vasundhara Enclave, New Delhi",28139845.69,Unknown,Ready to Move,16 out of 29,Resale,East,"Garden/Park, Pool",Freehold,2,4,Delhi, Manavsthali Apartment,8276,3,1449.975834,2017,Not Registered,Yes,Yes
"2 BHK Flat for Sale in Vidhayak Colony, Nyay Khand 1, Ghaziabad",6964611.807,Unknown,Ready to Move,12 out of 14,Resale,South,"Garden/Park, Main Road",Freehold,2,4,Ghaziabad, Vidhayak Colony,4400,2,675,2017,Registered,Yes,Yes
" Studio Apartment for Sale in Supertech Supernova Spira Residences, Sector 94, Noida Express Way, Noida",17446704.33,Unknown,Ready to Move,6 out of 10,Resale,East,Main Road,Leasehold,1,5,Noida, Supertech Supernova Spira Residences,12500,1,595.2,2017,Registered,No,Yes
"3 BHK Flat for Sale in Parsvnath Exotica, Sector 53, Gurgaon",112559382.7,Unknown,Ready to Move,1 out of 2,Resale,Not specified,Road,Not specified,5,2,Gurgaon, Parsvnath Exotica,16580,3,2895.054282,2017,Registered,Yes,Yes
"4 BHK Flat for Sale in Rama Krishna Apartments, Dwarka Sector 23, New Delhi",56279691.37,Unknown,Ready to Move,2 out of 3,Resale,Not specified,Road,Not specified,4,2,Delhi, Rama Krishna Apartments,10667,4,2249.92969,2017,Registered,Yes,Yes
"3 BHK Flat for Sale in Kakrola, New Delhi",14069922.84,Unknown,Ready to Move,2 out of 3,Resale,Not specified,Road,Not specified,2,1,Delhi, Kakrola,8438,3,711.0689737,2017,Registered,No,No
"4 BHK Flat for Sale in ATS Le Grandiose, Sector 150, Pusta Road, Noida",63314652.79,Unknown,Poss. by Sep '23,2 out of 4,Resale,Not specified,Road,Not specified,5,3,Noida, ATS Le Grandiose,11852,4,2278.096524,2017,Registered,Yes,Yes
5 BHK House for Sale in Surya Vihar Gurgaon,37519794.25,Unknown,Ready to Move,1 out of 4,Resale,Not specified,Road,Not specified,5,2,Gurgaon, Surya Vihar Gurgaon,3333,5,4800.480048,2017,Registered,Yes,No
"2 BHK Flat for Sale in CA Block Shalimar Bagh, New Delhi",28139845.69,Unknown,Ready to Move,2 out of 4,Resale,Not specified,Road,Not specified,1,2,Delhi, CA Block Shalimar Bagh,9909,2,1211.020285,2017,Registered,Yes,Yes
"2 BHK Flat for Sale in Sanjay Nagar, Ghaziabad",7034961.421,Unknown,Ready to Move,2 out of 4,Resale,Not specified,Road,Not specified,2,2,Ghaziabad, Sanjay Nagar,4857,2,617.6652254,2017,Registered,Yes,Yes
"2 BHK Flat for Sale in Punjabi Bagh Extension, New Delhi",18759897.12,Unknown,Ready to Move,2 out of 4,Resale,Not specified,Road,Not specified,1,2,Delhi, Punjabi Bagh Extension,9806,2,815.8270447,2017,Registered,Yes,No
"1 BHK Flat for Sale in Naya Khand, Nyay Khand 3, Ghaziabad",3986478.139,Unknown,Ready to Move,2 out of 4,Resale,Not specified,Road,Not specified,2,2,Ghaziabad, Naya Khand,9355,1,181.7210048,2017,Registered,Yes,Yes
2 BHK Villa for Sale in Sector-37 Greater Noida,22277377.83,Unknown,Ready to Move,2 out of 4,Resale,Not specified,Road,Not specified,2,2,Noida, Sector-37 Greater Noida,7631,2,2919.326148,2017,Registered,No,Yes
"4 BHK Flat for Sale in IMT Manesar, Gurgaon",18759897.12,Unknown,Ready to Move,3 out of 10,Resale,North - East,Main Road,Freehold,4,1,Gurgaon, IMT Manesar,3556,4,2249.718785,2017,Registered,Yes,Yes
"2 BHK Flat for Sale in Gaur City 2 White Orchid, Greater Noida West, Greater Noida",5745218.494,Unknown,Ready to Move,Ground out of 4,New Property,East,"Garden/Park, Pool, Main Road",Leasehold,2,5,Noida, Gaur City 2 White Orchid,2513,2,974.9303621,2017,Registered,Yes,Yes
"4 BHK Flat for Sale in Lotus 300, Sector 107, Dadri Road, Noida",133664267,Unknown,Ready to Move,3 out of 21,Resale,East,Garden/Park,Freehold,4,2,Noida, Lotus 300,10000,4,5700,2017,Not Registered,Yes,No
"1 BHK Flat for Sale in Shalimar Garden Extension 1, Ghaziabad",4244426.724,Unknown,Ready to Move,2 out of 4,New Property,North - East,"Garden/Park, Main Road",Freehold,1,2,Ghaziabad, Shalimar Garden Extension 1,3017,1,599.933709,2017,Registered,Yes,Yes
"2 BHK Flat for Sale in Signature Global City 37D, Sector 37D, Delhi Gurgaon Expressway, Gurgaon",22957424.11,Unknown,Poss. by Aug '23,Ground out of 3,New Property,North - West,"Pool, Main Road",Leasehold,2,1,Gurgaon, Signature Global City 37D,11518,2,849.9739538,2017,Registered,Yes,Yes
"3 BHK Flat for Sale in Alaknanda, New Delhi",79927984.54,Unknown,Ready to Move,6 out of 14,Resale,North - East,Garden/Park,Freehold,2,1,Delhi, Alaknanda,15000,3,1800,2018,Registered,Yes,Yes
"1 BHK Flat for Sale in Thee Halt Express, Knowledge Park 3, Greater Noida",7607960.01,Unknown,Ready to Move,3 out of 3,New Property,South -West,Main Road,Leasehold,1,2,Noida, Thee Halt Express,4515,1,569.213732,2018,Registered,Yes,Yes
"3 BHK Flat for Sale in Vatika India Next, Sector 82, Gurgaon",37003696.55,Unknown,Ready to Move,Ground out of 4,Resale,West,"Garden/Park, Main Road",Freehold,2,3,Gurgaon, Vatika India Next,9259,3,1350.037801,2018,Registered,Yes,Yes
"3 BHK Flat for Sale in Pratap Vihar, Ghaziabad",19537951.78,Unknown,Ready to Move,2 out of 3,Resale,East,Garden/Park,Freehold,3,3,Ghaziabad, Pratap Vihar,5500,3,1200,2018,Registered,Yes,Yes
"2 BHK Flat for Sale in Anarkali Colony, Krishna Nagar, New Delhi",13321330.76,Unknown,Ready to Move,1 out of 2,Resale,East,Garden/Park,Freehold,1,3,Delhi, Anarkali Colony,6923,2,650.0072223,2018,Registered,Yes,Yes
3 BHK House for Sale in Shyam Vihar 1 Najafgarh New Delhi,10065005.46,Unknown,Ready to Move,Ground out of 4,Resale,Not specified,Road,Not specified,3,2,Delhi, Shyam Vihar 1 Najafgarh New Delhi,5231,3,649.9713248,2018,Registered,Yes,Yes
3 BHK House for Sale in Mansarovar garden New Delhi,50325027.3,Unknown,Ready to Move,Ground out of 2,Resale,Not specified,Road,Not specified,2,4,Delhi, Mansarovar garden New Delhi,85000,3,200,2018,Registered,Yes,No
"2 BHK Flat for Sale in Ecotech 3, Greater Noida",20722070.07,Unknown,Ready to Move,5 out of 22,Resale,Not specified,Road,Not specified,2,2,Noida, Ecotech 3,7907,2,885.2915138,2018,Registered,No,Yes
"3 BHK Flat for Sale in ATS Tourmaline, Sector 109 Block T, Gurgaon",50325027.3,Unknown,Ready to Move,8 out of 14,Resale,Not specified,Road,Not specified,4,1,Gurgaon, ATS Tourmaline,4565,3,3723.986857,2018,Not Registered,No,No
2 BHK House for Sale in Brahmpuri New Delhi,17761774.34,Unknown,Ready to Move,5 out of 32,Resale,Not specified,Road,Not specified,3,2,Delhi, Brahmpuri New Delhi,8750,2,685.7142857,2018,Registered,Yes,No
8 BHK House for Sale in Sector 39 Noida,155415525.5,Unknown,Ready to Move,4 out of 4,Resale,Not specified,Road,Not specified,7,2,Noida, Sector 39 Noida,10279,8,5107.50073,2018,Registered,No,Yes
"4 BHK Flat for Sale in Ardee City, Ardee City, Sector 52, Gurgaon",74303422.67,Unknown,Ready to Move,8 out of 15,New Property,Not specified,Road,Not specified,4,2,Gurgaon, Ardee City,4321,4,5808.840546,2018,Not Registered,Yes,Yes
"3 BHK Flat for Sale in Sukhdev Vihar, Okhla, New Delhi",66606653.78,Unknown,Ready to move,9 out of 19,Resale,Not specified,Road,Not specified,3,2,Delhi, Sukhdev Vihar,4500,3,5000,2018,Not Registered,Yes,Yes
"1 BHK Flat for Sale in Wave Hitech City, NH 24, Ghaziabad",4973296.816,Unknown,Ready to move,2 out of 4,Resale,Not specified,Road,Not specified,1,2,Ghaziabad, Wave Hitech City,7631,1,651.7228169,2018,Registered,No,Yes
"1 BHK Flat for Sale in Sector 41, Suraj Kund Badkhal Road, Faridabad",3374737.125,Unknown,Ready to Move,1 out of 7,Resale,East,Garden/Park,Freehold,1,3,Faridabad, Sector 41,2923,1,390.0102634,2018,Registered,Yes,Yes
"4 BHK Flat for Sale in Sector 41, Suraj Kund Badkhal Road, Faridabad",37003696.55,Unknown,Ready to Move,10 out of 10,Resale,East,Main Road,Freehold,4,1,Faridabad, Sector 41,6173,4,2024.947351,2018,Not Registered,No,No
"3 BHK Flat for Sale in Sector 41, Suraj Kund Badkhal Road, Faridabad",13143713.01,Unknown,Ready to Move,5 out of 11,Resale,North,Main Road,Freehold,2,2,Faridabad, Sector 41,2921,3,1520.027388,2018,Registered,Yes,Yes
" Studio Apartment for Sale in Uttam Nagar, New Delhi",3848384.441,Unknown,Poss. by Dec '23,3 out of 4,Resale,East,"Garden/Park, Main Road",Freehold,1,1,Delhi, Uttam Nagar,4815,1,269.9896158,2018,Registered,Yes,Yes
"3 BHK Flat for Sale in Pawittra Apartment, Vasundhara Enclave, New Delhi",51805175.17,Unknown,Ready to Move,4 out of 7,Resale,East,Main Road,Freehold,3,2,Delhi, Pawittra Apartment,10938,3,1599.92686,2018,Registered,Yes,Yes
"3 BHK Flat for Sale in Shivaji Nagar, New Delhi",29602957.24,Unknown,Ready to Move,3 out of 4,Resale,North,"Garden/Park, Main Road",Freehold,2,8,Delhi, Shivaji Nagar,7426,3,1346.619984,2018,Registered,Yes,Yes
"1 BHK Flat for Sale in Shahberi, Greater Noida",3552354.868,Unknown,Ready to Move,2 out of 3,Resale,North,Main Road,Leasehold,2,2,Noida, Shahberi,2400,1,500,2018,Registered,Yes,No
"2 BHK Flat for Sale in Jangpura Extension, Jangpura, New Delhi",57725766.61,Unknown,Ready to Move,4 out of 4,Resale,Not specified,Road,Freehold,3,2,Delhi, Jangpura Extension,19500,2,1000,2018,Registered,Yes,Yes
"2 BHK Flat for Sale in Dream Heights, Noida Extension Block C, Noida",11841182.89,Unknown,Ready to Move,5 out of 15,Resale,Not specified,Road,Not specified,2,2,Noida, Dream Heights,4969,2,804.9909439,2018,Registered,Yes,Yes
"2 BHK Flat for Sale in Krishna Nagar, New Delhi",10361035.03,Unknown,Ready to Move,3 out of 4,Resale,Not specified,Road,Not specified,2,2,Delhi, Krishna Nagar,5833,2,600.0342877,2018,Not Registered,Yes,No
"2 BHK Flat for Sale in Sector 42, Noida",6542253.549,Unknown,Poss. by Sep '23,2 out of 3,Resale,Not specified,Road,Not specified,1,2,Noida, Sector 42,2600,2,850,2018,Registered,Yes,Yes
"3 BHK Flat for Sale in Shivpuri, Sector 7, Gurgaon",29602957.24,Unknown,Ready to Move,2 out of 3,Resale,Not specified,Road,Not specified,3,2,Gurgaon, Shivpuri,5556,3,1799.856012,2018,Registered,No,No
"3 BHK Flat for Sale in Lavanya Apartments, Sector 81, Gurgaon",22202217.93,Unknown,Ready to Move,Ground out of 4,Resale,Not specified,Road,Not specified,3,2,Gurgaon, Lavanya Apartments,4808,3,1559.900166,2018,Registered,No,Yes
"2 BHK Flat for Sale in Indraprastha Extension, Patparganj, New Delhi",34043400.82,Unknown,Ready to Move,1 out of 4,Resale,Not specified,Road,Not specified,2,2,Delhi, Indraprastha Extension,10455,2,1099.952176,2018,Registered,Yes,No
> 10 BHK House for Sale in Sector 22 Gurgaon,266426615.1,Unknown,Ready to move,6 out of 14,New Property,Not specified,Road,Not specified,10,2,Gurgaon, Sector 22 Gurgaon,12000,10,7500,2018,Registered,Yes,No
"6 BHK Flat for Sale in Dwarka Mor, New Delhi",17761774.34,Unknown,Ready to move,2 out of 3,Resale,Not specified,Road,Not specified,4,2,Delhi, Dwarka Mor,3623,6,1656.086116,2018,Not Registered,Yes,Yes
1 BHK House for Sale in Jaffarpur Kalan New Delhi,4440443.586,Unknown,Ready to move,2 out of 4,Resale,Not specified,Road,Not specified,1,2,Delhi, Jaffarpur Kalan New Delhi,7714,1,194.4516464,2018,Registered,No,Yes
"3 BHK Flat for Sale in Grace, Sector 61, Ashok Marg, Noida",39963992.27,Unknown,Ready to move,2 out of 4,Resale,Not specified,Road,Not specified,3,2,Noida, Grace,8333,3,1620.064803,2018,Not Registered,Yes,No
"4 BHK Flat for Sale in Jamia Nagar, Okhla, New Delhi",44404435.86,Unknown,Ready to move,2 out of 4,New Property,Not specified,Road,Not specified,3,2,Delhi, Jamia Nagar,4478,4,3349.709692,2018,Registered,Yes,No
"4 BHK Flat for Sale in Rani Bagh, New Delhi",47364731.58,Mehta Realtors,Poss. by Jan '24,2 out of 4,New Property,East,Main Road,Freehold,3,3,Delhi, Rani Bagh,11111,4,1440.0144,2018,Registered,Yes,No
"1 BHK Flat for Sale in Paras Tierea, Sector 137, Noida Express Way, Noida",9472946.316,Lifetime Properties,Ready to Move,16 out of 28,Resale,North - East,"Pool, Main Road",Leasehold,1,1,Noida, Paras Tierea,6465,1,494.9729312,2018,Registered,Yes,Yes
"2 BHK Flat for Sale in DDA Pocket JK, Dilshad Garden, New Delhi",25162513.65,Family And Flats,Ready to Move,2 out of 3,Resale,East,"Garden/Park, Main Road",Freehold,2,2,Delhi, DDA Pocket JK,6296,2,1350.063532,2018,Not Registered,Yes,Yes
"5 BHK Flat for Sale in DLF Beverly Park, Mehrauli Gurgaon Road, Gurgaon",244224397.2,Gurgaon City Estate,Ready to Move,9 out of 9,Resale,North - East,Garden/Park,Freehold,6,4,Gurgaon, DLF Beverly Park,15000,5,5500,2018,Registered,Yes,Yes
4 BHK House for Sale in Tri Nagar New Delhi,44404435.86,Ansh Home and Dovelopers,Ready to Move,3 out of 3,Resale,North - East,Main Road,Freehold,3,3,Delhi, Tri Nagar New Delhi,4000,4,3750,2018,Registered,Yes,Yes
"1 BHK Flat for Sale in Khanpur, Madangir, New Delhi",5624561.875,Unknown,Ready to Move,5 out of 5,Resale,North - East,"Garden/Park, Pool, Main Road",Freehold,1,1,Delhi, Khanpur,3596,1,528.3648498,2018,Registered,No,Yes
3 BHK House for Sale in Pratap Nagar New Delhi,20722070.07,Unknown,Ready to Move,Ground out of 1,New Property,East,"Garden/Park, Main Road",Power Of Attorney,1,3,Delhi, Pratap Nagar New Delhi,4647,3,1506.348182,2018,Registered,Yes,No
"2 BHK Flat for Sale in Signature The Serenas, Sohna Sector 36, Gurgaon",11693168.11,Unknown,Ready to Move,4 out of 13,New Property,North - East,Garden/Park,Freehold,2,1,Gurgaon, Signature The Serenas,5000,2,790,2018,Not Registered,Yes,No
"3 BHK Flat for Sale in The Rivulet Phase 1, Greater Noida West, Greater Noida",19981996.14,Unknown,Poss. by Apr '30,15 out of 18,New Property,South,"Garden/Park, Main Road",Freehold,3,2,Noida, The Rivulet Phase 1,8889,3,759.3655079,2018,Registered,No,Yes
"2 BHK House for Sale in Kanwar Singh Nagar, Nangloi New Delhi",23682365.79,Unknown,Ready to Move,4 out of 5,Resale,North - East,"Garden/Park, Main Road",Freehold,2,2,Delhi, Kanwar Singh Nagar,9590,2,834.2022941,2018,Registered,Yes,Yes
"3 BHK Flat for Sale in Unitech Fresco, Nirvana Country, Sector 50, Gurgaon",53285323.03,Unknown,Ready to Move,Ground out of 15,Resale,East,"Garden/Park, Pool, Main Road",Freehold,3,3,Gurgaon, Unitech Fresco,9000,3,2000,2018,Registered,Yes,Yes
8 BHK House for Sale in Sector 55 Noida,133213307.6,Unknown,Ready to Move,3 out of 3,Resale,North - East,"Garden/Park, Main Road",Freehold,3,2,Noida, Sector 55 Noida,9630,8,4672.897196,2018,Registered,Yes,Yes
2 BHK House for Sale in Sector 55 Faridabad,15393537.76,Unknown,Ready to Move,13 out of 17,Resale,North,Main Road,Freehold,2,2,Faridabad, Sector 55 Faridabad,12593,2,412.927817,2018,Registered,No,Yes
"3 BHK House for Sale in Sector 35, Noida City centre Metro Noida",25162513.65,Unknown,Ready to Move,Ground out of 2,Resale,East,"Garden/Park, Pool",Freehold,2,3,Noida, Sector 35,4741,3,1792.870702,2018,Not Registered,Yes,Yes
"2 BHK Flat for Sale in Sultanpur, New Delhi",9472946.316,Unknown,Ready to Move,2 out of 3,Resale,East,Road,Freehold,2,2,Delhi, Sultanpur,6824,2,468.933177,2018,Registered,No,No
"2 BHK Flat for Sale in Amrapali Zodiac, Sector 120, Noida",21728570.61,Unknown,Ready to Move,8 out of 8,Resale,North - East,Road,Leasehold,3,2,Noida, Amrapali Zodiac,10305,2,712.2755944,2018,Registered,No,Yes
"2 BHK Flat for Sale in Godrej Nature Plus, Sohna Sector 33, Gurgaon",39963992.27,Unknown,Poss. by Jan '28,Ground out of 4,New Property,East,Road,Not specified,2,2,Gurgaon, Godrej Nature Plus,14843,2,909.5196389,2018,Registered,Yes,No
"2 BHK Flat for Sale in Ambience Creacions, Sector 22, Gurgaon",58613855.33,Unknown,Poss. by Sep '23,7 out of 19,Resale,Not specified,Road,Not specified,2,1,Gurgaon, Ambience Creacions,3736,2,5299.785867,2018,Not Registered,Yes,Yes
3 BHK House for Sale in Jalalpur Greater Noida,15097508.19,Unknown,Ready to Move,1 out of 3,Resale,Not specified,Road,Not specified,2,4,Noida, Jalalpur Greater Noida,5500,3,927.2727273,2018,Registered,Yes,No
"2 BHK Flat for Sale in Vaishali Sector 2, Ghaziabad",16281626.48,Unknown,Ready to Move,Ground out of 3,Resale,Not specified,Road,Not specified,2,2,Ghaziabad, Vaishali Sector 2,10554,2,521.1294296,2018,Registered,Yes,Yes
"2 BHK Flat for Sale in Eldeco Live By The Greens, Sector 150, Pusta Road, Noida",31971193.82,Unknown,Poss. by Jun '25,26 out of 28,Resale,Not specified,Road,Not specified,2,2,Noida, Eldeco Live By The Greens,5056,2,2136.075949,2018,Registered,Yes,No
3 BHK House for Sale in Pratap Vihar Ghaziabad,23682365.79,Unknown,Ready to Move,2 out of 4,Resale,Not specified,Road,Not specified,2,2,Ghaziabad, Pratap Vihar Ghaziabad,16667,3,479.9904002,2018,Registered,Yes,Yes
"> 10 BHK House for Sale in Gandhi Vihar, Gopalpur Village New Delhi",207220700.7,Unknown,Ready to Move,2 out of 4,Resale,Not specified,Road,Not specified,3,2,Delhi, Gandhi Vihar,3652,10,19167.57941,2018,Registered,Yes,Yes
"3 BHK Villa for Sale in Green Villa 2 , Greater Noida West Greater Noida",24866484.08,Unknown,Poss. by Jun '24,2 out of 4,New Property,Not specified,Road,Not specified,3,2,Noida, Green Villa 2 ,5263,3,1596.047881,2018,Registered,No,Yes
7 BHK House for Sale in Shahdara New Delhi,26642661.51,Unknown,Ready to Move,2 out of 4,Resale,Not specified,Road,Not specified,2,2,Delhi, Shahdara New Delhi,5612,7,1603.706344,2018,Registered,Yes,Yes
"3 BHK Flat for Sale in Sector 92, Gurgaon",16281626.48,Unknown,Ready to Move,2 out of 4,Resale,Not specified,Road,Not specified,3,2,Gurgaon, Sector 92,4889,3,1124.974432,2018,Registered,No,No
"3 BHK Flat for Sale in Neb Sarai, New Delhi",16281626.48,Unknown,Ready to Move,2 out of 4,Resale,Not specified,Road,Not specified,1,2,Delhi, Neb Sarai,2571,3,2139.24543,2018,Registered,Yes,Yes
"3 BHK Flat for Sale in RG Luxury Homes Phase 2, Greater Noida West, Greater Noida",20011599.09,Unknown,Ready to move,2 out of 4,New Property,Not specified,Road,Not specified,2,2,Noida, RG Luxury Homes Phase 2,7631,3,2622.408478,2018,Registered,No,No
"5 BHK Flat for Sale in Sector 37, Gurgaon",65126505.92,Unknown,Ready to Move,10 out of 20,Resale,North - East,"Garden/Park, Pool, Main Road",Freehold,5,1,Gurgaon, Sector 37,6637,5,3314.75064,2018,Registered,Yes,Yes
2 BHK House for Sale in Sector-37 Greater Noida,20722070.07,Unknown,Ready to Move,1 out of 4,Resale,South - East,"Pool, Garden/Park, Main Road",Leasehold,2,5,Noida, Sector-37 Greater Noida,5419,2,1291.751246,2018,Registered,No,Yes
"6 BHK House for Sale in Fyaz Ganj, Sadar Bazaar New Delhi",74007393.09,Unknown,Ready to Move,Ground out of 13,Resale,North - East,"Garden/Park, Pool, Main Road",Freehold,6,4,Delhi, Fyaz Ganj,10643,6,2348.961759,2018,Not Registered,No,Yes
"2 BHK Flat for Sale in Jhangir Puri, New Delhi",6808680.165,Unknown,Ready to Move,4 out of 4,Resale,North - East,Pool,Freehold,1,3,Delhi, Jhangir Puri,3966,2,579.9293999,2018,Registered,Yes,Yes
"3 BHK Flat for Sale in Ashiana Mulberry, Sohna Sector 2, Gurgaon",34043400.82,Unknown,Ready to Move,7 out of 12,Resale,North - East,"Pool, Garden/Park",Freehold,3,4,Gurgaon, Ashiana Mulberry,6647,3,1730.103806,2018,Registered,Yes,Yes
"10 BHK House for Sale in Sector 36 Block B, Noida City centre Metro Noida",355235486.8,Unknown,Ready to Move,20 out of 20,Resale,North - West,Main Road,Freehold,10,4,Noida, Sector 36 Block B,1200,10,100000,2018,Registered,Yes,Yes
"3 BHK Flat for Sale in Gokul Apartments, Sector 45, Mathura Road, Faridabad",25754572.8,Unknown,Ready to Move,12 out of 30,Resale,North - East,Main Road,Power Of Attorney,3,5,Faridabad, Gokul Apartments,5387,3,1614.999072,2018,Registered,Yes,Yes
"3 BHK Flat for Sale in Supertech Ecociti, Sector 137, Noida Express Way, Noida",22202217.93,Unknown,Ready to Move,Ground out of 2,Resale,East,Main Road,Freehold,2,2,Noida, Supertech Ecociti,5792,3,1294.889503,2018,Registered,Yes,Yes
"2 BHK Flat for Sale in M3M Skywalk, Sector 74, Delhi Gurgaon Expressway, Gurgaon",41444140.13,Unknown,Ready to Move,22 out of 34,Resale,South -West,"Garden/Park, Pool, Main Road",Freehold,2,2,Gurgaon, M3M Skywalk,9831,2,1424.066728,2018,Registered,Yes,Yes
3 BHK House for Sale in Greater Noida West Noida,20722070.07,Unknown,Ready to Move,8 out of 18,Resale,North - West,Garden/Park,Freehold,3,1,Noida, Greater Noida West Noida,7778,3,899.9742864,2018,Registered,Yes,Yes
"4 BHK Flat for Sale in Pareena Sec68, Sector 68, Gurgaon",50325027.3,Unknown,Ready to Move,1 out of 3,Resale,East,Main Road,Freehold,4,2,Gurgaon, Pareena Sec68,8500,4,2000,2018,Registered,No,No
"5 BHK Flat for Sale in Unitech The World Spa, Sector 30, Gurgaon",281228093.8,Unknown,Ready to Move,Ground out of 3,Resale,East,Garden/Park,Freehold,6,1,Gurgaon, Unitech The World Spa,18269,5,5200.065685,2018,Registered,Yes,Yes
"3 BHK Flat for Sale in Chhattarpur, New Delhi",22202217.93,Unknown,Ready to Move,Ground out of 4,New Property,East,Main Road,Freehold,3,2,Delhi, Chhattarpur,5172,3,1450.116009,2018,Registered,Yes,Yes
"2 BHK Flat for Sale in New Colony, Sector 7, Gurgaon",14801478.62,Unknown,Ready to Move,2 out of 3,Resale,Not specified,Road,Freehold,2,1,Gurgaon, New Colony,5263,2,950.0285009,2018,Registered,Yes,Yes
"2 BHK Flat for Sale in Jasola Pocket 12 LIG Flats, Jasola, New Delhi",18649863.06,Unknown,Ready to Move,2 out of 3,Resale,Not specified,Road,Freehold,2,1,Delhi, Jasola Pocket 12 LIG Flats,13889,2,453.5963712,2018,Registered,Yes,No
3 BHK House for Sale in Sector 39 Noida,74007393.09,Unknown,Ready to Move,Ground out of 4,Resale,Not specified,Road,Not specified,3,2,Noida, Sector 39 Noida,5769,3,4333.506674,2018,Registered,No,Yes
"3 BHK Flat for Sale in Kamla Nagar, New Delhi",17761774.34,Unknown,Ready to Move,12 out of 14,New Property,Not specified,Road,Not specified,2,1,Delhi, Kamla Nagar,4938,3,1215.066829,2018,Registered,Yes,No
"1 BHK Flat for Sale in Mandawali, New Delhi",5920591.447,Unknown,Ready to Move,2 out of 5,Resale,Not specified,Road,Not specified,1,2,Delhi, Mandawali,10333,1,193.5546308,2018,Registered,No,Yes
"2 BHK Flat for Sale in Godrej Aria, Sector 79, Gurgaon",38483844.41,Unknown,Ready to Move,3 out of 4,Resale,Not specified,Road,Not specified,2,2,Gurgaon, Godrej Aria,7812,2,1664.106503,2018,Registered,Yes,No
"3 BHK Flat for Sale in Royce Vaishali, Vaishali, Ghaziabad",37003696.55,Unknown,Ready to Move,2 out of 4,Resale,Not specified,Road,Not specified,3,2,Ghaziabad, Royce Vaishali,12500,3,1000,2018,Registered,Yes,Yes
7 BHK House for Sale in Patel Nagar 2 Ghaziabad,125812568.3,Unknown,Ready to Move,4 out of 4,Resale,Not specified,Road,Not specified,6,2,Ghaziabad, Patel Nagar 2 Ghaziabad,10000,7,4250,2018,Registered,Yes,Yes
"1 BHK Flat for Sale in DDA LIG Flats, Mayur Vihar 3, New Delhi",13321330.76,Unknown,Ready to Move,2 out of 2,Resale,Not specified,Road,Not specified,1,2,Delhi, DDA LIG Flats,7593,1,592.651126,2018,Registered,Yes,No
"3 BHK Flat for Sale in Ramesh Nagar, New Delhi",24274424.93,Unknown,Ready to Move,4 out of 26,Resale,Not specified,Road,Not specified,3,2,Delhi, Ramesh Nagar,8413,3,974.6820397,2018,Not Registered,Yes,Yes
"4 BHK Flat for Sale in Ansal API Esencia, Esencia, Sector 67, Sohna Road, Gurgaon",78447836.68,Unknown,Ready to Move,2 out of 18,Resale,Not specified,Road,Not specified,3,2,Gurgaon, Ansal API Esencia,13000,4,2038.461538,2018,Registered,Yes,Yes
"4 BHK Flat for Sale in Emaar Mgf Emerald Floors , Sector 65, Gurgaon",69270919.94,Unknown,Ready to Move,2 out of 4,Resale,Not specified,Road,Not specified,4,2,Gurgaon, Emaar Mgf Emerald Floors ,10464,4,2236.238532,2018,Registered,No,Yes
"2 BHK Flat for Sale in Hero Homes Phase 2, Dhanwanpur Village, Sector 104, Gurgaon",30787075.53,Unknown,Poss. by Jun '24,2 out of 4,Resale,Not specified,Road,Not specified,2,2,Gurgaon, Hero Homes Phase 2,5796,2,1794.340925,2018,Registered,Yes,Yes
"3 BHK Flat for Sale in Jaipuria Sunrise Greens, Indirapuram, Ghaziabad",30491045.95,Unknown,Ready to Move,2 out of 4,Resale,Not specified,Road,Not specified,2,2,Ghaziabad, Jaipuria Sunrise Greens,7631,3,3995.681556,2018,Registered,Yes,No
"2 BHK Flat for Sale in Gaur Green Vista, Indirapuram, Ghaziabad",18649863.06,Unknown,Ready to Move,6 out of 13,Resale,North - East,"Garden/Park, Pool, Main Road",Freehold,2,2,Ghaziabad, Gaur Green Vista,5780,2,1089.965398,2018,Not Registered,Yes,No
3 BHK House for Sale in Sector 56 Noida,59205914.47,Unknown,Ready to Move,2 out of 4,Resale,East,Main Road,Freehold,2,3,Noida, Sector 56 Noida,11469,3,1743.831197,2018,Registered,No,Yes
8 BHK Villa for Sale in Sector 56 Noida,177617743.4,Unknown,Ready to Move,1 out of 4,Resale,North - East,Main Road,Freehold,9,2,Noida, Sector 56 Noida,15000,8,4000,2018,Not Registered,Yes,Yes
"2 BHK Flat for Sale in Sector 58, Noida",16932891.54,Unknown,Ready to Move,5 out of 5,Resale,North - East,Garden/Park,Freehold,1,1,Noida, Sector 58,2600,2,2200,2018,Registered,Yes,Yes
"4 BHK Flat for Sale in Vodafone Belvedere Towers Rapid Metro, Gurgaon",103610350.3,Unknown,Ready to Move,26 out of 36,Resale,North - East,Garden/Park,Leasehold,4,1,Gurgaon, Vodafone Belvedere Towers Rapid Metro,12500,4,2800,2018,Registered,No,Yes
"2 BHK Flat for Sale in West Rohtash Nagar, New Delhi",7104709.737,Unknown,Ready to Move,1 out of 3,Resale,South - East,Garden/Park,Freehold,1,1,Delhi, West Rohtash Nagar,5333,2,450.0281268,2018,Not Registered,Yes,Yes
"3 BHK Flat for Sale in ATS Picturesque Reprieves, Sector 152, Noida Express Way, Noida",53285323.03,Unknown,Ready to Move,1 out of 4,Resale,East,Garden/Park,Freehold,4,1,Noida, ATS Picturesque Reprieves,7660,3,2349.869452,2018,Not Registered,Yes,Yes
"2 BHK Flat for Sale in Devika Skypers, Raj Nagar Extension, Ghaziabad",7696768.882,Unknown,Ready to Move,Ground out of 4,Resale,East,Road,Leasehold,2,2,Ghaziabad, Devika Skypers,3444,2,754.9361208,2018,Registered,Yes,Yes
"2 BHK Flat for Sale in Sadbhawana Apartment, Raja Puri, New Delhi",7696768.882,Unknown,Ready to Move,Ground out of 4,Resale,Not specified,Road,Not specified,1,1,Delhi, Sadbhawana Apartment,12626,2,205.9242832,2018,Not Registered,Yes,Yes
"2 BHK Flat for Sale in AG1 Pocket Vikaspuri, Vikaspuri, New Delhi",29944418.9,Unknown,Ready to Move,18 out of 18,New Property,Not specified,Road,Not specified,2,3,Delhi, AG1 Pocket Vikaspuri,13228,2,944.9652253,2019,Registered,No,Yes
"3 BHK Flat for Sale in Ahinsa Khand-2, Indirapuram, Ghaziabad",27548865.39,Unknown,Ready to Move,4 out of 8,Resale,Not specified,Road,Not specified,3,3,Ghaziabad, Ahinsa Khand-2,11875,3,968.4210526,2019,Registered,Yes,No
 House for Sale in Jaitpur New Delhi,53899954.03,Unknown,Ready to Move,Ground out of 3,Resale,Not specified,Road,Not specified,3,1,Delhi, Jaitpur New Delhi,3731,1,6030.554811,2019,Registered,Yes,No
"3 BHK Flat for Sale in DDA Nilgiri Apartment, Alaknanda, New Delhi",45515516.74,Unknown,Ready to Move,3 out of 3,Resale,Not specified,Road,Not specified,3,6,Delhi, DDA Nilgiri Apartment,2639,3,7199.696855,2019,Not Registered,Yes,Yes
"3 BHK Flat for Sale in Sector 58, Noida",11977767.56,Unknown,Ready to Move,2 out of 4,Resale,Not specified,Road,Not specified,3,2,Noida, Sector 58,5000,3,1000,2019,Registered,No,Yes
10 BHK House for Sale in Sector 58 Noida,45515516.74,Unknown,Ready to Move,2 out of 4,Resale,Not specified,Road,Not specified,4,2,Noida, Sector 58 Noida,3917,10,4850.651008,2019,Registered,Yes,Yes
"2 BHK Flat for Sale in Sector 65, Noida",11977767.56,Unknown,Ready to Move,10 out of 24,Resale,Not specified,Road,Not specified,2,2,Noida, Sector 65,15157,2,329.8805832,2019,Registered,Yes,No
3 BHK House for Sale in Sector 65 Noida,5629550.754,Unknown,Ready to Move,3 out of 5,Resale,Not specified,Road,Not specified,2,2,Noida, Sector 65 Noida,13333,3,176.2544064,2019,Registered,Yes,Yes
"9 BHK House for Sale in Sector 45, Noida Express Way Noida",74262158.88,Unknown,Ready to Move,Ground out of 4,Resale,Not specified,Road,Not specified,3,2,Noida, Sector 45,3546,9,8742.244783,2019,Registered,Yes,Yes
"3 BHK Villa for Sale in Heritage Floors Villa, Greater Noida West Greater Noida",11977767.56,Unknown,Ready to Move,2 out of 4,Resale,Not specified,Road,Not specified,3,2,Noida, Heritage Floors Villa,16071,3,311.1194076,2019,Registered,Yes,Yes
"4 BHK Flat for Sale in Naraina Vihar, New Delhi",86239926.45,Unknown,Ready to Move,2 out of 4,Resale,Not specified,Road,Not specified,4,2,Delhi, Naraina Vihar,4082,4,8819.206271,2019,Registered,Yes,No
"3 BHK Flat for Sale in Assotech Breeze, Sector 88, Gurgaon",14373321.07,Unknown,Ready to Move,2 out of 4,Resale,Not specified,Road,Not specified,3,2,Gurgaon, Assotech Breeze,12500,3,480,2019,Not Registered,Yes,No
"2 BHK Flat for Sale in Chhattarpur, New Delhi",9582214.05,Unknown,Ready to Move,2 out of 4,Resale,Not specified,Road,Not specified,2,2,Delhi, Chhattarpur,6036,2,662.6905235,2019,Not Registered,Yes,Yes
"3 BHK Flat for Sale in Chitrakut Apartment, Vishwas Nagar, New Delhi",29944418.9,Unknown,Ready to Move,2 out of 4,Resale,Not specified,Road,Not specified,3,2,Delhi, Chitrakut Apartment,7631,3,3924.049129,2019,Registered,Yes,Yes
"3 BHK Flat for Sale in Amrapali Princely Estate, Sector 76, Noida",35933302.69,Unknown,Ready to move,2 out of 4,Resale,Not specified,Road,Not specified,4,2,Noida, Amrapali Princely Estate,7631,3,4708.858955,2019,Registered,Yes,Yes
4 BHK House for Sale in Sector 3 Gurgaon,12696433.62,Unknown,Ready to Move,2 out of 4,Resale,North - West,"Garden/Park, Main Road",Freehold,3,1,Gurgaon, Sector 3 Gurgaon,11200,4,473.2142857,2019,Registered,No,No
"3 BHK Flat for Sale in Rajdhani Nikunj Apartment Patparganj, Indraprastha Extension, Patparganj, New Delhi",33537749.17,Unknown,Ready to Move,Ground out of 3,Resale,East,Garden/Park,Freehold,2,2,Delhi, Rajdhani Nikunj Apartment Patparganj,18613,3,752.1624671,2019,Not Registered,Yes,Yes
"1 BHK Flat for Sale in Aditya Urban Homes, NH 24, Ghaziabad",4791107.025,Unknown,Ready to Move,Ground out of 4,Resale,North - East,"Garden/Park, Main Road",Freehold,1,3,Ghaziabad, Aditya Urban Homes,2376,1,841.7508418,2019,Registered,Yes,Yes
"2 BHK Flat for Sale in Vihaan Galaxy, Greater Noida West, Greater Noida",5749328.43,Unknown,Ready to Move,12 out of 16,New Property,East,"Garden/Park, Main Road",Freehold,2,2,Noida, Vihaan Galaxy,6325,2,379.4466403,2019,Registered,No,Yes
"2 BHK Flat for Sale in Siddhartha Vihar, NH 24, Ghaziabad",7665771.24,Unknown,Ready to Move,1 out of 4,Resale,North - East,"Garden/Park, Main Road",Freehold,1,1,Ghaziabad, Siddhartha Vihar,3692,2,866.7388949,2019,Registered,Yes,No
3 BHK House for Sale in Sector 55 Faridabad,6707549.835,Unknown,Ready to Move,2 out of 2,Resale,East,Road,Freehold,2,2,Faridabad, Sector 55 Faridabad,4286,3,653.2897807,2019,Registered,Yes,Yes
7 BHK Villa for Sale in Sector 55 Noida,119777675.6,Unknown,Ready to Move,18 out of 34,Resale,Not specified,Road,Leasehold,7,1,Noida, Sector 55 Noida,12500,7,4000,2019,Registered,Yes,Yes
"7 BHK Villa for Sale in Sector 55 RWA, Sector 55 Noida",71866605.37,Unknown,Ready to Move,Ground out of 13,Resale,Not specified,Road,Freehold,6,3,Noida, Sector 55 RWA,2603,7,11525.16327,2019,Registered,Yes,Yes
3 BHK Villa for Sale in Sector 55 Noida,89833256.71,Unknown,Ready to Move,3 out of 4,Resale,Not specified,Road,Not specified,4,1,Noida, Sector 55 Noida,7273,3,5156.056648,2019,Registered,No,Yes
"3 BHK Flat for Sale in Sector 56, Noida",3928707.76,Unknown,Ready to Move,3 out of 7,Resale,Not specified,Road,Not specified,2,2,Noida, Sector 56,605870,3,2.706851305,2019,Registered,No,No
"1 BHK Flat for Sale in Sector 56, Noida",9582214.05,Unknown,Poss. by Sep '23,2 out of 4,Resale,Not specified,Road,Not specified,1,2,Noida, Sector 56,13477,1,296.8019589,2019,Registered,No,Yes
3 BHK House for Sale in Rohini New Delhi,1437332107,Unknown,Ready to Move,2 out of 4,Resale,Not specified,Road,Not specified,2,2,Delhi, Rohini New Delhi,3214,3,186683.2607,2019,Not Registered,Yes,Yes
"2 BHK Flat for Sale in Piyush Heights, Sector 89, Faridabad",10779990.81,Unknown,Ready to Move,2 out of 3,Resale,Not specified,Road,Not specified,2,2,Faridabad, Piyush Heights,9429,2,477.251034,2019,Registered,No,Yes
"3 BHK Flat for Sale in Sector 28, Mathura Road, Faridabad",34735525.93,Unknown,Ready to Move,Ground out of 3,Resale,Not specified,Road,Not specified,3,2,Faridabad, Sector 28,3077,3,4712.38219,2019,Registered,Yes,Yes
"4 BHK Flat for Sale in City Apartment, Vasundhara Enclave, New Delhi",39526632.95,Unknown,Ready to Move,2 out of 3,Resale,Not specified,Road,Not specified,3,2,Delhi, City Apartment,9195,4,1794.453507,2019,Registered,Yes,Yes
3 BHK Villa for Sale in Sector 1 Greater Noida,14373321.07,Unknown,Ready to Move,4 out of 7,Resale,Not specified,Road,Not specified,2,2,Noida, Sector 1 Greater Noida,18889,3,317.6451903,2019,Registered,Yes,No
"3 BHK Flat for Sale in Basai Darapur, Bali Nagar, New Delhi",28746642.15,Unknown,Ready to Move,1 out of 4,Resale,Not specified,Road,Not specified,3,2,Delhi, Basai Darapur,24390,3,492.00492,2019,Registered,Yes,Yes
"3 BHK Flat for Sale in Yojana Vihar RWA, Yojna Vihar, Anand Vihar, New Delhi",97019917.25,Unknown,Ready to Move,2 out of 4,Resale,Not specified,Road,Not specified,3,2,Delhi, Yojana Vihar RWA,8889,3,4556.193048,2019,Registered,No,Yes
"2 BHK Flat for Sale in RWA Malviya Nagar, Malviya Nagar, New Delhi",28746642.15,Unknown,Ready to Move,2 out of 4,Resale,Not specified,Road,Not specified,2,2,Delhi, RWA Malviya Nagar,12714,2,943.8414346,2019,Registered,No,Yes
"2 BHK Flat for Sale in Express View Apartments, Sector 93, Noida Express Way, Noida",20362204.86,Unknown,Ready to Move,2 out of 4,Resale,Not specified,Road,Not specified,2,2,Noida, Express View Apartments,4545,2,1870.187019,2019,Registered,Yes,Yes
"3 BHK Flat for Sale in CGHS Kirti Apartments, Mayur Vihar 1, New Delhi",42640852.52,Unknown,Ready to Move,2 out of 4,Resale,Not specified,Road,Not specified,2,2,Delhi, CGHS Kirti Apartments,4883,3,3645.30002,2019,Registered,No,No
 Studio Apartment for Sale in New Delhi,5988883.781,Unknown,Ready to move,2 out of 4,Resale,Not specified,Road,Not specified,1,2,Delhi, New Delhi,7631,1,784.8098258,2019,Registered,Yes,Yes
"4 BHK Flat for Sale in Sector 95, Gurgaon",29944418.9,Unknown,Ready to move,2 out of 4,Resale,Not specified,Road,Not specified,4,2,Gurgaon, Sector 95,7631,4,3924.049129,2019,Registered,Yes,Yes
"3 BHK Flat for Sale in Burari, New Delhi",8863547.996,Rajiv Ranjan,Ready to Move,3 out of 4,Resale,South - East,Main Road,Leasehold,2,3,Delhi, Burari,3737,3,990.0990099,2019,Registered,Yes,Yes
"3 BHK Flat for Sale in Stellar Jeevan, Sector 1 Greater Noida West, Greater Noida",20841315.56,Unknown,Ready to Move,Ground out of 14,Resale,South - East,"Garden/Park, Main Road",Freehold,3,3,Noida, Stellar Jeevan,6042,3,1439.920556,2019,Not Registered,No,Yes
7 BHK House for Sale in Shakti Nagar Gurgaon,22757758.37,Unknown,Ready to Move,Ground out of 3,Resale,West,Garden/Park,Freehold,4,2,Gurgaon, Shakti Nagar Gurgaon,10556,7,899.9621069,2019,Registered,Yes,Yes
"3 BHK Flat for Sale in Sohna Gurgaon Road, Gurgaon",19164428.1,Unknown,Ready to Move,3 out of 4,Resale,East,"Garden/Park, Pool, Main Road",Freehold,3,1,Gurgaon, Sohna Gurgaon Road,4878,3,1640.0164,2019,Registered,Yes,Yes
"2 BHK Flat for Sale in Dakshini Pitampura, New Delhi",17966651.34,Unknown,Ready to Move,1 out of 4,Resale,North - East,Garden/Park,Freehold,1,4,Delhi, Dakshini Pitampura,9375,2,800,2019,Not Registered,Yes,Yes
"4 BHK Flat for Sale in Dwarka Sector 15, New Delhi",25153311.88,Unknown,Ready to Move,3 out of 4,New Property,North - East,"Garden/Park, Main Road",Freehold,4,4,Delhi, Dwarka Sector 15,7500,4,1400,2019,Registered,Yes,Yes
"1 BHK Flat for Sale in Rohini Sector 24, New Delhi",5509773.078,Unknown,Ready to Move,1 out of 3,Resale,North - East,Main Road,Freehold,1,1,Delhi, Rohini Sector 24,5750,1,400,2019,Not Registered,Yes,Yes
"1 BHK House for Sale in Vasant Apartments, Acharya Niketan, Mayur Vihar New Delhi",17247985.29,Unknown,Ready to Move,12 out of 22,Resale,East,"Main Road, Garden/Park, Pool",Freehold,1,4,Delhi, Vasant Apartments,12000,1,600,2019,Registered,Yes,Yes
"3 BHK Flat for Sale in Charms Castle, Garhi, Raj Nagar Extension, Ghaziabad",11738212.21,Unknown,Poss. by Mar '24,2 out of 5,New Property,North - East,Garden/Park,Freehold,2,3,Ghaziabad, Charms Castle,3684,3,1330.076004,2019,Not Registered,No,Yes
"2 BHK Flat for Sale in Unity the Amaryllis, Karol Bagh, New Delhi",69471051.86,Unknown,Ready to Move,9 out of 18,New Property,North - East,Garden/Park,Freehold,2,1,Delhi, Unity the Amaryllis,23181,2,1251.024546,2019,Not Registered,Yes,Yes
"3 BHK Flat for Sale in SBTL Caladium, Sector 109, Gurgaon",32339972.42,Unknown,Ready to Move,1 out of 4,Resale,East,Road,Freehold,3,2,Gurgaon, SBTL Caladium,7181,3,1879.961008,2019,Registered,No,Yes
"2 BHK Flat for Sale in Balaji Enclave, Govindpuram, Ghaziabad",4311996.322,Unknown,Ready to Move,1 out of 2,Resale,Not specified,Road,Freehold,2,2,Ghaziabad, Balaji Enclave,2500,2,720,2019,Not Registered,Yes,Yes
"2 BHK Flat for Sale in DDA LIG Flats, Hari Nagar, New Delhi",20362204.86,Unknown,Ready to Move,10 out of 19,Resale,Not specified,Road,Leasehold,2,2,Delhi, DDA LIG Flats,7083,2,1200.056473,2019,Not Registered,Yes,Yes
"7 BHK House for Sale in Sector 40 Block E, Dadri Road Noida",131755443.2,Unknown,Ready to Move,23 out of 32,New Property,Not specified,Road,Not specified,7,2,Noida, Sector 40 Block E,20438,7,2691.065662,2019,Registered,Yes,No
"4 BHK Flat for Sale in DLF Westend Height, DLF City Phase 5, Gurgaon",114986568.6,Unknown,Ready to Move,1 out of 4,Resale,Not specified,Road,Not specified,4,2,Gurgaon, DLF Westend Height,16842,4,2850.017813,2019,Registered,Yes,Yes
"2 BHK Flat for Sale in Jaypee Greens Garden Isles, Sector 133, Noida Express Way, Noida",15882519.79,Unknown,Ready to Move,1 out of 4,Resale,Not specified,Road,Not specified,2,2,Noida, Jaypee Greens Garden Isles,5500,2,1205.454545,2019,Registered,No,Yes
"3 BHK Flat for Sale in Pankha Road, New Delhi",20362204.86,Unknown,Ready to Move,1 out of 4,Resale,Not specified,Road,Not specified,2,2,Delhi, Pankha Road,8072,3,1053.022795,2019,Registered,Yes,Yes
"3 BHK Flat for Sale in Mansarover Garden, New Delhi",76657712.4,Unknown,Ready to Move,5 out of 15,Resale,Not specified,Road,Not specified,3,2,Delhi, Mansarover Garden,17778,3,1799.9775,2019,Registered,Yes,Yes
"2 BHK Flat for Sale in M3M Marina, Sector 68, Gurgaon",28746642.15,Unknown,Ready to Move,Ground out of 4,Resale,Not specified,Road,Not specified,2,2,Gurgaon, M3M Marina,9646,2,1244.03898,2019,Registered,Yes,Yes
"3 BHK Flat for Sale in Dwarka Sector 14, New Delhi",33777304.52,Unknown,Ready to Move,23 out of 24,Resale,Not specified,Road,Not specified,2,2,Delhi, Dwarka Sector 14,15594,3,904.1939207,2019,Registered,No,Yes
"4 BHK Flat for Sale in Sector 137, Noida Express Way, Noida",33537749.17,Unknown,Ready to Move,12 out of 21,Resale,Not specified,Road,Not specified,4,2,Noida, Sector 137,7368,4,1900.108578,2019,Registered,Yes,Yes
"3 BHK Flat for Sale in Nirala Estate Phase 2, Noida Extension Block A, Noida",22470291.95,Unknown,Poss. by Nov '23,8 out of 23,New Property,Not specified,Road,Not specified,3,2,Noida, Nirala Estate Phase 2,7500,3,1250.666667,2019,Registered,Yes,Yes
2 BHK House for Sale in Vikash Nagar New Delhi,6707549.835,Unknown,Ready to move,2 out of 4,Resale,Not specified,Road,Not specified,2,2,Delhi, Vikash Nagar New Delhi,6292,2,445.0095359,2019,Registered,No,Yes
"3 BHK Flat for Sale in Sector 28, Noida Sector 18 Metro, Noida",35933302.69,Unknown,Ready to Move,2 out of 2,Resale,East,Main Road,Freehold,2,3,Noida, Sector 28,6522,3,2299.908004,2019,Registered,Yes,Yes
"2 BHK Flat for Sale in Sector 28, Noida Sector 18 Metro, Noida",35933302.69,Unknown,Ready to Move,2 out of 2,Resale,East,Main Road,Power Of Attorney,4,1,Noida, Sector 28,10714,2,1400.037334,2019,Registered,Yes,Yes
2 BHK House for Sale in Palam Vihar Extension Gurgaon,8384437.293,Unknown,Ready to Move,1 out of 2,Resale,North - East,Main Road,Freehold,2,3,Gurgaon, Palam Vihar Extension Gurgaon,6667,2,524.9737513,2019,Registered,Yes,Yes
4 BHK House for Sale in Uttam Nagar West New Delhi,16601185.84,Unknown,Ready to Move,Ground out of 2,Resale,East,"Pool, Garden/Park, Main Road",Freehold,2,2,Delhi, Uttam Nagar West New Delhi,6420,4,1079.439252,2019,Registered,Yes,Yes
5 BHK House for Sale in the professional New Delhi,99415470.76,Unknown,Ready to Move,Ground out of 4,Resale,East,"Main Road, Garden/Park, Pool",Leasehold,6,4,Delhi, the professional New Delhi,50610,5,819.9960482,2019,Not Registered,Yes,No
> 10 BHK House for Sale in Sonia Vihar New Delhi,2874664.215,Unknown,Ready to Move,3 out of 4,Resale,East,"Garden/Park, Main Road",Co-operative Society,2,1,Delhi, Sonia Vihar New Delhi,2667,10,449.943757,2019,Registered,No,Yes
"2 BHK Flat for Sale in Gyan Khand 2, Indirapuram, Ghaziabad",9342658.698,Unknown,Ready to Move,4 out of 4,Resale,East,"Pool, Garden/Park, Main Road",Power Of Attorney,2,4,Ghaziabad, Gyan Khand 2,3900,2,1000,2019,Registered,Yes,Yes
"3 BHK Flat for Sale in Sushant Lok 1 Block E, Gurgaon",33298193.82,Unknown,Ready to Move,3 out of 9,Resale,Not specified,Garden/Park,Freehold,3,5,Gurgaon, Sushant Lok 1 Block E,3562,3,3902.302077,2019,Registered,No,No
"1 BHK Flat for Sale in Nai Basti Dundahera, Ghaziabad",3114219.566,Unknown,Ready to Move,4 out of 7,Resale,Not specified,Road,Leasehold,2,1,Ghaziabad, Nai Basti Dundahera,5319,1,244.4068434,2019,Registered,Yes,Yes
"2 BHK Flat for Sale in Sector 30, Mathura Road, Faridabad",16768874.59,Unknown,Ready to Move,8 out of 10,Resale,Not specified,Road,Freehold,2,3,Faridabad, Sector 30,13513,2,518.0196847,2019,Registered,No,Yes
"4 BHK Flat for Sale in Pearls Gateway Towers, Sector 44, Dadri Road, Noida",107799908.1,Unknown,Ready to Move,5 out of 11,Resale,Not specified,Road,Not specified,4,4,Noida, Pearls Gateway Towers,7049,4,6383.884239,2019,Not Registered,Yes,Yes
"5 BHK Flat for Sale in Manesar, Gurgaon",89833256.71,Unknown,Ready to Move,3 out of 11,New Property,Not specified,Road,Not specified,5,1,Gurgaon, Manesar,5000,5,7500,2019,Registered,No,Yes
3 BHK House for Sale in Mahavir Enclave New Delhi,71866605.37,Unknown,Ready to Move,Ground out of 20,Resale,Not specified,Road,Not specified,3,2,Delhi, Mahavir Enclave New Delhi,3125,3,9600,2019,Not Registered,Yes,Yes
"3 BHK Flat for Sale in 3C Lotus Boulevard Espacia, Sector 100, Noida",17463585.11,Unknown,Ready to Move,11 out of 23,Resale,Not specified,Road,Not specified,3,2,Noida, 3C Lotus Boulevard Espacia,7472,3,975.6423983,2019,Registered,No,Yes
"5 BHK Flat for Sale in Vikaspuri, New Delhi",64440389.48,Unknown,Ready to Move,3 out of 18,New Property,Not specified,Road,Not specified,4,2,Delhi, Vikaspuri,5938,5,4530.14483,2019,Registered,No,Yes
"2 BHK Flat for Sale in Arihant Arden, Noida Extension, Noida",16529319.24,Unknown,Ready to Move,Ground out of 24,Resale,Not specified,Road,Not specified,2,2,Noida, Arihant Arden,10185,2,677.466863,2019,Registered,Yes,Yes
1 BHK House for Sale in Sector 22 Noida,13175544.32,Unknown,Ready to Move,2 out of 4,Resale,Not specified,Road,Not specified,1,2,Noida, Sector 22 Noida,4364,1,1260.311641,2019,Not Registered,No,Yes
" Studio Apartment for Sale in Eta 2, Eta, Greater Noida",5749328.43,Unknown,Ready to Move,2 out of 4,Resale,Not specified,Road,Not specified,1,2,Noida, Eta 2,5215,1,460.21093,2019,Registered,Yes,No
"3 BHK Flat for Sale in 3C Lotus Boulevard Espacia, Sector 100 Block C, Noida",23955535.12,Unknown,Ready to move,2 out of 4,Resale,Not specified,Road,Not specified,3,2,Noida, 3C Lotus Boulevard Espacia,4232,3,2362.94896,2019,Registered,Yes,No
"3 BHK Flat for Sale in RISHABH PARADISE, Indirapuram, Ghaziabad",12217322.91,Unknown,Ready to move,2 out of 4,New Property,Not specified,Road,Not specified,2,2,Ghaziabad, RISHABH PARADISE,3798,3,1342.812006,2019,Registered,No,Yes
"3 BHK Flat for Sale in RISHABH PARADISE, Ahinsa Khand-2, Indirapuram, Ghaziabad",10899768.48,Unknown,Ready to move,2 out of 4,Resale,Not specified,Road,Not specified,2,2,Ghaziabad, RISHABH PARADISE,7631,3,1428.353883,2019,Not Registered,No,Yes
"2 BHK Flat for Sale in RISHABH PARADISE, Indirapuram, Ghaziabad",11259101.51,Unknown,Ready to Move,9 out of 26,Resale,North - East,"Garden/Park, Pool, Main Road",Leasehold,2,3,Ghaziabad, RISHABH PARADISE,4476,2,1050.044683,2019,Registered,Yes,Yes
"2 BHK Flat for Sale in RISHABH PARADISE, Ahinsa Khand-2, Indirapuram, Ghaziabad",11498656.86,Unknown,Ready to Move,15 out of 24,Resale,North,Main Road,Freehold,2,3,Ghaziabad, RISHABH PARADISE,4444,2,1080.108011,2019,Registered,Yes,No
"2 BHK Flat for Sale in Civitech Florencia, Vaishali Extension, Ghaziabad",20841315.56,Unknown,Ready to Move,7 out of 14,Resale,East,"Garden/Park, Main Road",Freehold,2,1,Ghaziabad, Civitech Florencia,6566,2,1325.007615,2019,Registered,Yes,Yes
"3 BHK Flat for Sale in Civitech Florencia, Vaishali Extension, Ghaziabad",27548865.39,Unknown,Ready to Move,2 out of 14,Resale,North - East,"Garden/Park, Pool, Main Road",Freehold,3,3,Ghaziabad, Civitech Florencia,7188,3,1599.888703,2019,Registered,Yes,Yes
"1 BHK Flat for Sale in Bhopura, Ghaziabad",3713107.944,Unknown,Ready to Move,1 out of 2,Resale,Not specified,Road,Not specified,1,2,Ghaziabad, Bhopura,3444,1,450.058072,2019,Not Registered,Yes,No
"2 BHK Flat for Sale in Leo Apartment, Ram Prastha, Ghaziabad",16768874.59,Unknown,Ready to Move,Ground out of 3,Resale,Not specified,Road,Not specified,2,2,Ghaziabad, Leo Apartment,6364,2,1099.937146,2019,Registered,Yes,Yes
"3 BHK Flat for Sale in SKA Greenarch, Noida Extention, Greater Noida",20601760.21,Unknown,Ready to Move,18 out of 30,Resale,Not specified,Road,Not specified,2,2,Noida, SKA Greenarch,7049,3,1220.03121,2019,Registered,Yes,Yes
8 BHK House for Sale in Sector 22 Noida,41922186.47,Unknown,Ready to Move,16 out of 24,Resale,Not specified,Road,Not specified,7,2,Noida, Sector 22 Noida,4810,8,3638.253638,2019,Registered,Yes,No
5 BHK Villa for Sale in Sector 22 Noida,33537749.17,Unknown,Ready to Move,7 out of 7,Resale,Not specified,Road,Not specified,7,2,Noida, Sector 22 Noida,3500,5,4000,2019,Registered,Yes,Yes
"2 BHK Flat for Sale in Shalimar Garden Extension 1, Ghaziabad",6707549.835,Unknown,Ready to Move,2 out of 8,Resale,Not specified,Road,Not specified,2,2,Ghaziabad, Shalimar Garden Extension 1,3733,2,750.0669703,2019,Registered,Yes,Yes
5 BHK House for Sale in Sector 23 Noida,86239926.45,Unknown,Ready to Move,10 out of 15,Resale,Not specified,Road,Not specified,5,2,Noida, Sector 23 Noida,13378,5,2690.9852,2019,Registered,Yes,Yes
 House for Sale in Sector 23 Noida,215599816.1,Unknown,Ready to Move,Ground out of 6,Resale,Not specified,Road,Not specified,2,2,Noida, Sector 23 Noida,13846,1,6500.072223,2019,Registered,No,Yes
"3 BHK Flat for Sale in ADITYA GARDEN CITY, Vasundhara, Ghaziabad",20122649.5,Unknown,Ready to Move,5 out of 29,Resale,Not specified,Road,Not specified,3,2,Ghaziabad, ADITYA GARDEN CITY,5091,3,1649.970536,2019,Registered,Yes,No
"1 BHK Flat for Sale in Jaypee Kalypso Arcade , Sector 128, Noida Express Way, Noida",23955535.12,Unknown,Ready to Move,2 out of 10,Resale,Not specified,Road,Not specified,1,2,Noida, Jaypee Kalypso Arcade ,10204,1,980.0078401,2019,Registered,Yes,Yes
"1 BHK Flat for Sale in Dlf Dilshad Extension, Ghaziabad",3593330.269,Unknown,Ready to Move,9 out of 26,Resale,Not specified,Road,Not specified,3,2,Ghaziabad, Dlf Dilshad Extension,3333,1,450.0450045,2019,Registered,Yes,No
"4 BHK Flat for Sale in Best Residency, DS 19, New Delhi",64028874.7,Unknown,Ready to Move,2 out of 4,Resale,Not specified,Road,Not specified,4,2,Delhi, Best Residency,12174,4,2299.983572,2020,Registered,No,Yes
"4 BHK Flat for Sale in ATS One Hamlet, Sector 104, Noida Express Way, Noida",97186684.81,Unknown,Ready to Move,2 out of 4,Resale,Not specified,Road,Not specified,2,2,Noida, ATS One Hamlet,13492,4,3150.014824,2020,Registered,Yes,No
"2 BHK Flat for Sale in Media Enclave, Vaishali, Ghaziabad",10290354.86,Shree K K Properties,Ready to Move,1 out of 3,New Property,East,Garden/Park,Leasehold,2,1,Ghaziabad, Media Enclave,6000,2,750,2020,Registered,Yes,No
"3 BHK Flat for Sale in Loni, Ghaziabad",7203248.403,Unknown,Ready to Move,2 out of 3,Resale,East,Garden/Park,Freehold,2,2,Ghaziabad, Loni,3889,3,809.9768578,2020,Registered,Yes,Yes
"2 BHK Flat for Sale in Sector 11, Gurgaon",6860236.575,Unknown,Ready to Move,2 out of 5,Resale,North - East,Garden/Park,Freehold,2,3,Gurgaon, Sector 11,5000,2,600,2020,Registered,Yes,Yes
"3 BHK Flat for Sale in Sector 24, Mathura Road, Faridabad",9146982.099,Unknown,Ready to Move,2 out of 3,Resale,North,Garden/Park,Freehold,2,4,Faridabad, Sector 24,3810,3,1049.868766,2020,Registered,Yes,No
"4 BHK Flat for Sale in Sector 24, Gurgaon",148638459.1,Unknown,Ready to Move,2 out of 9,Resale,North - East,"Garden/Park, Main Road",Freehold,4,1,Gurgaon, Sector 24,14915,4,4358.02883,2020,Registered,No,Yes
"3 BHK Flat for Sale in Ambience Lagoon, Sector 24, Gurgaon",68602365.75,Unknown,Ready to Move,2 out of 10,Resale,North - East,Main Road,Freehold,3,4,Gurgaon, Ambience Lagoon,12981,3,2311.070025,2020,Registered,No,Yes
"2 BHK Flat for Sale in Kapashera Apartment, Kapashera, New Delhi",8232283.889,Unknown,Ready to Move,4 out of 4,New Property,East,"Garden/Park, Main Road",Freehold,2,2,Delhi, Kapashera Apartment,5333,2,675.0421901,2020,Registered,Yes,No
"2 BHK Flat for Sale in Sahibabad, Ghaziabad",18293964.2,Unknown,Ready to Move,2 out of 3,Resale,Not specified,"Garden/Park, Main Road",Freehold,2,2,Ghaziabad, Sahibabad,8889,2,899.9887501,2020,Registered,Yes,Yes
"2 BHK Flat for Sale in Sector 25, Noida",13034449.49,Unknown,Ready to Move,2 out of 6,Resale,Not specified,Road,Freehold,2,1,Noida, Sector 25,4488,2,1270.053476,2020,Registered,Yes,Yes
3 BHK Villa for Sale in Shahdara New Delhi,36130579.29,Unknown,Ready to Move,7 out of 13,Resale,Not specified,Road,Not specified,3,1,Delhi, Shahdara New Delhi,3226,3,4897.706138,2020,Registered,Yes,No
"3 BHK Flat for Sale in Bharat City, Bhopura, Ghaziabad",11433727.62,Unknown,Ready to Move,2 out of 4,Resale,Not specified,Road,Not specified,3,2,Ghaziabad, Bharat City,14444,3,346.1644974,2020,Registered,Yes,Yes
"2 BHK Flat for Sale in CC Colony, Kalyan Vihar, New Delhi",29727691.82,Unknown,Ready to Move,2 out of 6,New Property,Not specified,Road,Not specified,2,2,Delhi, CC Colony,6500,2,2000,2020,Registered,Yes,Yes
"3 BHK Flat for Sale in Dwarka, New Delhi",14863845.91,Unknown,Ready to Move,5 out of 12,Resale,Not specified,Road,Not specified,3,2,Delhi, Dwarka,13500,3,481.4814815,2020,Not Registered,Yes,Yes
"5 BHK House for Sale in Sector 40, Dadri Road Noida",61742129.17,Unknown,Ready to Move,4 out of 10,Resale,Not specified,Road,Not specified,1,2,Noida, Sector 40,4444,5,6075.607561,2020,Registered,No,Yes
" Studio Apartment for Sale in Raj Nagar Extension, Ghaziabad",4573491.05,Unknown,Ready to Move,1 out of 2,Resale,Not specified,Road,Not specified,3,2,Ghaziabad, Raj Nagar Extension,19199,1,104.1720923,2020,Registered,Yes,Yes
"3 BHK House for Sale in Sector 40, Dadri Road Noida",70889111.27,Unknown,Ready to Move,5 out of 6,Resale,Not specified,Road,Not specified,6,2,Noida, Sector 40,18868,3,1642.993428,2020,Not Registered,Yes,Yes
"6 BHK House for Sale in Sector 40, Dadri Road Noida",228674552.5,Unknown,Ready to Move,2 out of 3,Resale,Not specified,Road,Not specified,10,2,Noida, Sector 40,8125,6,12307.69231,2020,Registered,Yes,Yes
"10 BHK House for Sale in Sector 40, Dadri Road Noida",148638459.1,Unknown,Poss. by Jun '27,3 out of 4,Resale,Not specified,Road,Not specified,3,2,Noida, Sector 40,11190,10,5808.757819,2020,Registered,Yes,Yes
"3 BHK Flat for Sale in Delhi State NEF CGHS Limited, DS 19, New Delhi",53738519.83,Unknown,Ready to Move,1 out of 3,Resale,Not specified,Road,Not specified,2,2,Delhi, Delhi State NEF CGHS Limited,6481,3,3625.983644,2020,Registered,No,Yes
5 BHK House for Sale in Chipiyana Buzurg Ghaziabad,8003609.337,Unknown,Ready to move,5 out of 19,New Property,Not specified,Road,Not specified,3,2,Ghaziabad, Chipiyana Buzurg Ghaziabad,3817,5,916.9504847,2020,Registered,Yes,Yes
"3 BHK Flat for Sale in Sector 134, Noida Express Way, Noida",11433727.62,Unknown,Ready to move,1 out of 7,Resale,Not specified,Road,Not specified,2,2,Noida, Sector 134,16667,3,299.9940001,2020,Registered,Yes,No
"3 BHK Flat for Sale in DDA Flats Munirka, Munirka, New Delhi",45734910.5,Unknown,Ready to move,2 out of 4,Resale,Not specified,Road,Not specified,2,2,Delhi, DDA Flats Munirka,4867,3,4109.307582,2020,Registered,No,Yes
"2 BHK Flat for Sale in Sainik Nagar, Uttam Nagar, New Delhi",8346621.166,Unknown,Ready to move,2 out of 4,Resale,Not specified,Road,Not specified,1,2,Delhi, Sainik Nagar,8065,2,452.5728456,2020,Registered,Yes,Yes
"2 BHK Flat for Sale in Geeta Colony, New Delhi",10290354.86,Unknown,Ready to move,2 out of 4,Resale,Not specified,Road,Not specified,3,2,Delhi, Geeta Colony,5078,2,886.1756597,2020,Registered,Yes,Yes
"4 BHK Flat for Sale in Firozeshah Road, New Delhi",171505914.4,Unknown,Ready to move,2 out of 4,Resale,Not specified,Road,Not specified,2,2,Delhi, Firozeshah Road,7631,4,22474.89377,2020,Registered,Yes,Yes
"2 BHK Flat for Sale in Palam Colony, Palam, New Delhi",6745899.298,Prop Concern ,Ready to Move,3 out of 4,Resale,North - East,Garden/Park,Freehold,2,3,Delhi, Palam Colony,4257,2,692.9762744,2020,Registered,Yes,No
"3 BHK Flat for Sale in Ashok Vihar Phase 3 Extension, Gurgaon",10061680.31,Unknown,Ready to Move,3 out of 4,Resale,North,"Garden/Park, Main Road",Freehold,2,1,Gurgaon, Ashok Vihar Phase 3 Extension,4000,3,1100,2020,Registered,Yes,Yes
"2 BHK Flat for Sale in Chhapraula, Ghaziabad",6860236.575,Unknown,Ready to Move,2 out of 6,Resale,North - East,"Garden/Park, Pool, Main Road",Freehold,2,2,Ghaziabad, Chhapraula,3158,2,949.9683344,2020,Registered,Yes,No
"4 BHK Flat for Sale in RM Block, Rajendra Nagar Sector 2, Ghaziabad",20580709.72,Unknown,Ready to Move,1 out of 2,Resale,South - East,Pool,Freehold,3,2,Ghaziabad, RM Block,7500,4,1200,2020,Registered,Yes,No
"5 BHK Villa for Sale in Sector 47, Dadri Road Noida",44591537.73,Unknown,Ready to Move,1 out of 6,Resale,North,Garden/Park,Freehold,3,2,Noida, Sector 47,5500,5,3545.454545,2020,Registered,No,No
"3 BHK Flat for Sale in Sector 48, Noida",12577100.39,Unknown,Ready to Move,2 out of 5,Resale,East,"Garden/Park, Pool, Main Road",Freehold,2,3,Noida, Sector 48,8445,3,651.2729426,2020,Registered,No,Yes
6 BHK House for Sale in Sector 48 Noida,68602365.75,Unknown,Ready to Move,1 out of 4,Resale,East,Road,Freehold,6,5,Noida, Sector 48 Noida,39583,6,757.9011192,2020,Registered,Yes,No
2 BHK House for Sale in Vikaspuri Block C New Delhi,21724082.49,Unknown,Ready to Move,2 out of 3,Resale,North - East,Road,Freehold,2,2,Delhi, Vikaspuri Block C New Delhi,13216,2,718.8256659,2020,Registered,Yes,Yes
"3 BHK Flat for Sale in Chitra Vihar, Swasthya Vihar, New Delhi",68602365.75,Unknown,Ready to Move,18 out of 20,Resale,Not specified,Road,Leasehold,3,2,Delhi, Chitra Vihar,12444,3,2410.800386,2020,Not Registered,Yes,Yes
"3 BHK Flat for Sale in Janakpuri, Ghaziabad",10290354.86,Unknown,Ready to Move,7 out of 7,Resale,Not specified,Road,Not specified,3,2,Ghaziabad, Janakpuri,14286,3,314.9937001,2020,Registered,Yes,Yes
"4 BHK Flat for Sale in Dwarka Sector 19B, New Delhi",114337276.2,Unknown,Ready to Move,1 out of 12,Resale,Not specified,Road,Not specified,5,2,Delhi, Dwarka Sector 19B,13333,4,3750.093752,2020,Registered,Yes,Yes
5 BHK House for Sale in Sector 48 Noida,54881892.6,Unknown,Ready to Move,1 out of 5,Resale,Not specified,Road,Not specified,5,2,Noida, Sector 48 Noida,6458,5,3716.320842,2020,Registered,No,Yes
"3 BHK Flat for Sale in Alok Vihar Cooperative Society, Sector 50 Block F, Noida",28584319.06,Unknown,Ready to Move,8 out of 8,Resale,Not specified,Road,Not specified,3,2,Noida, Alok Vihar Cooperative Society,7059,3,1770.789064,2020,Registered,Yes,Yes
"3 BHK Flat for Sale in Antriksh Green, Sector 50 Block F, Noida",27440946.3,Unknown,Ready to Move,9 out of 27,Resale,Not specified,Road,Not specified,3,2,Noida, Antriksh Green,3889,3,3085.626125,2020,Not Registered,Yes,Yes
"4 BHK Flat for Sale in Sector 55, Gurgaon",34301182.87,Unknown,Ready to Move,Ground out of 1,Resale,Not specified,Road,Not specified,3,2,Gurgaon, Sector 55,9486,4,1581.277672,2020,Not Registered,Yes,Yes
"3 BHK Flat for Sale in Sector 55, Gurgaon",27440946.3,Unknown,Poss. by Oct '25,1 out of 4,Resale,Not specified,Road,Not specified,3,2,Gurgaon, Sector 55,4274,3,2807.67431,2020,Registered,Yes,No
3 BHK House for Sale in DLF City Phase 3 Gurgaon,24696851.67,Unknown,Ready to Move,15 out of 33,Resale,Not specified,Road,Not specified,2,2,Gurgaon, DLF City Phase 3 Gurgaon,31061,3,347.7029072,2020,Registered,Yes,Yes
"4 BHK Flat for Sale in DLF Capital Greens 1 and 2, Moti Nagar, Kirti Nagar, New Delhi",234391416.3,Unknown,Ready to Move,2 out of 4,Resale,Not specified,Road,Not specified,5,2,Delhi, DLF Capital Greens 1 and 2,2900,4,35344.82759,2020,Registered,Yes,No
"3 BHK Flat for Sale in Anmol, Sector 88, Faridabad",6631562.022,Unknown,Poss. by Dec '25,2 out of 4,Resale,Not specified,Road,Not specified,2,2,Faridabad, Anmol,8500,3,341.1764706,2020,Registered,Yes,No
"2 BHK Flat for Sale in Sunlight Colony Phase 2, Mathura Road, New Delhi",19437336.96,Unknown,Ready to move,2 out of 4,Resale,Not specified,Road,Not specified,2,2,Delhi, Sunlight Colony Phase 2,25341,2,335.4248057,2020,Not Registered,Yes,Yes
"2 BHK Flat for Sale in Rohini, New Delhi",14177822.25,Unknown,Ready to move,2 out of 4,Resale,Not specified,Road,Not specified,2,2,Delhi, Rohini,19048,2,325.4934901,2020,Not Registered,Yes,Yes
"4 BHK Flat for Sale in M3M The Cullinan, Sector 94, Noida Express Way, Noida",182939642,Unknown,Ready to move,2 out of 4,New Property,Not specified,Road,Not specified,5,2,Noida, M3M The Cullinan,7631,4,23973.22002,2020,Registered,No,No
"4 BHK Flat for Sale in Privy The Address, Sector 93, Gurgaon",23324804.35,Royal Home Realtors,Ready to Move,18 out of 20,Resale,East,Main Road,Freehold,4,3,Gurgaon, Privy The Address,5105,4,1998.041136,2020,Registered,Yes,No
"3 BHK Flat for Sale in Vatika Xpressions, Sector 88B, Gurgaon",29727691.82,Laxman Thakur,Ready to Move,2 out of 3,Resale,East,"Garden/Park, Main Road",Freehold,3,2,Gurgaon, Vatika Xpressions,8387,3,1550.017885,2020,Registered,Yes,Yes
6 BHK House for Sale in Paschim Vihar New Delhi,240108280.1,Unknown,Ready to Move,2 out of 2,Resale,North - West,"Garden/Park, Pool",Freehold,5,2,Delhi, Paschim Vihar New Delhi,46667,6,2249.983929,2020,Not Registered,Yes,Yes
"3 BHK Flat for Sale in Sector 7, Faridabad",34301182.87,Unknown,Ready to Move,2 out of 3,Resale,South -West,"Garden/Park, Main Road",Freehold,3,4,Faridabad, Sector 7,5051,3,2969.708969,2020,Registered,Yes,No
"3 BHK Flat for Sale in Srinagar Garden, New Delhi",17150591.44,Unknown,Ready to Move,1 out of 4,Resale,East,Garden/Park,Freehold,2,3,Delhi, Srinagar Garden,7937,3,944.9414136,2020,Registered,No,Yes
"2 BHK Flat for Sale in DDA Flats Sector E Pocket 2, Vasant Kunj, New Delhi",32014437.35,Unknown,Ready to Move,1 out of 4,Resale,West,Main Road,Freehold,2,2,Delhi, DDA Flats Sector E Pocket 2,14737,2,949.9898215,2020,Not Registered,Yes,No
"3 BHK Flat for Sale in M3M Merlin, Sector 67A, Gurgaon",75462602.32,Unknown,Ready to Move,15 out of 31,Resale,North - East,"Garden/Park, Pool",Leasehold,4,2,Gurgaon, M3M Merlin,13995,3,2357.984995,2020,Not Registered,Yes,No
"3 BHK Flat for Sale in Doctors Apartment, Vasundhara Enclave, New Delhi",30871064.59,Unknown,Ready to Move,1 out of 7,Resale,East,Main Road,Freehold,3,5,Delhi, Doctors Apartment,9643,3,1399.97926,2020,Registered,Yes,Yes
"3 BHK House for Sale in Patel Nagar East, Patel Nagar New Delhi",82322838.89,Unknown,Ready to Move,3 out of 4,Resale,North - East,Garden/Park,Leasehold,3,2,Delhi, Patel Nagar East,22222,3,1620.0162,2020,Registered,No,Yes
"3 BHK Flat for Sale in Sector 67, Gurgaon",19437336.96,Unknown,Ready to Move,2 out of 3,Resale,South - East,Garden/Park,Co-operative Society,3,2,Gurgaon, Sector 67,6098,3,1393.899639,2020,Registered,No,Yes
"6 BHK House for Sale in RWA Sector 26, Sector 26 Noida",94899939.28,Unknown,Ready to Move,Ground out of 3,Resale,East,Main Road,Freehold,6,2,Noida, RWA Sector 26,27667,6,1499.981928,2020,Registered,Yes,No
"2 BHK Flat for Sale in Sriniwaspuri Extension, Sri Niwaspuri, New Delhi",17150591.44,Unknown,Poss. by Apr '24,3 out of 5,Resale,East,"Garden/Park, Main Road",Freehold,2,1,Delhi, Sriniwaspuri Extension,10417,2,719.9769607,2020,Registered,Yes,No
"3 BHK Flat for Sale in DLF City Independent Floors, DLF City Phase 2, Gurgaon",57625987.23,Unknown,Ready to Move,2 out of 2,New Property,Not specified,Road,Freehold,4,4,Gurgaon, DLF City Independent Floors,14006,3,1799.228902,2020,Registered,Yes,No
"3 BHK Flat for Sale in Swati Apartments, Patparganj, New Delhi",33157810.11,Unknown,Ready to Move,1 out of 3,Resale,Not specified,Road,Not specified,2,1,Delhi, Swati Apartments,11600,3,1250,2020,Registered,Yes,No
"4 BHK House for Sale in Sukhdev Vihar, Okhla New Delhi",457349105,Unknown,Ready to Move,Ground out of 3,Resale,Not specified,Road,Not specified,2,2,Delhi, Sukhdev Vihar,586510,4,341.0001535,2020,Registered,No,Yes
"4 BHK Flat for Sale in Unitech Greenwood City Apartment, Green Woods City Sector 46, Gurgaon",74319229.56,Unknown,Ready to Move,2 out of 4,Resale,Not specified,Road,Not specified,4,2,Gurgaon, Unitech Greenwood City Apartment,16250,4,2000,2020,Registered,Yes,Yes
"3 BHK Flat for Sale in Paschim Vihar Block A2, New Delhi",67458992.98,Unknown,Ready to Move,2 out of 4,New Property,Not specified,Road,Not specified,3,2,Delhi, Paschim Vihar Block A2,16389,3,1799.987797,2020,Not Registered,No,Yes
"3 BHK Flat for Sale in DLF Ridgewood Estate, Chanderlok, Sector 28, Gurgaon",40018046.68,Unknown,Ready to Move,11 out of 15,Resale,Not specified,Road,Not specified,3,2,Gurgaon, DLF Ridgewood Estate,12718,3,1376.002516,2020,Registered,Yes,No
"3 BHK Flat for Sale in Supertech Livingstone, NH 24, Ghaziabad",13263124.04,Unknown,Ready to Move,16 out of 21,Resale,Not specified,Road,Not specified,2,2,Ghaziabad, Supertech Livingstone,4070,3,1425.061425,2020,Registered,Yes,Yes
"4 BHK Flat for Sale in Orange County, Indirapuram, Ghaziabad",52595147.07,Unknown,Ready to Move,16 out of 18,Resale,Not specified,Road,Not specified,5,2,Ghaziabad, Orange County,5750,4,4000,2020,Registered,Yes,Yes
"4 BHK Flat for Sale in Sector 57 Block G, Golf Course Extension Road, Gurgaon",53738519.83,Unknown,Ready to Move,3 out of 4,New Property,Not specified,Road,Not specified,4,2,Gurgaon, Sector 57 Block G,10682,4,2199.962554,2020,Registered,Yes,No
"2 BHK Flat for Sale in Ganesh Nagar, Tilak Nagar, New Delhi",8232283.889,Unknown,Ready to move,1 out of 4,Resale,Not specified,Road,Not specified,2,2,Delhi, Ganesh Nagar,8000,2,450,2020,Registered,No,Yes
"3 BHK Flat for Sale in Sector 86, Gurgaon",28812993.61,Ivaan Landbase Private Ltd.,Ready to Move,5 out of 14,Resale,North,Garden/Park,Freehold,3,2,Gurgaon, Sector 86,7357,3,1712.654615,2020,Registered,No,No
"3 BHK Flat for Sale in Sector 10 RWA, Sector 10, Gurgaon",37731301.16,Vimal Kumar Soni,Ready to Move,4 out of 4,Resale,South - East,Main Road,Freehold,3,1,Gurgaon, Sector 10 RWA,7500,3,2200,2020,Registered,Yes,Yes
"2 BHK Flat for Sale in Radhey Shyam Park, New Delhi",8003609.337,Unknown,Ready to Move,2 out of 3,Resale,East,Garden/Park,Freehold,1,3,Delhi, Radhey Shyam Park,6272,2,558.0357143,2020,Registered,Yes,No
"3 BHK Flat for Sale in Kaushambi, Ghaziabad",38874673.92,Unknown,Ready to Move,3 out of 13,Resale,North - West,"Garden/Park, Main Road",Freehold,3,2,Ghaziabad, Kaushambi,9155,3,1856.908793,2020,Registered,Yes,Yes
"2 BHK Flat for Sale in Gaur Ganga 2, Vaishali, Ghaziabad",14177822.25,Unknown,Ready to Move,2 out of 3,Resale,North - East,"Garden/Park, Main Road",Freehold,2,2,Ghaziabad, Gaur Ganga 2,6294,2,985.0651414,2020,Registered,Yes,Yes
2 BHK House for Sale in Uttam Nagar West New Delhi,34301182.87,Unknown,Ready to Move,1 out of 4,Resale,East,"Pool, Garden/Park, Main Road",Freehold,2,1,Delhi, Uttam Nagar West New Delhi,12500,2,1200,2020,Not Registered,Yes,Yes
"2 BHK Flat for Sale in Mahaluxmi Homz, Kaushambi, Ghaziabad",17150591.44,Unknown,Ready to Move,21 out of 21,Resale,East,Garden/Park,Leasehold,2,1,Ghaziabad, Mahaluxmi Homz,6198,2,1210.067764,2020,Not Registered,No,Yes
"2 BHK Flat for Sale in Kewal Park, New Delhi",10290354.86,Unknown,Ready to Move,4 out of 4,Resale,North,"Garden/Park, Pool, Main Road",Freehold,1,5,Delhi, Kewal Park,6667,2,674.9662517,2020,Registered,No,No
"5 BHK Flat for Sale in Raisina Residenc, Golf course Extension Road, Gurgaon",165789050.6,Unknown,Ready to Move,1 out of 1,Resale,North - East,"Garden/Park, Main Road",Freehold,5,1,Gurgaon, Raisina Residenc,11154,5,6499.910346,2020,Registered,No,Yes
"2 BHK Flat for Sale in Saket, New Delhi",6402887.47,Unknown,Ready to Move,2 out of 4,Resale,East,Road,Leasehold,2,2,Delhi, Saket,4444,2,630.0630063,2020,Registered,Yes,Yes
"3 BHK House for Sale in DDA LIG Flat, Kalkaji New Delhi",11433727.62,Unknown,Ready to Move,Ground out of 4,Resale,Not specified,Road,Freehold,2,4,Delhi, DDA LIG Flat,4167,3,1199.904008,2020,Not Registered,Yes,Yes
"2 BHK Flat for Sale in Sector 15 Part 2, Delhi Gurgaon Expressway, Gurgaon",11891076.73,Unknown,Ready to Move,3 out of 14,New Property,Not specified,Road,Freehold,2,1,Gurgaon, Sector 15 Part 2,5200,2,1000,2020,Registered,Yes,Yes
"3 BHK Flat for Sale in Corona Optus, Sector 37C, Delhi Gurgaon Expressway, Gurgaon",27669620.85,Unknown,Ready to Move,4 out of 4,Resale,Not specified,Road,Not specified,3,5,Gurgaon, Corona Optus,6856,3,1764.87748,2020,Registered,Yes,Yes
"2 BHK Flat for Sale in Dwarka Sector 14, New Delhi",32014437.35,Unknown,Ready to Move,4 out of 5,Resale,Not specified,Road,Not specified,2,4,Delhi, Dwarka Sector 14,10370,2,1350.048216,2020,Registered,Yes,Yes
"1 BHK Flat for Sale in Palam Colony, Palam, New Delhi",3292913.556,Unknown,Poss. by Jun '26,2 out of 4,Resale,Not specified,Road,Not specified,1,1,Delhi, Palam Colony,3556,1,404.9493813,2020,Registered,Yes,No
"3 BHK Flat for Sale in Adani Samsara, Sector 60, Gurgaon",74319229.56,Unknown,Poss. by Dec '25,2 out of 3,Resale,Not specified,Road,Not specified,3,2,Gurgaon, Adani Samsara,17568,3,1849.954463,2020,Registered,Yes,Yes
"3 BHK Flat for Sale in New Industrial Township 1, Mathura Road, Faridabad",12577100.39,Unknown,Poss. by Dec '23,4 out of 5,Resale,Not specified,Road,Not specified,2,2,Faridabad, New Industrial Township 1,2938,3,1872.021784,2020,Registered,Yes,No
"2 BHK Flat for Sale in Godrej Golf Links, Sector 27, Greater Noida",25611549.88,Unknown,Ready to Move,2 out of 4,Resale,Not specified,Road,Not specified,2,2,Noida, Godrej Golf Links,11487,2,975.0152346,2020,Registered,Yes,Yes
"2 BHK Flat for Sale in Kishangarh Village, Vasant Kunj, New Delhi",6631562.022,Unknown,Ready to Move,2 out of 4,Resale,Not specified,Road,Not specified,2,2,Delhi, Kishangarh Village,3867,2,749.9353504,2020,Registered,No,Yes
"4 BHK Flat for Sale in Malibu Town, Sector 47, Gurgaon",70889111.27,Unknown,Ready to move,2 out of 4,New Property,Not specified,Road,Not specified,4,2,Gurgaon, Malibu Town,9568,4,3239.966555,2020,Registered,Yes,Yes
"3 BHK Flat for Sale in Sector 27, Greater Noida",15549869.57,Oracle Landbase,Ready to Move,10 out of 14,New Property,North,Garden/Park,Freehold,3,4,Noida, Sector 27,4277,3,1589.899462,2020,Registered,Yes,Yes
"4 BHK Flat for Sale in Gulistan Apartment, Dwarka Sector 13, New Delhi",48021656.02,Space Kart,Ready to Move,8 out of 10,Resale,North,"Garden/Park, Pool",Freehold,3,3,Delhi, Gulistan Apartment,9545,4,2200.104767,2020,Registered,No,Yes
"3 BHK Flat for Sale in Bellevue Central Park 2, Central Park, Gurgaon",62885501.93,Unknown,Ready to Move,7 out of 16,Resale,North - East,"Garden/Park, Main Road",Leasehold,4,4,Gurgaon, Bellevue Central Park 2,11653,3,2359.90732,2020,Not Registered,Yes,No
"2 BHK Flat for Sale in Ashram, New Delhi",14863845.91,Unknown,Ready to Move,3 out of 5,Resale,North - East,"Garden/Park, Pool, Main Road",Freehold,2,3,Delhi, Ashram,9630,2,674.9740395,2020,Registered,Yes,Yes
"3 BHK Flat for Sale in Signature Residency, Tronica City, Ghaziabad",9146982.099,Unknown,Ready to Move,2 out of 12,Resale,North - East,"Garden/Park, Main Road",Freehold,3,4,Ghaziabad, Signature Residency,2613,3,1530.807501,2020,Registered,Yes,No
"1 BHK Flat for Sale in Morta, Ghaziabad",4733563.236,Unknown,Ready to Move,12 out of 13,New Property,North,Garden/Park,Freehold,1,3,Ghaziabad, Morta,3253,1,636.3356901,2020,Registered,Yes,No
"1 BHK Flat for Sale in Mehak Jeevan, Garhi, Raj Nagar Extension, Ghaziabad",7185316.589,Unknown,Ready to Move,12 out of 14,New Property,North - West,Main Road,Freehold,1,2,Ghaziabad, Mehak Jeevan,3253,1,636.3356901,2021,Registered,Yes,Yes
"1 BHK Flat for Sale in Mehak Jeevan, Raj Nagar Extension, Ghaziabad",7289451.612,Unknown,Poss. by Sep '24,12 out of 14,New Property,Not specified,Road,Not specified,1,6,Ghaziabad, Mehak Jeevan,3297,1,636.9426752,2021,Registered,No,No
"3 BHK Flat for Sale in Parijat Apartment, Aashirwaad Chowk, Dwarka, New Delhi",59356963.12,Unknown,Ready to Move,15 out of 24,Resale,Not specified,Road,Not specified,3,4,Delhi, Parijat Apartment,9243,3,1850.048685,2021,Registered,Yes,No
"3 BHK Flat for Sale in RG Residency, Sector 120, Noida",39918425.49,Unknown,Ready to Move,Ground out of 1,Resale,Not specified,Road,Not specified,4,2,Noida, RG Residency,6446,3,1784.052125,2021,Registered,Yes,Yes
1 BHK House for Sale in Chhattarpur New Delhi,15620253.45,Unknown,Ready to Move,7 out of 7,Resale,Not specified,Road,Not specified,1,2,Delhi, Chhattarpur New Delhi,10000,1,450,2021,Registered,Yes,Yes
"3 BHK Flat for Sale in Sukh Sagar Apartment, Indraprastha Extension, Patparganj, New Delhi",59009846.38,Unknown,Ready to Move,Ground out of 4,Resale,Not specified,Road,Not specified,2,2,Delhi, Sukh Sagar Apartment,12134,3,1401.021922,2021,Registered,Yes,Yes
"8 BHK House for Sale in Sihani Gate, Naya Ganj Ghaziabad",26137890.78,Unknown,Ready to Move,Ground out of 3,Resale,Not specified,Road,Not specified,3,2,Ghaziabad, Sihani Gate,3765,8,2000,2021,Registered,Yes,No
"7 BHK House for Sale in Sihani Gate, Naya Ganj Ghaziabad",45125176.64,Unknown,Ready to Move,Ground out of 2,Resale,Not specified,Road,Not specified,2,2,Ghaziabad, Sihani Gate,6420,7,2024.922118,2021,Not Registered,No,Yes
"4 BHK Flat for Sale in DDA Flats Vasant Kunj, Vasant Kunj, New Delhi",156202534.5,Unknown,Ready to Move,9 out of 11,Resale,Not specified,Road,Not specified,5,2,Delhi, DDA Flats Vasant Kunj,20455,4,2199.951112,2021,Registered,Yes,Yes
"7 BHK House for Sale in Avantika Colony, Shastri Nagar Ghaziabad",78101267.27,Unknown,Ready to Move,9 out of 11,Resale,Not specified,Road,Not specified,4,2,Ghaziabad, Avantika Colony,5294,7,4250.094447,2021,Registered,No,Yes
"3 BHK Flat for Sale in DDA Flats Pocket 1, Vasant Kunj Sector B, New Delhi",173558371.7,Unknown,Ready to Move,12 out of 20,New Property,Not specified,Road,Not specified,3,2,Delhi, DDA Flats Pocket 1,16667,3,2999.940001,2021,Registered,Yes,No
5 BHK Flat for Sale in Gurgaon,46860760.36,Unknown,Poss. by Sep '26,2 out of 4,Resale,Not specified,Road,Not specified,3,2,Gurgaon, Gurgaon,5271,5,2561.183836,2021,Registered,Yes,Yes
"2 BHK Flat for Sale in Vaibhav Khand, Indirapuram, Ghaziabad",22562588.32,Unknown,Ready to Move,5 out of 20,Resale,Not specified,Road,Not specified,2,2,Ghaziabad, Vaibhav Khand,5717,2,1136.959944,2021,Not Registered,No,No
"4 BHK Villa for Sale in Rise Resort Residences, Greater Noida West Greater Noida",69423348.68,Unknown,Ready to Move,14 out of 22,Resale,Not specified,Road,Not specified,4,2,Noida, Rise Resort Residences,5442,4,3675.119441,2021,Registered,Yes,No
"3 BHK Flat for Sale in M3M Antalya Hills Phase I, Sector 79, Gurgaon",52414628.26,Unknown,Ready to move,2 out of 4,New Property,Not specified,Road,Not specified,3,2,Gurgaon, M3M Antalya Hills Phase I,9450,3,1597.883598,2021,Registered,Yes,Yes
"2 BHK Flat for Sale in 3C Lotus Boulevard Espacia, Sector 100, Noida",34711674.34,Unknown,Ready to move,2 out of 4,Resale,Not specified,Road,Not specified,2,2,Noida, 3C Lotus Boulevard Espacia,8511,2,1174.950065,2021,Registered,Yes,No
"4 BHK Flat for Sale in New Rohtak Road, New Delhi",104135023,Unknown,Ready to move,2 out of 4,Resale,Not specified,Road,Not specified,3,2,Delhi, New Rohtak Road,15385,4,1949.951251,2021,Registered,Yes,Yes
"2 BHK Flat for Sale in Noida Extention, Greater Noida",12496202.76,Its My Home,Ready to Move,15 out of 21,Resale,North,"Garden/Park, Main Road",Freehold,2,3,Noida, Noida Extention,3529,2,1020.119014,2021,Registered,Yes,Yes
"3 BHK Flat for Sale in Green Park Extension, New Delhi",95457104.44,Unknown,Ready to Move,Ground out of 2,Resale,South -West,"Garden/Park, Pool, Main Road",Freehold,3,4,Delhi, Green Park Extension,15278,3,1799.973819,2021,Registered,Yes,No
"2 BHK Flat for Sale in SRS Residency, Sector 88, Faridabad",14752461.6,Unknown,Ready to Move,4 out of 13,Resale,North - East,"Garden/Park, Main Road",Freehold,2,3,Faridabad, SRS Residency,3259,2,1304.081006,2021,Registered,No,Yes
"3 BHK Flat for Sale in Pari Chowk, Greater Noida",24298172.04,Unknown,Ready to Move,14 out of 17,Resale,East,Garden/Park,Freehold,3,1,Noida, Pari Chowk,4499,3,1555.901311,2021,Registered,No,Yes
"2 BHK Flat for Sale in Shadipur, New Delhi",14578903.22,Unknown,Ready to Move,2 out of 4,Resale,North,"Garden/Park, Pool",Freehold,2,2,Delhi, Shadipur,6667,2,629.9685016,2021,Registered,Yes,Yes
"2 BHK Flat for Sale in Shaheed Nagar, Ghaziabad",5206751.151,Unknown,Ready to Move,4 out of 5,Resale,East,"Garden/Park, Main Road",Freehold,1,2,Ghaziabad, Shaheed Nagar,3030,2,495.049505,2021,Registered,Yes,Yes
"1 BHK Flat for Sale in Gautam Budh Nagar, Greater Noida",5553867.895,Unknown,Ready to Move,4 out of 8,Resale,East,Garden/Park,Freehold,1,1,Noida, Gautam Budh Nagar,5926,1,269.996625,2021,Registered,Yes,No
"3 BHK Flat for Sale in Sector 151, Noida Express Way, Noida",26033755.76,Unknown,Poss. by Jul '24,10 out of 22,Resale,East,Main Road,Leasehold,3,3,Noida, Sector 151,5172,3,1450.116009,2021,Registered,Yes,Yes
"2 BHK Flat for Sale in Unitech Sunbreeze, Sector 69, Gurgaon",24645288.78,Unknown,Ready to Move,4 out of 12,Resale,North - East,Garden/Park,Freehold,2,3,Gurgaon, Unitech Sunbreeze,6484,2,1095.003085,2021,Registered,Yes,No
"2 BHK Flat for Sale in Tri Nagar, New Delhi",22562588.32,Unknown,Ready to Move,3 out of 5,Resale,North - East,Road,Freehold,2,2,Delhi, Tri Nagar,7222,2,900.0276932,2021,Registered,No,Yes
"2 BHK Flat for Sale in Sector 143, Noida Express Way, Noida",17355837.17,Unknown,Ready to Move,15 out of 18,Resale,Not specified,Road,Not specified,2,2,Noida, Sector 143,4808,2,1039.933444,2021,Registered,No,No
"2 BHK Flat for Sale in Shahpur Jat, Siri Fort, New Delhi",27769339.47,Unknown,Ready to Move,1 out of 3,Resale,Not specified,Road,Not specified,1,2,Delhi, Shahpur Jat,11111,2,720.0072001,2021,Registered,Yes,No
"3 BHK Flat for Sale in Shahpur Jat, Siri Fort, New Delhi",50331927.8,Unknown,Ready to Move,1 out of 2,Resale,Not specified,Road,Not specified,2,2,Delhi, Shahpur Jat,11600,3,1250,2021,Registered,Yes,No
"3 BHK Flat for Sale in Poorvi Shalimar Bagh, New Delhi",41654009.21,Unknown,Ready to Move,1 out of 4,Resale,Not specified,Road,Not specified,2,2,Delhi, Poorvi Shalimar Bagh,12121,3,990.0173253,2021,Registered,Yes,Yes
"3 BHK Flat for Sale in Sector 22, Mathura Road, Faridabad",16869873.73,Unknown,Ready to Move,1 out of 2,Resale,Not specified,Road,Not specified,3,2,Faridabad, Sector 22,5769,3,842.4336973,2021,Registered,Yes,Yes
"1 BHK Flat for Sale in Shastri Nagar Block B, New Delhi",12149086.02,Unknown,Ready to Move,3 out of 4,Resale,Not specified,Road,Not specified,1,2,Delhi, Shastri Nagar Block B,4118,1,849.9271491,2021,Registered,No,Yes
"2 BHK Flat for Sale in Apex Our Homes, Sector 37C, Delhi Gurgaon Expressway, Gurgaon",13363994.62,Unknown,Ready to Move,2 out of 4,New Property,Not specified,Road,Not specified,2,2,Gurgaon, Apex Our Homes,12472,2,308.6914689,2021,Registered,Yes,Yes
"2 BHK Flat for Sale in Virender Nagar, New Delhi",19091420.89,Unknown,Ready to Move,Ground out of 3,Resale,Not specified,Road,Not specified,2,2,Delhi, Virender Nagar,7222,2,761.5618942,2021,Registered,Yes,Yes
"2 BHK Flat for Sale in Poorvi Shalimar Bagh, New Delhi",22562588.32,Unknown,Ready to Move,Ground out of 5,Resale,Not specified,Road,Not specified,2,2,Delhi, Poorvi Shalimar Bagh,10101,2,643.5006435,2021,Registered,Yes,No
"5 BHK House for Sale in Sector 28, Mathura Road Faridabad",216947964.6,Unknown,Ready to Move,8 out of 8,Resale,Not specified,Road,Not specified,4,2,Faridabad, Sector 28,3005,5,20798.66889,2021,Not Registered,No,Yes
"4 BHK Flat for Sale in Vishrantika Apartments, Dwarka, New Delhi",104135023,Unknown,Ready to move,8 out of 28,Resale,Not specified,Road,Not specified,4,2,Delhi, Vishrantika Apartments,8151,4,3680.529996,2021,Not Registered,Yes,Yes
"3 BHK Flat for Sale in 3C Lotus Boulevard, Sector 100 Block A, Noida",50331927.8,Unknown,Ready to move,2 out of 4,Resale,Not specified,Road,Not specified,3,2,Noida, 3C Lotus Boulevard,7631,3,6595.71849,2021,Registered,Yes,No
"3 BHK Flat for Sale in Budh Vihar Phase 1, New Delhi",12149086.02,Unknown,Ready to Move,3 out of 4,Resale,West,Main Road,Power Of Attorney,2,1,Delhi, Budh Vihar Phase 1,3158,3,1108.29639,2021,Registered,Yes,Yes
"2 BHK Flat for Sale in Urban One, Dayal Bagh Colony, Badarpur Metro, Faridabad",10413502.3,Unknown,Ready to Move,Ground out of 3,Resale,North - West,Main Road,Freehold,2,2,Faridabad, Urban One,6422,2,467.1441918,2021,Registered,Yes,Yes
"2 BHK Flat for Sale in ACE City, Noida Extension Block D, Noida",24298172.04,Unknown,Ready to Move,10 out of 25,Resale,East,Main Road,Freehold,2,2,Noida, ACE City,6462,2,1083.255958,2021,Registered,Yes,Yes
"2 BHK Flat for Sale in Sudha Sarovar Apartment, Govindpuram, Ghaziabad",6074543.01,Unknown,Ready to Move,2 out of 2,Resale,North - East,Pool,Leasehold,2,1,Ghaziabad, Sudha Sarovar Apartment,4127,2,424.0368306,2021,Registered,Yes,Yes
"2 BHK Flat for Sale in Sitapuri, New Delhi",9025035.329,Unknown,Ready to Move,1 out of 5,Resale,East,Main Road,Freehold,1,1,Delhi, Sitapuri,4800,2,541.6666667,2021,Registered,Yes,Yes
"1 BHK Flat for Sale in Mahavir Enclave Part 1, New Delhi",8330801.842,Unknown,Ready to Move,2 out of 4,Resale,North,"Garden/Park, Pool, Main Road",Leasehold,1,1,Delhi, Mahavir Enclave Part 1,5333,1,450.0281268,2021,Registered,No,Yes
"1 BHK Flat for Sale in The Golden Palm, Sector 168, Noida Express Way, Noida",7289451.612,Unknown,Ready to Move,21 out of 31,Resale,North,Main Road,Freehold,1,2,Noida, The Golden Palm,4150,1,506.0240964,2021,Not Registered,Yes,Yes
"3 BHK Flat for Sale in Raheja Vedaanta, Sector 108, Gurgaon",36100141.32,Unknown,Ready to Move,Lower Basement out of 14,Resale,Not specified,Road,Not specified,2,3,Gurgaon, Raheja Vedaanta,2536,3,4100.946372,2021,Registered,No,No
"3 BHK Flat for Sale in Migsun Ultimo, Omicron 3, Greater Noida",19264979.26,Unknown,Ready to Move,14 out of 21,Resale,Not specified,Road,Not specified,2,3,Noida, Migsun Ultimo,21324,3,260.2701182,2021,Registered,Yes,Yes
"4 BHK Flat for Sale in Hauz Khas Enclave, Hauz Khas, New Delhi",251659639,Unknown,Ready to Move,1 out of 4,New Property,Not specified,Road,Not specified,5,3,Delhi, Hauz Khas Enclave,12778,4,5673.814368,2021,Registered,Yes,No
"3 BHK Flat for Sale in Soami Nagar, New Delhi",79836850.99,Unknown,Ready to Move,Ground out of 4,Resale,Not specified,Road,Not specified,3,3,Delhi, Soami Nagar,40000,3,575,2021,Registered,Yes,Yes
"2 BHK Flat for Sale in Omicron 1, Greater Noida",14231786.48,Unknown,Ready to Move,20 out of 20,Resale,Not specified,Road,Not specified,2,2,Noida, Omicron 1,3148,2,1302.414231,2021,Registered,Yes,Yes
"2 BHK Flat for Sale in Radhika Green, Tilpata karanwas, Greater Noida",8851476.957,Unknown,Ready to Move,3 out of 4,Resale,Not specified,Road,Not specified,2,2,Noida, Radhika Green,3636,2,701.320132,2021,Registered,Yes,Yes
" Studio Apartment for Sale in Omaxe ITC, Alpha 2, Greater Noida",6942334.868,Unknown,Poss. by Jun '25,6 out of 12,Resale,Not specified,Road,Not specified,1,2,Noida, Omaxe ITC,3182,1,628.5355123,2021,Registered,Yes,No
"2 BHK Flat for Sale in Amrapali Kingswood, Greater Noida West, Greater Noida",12149086.02,Unknown,Ready to Move,15 out of 24,Resale,Not specified,Road,Not specified,2,2,Noida, Amrapali Kingswood,23889,2,146.5109465,2021,Registered,Yes,Yes
3 BHK House for Sale in Gurgaon Rural Gurgaon,112812941.6,Unknown,Ready to Move,6 out of 8,Resale,Not specified,Road,Not specified,3,2,Gurgaon, Gurgaon Rural Gurgaon,7750,3,4193.548387,2021,Registered,No,Yes
"2 BHK Flat for Sale in Rail Kunj Apartments, Vasundhara, Ghaziabad",21521238.09,Unknown,Ready to Move,20 out of 25,Resale,Not specified,Road,Not specified,2,2,Ghaziabad, Rail Kunj Apartments,5113,2,1212.595345,2021,Registered,Yes,No
"2 BHK Flat for Sale in Vasundhara Sector 3, Ghaziabad",17355837.17,Unknown,Ready to Move,2 out of 4,Resale,Not specified,Road,Not specified,2,2,Ghaziabad, Vasundhara Sector 3,16111,2,310.3469679,2021,Not Registered,Yes,Yes
"3 BHK Flat for Sale in Patel Nagar East, Patel Nagar, New Delhi",100663855.6,Unknown,Ready to move,2 out of 4,New Property,Not specified,Road,Not specified,3,2,Delhi, Patel Nagar East,7631,3,13191.43698,2021,Registered,Yes,Yes
3 BHK House for Sale in moedl basti filmistan New Delhi,277693394.7,Viksons Project LLP,Ready to Move,Ground out of 3,Resale,North - East,"Garden/Park, Main Road",Freehold,2,2,Delhi, moedl basti filmistan New Delhi,66667,3,1199.994,2021,Not Registered,Yes,No
"4 BHK Flat for Sale in M3M Capital, Sector 113, Gurgaon",66993531.48,Shri Guruji Associates,Poss. by Mar '25,4 out of 15,New Property,East,Main Road,Freehold,4,2,Gurgaon, M3M Capital,9369,4,2059.985057,2021,Registered,No,No
"2 BHK Flat for Sale in Sohna Sector 5, Gurgaon",9372152.072,7 Star Property,Ready to Move,2 out of 4,Resale,East,Main Road,Freehold,2,1,Gurgaon, Sohna Sector 5,4779,2,564.9717514,2021,Registered,Yes,Yes
"4 BHK Flat for Sale in Sector 89, Faridabad",56232912.43,Unknown,Ready to Move,1 out of 3,New Property,East,"Garden/Park, Main Road",Freehold,3,5,Faridabad, Sector 89,4500,4,3600,2021,Registered,No,Yes
"3 BHK Flat for Sale in Arun Vihar, Sector 37, Golf course Metro, Noida",41654009.21,Unknown,Ready to Move,2 out of 4,Resale,South,Main Road,Freehold,2,3,Noida, Arun Vihar,8889,3,1349.983125,2021,Registered,No,Yes
"10 BHK House for Sale in Ardee City, Sector 52 Gurgaon",225625883.2,Unknown,Ready to Move,4 out of 8,Resale,South -West,Main Road,Freehold,10,2,Gurgaon, Ardee City,24074,10,2700.008308,2021,Registered,Yes,Yes
"2 BHK Flat for Sale in Signature Global City 92 Phase 2, Sector 92, Gurgaon",27075105.99,Unknown,Poss. by Jul '25,Ground out of 3,Resale,North,"Garden/Park, Pool",Freehold,2,3,Gurgaon, Signature Global City 92 Phase 2,7723,2,1009.970219,2021,Registered,Yes,Yes
"2 BHK Flat for Sale in Patel Nagar, Ghaziabad",17355837.17,Unknown,Ready to Move,3 out of 3,Resale,North - West,Main Road,Leasehold,2,1,Ghaziabad, Patel Nagar,4112,2,1215.953307,2021,Not Registered,No,Yes
"3 BHK House for Sale in LIC Colony, Paschim Vihar New Delhi",78101267.27,Unknown,Ready to Move,Ground out of 24,Resale,North,"Garden/Park, Pool, Main Road",Leasehold,3,1,Delhi, LIC Colony,13889,3,1619.98704,2021,Registered,Yes,Yes
"2 BHK Flat for Sale in Shatabdipuram, Govindpuram, Ghaziabad",8330801.842,Unknown,Ready to Move,1 out of 4,Resale,East,"Garden/Park, Main Road",Freehold,2,3,Ghaziabad, Shatabdipuram,2667,2,899.8875141,2021,Not Registered,Yes,Yes
"4 BHK Flat for Sale in Greater Noida West, Noida",60745430.1,Unknown,Ready to Move,2 out of 3,Resale,East,"Garden/Park, Main Road",Freehold,4,2,Noida, Greater Noida West,7973,4,2194.907814,2021,Not Registered,Yes,No
"3 BHK Flat for Sale in DDA Flat AC Block, Shalimar bagh, New Delhi",52067511.51,Unknown,Ready to Move,5 out of 14,Resale,South -West,"Garden/Park, Pool, Main Road",Freehold,2,1,Delhi, DDA Flat AC Block,11148,3,1345.532831,2021,Not Registered,Yes,Yes
"3 BHK Flat for Sale in Raj Nagar Extension, Ghaziabad",19091420.89,Unknown,Ready to Move,3 out of 4,Resale,East,Road,Leasehold,3,2,Ghaziabad, Raj Nagar Extension,3691,3,1490.111081,2021,Not Registered,Yes,Yes
10 BHK House for Sale in Sector 50 Noida,321082987.7,Unknown,Ready to Move,1 out of 7,Resale,Not specified,Road,Not specified,8,3,Noida, Sector 50 Noida,11562,10,8000.345961,2021,Registered,Yes,Yes
" Studio Apartment for Sale in Conscient One, Sector 109, Gurgaon",22909705.07,Unknown,Ready to Move,7 out of 15,New Property,Not specified,Road,Not specified,1,2,Gurgaon, Conscient One,11092,1,595.0234403,2021,Registered,Yes,Yes
"3 BHK Flat for Sale in Jal Vayu Vihar, Sector 21, Noida",36447258.06,Unknown,Ready to Move,9 out of 30,Resale,Not specified,Road,Not specified,2,1,Noida, Jal Vayu Vihar,7500,3,1400,2021,Registered,No,Yes
"4 BHK Flat for Sale in Sare Petioles, Sector 92, Gurgaon",45125176.64,Unknown,Ready to Move,1 out of 5,Resale,Not specified,Road,Not specified,4,3,Gurgaon, Sare Petioles,6373,4,2039.855641,2021,Registered,No,Yes
"3 BHK Flat for Sale in Tarun Vihar Apartment, Rohini Sector 13, New Delhi",65952181.25,Unknown,Ready to Move,14 out of 14,Resale,Not specified,Road,Not specified,2,2,Delhi, Tarun Vihar Apartment,11875,3,1600,2021,Registered,Yes,Yes
1 BHK House for Sale in Uttam Nagar New Delhi,6942334.868,Unknown,Ready to Move,2 out of 13,Resale,Not specified,Road,Not specified,1,2,Delhi, Uttam Nagar New Delhi,6667,1,299.9850007,2021,Registered,Yes,Yes
"2 BHK Flat for Sale in Ireo Victory Valley, Sector 67, Gurgaon",59009846.38,Unknown,Ready to Move,3 out of 3,Resale,Not specified,Road,Not specified,2,2,Gurgaon, Ireo Victory Valley,11348,2,1498.061332,2021,Registered,No,Yes
"2 BHK Flat for Sale in Ireo The Corridors, Sector 67A, Gurgaon",46860760.36,Unknown,Ready to Move,4 out of 11,New Property,Not specified,Road,Not specified,2,2,Gurgaon, Ireo The Corridors,10417,2,1295.958529,2021,Registered,No,Yes
"2 BHK Flat for Sale in Vikram Vihar, Lajpat Nagar, New Delhi",41654009.21,Unknown,Ready to Move,14 out of 34,Resale,Not specified,Road,Not specified,2,2,Delhi, Vikram Vihar,6328,2,1896.333755,2021,Not Registered,Yes,Yes
"3 BHK Flat for Sale in Oxirich Avenue, Indirapuram, Ghaziabad",38877075.26,Unknown,Ready to Move,2 out of 4,New Property,Not specified,Road,Not specified,3,2,Ghaziabad, Oxirich Avenue,11370,3,985.0483729,2021,Registered,Yes,Yes
"3 BHK Flat for Sale in Veena Apartment, Dwarka Sector 22, New Delhi",78101267.27,Unknown,Ready to Move,7 out of 10,Resale,North - East,"Garden/Park, Main Road",Freehold,3,3,Delhi, Veena Apartment,7168,3,3138.950893,2021,Registered,No,No
"3 BHK Flat for Sale in Ansal Esencia Sovereign Floors, Esencia, Sector 67, Sohna Road, Gurgaon",38529958.52,Unknown,Ready to Move,1 out of 2,Resale,North - East,Main Road,Leasehold,3,4,Gurgaon, Ansal Esencia Sovereign Floors,9259,3,1198.833567,2021,Registered,Yes,No
3 BHK House for Sale in Sant Nagar New Delhi,26033755.76,Unknown,Ready to Move,Ground out of 3,Resale,North - East,Main Road,Freehold,2,2,Delhi, Sant Nagar New Delhi,9496,3,789.8062342,2021,Registered,No,Yes
2 BHK House for Sale in Sector XU 1 Greater Noida,31934740.39,Unknown,Ready to Move,1 out of 4,Resale,North,Garden/Park,Freehold,2,1,Noida, Sector XU 1 Greater Noida,4900,2,1877.55102,2021,Not Registered,Yes,Yes
"2 BHK Flat for Sale in Shipra Sun City, Shipra Suncity, Indirapuram, Ghaziabad",19091420.89,Unknown,Ready to Move,2 out of 4,Resale,South -West,"Garden/Park, Main Road",Leasehold,2,3,Ghaziabad, Shipra Sun City,6400,2,859.375,2021,Not Registered,Yes,No
"3 BHK Flat for Sale in Trehan Luxury Floors, Golf course Extension Road, Gurgaon",43389592.93,Unknown,Ready to Move,2 out of 3,New Property,Not specified,Road,Not specified,3,2,Gurgaon, Trehan Luxury Floors,6400,3,1953.125,2021,Registered,Yes,Yes
"3 BHK Flat for Sale in Sector 67A, Gurgaon",43389592.93,Unknown,Ready to Move,Ground out of 1,New Property,Not specified,Road,Not specified,3,7,Gurgaon, Sector 67A,5833,3,2142.979599,2021,Registered,Yes,Yes
2 BHK House for Sale in Noida Extention Greater Noida,14578903.22,Unknown,Ready to Move,5 out of 12,Resale,Not specified,Road,Not specified,2,1,Noida, Noida Extention Greater Noida,4167,2,1007.919366,2021,Registered,Yes,No
3 BHK House for Sale in Kalkaji New Delhi,17355837.17,Unknown,Ready to Move,3 out of 3,Resale,Not specified,Road,Not specified,2,2,Delhi, Kalkaji New Delhi,6857,3,729.181858,2021,Registered,Yes,Yes
"7 BHK Villa for Sale in Taj Expressway, Greater Noida West Noida",86779185.85,Unknown,Ready to Move,1 out of 5,Resale,Not specified,Road,Not specified,7,2,Noida, Taj Expressway,5375,7,4651.162791,2021,Registered,Yes,Yes
"4 BHK Flat for Sale in Shivaji Nagar, Sector 11, Gurgaon",41654009.21,Unknown,Ready to Move,2 out of 4,Resale,Not specified,Road,Not specified,4,2,Gurgaon, Shivaji Nagar,19667,4,610.1591498,2021,Registered,Yes,Yes
"2 BHK Flat for Sale in Shivaji Nagar, Sector 11, Gurgaon",14926019.97,Unknown,Ready to Move,2 out of 5,Resale,Not specified,Road,Not specified,2,2,Gurgaon, Shivaji Nagar,8774,2,490.0843401,2021,Not Registered,Yes,No
"3 BHK Flat for Sale in DDA Flats Sector E Pocket 2, Vasant Kunj, New Delhi",102399439.3,Unknown,Ready to Move,1 out of 1,Resale,Not specified,Road,Not specified,3,2,Delhi, DDA Flats Sector E Pocket 2,5833,3,5057.431853,2021,Not Registered,Yes,Yes
"3 BHK Flat for Sale in Rohini Sector 22, New Delhi",29504923.19,Unknown,Ready to Move,10 out of 18,Resale,Not specified,Road,Not specified,2,2,Delhi, Rohini Sector 22,3583,3,2372.313704,2021,Registered,Yes,Yes
"1 BHK Flat for Sale in Sector 82, Dadri Road, Noida",12149086.02,Unknown,Ready to Move,Ground out of 20,Resale,Not specified,Road,Not specified,1,2,Noida, Sector 82,4167,1,839.9328054,2021,Registered,Yes,Yes
"6 BHK Flat for Sale in Shivaji Nagar, Sector 11, Gurgaon",4477805.99,Unknown,Ready to Move,3 out of 4,Resale,Not specified,Road,Not specified,8,2,Gurgaon, Shivaji Nagar,7011,6,183.9965768,2021,Not Registered,Yes,Yes
" Studio Apartment for Sale in Alpha 2, Greater Noida",11651583.58,Unknown,Ready to Move,1 out of 4,Resale,Not specified,Road,Not specified,5,2,Noida, Alpha 2,7222,1,473.5530324,2022,Registered,Yes,Yes
"4 BHK Flat for Sale in Aarcity Regency Park, Greater Noida West, Greater Noida",40882749.41,Unknown,Ready to Move,13 out of 19,Resale,Not specified,Road,Not specified,2,2,Noida, Aarcity Regency Park,5769,4,2080.083203,2022,Not Registered,No,No
3 BHK House for Sale in Sector 62 Faridabad,20441374.7,Unknown,Ready to Move,Ground out of 18,Resale,Not specified,Road,Not specified,3,2,Faridabad, Sector 62 Faridabad,4364,3,1374.885426,2022,Registered,Yes,No
"3 BHK Flat for Sale in Unione Residency, Bahrampur, Ghaziabad",10220687.35,Unknown,Ready to Move,3 out of 5,Resale,Not specified,Road,Not specified,2,2,Ghaziabad, Unione Residency,19882,3,150.8902525,2022,Not Registered,No,Yes
"2 BHK Flat for Sale in Sector 16, Noida",16353099.76,Unknown,Ready to Move,2 out of 4,Resale,Not specified,Road,Not specified,4,2,Noida, Sector 16,10000,2,480,2022,Registered,Yes,Yes
"4 BHK Flat for Sale in Elevate, Sector 50, Gurgaon",229965465.4,Unknown,Ready to move,2 out of 4,Resale,Not specified,Road,Not specified,5,2,Gurgaon, Elevate,3556,4,18982.00225,2022,Registered,Yes,No
"5 BHK Flat for Sale in Sunworld Vanalika, Sector 107, Dadri Road, Noida",211227538.6,Unknown,Ready to move,2 out of 4,Resale,Not specified,Road,Not specified,1,2,Noida, Sunworld Vanalika,7631,5,27680.19114,2022,Not Registered,Yes,No
2 BHK House for Sale in Burari New Delhi,5451033.254,Unknown,Ready to move,2 out of 4,Resale,Not specified,Road,Not specified,2,2,Delhi, Burari New Delhi,7631,2,714.3275133,2022,Registered,Yes,Yes
"2 BHK Flat for Sale in Pareena Micasa, Sector 68, Gurgaon",32365509.95,Chauhan Properties,Ready to Move,7 out of 35,New Property,North - East,Garden/Park,Freehold,2,3,Gurgaon, Pareena Micasa,7631,2,1244.922029,2022,Registered,No,No
"3 BHK Flat for Sale in Dwarka Sector 15, New Delhi",25211028.8,M G Properties,Ready to Move,1 out of 4,New Property,North - East,"Garden/Park, Pool",Leasehold,3,2,Delhi, Dwarka Sector 15,5920,3,1250,2022,Registered,Yes,No
"4 BHK Flat for Sale in Jangpura Extension, Jangpura, New Delhi",255517183.8,Unknown,Ready to Move,Ground out of 4,New Property,East,"Garden/Park, Pool, Main Road",Freehold,4,3,Delhi, Jangpura Extension,27778,4,2699.9784,2022,Registered,Yes,No
> 10 BHK House for Sale in Kishan Ganj New Delhi,68137915.68,Unknown,Ready to Move,Ground out of 4,Resale,North - West,Main Road,Freehold,8,4,Delhi, Kishan Ganj New Delhi,5556,10,3599.712023,2022,Registered,Yes,Yes
"3 BHK Flat for Sale in Godrej 101, Sector 79, Gurgaon",61324124.11,Unknown,Ready to Move,4 out of 4,Resale,North - West,"Garden/Park, Main Road",Leasehold,3,2,Gurgaon, Godrej 101,7958,3,2261.874843,2022,Not Registered,Yes,Yes
"2 BHK Flat for Sale in Saya Gold Avenue, Vaibhav Khand, Indirapuram, Ghaziabad",26914476.69,Unknown,Ready to Move,23 out of 36,New Property,North - East,"Garden/Park, Main Road",Leasehold,2,3,Ghaziabad, Saya Gold Avenue,7215,2,1094.941095,2022,Registered,Yes,Yes
"5 BHK House for Sale in Sector 15A, Noida Express Way Noida",306620620.6,Unknown,Ready to Move,2 out of 3,Resale,East,Garden/Park,Freehold,6,1,Noida, Sector 15A,19916,5,4518.979715,2022,Registered,Yes,Yes
"1 BHK Flat for Sale in Niti Khand-Indirapuram, Indirapuram, Ghaziabad",8857929.038,Unknown,Ready to Move,1 out of 5,Resale,East,Road,Not specified,1,3,Ghaziabad, Niti Khand-Indirapuram,4815,1,539.9792316,2022,Registered,Yes,Yes
2 BHK House for Sale in nawada bazar Najafgarh New Delhi,30662062.06,Unknown,Ready to Move,Ground out of 2,Resale,Not specified,Road,Not specified,2,4,Delhi, nawada bazar Najafgarh New Delhi,10101,2,891.000891,2022,Registered,Yes,No
"2 BHK Flat for Sale in Rama Park, Nawada, New Delhi",8687584.249,Unknown,Ready to Move,1 out of 4,Resale,Not specified,Road,Not specified,1,3,Delhi, Rama Park,4722,2,540.025413,2022,Registered,No,Yes
"3 BHK Flat for Sale in Sector 48, Gurgaon",56213780.43,Unknown,Ready to Move,5 out of 13,Resale,Not specified,Road,Not specified,3,1,Gurgaon, Sector 48,13462,3,1225.672263,2022,Not Registered,Yes,Yes
"3 BHK Flat for Sale in SKA Metro Ville, Eta 2, Eta, Greater Noida",24188960.07,Unknown,Ready to Move,28 out of 28,Resale,Not specified,Road,Not specified,3,1,Noida, SKA Metro Ville,6222,3,1141.112183,2022,Registered,Yes,Yes
"2 BHK Flat for Sale in Nyay Khand 1, Ghaziabad",13627583.14,Unknown,Ready to Move,Ground out of 10,Resale,Not specified,Road,Not specified,2,2,Ghaziabad, Nyay Khand 1,6667,2,599.9700015,2022,Registered,Yes,No
"2 BHK Flat for Sale in Floridaa, Sector 82, Faridabad",8278756.755,Unknown,Ready to Move,2 out of 4,New Property,Not specified,Road,Not specified,3,2,Faridabad, Floridaa,3523,2,689.7530514,2022,Registered,No,Yes
"4 BHK Flat for Sale in Govindpuri Main, New Delhi",22144822.6,Unknown,Ready to Move,3 out of 4,Resale,Not specified,Road,Not specified,1,2,Delhi, Govindpuri Main,4583,4,1418.284966,2022,Registered,Yes,No
"3 BHK Flat for Sale in Mehrauli, New Delhi",28958614.16,Unknown,Ready to Move,3 out of 3,Resale,Not specified,Road,Not specified,1,2,Delhi, Mehrauli,8129,3,1045.63907,2022,Registered,Yes,Yes
"3 BHK House for Sale in DDA Shikha Apartment, Patparganj New Delhi",51103436.76,Unknown,Ready to move,2 out of 4,Resale,Not specified,Road,Not specified,2,2,Delhi, DDA Shikha Apartment,7631,3,6696.820437,2022,Registered,Yes,Yes
"2 BHK Flat for Sale in JM Orchid, Sector 76, Noida",22485512.17,Gurgaon Realty,Ready to Move,15 out of 18,Resale,East,"Pool, Garden/Park, Main Road",Leasehold,2,4,Noida, JM Orchid,6633,2,995.0248756,2022,Registered,Yes,No
"2 BHK Flat for Sale in Kavi Nagar, Ghaziabad",18737926.81,Unknown,Ready to Move,2 out of 3,Resale,South - East,"Garden/Park, Pool, Main Road",Freehold,2,2,Ghaziabad, Kavi Nagar,6111,2,900.0163639,2022,Registered,Yes,Yes
"3 BHK Flat for Sale in Surya Kanishk Tower, Vaishali Sector 4, Ghaziabad",52806884.65,Unknown,Ready to Move,6 out of 9,Resale,South - East,Main Road,Freehold,3,3,Ghaziabad, Surya Kanishk Tower,6904,3,2245.075319,2022,Registered,Yes,Yes
"3 BHK Flat for Sale in Amolik Residency, Sector 86, Faridabad",28958614.16,Unknown,Poss. by Sep '23,2 out of 4,Resale,South,"Garden/Park, Pool, Main Road",Freehold,2,2,Faridabad, Amolik Residency,5484,3,1549.96353,2022,Registered,Yes,No
"8 BHK House for Sale in Ballabhgarh Sector 1, Mathura Road Faridabad",64731019.89,Unknown,Ready to Move,3 out of 3,New Property,East,Main Road,Leasehold,5,7,Faridabad, Ballabhgarh Sector 1,3800,8,5000,2022,Registered,Yes,No
"3 BHK Flat for Sale in New Chandrawal, Civil Lines, New Delhi",27255166.27,Unknown,Ready to Move,2 out of 5,Resale,East,"Garden/Park, Main Road",Leasehold,2,2,Delhi, New Chandrawal,7407,3,1080.059403,2022,Registered,Yes,Yes
"3 BHK Flat for Sale in Anarkali Colony, Krishna Nagar, New Delhi",34068957.84,Unknown,Ready to Move,4 out of 4,Resale,East,Main Road,Freehold,2,5,Delhi, Anarkali Colony,7407,3,1350.074254,2022,Registered,No,Yes
"4 BHK Flat for Sale in ATS Rhapsody, Noida Extension, Noida",64390330.32,Unknown,Poss. by Dec '23,24 out of 29,New Property,East,"Garden/Park, Pool",Leasehold,5,4,Noida, ATS Rhapsody,7875,4,2400,2022,Registered,Yes,No
"4 BHK Flat for Sale in Aba Cherry County, Tech Zone, Gautam Budh Nagar, Yamuna Expressway, Greater Noida",68137915.68,Unknown,Ready to Move,17 out of 29,Resale,South - East,Main Road,Leasehold,5,3,Noida, Aba Cherry County,8961,4,2231.893762,2022,Registered,Yes,Yes
2 BHK House for Sale in Alpha 1 Block D Greater Noida,76655155.14,Unknown,Ready to Move,Ground out of 1,Resale,East,"Garden/Park, Main Road",Freehold,2,3,Noida, Alpha 1 Block D Greater Noida,10451,2,2152.904028,2022,Registered,Yes,Yes
"2 BHK Flat for Sale in Prit latest proj, Greater Noida West, Noida",24223029.02,Unknown,Ready to Move,2 out of 4,Resale,East,Pool,Co-operative Society,3,2,Noida, Prit latest proj,7916,2,898.1808994,2022,Registered,Yes,Yes
"4 BHK Flat for Sale in Soami Nagar, New Delhi",84150325.86,Unknown,Ready to Move,10 out of 23,Resale,East,Road,Freehold,4,5,Delhi, Soami Nagar,8461,4,2919.276681,2022,Registered,Yes,Yes
8 BHK Villa for Sale in Soami Nagar New Delhi,681379156.8,Unknown,Ready to Move,7 out of 8,Resale,North,Road,Freehold,8,1,Delhi, Soami Nagar New Delhi,90909,8,2200.0022,2022,Registered,Yes,Yes
"3 BHK Flat for Sale in RG Luxury Homes, Greater Noida West, Greater Noida",22144822.6,Unknown,Ready to Move,1 out of 3,Resale,Not specified,Road,Not specified,2,3,Noida, RG Luxury Homes,4844,3,1341.866226,2022,Registered,Yes,Yes
"3 BHK Flat for Sale in NBCC Town, Tronica City, Ghaziabad",10220687.35,Unknown,Ready to Move,2 out of 3,Resale,Not specified,Road,Not specified,2,2,Ghaziabad, NBCC Town,2727,3,1100.110011,2022,Registered,Yes,No
"3 BHK Flat for Sale in Tagore Park, Mukherjee Nagar, New Delhi",85172394.6,Unknown,Ready to Move,1 out of 4,Resale,Not specified,Road,Not specified,3,1,Delhi, Tagore Park,12500,3,2000,2022,Registered,Yes,Yes
"4 BHK Flat for Sale in New Shivalik Society, Orchid Island, Sector 51, Sohna Road, Gurgaon",74951707.25,Unknown,Ready to Move,3 out of 28,Resale,Not specified,Road,Not specified,4,2,Gurgaon, New Shivalik Society,6875,4,3200,2022,Registered,Yes,Yes
3 BHK House for Sale in West Vinod Nagar New Delhi,42586197.3,Unknown,Ready to Move,1 out of 14,Resale,Not specified,Road,Not specified,1,2,Delhi, West Vinod Nagar New Delhi,20627,3,606.0018422,2022,Registered,Yes,Yes
"2 BHK Flat for Sale in Home and Soul F Premiere, Yamuna Expressway, Greater Noida",25551718.38,Unknown,Poss. by Aug '24,1 out of 4,Resale,Not specified,Road,Not specified,2,2,Noida, Home and Soul F Premiere,5435,2,1379.944802,2022,Registered,Yes,Yes
"1 BHK Flat for Sale in Supertech Eco Village, Greater Noida West, Greater Noida",9539308.195,Unknown,Ready to Move,2 out of 3,Resale,Not specified,Road,Not specified,1,2,Noida, Supertech Eco Village,4682,1,598.0350278,2022,Not Registered,No,Yes
"2 BHK Flat for Sale in Angel Mercury, Indirapuram, Ghaziabad",19419305.97,Unknown,Ready to Move,5 out of 22,Resale,North - East,Main Road,Freehold,2,1,Ghaziabad, Angel Mercury,4770,2,1194.968553,2022,Registered,No,Yes
"2 BHK Flat for Sale in Surya Deep Apartment, Ramprastha Colony, Ghaziabad",21122753.86,Unknown,Ready to Move,2 out of 2,Resale,South,"Garden/Park, Main Road",Freehold,2,1,Ghaziabad, Surya Deep Apartment,6889,2,899.9854841,2022,Registered,Yes,Yes
"2 BHK Flat for Sale in Pyramid Fusion Homes, Sector 70A, Gurgaon",17375168.5,Unknown,Ready to Move,1 out of 13,Resale,North - East,"Garden/Park, Main Road",Freehold,2,4,Gurgaon, Pyramid Fusion Homes,7522,2,678.0111672,2022,Not Registered,Yes,Yes
"3 BHK Flat for Sale in Sagarpur West, Sagarpur, New Delhi",25551718.38,Unknown,Ready to Move,2 out of 5,Resale,East,"Pool, Main Road",Freehold,2,1,Delhi, Sagarpur West,7500,3,1000,2022,Registered,Yes,Yes
"2 BHK Flat for Sale in Srinagar Garden, New Delhi",21463443.44,Unknown,Ready to Move,4 out of 4,Resale,North - East,Main Road,Leasehold,2,2,Delhi, Srinagar Garden,8000,2,787.5,2022,Registered,Yes,No
"4 BHK Flat for Sale in Srinagar Garden, New Delhi",24529649.64,Unknown,Ready to Move,1 out of 4,Resale,North - East,"Main Road, Garden/Park",Freehold,2,1,Delhi, Srinagar Garden,6000,4,1200,2022,Registered,Yes,Yes
"3 BHK Flat for Sale in MKS La Royale, Indirapuram, Ghaziabad",34068957.84,Unknown,Ready to Move,9 out of 14,New Property,West,Road,Freehold,3,1,Ghaziabad, MKS La Royale,6944,3,1440.092166,2022,Registered,Yes,Yes
"1 BHK Flat for Sale in Srinagar Garden, New Delhi",8517239.46,Unknown,Ready to Move,3 out of 3,Resale,North - East,Road,Freehold,1,2,Delhi, Srinagar Garden,11304,1,221.1606511,2022,Registered,Yes,Yes
" Studio Apartment for Sale in Jaypee Greens Moon Court, Jaypee Greens, Greater Noida",17715858.08,Unknown,Ready to Move,17 out of 19,Resale,South -West,Road,Freehold,1,2,Noida, Jaypee Greens Moon Court,4639,1,1120.931235,2022,Registered,Yes,Yes
"3 BHK Flat for Sale in The Royal Cliff, NH 24, Ghaziabad",30662062.06,Unknown,Ready to Move,10 out of 19,Resale,East,Road,Leasehold,3,3,Ghaziabad, The Royal Cliff,8048,3,1118.290258,2022,Registered,No,Yes
"2 BHK Flat for Sale in Godrej 101, Sector 79, Gurgaon",40882749.41,Unknown,Ready to Move,4 out of 12,Resale,East,Road,Not specified,2,1,Gurgaon, Godrej 101,4000,2,3000,2022,Registered,No,Yes
"2 BHK Flat for Sale in Dadri Main Road, Greater Noida",6132412.411,Unknown,Ready to Move,1 out of 6,New Property,Not specified,Road,Not specified,1,1,Noida, Dadri Ma Road,3742,2,481.0261892,2022,Not Registered,Yes,Yes
"3 BHK Flat for Sale in Uppal Plumeria Garden Estate, Omicron 3, Greater Noida",22144822.6,Unknown,Ready to Move,6 out of 15,Resale,Not specified,Road,Not specified,3,3,Noida, Uppal Plumeria Garden Estate,7812,3,832.0532514,2022,Registered,Yes,Yes
4 BHK House for Sale in Z Block Prem Nagar New Delhi,14308962.29,Unknown,Ready to Move,Ground out of 2,Resale,Not specified,Road,Not specified,3,2,Delhi, Z Block Prem Nagar New Delhi,11111,4,378.00378,2022,Registered,No,Yes
"1 BHK Flat for Sale in Khirki extension, Malviya Nagar, New Delhi",6473101.989,Unknown,Ready to Move,3 out of 5,Resale,Not specified,Road,Not specified,1,2,Delhi, Khirki extension,33333,1,57.00057001,2022,Registered,Yes,Yes
"2 BHK Flat for Sale in Burari Santan Nagar, Burari, New Delhi",8517239.46,Unknown,Ready to Move,1 out of 4,New Property,Not specified,Road,Not specified,2,2,Delhi, Burari Santan Nagar,7981,2,313.2439544,2022,Not Registered,Yes,Yes
"2 BHK Flat for Sale in Doctors Apartment, Vasundhara Enclave, New Delhi",28958614.16,Unknown,Ready to Move,3 out of 3,Resale,Not specified,Road,Not specified,2,2,Delhi, Doctors Apartment,7778,2,1092.825919,2022,Registered,Yes,Yes
"3 BHK Flat for Sale in BPTP Park Elite Floors, Sector 85, Faridabad",12946203.98,Unknown,Ready to Move,1 out of 2,Resale,Not specified,Road,Not specified,2,2,Faridabad, BPTP Park Elite Floors,7857,3,483.6451572,2022,Registered,No,Yes
"1 BHK Flat for Sale in Sector 21D, Mathura Road, Faridabad",11924135.24,Unknown,Ready to Move,1 out of 2,Resale,Not specified,Road,Not specified,1,2,Faridabad, Sector 21D,5333,1,656.2910182,2022,Registered,Yes,Yes
"2 BHK Flat for Sale in Rohini Sector 24, New Delhi",18737926.81,Unknown,Ready to Move,1 out of 4,Resale,Not specified,Road,Not specified,2,2,Delhi, Rohini Sector 24,8494,2,647.5158936,2022,Registered,Yes,Yes
"2 BHK House for Sale in Shiv Vihar, Karawal Nagar New Delhi",20441374.7,Unknown,Ready to Move,2 out of 4,Resale,South,"Garden/Park, Pool, Main Road",Freehold,2,2,Delhi, Shiv Vihar,4444,2,1350.135014,2022,Not Registered,Yes,Yes
"2 BHK Flat for Sale in Mahagun Estates III, Shalimar Garden Extension 1, Ghaziabad",16353099.76,Unknown,Ready to Move,11 out of 18,Resale,North - East,Main Road,Freehold,2,1,Ghaziabad, Mahagun Estates III,4000,2,1200,2022,Registered,No,Yes
"4 BHK Flat for Sale in Gwal Pahari, Gurgaon",51103436.76,Unknown,Poss. by Jun '24,1 out of 2,Resale,East,Main Road,Freehold,3,4,Gurgaon, Gwal Pahari,6818,4,2200.058668,2022,Registered,No,Yes
"5 BHK Flat for Sale in Kanhaiya Nagar, New Delhi",33046889.1,Unknown,Ready to Move,1 out of 6,Resale,North - East,"Garden/Park, Main Road",Freehold,2,2,Delhi, Kanhaiya Nagar,7760,5,1250,2022,Not Registered,Yes,Yes
"4 BHK Flat for Sale in Wave Veridia, Wave City, Ghaziabad",52806884.65,Unknown,Ready to Move,1 out of 4,New Property,North,Garden/Park,Leasehold,4,2,Ghaziabad, Wave Veridia,6499,4,2384.982305,2022,Registered,No,No
"2 BHK Flat for Sale in Techzone 4, Greater Noida",16012410.18,Unknown,Ready to Move,15 out of 17,Resale,East,Road,Not specified,2,2,Noida, Techzone 4,4921,2,955.0904288,2022,Registered,Yes,No
"4 BHK Flat for Sale in Aakriti Shantiniketan, Sector 143, Noida Express Way, Noida",97096529.84,Unknown,Ready to Move,4 out of 4,Resale,Not specified,Road,Not specified,4,3,Noida, Aakriti Shantiniketan,10364,4,2749.903512,2022,Not Registered,Yes,Yes
3 BHK House for Sale in govind pura New Delhi,73248259.35,Unknown,Ready to Move,16 out of 20,Resale,Not specified,Road,Not specified,1,1,Delhi, govind pura New Delhi,23889,3,899.995814,2022,Not Registered,Yes,No
"2 BHK Flat for Sale in New Industrial Township 3, Mathura Road, Faridabad",14649651.87,Unknown,Poss. by Jan '25,4 out of 12,Resale,Not specified,Road,Not specified,2,3,Faridabad, New Industrial Township 3,4641,2,926.5244559,2022,Registered,Yes,No
"3 BHK Flat for Sale in Techzone 4, Greater Noida",18737926.81,Unknown,Ready to Move,10 out of 14,Resale,Not specified,Road,Not specified,2,2,Noida, Techzone 4,9000,3,611.1111111,2022,Registered,Yes,Yes
"2 BHK Flat for Sale in Sector 77, Delhi Gurgaon Expressway, Gurgaon",42926886.88,Unknown,Ready to Move,Ground out of 4,New Property,Not specified,Road,Not specified,2,1,Gurgaon, Sector 77,2778,2,4535.637149,2022,Not Registered,Yes,Yes
6 BHK House for Sale in Uttam Nagar West New Delhi,30662062.06,Unknown,Ready to Move,3 out of 4,Resale,Not specified,Road,Not specified,3,4,Delhi, Uttam Nagar West New Delhi,20000,6,450,2022,Registered,Yes,No
"2 BHK Flat for Sale in M3M Woodshire, Sector 107, Gurgaon",30662062.06,Unknown,Ready to Move,2 out of 3,Resale,Not specified,Road,Not specified,2,3,Gurgaon, M3M Woodshire,5303,2,1697.152555,2022,Registered,No,Yes
"3 BHK Flat for Sale in Greater Kailash Builder Floors, Greater Kailash, New Delhi",153310310.3,Unknown,Ready to Move,14 out of 17,Resale,Not specified,Road,Not specified,3,2,Delhi, Greater Kailash Builder Floors,5009,3,8983.829108,2022,Registered,Yes,Yes
"4 BHK House for Sale in Sihani Gate, Naya Ganj Ghaziabad",18737926.81,Unknown,Ready to Move,17 out of 18,Resale,Not specified,Road,Not specified,4,2,Ghaziabad, Sihani Gate,5882,4,935.0561034,2022,Not Registered,No,No
3 BHK House for Sale in Bhajanpura New Delhi,30662062.06,Unknown,Ready to Move,2 out of 4,Resale,Not specified,Road,Not specified,4,2,Delhi, Bhajanpura New Delhi,7631,3,4018.092262,2022,Registered,Yes,Yes
"1 BHK Flat for Sale in Sector 62, Gurgaon",2895861.416,Unknown,Ready to move,2 out of 4,Resale,Not specified,Road,Not specified,1,2,Gurgaon, Sector 62,7631,1,379.4864915,2022,Not Registered,Yes,Yes
"3 BHK Flat for Sale in Antriksh Forest, Sector 77, Noida",37475853.62,Unknown,Ready to move,2 out of 4,Resale,Not specified,Road,Not specified,4,2,Noida, Antriksh Forest,7631,3,4911.001654,2022,Registered,No,Yes
5 BHK House for Sale in Sector 8 Gurgaon,27936545.43,Unknown,Ready to move,2 out of 4,Resale,Not specified,Road,Not specified,5,2,Gurgaon, Sector 8 Gurgaon,7631,5,3660.928506,2022,Registered,No,No
"2 BHK Flat for Sale in Conscient Habitat 78, Sector 78, Faridabad",8687584.249,Friends Homes,Ready to Move,8 out of 14,Resale,North - East,"Garden/Park, Main Road",Freehold,2,2,Faridabad, Conscient Habitat 78,4352,2,585.9375,2022,Registered,Yes,No
"2 BHK Flat for Sale in Shalimar bagh, New Delhi",37475853.62,Hitesh Chhabra,Ready to Move,Ground out of 4,Resale,West,Garden/Park,Freehold,2,2,Delhi, Shalimar bagh,14667,2,749.9829549,2022,Registered,Yes,No
"6 BHK House for Sale in Ganesh Nagar, Tilak Nagar New Delhi",28958614.16,Unknown,Ready to Move,Ground out of 2,Resale,North - East,Garden/Park,Freehold,2,1,Delhi, Ganesh Nagar,6746,6,1260.005929,2022,Registered,Yes,Yes
"3 BHK Flat for Sale in Ompee Homes 14, Sector 110, Gurgaon",13627583.14,Unknown,Ready to Move,Upper Basement out of 1,Resale,North - East,"Garden/Park, Main Road",Freehold,3,2,Gurgaon, Ompee Homes 14,4000,3,1000,2022,Registered,No,Yes
"2 BHK Flat for Sale in Sector 112, Gurgaon",23848270.49,Unknown,Ready to Move,4 out of 9,Resale,North - West,Garden/Park,Freehold,2,1,Gurgaon, Sector 112,5714,2,1225.061253,2022,Registered,Yes,No
"3 BHK Flat for Sale in Earth Copia, Sector 112, Gurgaon",43608266.03,Unknown,Ready to Move,6 out of 14,Resale,North - West,"Garden/Park, Pool, Main Road",Freehold,3,2,Gurgaon, Earth Copia,7000,3,1828.571429,2022,Registered,Yes,No
"2 BHK Flat for Sale in Shree Krishna Residency, Uttam Nagar, New Delhi",8176549.881,Unknown,Ready to Move,3 out of 4,New Property,North - East,"Garden/Park, Main Road",Freehold,2,4,Delhi, Shree Krishna Residency,4444,2,540.0540054,2022,Registered,Yes,Yes
"3 BHK Flat for Sale in Ashok Vihar, New Delhi",93689634.06,Unknown,Ready to Move,3 out of 4,Resale,North - East,"Garden/Park, Main Road",Freehold,3,1,Delhi, Ashok Vihar,20370,3,1350.024546,2022,Not Registered,Yes,Yes
"4 BHK Flat for Sale in Sector 40, Gurgaon",85172394.6,Unknown,Ready to Move,1 out of 4,New Property,East,"Garden/Park, Main Road",Freehold,4,3,Gurgaon, Sector 40,7631,4,3276.110601,2022,Registered,Yes,No
"3 BHK Flat for Sale in Sector 40, Gurgaon",63027572,Unknown,Ready to Move,4 out of 4,New Property,West,Garden/Park,Not specified,2,4,Gurgaon, Sector 40,11420,3,1619.964974,2022,Registered,Yes,Yes
"4 BHK Flat for Sale in Birla Navya, Sector 63A, Gurgaon",103228942.3,Unknown,Ready to Move,3 out of 4,New Property,Not specified,Road,Not specified,3,1,Gurgaon, Birla Navya,16907,4,1792.157095,2022,Registered,Yes,Yes
"6 BHK House for Sale in Arun Vihar, Sector 37, Golf course Metro Noida",127758591.9,Unknown,Ready to Move,Ground out of 3,Resale,Not specified,Road,Not specified,4,1,Noida, Arun Vihar,20861,6,1797.61277,2022,Registered,Yes,Yes
"2 BHK Flat for Sale in Sector 126, Noida Express Way, Noida",5451033.254,Unknown,Ready to Move,Ground out of 4,Resale,Not specified,Road,Not specified,1,2,Noida, Sector 126,3107,2,514.9662053,2022,Registered,No,Yes
"2 BHK Flat for Sale in Jaypee Greens Klassic, Sector 126, Noida Express Way, Noida",12527694.02,Unknown,Ready to Move,15 out of 21,Resale,Not specified,Road,Not specified,2,2,Noida, Jaypee Greens Klassic,3800,2,1000,2023,Registered,No,Yes
"3 BHK Flat for Sale in Sector 126, Noida Express Way, Noida",12527694.02,Unknown,Ready to Move,15 out of 21,Resale,Not specified,Road,Not specified,2,2,Noida, Sector 126,4222,3,900.0473709,2023,Registered,Yes,Yes
"3 BHK Flat for Sale in Rohini Sector 25, New Delhi",27033444.98,Unknown,Ready to Move,2 out of 4,New Property,Not specified,Road,Not specified,2,2,Delhi, Rohini Sector 25,10250,3,800,2023,Registered,Yes,No
"2 BHK Flat for Sale in Ansal Royal Heritage, Sector 70, Faridabad",12066147.39,Unknown,Ready to Move,9 out of 24,Resale,Not specified,Road,Not specified,2,2,Faridabad, Ansal Royal Heritage,3500,2,1045.714286,2023,Registered,Yes,Yes
"2 BHK Flat for Sale in DDA Pink Apartments, Dwarka, New Delhi",37912758.21,Unknown,Ready to Move,4 out of 4,Resale,Not specified,Road,Not specified,2,2,Delhi, DDA Pink Apartments,10455,2,1099.952176,2023,Not Registered,Yes,Yes
"3 BHK Flat for Sale in West End, New Delhi",247257118.7,Unknown,Ready to move,3 out of 4,New Property,Not specified,Road,Not specified,4,2,Delhi, West End,37500,3,2000,2023,Registered,Yes,Yes
"1 BHK Flat for Sale in Diya Green City, Raj Nagar Extension, Ghaziabad",8901256.275,Unknown,Ready to move,11 out of 11,Resale,Not specified,Road,Not specified,1,2,Ghaziabad, Diya Green City,5000,1,540,2023,Registered,No,No
"3 BHK Flat for Sale in Lawrence Road, New Delhi",65935231.67,Unknown,Ready to move,Ground out of 3,Resale,Not specified,Road,Not specified,2,2,Delhi, Lawrence Road,16667,3,1199.976,2023,Registered,Yes,Yes
"2 BHK Flat for Sale in Ansal Sushant Apartments, Sushant Lok-I, Sector 43, Gurgaon",29670854.25,Unknown,Ready to move,4 out of 13,Resale,Not specified,Road,Not specified,2,2,Gurgaon, Ansal Sushant Apartments,8182,2,1099.975556,2023,Registered,Yes,Yes
"2 BHK Flat for Sale in Ansal Sushant Apartments, Sushant Lok 1 Block C, Gurgaon",34615996.62,Shubham India Real Estate Agency,Ready to Move,7 out of 13,Resale,North,Main Road,Freehold,2,2,Gurgaon, Ansal Sushant Apartments,8400,2,1250,2023,Registered,Yes,No
"1 BHK Flat for Sale in Dundahera, Ghaziabad",6923199.325,Morgan Property,Ready to Move,17 out of 19,Resale,North - East,"Garden/Park, Main Road",Leasehold,1,3,Ghaziabad, Dundahera,3130,1,670.9265176,2023,Registered,Yes,Yes
"1 BHK Flat for Sale in Ansal Aquapolis, Crossings Republik, Ghaziabad",4945142.375,Unknown,Ready to Move,Ground out of 1,Resale,East,Main Road,Freehold,1,3,Ghaziabad, Ansal Aquapolis,3448,1,435.0348028,2023,Not Registered,Yes,Yes
"2 BHK Flat for Sale in Ansal Aquapolis, Crossings Republik, Ghaziabad",10879313.22,Unknown,Ready to Move,5 out of 22,Resale,East,Main Road,Freehold,2,2,Ghaziabad, Ansal Aquapolis,2655,2,1242.937853,2023,Registered,Yes,No
"1 BHK Flat for Sale in Devli, Sangam Vihar, New Delhi",5769332.771,Unknown,Ready to Move,1 out of 5,New Property,North - East,"Pool, Garden/Park, Main Road",Leasehold,1,1,Delhi, Devli,3889,1,449.9871432,2023,Registered,Yes,Yes
"> 10 BHK House for Sale in Greenfield Colony, Mathura Road Faridabad",164838079.2,Unknown,Ready to Move,2 out of 4,Resale,Not specified,Road,Not specified,10,2,Faridabad, Greenfield Colony,12484,10,4005.126562,2023,Registered,Yes,Yes
"4 BHK Flat for Sale in Nagarjuna Appartmentss, Sector 14A, Dadri Road, Noida",82419039.58,Unknown,Ready to Move,21 out of 42,Resale,Not specified,Road,Not specified,2,1,Noida, Nagarjuna Appartmentss,10000,4,2500,2023,Registered,No,No
2 BHK Villa for Sale in Omicron 1A Greater Noida,60990089.29,Unknown,Ready to Move,Ground out of 3,Resale,Not specified,Road,Not specified,2,2,Noida, Omicron 1A Greater Noida,8593,2,2152.915164,2023,Registered,Yes,Yes
"4 BHK Flat for Sale in Sector 57, Gurgaon",81759687.27,Unknown,Ready to Move,Ground out of 1,New Property,Not specified,Road,Not specified,5,2,Gurgaon, Sector 57,8267,4,2999.879037,2023,Registered,Yes,Yes
4 BHK House for Sale in Timarpur New Delhi,56044946.92,Unknown,Poss. by Jun '27,4 out of 4,Resale,Not specified,Road,Not specified,3,2,Delhi, Timarpur New Delhi,6800,4,2500,2023,Registered,Yes,Yes
1 BHK House for Sale in Najafgarh New Delhi,6593523.167,Unknown,Poss. by Dec '24,4 out of 19,Resale,Not specified,Road,Not specified,2,2,Delhi, Najafgarh New Delhi,5556,1,359.9712023,2023,Registered,Yes,Yes
"3 BHK House for Sale in Sector 45, Mathura Road Faridabad",22747654.92,Unknown,Ready to Move,1 out of 2,Resale,Not specified,Road,Not specified,3,2,Faridabad, Sector 45,14198,3,485.9839414,2023,Registered,Yes,Yes
"2 BHK Flat for Sale in Dundahera, Ghaziabad",13516722.49,Unknown,Ready to Move,2 out of 4,Resale,Not specified,Road,Not specified,2,2,Ghaziabad, Dundahera,4100,2,1000,2023,Registered,Yes,No
"2 BHK Flat for Sale in Vaishali Sector 9, Ghaziabad",16483807.92,Unknown,Ready to Move,3 out of 3,Resale,Not specified,Road,Not specified,2,2,Ghaziabad, Vaishali Sector 9,5714,2,875.0437522,2023,Registered,Yes,Yes
"4 BHK Flat for Sale in Noida Extention, Greater Noida",107144751.5,Unknown,Ready to Move,2 out of 6,New Property,Not specified,Road,Not specified,4,2,Noida, Noida Extention,10156,4,3200.078771,2023,Registered,Yes,No
"2 BHK Flat for Sale in Express Astra, Greater Noida West, Greater Noida",24066359.56,Unknown,Ready to Move,1 out of 6,New Property,Not specified,Road,Not specified,2,2,Noida, Express Astra,5407,2,1350.10172,2023,Not Registered,Yes,Yes
"3 BHK Flat for Sale in Rana Homes, Rajendra Park, Sector 105, Gurgaon",17967350.63,Unknown,Ready to Move,7 out of 14,New Property,Not specified,Road,Not specified,2,2,Gurgaon, Rana Homes,4739,3,1150.031652,2023,Registered,No,No
4 BHK House for Sale in Sahibabad Ghaziabad,79122278,Unknown,Ready to move,8 out of 13,Resale,Not specified,Road,Not specified,4,2,Ghaziabad, Sahibabad Ghaziabad,7729,4,3105.188252,2023,Registered,Yes,No
"3 BHK Flat for Sale in Pacific Apartment, Dwarka Sector 10, New Delhi",44506281.37,Unknown,Ready to move,2 out of 4,Resale,Not specified,Road,Not specified,2,2,Delhi, Pacific Apartment,8438,3,1599.905191,2023,Registered,Yes,Yes
"2 BHK Flat for Sale in Mahagun Mosaic, Vaishali Sector 4, Ghaziabad",21099274.13,Unknown,Ready to move,2 out of 4,Resale,Not specified,Road,Not specified,2,2,Ghaziabad, Mahagun Mosaic,6244,2,1024.983985,2023,Registered,Yes,Yes
"2 BHK Flat for Sale in Unione Residency, Bahrampur, Ghaziabad",7252875.483,Unknown,Ready to move,2 out of 4,Resale,Not specified,Road,Not specified,2,2,Ghaziabad, Unione Residency,2750,2,800,2023,Registered,Yes,No
5 BHK House for Sale in Sector 55 Gurgaon,118683417,Unknown,Ready to Move,Ground out of 3,Resale,West,"Garden/Park, Main Road",Freehold,5,6,Gurgaon, Sector 55 Gurgaon,14400,5,2500,2023,Registered,Yes,Yes
" Studio Apartment for Sale in Gaur City Mall, Noida Extension, Noida",16483807.92,Unknown,Ready to Move,17 out of 20,Resale,North - East,Main Road,Leasehold,1,1,Noida, Gaur City Mall,9709,1,514.9860954,2023,Registered,Yes,Yes
"4 BHK Flat for Sale in Mianwali Nagar, Paschim Vihar, New Delhi",131870463.3,Unknown,Ready to Move,2 out of 4,Resale,East,Garden/Park,Freehold,4,1,Delhi, Mianwali Nagar,16000,4,2500,2023,Registered,Yes,Yes
"6 BHK Flat for Sale in Mianwali Nagar, Paschim Vihar, New Delhi",131870463.3,Unknown,Ready to Move,2 out of 4,Resale,East,"Garden/Park, Main Road",Freehold,5,2,Delhi, Mianwali Nagar,14035,6,2850.017813,2023,Registered,Yes,Yes
"3 BHK Flat for Sale in Mianwali Nagar, Paschim Vihar, New Delhi",65935231.67,Unknown,Ready to Move,2 out of 3,Resale,East,Garden/Park,Freehold,2,2,Delhi, Mianwali Nagar,14035,3,1425.008906,2023,Registered,Yes,Yes
" Studio Apartment for Sale in La Gracia, Crossings Republik, Ghaziabad",8241903.958,Unknown,Ready to Move,5 out of 6,Resale,South - East,"Pool, Garden/Park, Main Road",Freehold,1,2,Ghaziabad, La Gracia,8571,1,291.6812507,2023,Registered,No,No
"2 BHK Flat for Sale in Rohini Sector 22, New Delhi",19780569.5,Unknown,Ready to Move,1 out of 4,Resale,North - West,"Garden/Park, Pool, Main Road",Freehold,2,2,Delhi, Rohini Sector 22,11724,2,511.7707267,2023,Not Registered,Yes,Yes
"3 BHK Flat for Sale in Kaveri Apartment, Alaknanda, New Delhi",82419039.58,Unknown,Ready to Move,4 out of 7,Resale,East,"Garden/Park, Main Road",Freehold,3,3,Delhi, Kaveri Apartment,12121,3,2062.536094,2023,Not Registered,Yes,Yes
"2 BHK Flat for Sale in Sheikh Sarai Phase 2, New Delhi",28022473.46,Unknown,Ready to Move,Ground out of 3,Resale,East,"Garden/Park, Main Road",Freehold,1,2,Delhi, Sheikh Sarai Phase 2,3484,2,2439.724455,2023,Registered,Yes,No
"2 BHK Flat for Sale in Mangolpuri, New Delhi",19780569.5,Unknown,Ready to Move,Ground out of 3,Resale,Not specified,Road,Not specified,2,1,Delhi, Mangolpuri,5909,2,1015.400237,2023,Registered,No,Yes
"2 BHK House for Sale in Eta 1, Eta Greater Noida",24725711.87,Unknown,Ready to Move,6 out of 22,Resale,Not specified,Road,Not specified,2,1,Noida, Eta 1,7908,2,948.4066768,2023,Registered,Yes,Yes
5 BHK Villa for Sale in Punjabi Bagh West New Delhi,659352316.7,Unknown,Ready to Move,3 out of 4,Resale,Not specified,Road,Not specified,5,2,Delhi, Punjabi Bagh West New Delhi,7593,5,26340.05005,2023,Registered,Yes,No
"3 BHK Flat for Sale in Sushant Lok Builder Floors, Sushant Lok-I, Sector 43, Gurgaon",67583612.46,Unknown,Ready to Move,1 out of 5,New Property,Not specified,Road,Not specified,4,2,Gurgaon, Sushant Lok Builder Floors,3499,3,5858.816805,2023,Registered,Yes,No
"3 BHK Flat for Sale in SS The Leaf, Sector 85, Gurgaon",62308793.92,Unknown,Ready to Move,2 out of 4,Resale,Not specified,Road,Not specified,5,2,Gurgaon, SS The Leaf,2750,3,6872.727273,2023,Registered,Yes,No
"2 BHK House for Sale in Milan Vihar, Wazirabad New Delhi",14835427.12,Unknown,Poss. by Dec '23,1 out of 4,Resale,Not specified,Road,Not specified,2,2,Delhi, Milan Vihar,17361,2,259.2016589,2023,Registered,Yes,Yes
4 BHK Villa for Sale in Noida Extention Greater Noida,24231197.64,Unknown,Ready to Move,4 out of 9,New Property,Not specified,Road,Not specified,3,2,Noida, Noida Extention Greater Noida,2714,4,2708.179808,2023,Registered,Yes,Yes
"2 BHK Flat for Sale in Sangam Vihar, New Delhi",5439656.612,Unknown,Ready to Move,7 out of 9,Resale,Not specified,Road,Not specified,1,2,Delhi, Sangam Vihar,4000,2,412.5,2023,Registered,Yes,No
"6 BHK House for Sale in Saraswati Vihar, Sector 28 Gurgaon",41209519.79,Unknown,Ready to Move,5 out of 8,Resale,Not specified,Road,Not specified,4,2,Gurgaon, Saraswati Vihar,5882,6,2125.127508,2023,Registered,No,Yes
"1 BHK Flat for Sale in Milap Nagar, Uttam Nagar, New Delhi",7912227.8,Unknown,Ready to Move,4 out of 9,Resale,Not specified,Road,Not specified,1,2,Delhi, Milap Nagar,6471,1,370.8854891,2023,Not Registered,No,Yes
"3 BHK Flat for Sale in Palm Grove Apartments, Sector 50 Block F, Noida",32967615.83,Unknown,Ready to Move,1 out of 3,Resale,Not specified,Road,Not specified,3,2,Noida, Palm Grove Apartments,6044,3,1654.533422,2023,Not Registered,Yes,No
"3 BHK Flat for Sale in Palm Grove Apartments, Sector 50, Noida",36264377.42,Unknown,Ready to Move,2 out of 4,Resale,Not specified,Road,Not specified,3,2,Noida, Palm Grove Apartments,7631,3,4752.244452,2023,Registered,Yes,Yes
"1 BHK Flat for Sale in Shakti Khand II, Shakti Khand 3, Indirapuram, Ghaziabad",8736418.196,Unknown,Ready to move,2 out of 4,Resale,Not specified,Road,Not specified,2,2,Ghaziabad, Shakti Khand II,7631,1,1144.858891,2023,Registered,No,Yes
"1 BHK Flat for Sale in Shakti Khand II, Indirapuram, Ghaziabad",9099061.97,Unknown,Ready to Move,4 out of 4,Resale,East,"Pool, Garden/Park, Main Road",Leasehold,1,3,Ghaziabad, Shakti Khand II,5009,1,551.0081853,2023,Not Registered,Yes,Yes
"2 BHK Flat for Sale in Shakti Khand II, Indirapuram, Ghaziabad",11406795.08,Unknown,Ready to Move,1 out of 4,New Property,East,"Main Road, Garden/Park",Freehold,2,2,Ghaziabad, Shakti Khand II,3642,2,950.0274574,2023,Registered,Yes,Yes
"2 BHK Flat for Sale in Pushpanjali Apartments, Dwarka Sector 4, New Delhi",38242434.37,Unknown,Ready to Move,2 out of 8,Resale,North - East,"Garden/Park, Main Road",Co-operative Society,2,2,Delhi, Pushpanjali Apartments,9667,2,1199.958622,2023,Registered,No,Yes
"3 BHK Flat for Sale in Patel Neotown, Greater Noida West, Greater Noida",26374092.67,Unknown,Ready to Move,12 out of 13,New Property,Not specified,"Garden/Park, Main Road",Freehold,2,2,Noida, Patel Neotown,5263,3,1520.045601,2023,Registered,No,Yes
"2 BHK Flat for Sale in ATS Homekraft Happy Trails, Noida Extension, Noida",27527959.22,Unknown,Ready to Move,2 out of 2,Resale,Not specified,Garden/Park,Not specified,2,4,Noida, ATS Homekraft Happy Trails,7167,2,1165.06209,2023,Registered,No,Yes
2 BHK House for Sale in Vaishali Sector 2 Ghaziabad,98902847.5,Unknown,Ready to Move,Upper Basement out of 2,New Property,Not specified,Road,Not specified,2,4,Ghaziabad, Vaishali Sector 2 Ghaziabad,17261,2,1738.022131,2023,Registered,Yes,Yes
"4 BHK Flat for Sale in Saraswati Vihar, New Delhi",173079983.1,Unknown,Ready to Move,Ground out of 1,Resale,Not specified,Road,Not specified,4,2,Delhi, Saraswati Vihar,21000,4,2500,2023,Registered,No,No
"2 BHK House for Sale in Sector 144, Noida Express Way Noida",77473897.21,Unknown,Ready to Move,3 out of 3,Resale,Not specified,Road,Not specified,2,2,Noida, Sector 144,13645,2,1722.24258,2023,Registered,No,Yes
"3 BHK Flat for Sale in Sahibabad, Ghaziabad",14835427.12,Unknown,Ready to Move,2 out of 7,Resale,Not specified,Road,Not specified,3,2,Ghaziabad, Sahibabad,4091,3,1099.975556,2023,Registered,Yes,Yes
"2 BHK Flat for Sale in Pushpanjali Apartments, Aashirwaad Chowk, Dwarka, New Delhi",41209519.79,Unknown,Ready to Move,2 out of 8,Resale,Not specified,Road,Not specified,2,2,Delhi, Pushpanjali Apartments,8065,2,1549.907006,2023,Not Registered,Yes,Yes
"3 BHK Flat for Sale in Pushpanjali Apartments, Aashirwaad Chowk, Dwarka, New Delhi",47803042.96,Unknown,Ready to Move,4 out of 10,Resale,Not specified,Road,Not specified,3,2,Delhi, Pushpanjali Apartments,8056,3,1799.900695,2023,Not Registered,Yes,Yes
"3 BHK Flat for Sale in Pushpanjali Apartments, Dwarka Sector 4, New Delhi",47803042.96,Unknown,Ready to Move,2 out of 10,Resale,Not specified,Road,Not specified,2,2,Delhi, Pushpanjali Apartments,8056,3,1799.900695,2023,Registered,Yes,Yes
"3 BHK Flat for Sale in Sneh Kunj Apartments, Sector 62, NH 24, Noida",28187311.54,Unknown,Ready to Move,7 out of 8,Resale,Not specified,Road,Not specified,3,2,Noida, Sneh Kunj Apartments,4622,3,1849.84855,2023,Registered,Yes,Yes
"3 BHK Flat for Sale in Sneh Kunj Apartments, C Block, Noida",28681825.77,Unknown,Ready to Move,1 out of 8,Resale,Not specified,Road,Not specified,3,2,Noida, Sneh Kunj Apartments,4703,3,1849.883053,2023,Not Registered,No,Yes
"3 BHK Flat for Sale in Hari Enclave, Hari Nagar, New Delhi",28022473.46,Unknown,Ready to Move,4 out of 10,Resale,Not specified,Road,Not specified,2,2,Delhi, Hari Enclave,8500,3,1000,2023,Registered,Yes,No
1 BHK House for Sale in Ramakrishna Puram New Delhi,4087984.363,Unknown,Ready to Move,1 out of 13,Resale,Not specified,Road,Not specified,1,2,Delhi, Ramakrishna Puram New Delhi,2390,1,518.8284519,2023,Registered,Yes,Yes
"1 BHK Flat for Sale in Sharda University, Knowledge Park, Greater Noida",5769332.771,Unknown,Ready to Move,7 out of 29,Resale,Not specified,Road,Not specified,1,2,Noida, Sharda University,4667,1,374.9732162,2023,Registered,Yes,Yes
"3 BHK Flat for Sale in M3M Merlin, Esencia, Sector 67, Sohna Road, Gurgaon",108793132.2,Unknown,Ready to Move,2 out of 3,Resale,Not specified,Road,Not specified,4,2,Gurgaon, M3M Merlin,13825,3,2386.980108,2023,Registered,Yes,Yes
"3 BHK House for Sale in Swarna Nagri Block C, Sector 31 Greater Noida",69231993.25,Unknown,Ready to Move,Ground out of 3,Resale,Not specified,Road,Not specified,2,2,Noida, Swarna Nagri Block C,13006,3,1614.639397,2023,Registered,Yes,Yes
"1 BHK Flat for Sale in Malka Ganj, New Delhi",9890284.75,Unknown,Ready to move,2 out of 4,Resale,Not specified,Road,Not specified,1,2,Delhi, Malka Ganj,6667,1,449.9775011,2023,Registered,Yes,No
3 BHK House for Sale in Raj Nagar Ghaziabad,11868341.7,Unknown,Ready to move,2 out of 4,Resale,Not specified,Road,Not specified,2,2,Ghaziabad, Raj Nagar Ghaziabad,4000,3,900,2023,Registered,Yes,Yes
"3 BHK Flat for Sale in Saya Gold Avenue, Indirapuram, Ghaziabad",52748185.33,Unknown,Ready to Move,3 out of 39,Resale,East,"Pool, Garden/Park, Main Road",Leasehold,3,4,Ghaziabad, Saya Gold Avenue,8914,3,1794.929325,2023,Registered,Yes,Yes
"2 BHK Flat for Sale in Raksha Addela, Greater Noida West, Greater Noida",13912333.88,Unknown,Ready to Move,14 out of 14,Resale,North - East,Main Road,Freehold,2,3,Noida, Raksha Addela,3907,2,1080.112618,2023,Registered,Yes,No
"4 BHK Flat for Sale in Sector 26, Gurgaon",197805695,Unknown,Ready to Move,25 out of 25,Resale,Not specified,Garden/Park,Freehold,5,1,Gurgaon, Sector 26,12731,4,4712.905506,2023,Registered,No,Yes
"3 BHK Flat for Sale in Sector 26, Gurgaon",65935231.67,Unknown,Ready to Move,1 out of 4,Resale,Not specified,"Garden/Park, Main Road",Co-operative Society,5,1,Gurgaon, Sector 26,11111,3,1800.018,2023,Not Registered,Yes,No
6 BHK House for Sale in Sector 26 Gurgaon,197805695,Unknown,Ready to Move,2 out of 2,Resale,Not specified,"Main Road, Garden/Park",Not specified,6,2,Gurgaon, Sector 26 Gurgaon,13333,6,4500.112503,2023,Registered,Yes,Yes
"2 BHK Flat for Sale in Shashi Garden, Mayur Vihar, New Delhi",26374092.67,Unknown,Ready to Move,1 out of 3,Resale,Not specified,Road,Not specified,2,1,Delhi, Shashi Garden,8649,2,924.9624234,2023,Registered,Yes,Yes
4 BHK House for Sale in Mithapur New Delhi,14835427.12,Unknown,Ready to Move,10 out of 14,Resale,Not specified,Road,Not specified,1,2,Delhi, Mithapur New Delhi,5000,4,900,2023,Registered,Yes,Yes
"4 BHK Flat for Sale in Model Town Phase 2, New Delhi",92309324.33,Unknown,Ready to Move,6 out of 15,Resale,Not specified,Road,Not specified,3,2,Delhi, Model Town Phase 2,10370,4,2700.096432,2023,Registered,Yes,Yes
"2 BHK Flat for Sale in Jaipuria Apartment, Crossings Republik, Ghaziabad",13187046.33,Unknown,Ready to Move,3 out of 9,Resale,Not specified,Road,Not specified,2,2,Ghaziabad, Jaipuria Apartment,2857,2,1400.070004,2023,Registered,Yes,Yes
"3 BHK Flat for Sale in IIT Engineers Apartments, Dwarka Sector 10, New Delhi",59012032.34,Unknown,Ready to Move,4 out of 4,Resale,Not specified,Road,Not specified,3,2,Delhi, IIT Engineers Apartments,9421,3,1900.010615,2023,Registered,Yes,Yes
" House for Sale in Subhash Nagar, Sector 12A Gurgaon",37912758.21,Unknown,Ready to Move,2 out of 4,Resale,Not specified,Road,Not specified,2,2,Gurgaon, Subhash Nagar,12778,1,899.9843481,2023,Not Registered,Yes,Yes
"2 BHK Flat for Sale in Lajpat Nagar 1, New Delhi",51099804.54,Unknown,Ready to Move,3 out of 7,Resale,Not specified,Road,Not specified,2,2,Delhi, Lajpat Nagar 1,9200,2,1684.782609,2023,Registered,No,No
"3 BHK Flat for Sale in Rohini Sector 26, New Delhi",24066359.56,Unknown,Ready to Move,2 out of 4,New Property,Not specified,Road,Not specified,2,2,Delhi, Rohini Sector 26,5229,3,1396.060432,2023,Not Registered,Yes,Yes
"2 BHK Flat for Sale in JVTS Gardens, Chhattarpur, New Delhi",13187046.33,Unknown,Ready to Move,1 out of 2,New Property,Not specified,Road,Not specified,3,2,Delhi, JVTS Gardens,9737,2,410.8041491,2023,Registered,Yes,No
"3 BHK Flat for Sale in Vishwakarma Colony, Mehrauli Badarpur Road, New Delhi",13846398.65,Unknown,Ready to Move,Ground out of 9,Resale,Not specified,Road,Not specified,4,2,Delhi, Vishwakarma Colony,20000,3,210,2023,Registered,Yes,No
"3 BHK Flat for Sale in Amrapali Exotica, Sector 50, Noida",45495309.85,Unknown,Ready to Move,2 out of 4,Resale,Not specified,Road,Not specified,2,2,Noida, Amrapali Exotica,5647,3,2443.775456,2023,Not Registered,No,Yes
"2 BHK Flat for Sale in Alok Vihar II, Sector 50, Noida",15824455.6,Unknown,Ready to Move,2 out of 4,Resale,Not specified,Road,Not specified,2,2,Noida, Alok Vihar II,5556,2,863.9308855,2023,Registered,Yes,Yes
"3 BHK Flat for Sale in Kailashpuram, Ghaziabad",7417713.562,Unknown,Ready to Move,2 out of 4,New Property,North,"Garden/Park, Main Road",Power Of Attorney,2,3,Ghaziabad, Kailashpuram,2500,3,900,2023,Registered,Yes,Yes
"3 BHK Flat for Sale in Sudarshan Park, New Delhi",17802512.55,Unknown,Ready to Move,1 out of 5,Resale,Not specified,"Garden/Park, Main Road",Freehold,2,3,Delhi, Sudarshan Park,6667,3,809.959502,2023,Registered,Yes,Yes
"3 BHK Flat for Sale in Rithala, Rohini, New Delhi",25055388.03,Unknown,Ready to Move,3 out of 4,Resale,Not specified,Road,Not specified,2,2,Delhi, Rithala,5630,3,1349.91119,2023,Registered,Yes,Yes
"2 BHK Flat for Sale in Bharat Nagar, New Delhi",18132188.71,Unknown,Ready to Move,Ground out of 4,Resale,Not specified,Road,Not specified,2,2,Delhi, Bharat Nagar,10185,2,540.0098184,2023,Not Registered,No,Yes
"4 BHK Flat for Sale in Rampuri, Surya Nagar, Ghaziabad",65935231.67,Unknown,Ready to Move,2 out of 3,Resale,Not specified,Road,Not specified,3,2,Ghaziabad, Rampuri,7407,4,2700.148508,2023,Registered,No,Yes
"3 BHK Flat for Sale in CRC Sublimis, Greater Noida West, Greater Noida",48132719.12,Unknown,Ready to Move,1 out of 23,Resale,Not specified,Road,Not specified,2,2,Noida, CRC Sublimis,11241,3,1298.816831,2023,Registered,Yes,No
"3 BHK Flat for Sale in Marium Nagar, Sewa Nagar, Ghaziabad",13187046.33,Unknown,Ready to Move,2 out of 4,Resale,Not specified,Road,Not specified,2,2,Ghaziabad, Marium Nagar,4000,3,1000,2023,Registered,Yes,Yes
"3 BHK Flat for Sale in Mayur Vihar 1, New Delhi",183711730.5,Unknown,Ready to Move,Ground out of 1,Resale,Not specified,Road,Not specified,2,2,Delhi, Mayur Vihar 1,6429,3,1399.906673,2024,Registered,Yes,Yes
"3 BHK House for Sale in Antariksha Apartments, Vikaspuri Block H New Delhi",203103524.3,Unknown,Ready to Move,8 out of 20,Resale,Not specified,Road,Not specified,3,2,Delhi, Antariksha Apartments,8292,3,1199.951761,2024,Registered,Yes,Yes
"4 BHK Flat for Sale in Gaur City Plaza, Greater Noida West, Greater Noida",224536559.5,Unknown,Ready to Move,4 out of 10,Resale,Not specified,Road,Not specified,5,2,Noida, Gaur City Plaza,10714,4,1026.694045,2024,Registered,Yes,No
4 BHK House for Sale in Sainik Farm New Delhi,1530931087,Unknown,Ready to Move,2 out of 10,Resale,Not specified,Road,Not specified,2,2,Delhi, Sainik Farm New Delhi,8235,4,9107.468124,2024,Registered,Yes,Yes
"3 BHK Flat for Sale in Air India Employees Apartment, Dwarka Sector 3, New Delhi",285773803,Unknown,Ready to Move,4 out of 10,Resale,Not specified,Road,Not specified,2,2,Delhi, Air India Employees Apartment,7833,3,1787.310098,2024,Registered,No,Yes
"2 BHK Flat for Sale in Deshbandhu Apartments, Kalkaji, New Delhi",265361388.5,Unknown,Ready to Move,2 out of 3,Resale,Not specified,Road,Not specified,2,2,Delhi, Deshbandhu Apartments,11200,2,1160.714286,2024,Not Registered,Yes,No
"3 BHK Flat for Sale in Prodyogiki Apartments x, Dwarka Sector 3, New Delhi",275567595.7,Unknown,Ready to Move,2 out of 4,Resale,Not specified,Road,Not specified,1,2,Delhi, Prodyogiki Apartments x,8148,3,1656.848306,2024,Registered,Yes,No
"1 BHK Flat for Sale in Krishna Nagar Extension, New Delhi",44907311.9,Unknown,Ready to Move,2 out of 4,Resale,Not specified,Road,Not specified,2,2,Delhi, Krishna Nagar Extension,7631,1,5884.852824,2024,Not Registered,No,No
"3 BHK Flat for Sale in Appu Enclave Apartment, Dwarka Sector 11, New Delhi",102062072.5,Unknown,Ready to Move,3 out of 3,Resale,South - East,"Garden/Park, Pool",Freehold,2,2,Delhi, Appu Enclave Apartment,4831,3,1034.982405,2024,Registered,Yes,Yes
"2 BHK Flat for Sale in Appu Enclave Apartment, Dwarka Sector 11, New Delhi",302103734.6,Unknown,Ready to Move,9 out of 9,Resale,North,Road,Not specified,2,1,Delhi, Appu Enclave Apartment,8222,2,1800.04865,2024,Registered,No,Yes
"3 BHK Flat for Sale in Munirka Apartments, Dwarka Sector 9, New Delhi",295980010.2,Unknown,Ready to Move,1 out of 9,Resale,Not specified,Road,Not specified,3,2,Delhi, Munirka Apartments,8529,3,1700.082073,2024,Registered,Yes,No
"2 BHK Flat for Sale in Jaypee Greens Pavilion Court, Sector 128, Noida Express Way, Noida",173505523.2,Unknown,Ready to Move,8 out of 18,Resale,Not specified,Road,Not specified,2,2,Noida, Jaypee Greens Pavilion Court,6296,2,1350.063532,2024,Registered,No,Yes
"3 BHK Flat for Sale in Amrapali Empire, NH 24, Ghaziabad",132680694.2,Unknown,Ready to Move,15 out of 20,Resale,Not specified,Road,Not specified,3,2,Ghaziabad, Amrapali Empire,3939,3,1650.165017,2024,Registered,Yes,Yes
"3 BHK Flat for Sale in Sethi Max Royal, Sector 76, Noida",316392424.7,Unknown,Ready to Move,14 out of 22,New Property,Not specified,Road,Not specified,3,2,Noida, Sethi Max Royal,7381,3,2099.986452,2024,Registered,Yes,Yes
"2 BHK Flat for Sale in Indarparstha Colony Part 3, Sector 49, Faridabad",85732140.9,Unknown,Ready to Move,4 out of 4,Resale,Not specified,Road,Not specified,2,2,Faridabad, Indarparstha Colony Part 3,5185,2,810.0289296,2024,Registered,No,Yes
"3 BHK Flat for Sale in The Retreat, South City 1, Sector 41, Gurgaon",408248290,Unknown,Ready to Move,3 out of 11,Resale,Not specified,Road,Not specified,3,2,Gurgaon, The Retreat,11765,3,1699.957501,2024,Registered,Yes,Yes
"2 BHK Flat for Sale in Prayag Apartments, Paryatan Vihar, Vasundhara Enclave, New Delhi",153093108.7,Unknown,Ready to move,3 out of 4,Resale,Not specified,Road,Not specified,2,2,Delhi, Prayag Apartments,7500,2,1000,2024,Registered,Yes,No
